{
  "timestamp": "2025-08-16 14:07:12",
  "molecule": [
    "Li",
    "H"
  ],
  "geometry": [
    [
      0.0,
      0.0,
      0.0
    ],
    [
      0.0,
      0.0,
      1.6
    ]
  ],
  "basis": "STO-3G",
  "electrons": 4,
  "num_wires": 12,
  "ansatz": "UCC doubles (DoubleExcitation over doubles)",
  "optimizer": {
    "name": "GradientDescent",
    "iterations": 50,
    "stepsize": 0.2
  },
  "seed": 0,
  "energies": [
    -7.661946767082782,
    -7.665854218541744,
    -7.668752212332497,
    -7.670987087173468,
    -7.672734952665691,
    -7.674111739321689,
    -7.675201494355802,
    -7.676067411686325,
    -7.676757823649429,
    -7.677310061922446,
    -7.677753148765219,
    -7.678109751336954,
    -7.678397636364688,
    -7.678630770453633,
    -7.678820161353414,
    -7.67897450586366,
    -7.679100691326687,
    -7.679204185178532,
    -7.679289338351019,
    -7.679359622081222,
    -7.679417813083667,
    -7.6794661385909375,
    -7.6795063901498475,
    -7.679540013054331,
    -7.679568176754954,
    -7.679591830394571,
    -7.6796117466978595,
    -7.679628556729424,
    -7.679642777480741,
    -7.67965483381648,
    -7.679665075976206,
    -7.679673793567291,
    -7.679681226781946,
    -7.679687575414416,
    -7.679693006130055,
    -7.679697658342408,
    -7.679701648978806,
    -7.679705076356988,
    -7.67970802334744,
    -7.679710559961596,
    -7.679712745476336,
    -7.679714630183444,
    -7.679716256834055,
    -7.679717661835582,
    -7.679718876245625,
    -7.679719926600332,
    -7.679720835606056,
    -7.679721622718824,
    -7.679722304631047,
    -7.67972289568079,
    -7.679723408197535
  ],
  "final_params": [
    [
      0.006249354602173954,
      0.0,
      0.0,
      0.004469145966806061,
      0.0,
      0.0,
      -0.00446319715671736,
      0.003312941702776205,
      0.0,
      0.0,
      0.0,
      0.0,
      0.003307967041965059,
      0.0,
      0.0,
      0.0058588139882963,
      0.0,
      0.0,
      -0.006930082070002808,
      0.0,
      0.0,
      0.0,
      -0.0006837779792530565,
      0.0,
      0.0,
      0.011856840929117667,
      0.0,
      0.0,
      -0.0049269303955464935,
      -0.005700781082376157,
      0.0,
      0.0,
      0.0,
      0.0,
      -0.0057009354586919575,
      0.0,
      0.0,
      -0.007600912781251031,
      0.0006840341092975522,
      0.0,
      0.0,
      -0.00492671184040596,
      0.0,
      0.0,
      0.011856903376812979,
      0.005700676463679672,
      0.0,
      0.0,
      0.0,
      0.0,
      0.0057008774815278185,
      0.0,
      0.0,
      0.007601138144706256,
      0.0,
      0.0,
      -0.006930285690783647,
      0.0,
      0.0,
      0.0,
      0.03096795058488608,
      0.0,
      0.0,
      -0.07298642128226117,
      0.0,
      0.0,
      0.07302978281755236,
      0.07873825621814665,
      0.0,
      0.0,
      0.0,
      0.0,
      0.07878911785691162,
      0.0,
      0.0,
      0.20296602551982193
    ]
  ]
}