{
  "config": {
    "symbols": [
      "H",
      "H"
    ],
    "geometry": [
      [
        0.0,
        0.0,
        0.0
      ],
      [
        0.0,
        0.0,
        0.7414
      ]
    ],
    "basis": "STO-3G",
    "ansatz": "TwoQubit-RY-CNOT",
    "optimizer": {
      "name": "Momentum",
      "stepsize": 0.1,
      "iterations_planned": 50
    },
    "seed": 3,
    "noisy": true,
    "depolarizing_prob": 0.04,
    "amplitude_damping_prob": 0.0
  },
  "energies": [
    1.2665646314939039,
    1.2665646314939039,
    1.2665377861604659,
    1.2664725967929666,
    1.2663395013058092,
    1.2660785101794136,
    1.2655729865371008,
    1.2645983186052874,
    1.262723284970388,
    1.2591220596846544,
    1.2522194517953964,
    1.2390335582823722,
    1.2140013119408235,
    1.167035330077479,
    1.0808463928065923,
    0.9290414601919035,
    0.6807120365311814,
    0.3225987468907783,
    -0.10129084797028609,
    -0.48177058712508286,
    -0.7181457333281009,
    -0.7858945022321598,
    -0.7161372678780493,
    -0.563693921170203,
    -0.39610573804547,
    -0.2726465499473699,
    -0.22547495167413684,
    -0.2591564634429034,
    -0.35788638188887456,
    -0.4915288575863366,
    -0.6237662409541527,
    -0.7241778608035228,
    -0.77734535053428,
    -0.7834895460952368,
    -0.7540106434461924,
    -0.7065653943379274,
    -0.6601035268110631,
    -0.6297822081231823,
    -0.6233757404256148,
    -0.6404468553420335,
    -0.6740312189182824,
    -0.7138284694865343,
    -0.7497405401279036,
    -0.7746201919518992,
    -0.7855321231448142,
    -0.7835797845133708,
    -0.7728032759206769,
    -0.7586376037670153,
    -0.7463060731089318,
    -0.7395098911555535,
    -0.7397230215610091
  ],
  "final_params": [
    -3.479838669812276
  ],
  "final_state_real": [
    [
      0.0027102749680190056,
      0.0,
      0.0,
      0.0,
      -0.0002476458888504831,
      0.0,
      0.0,
      0.0,
      0.00024764588885048275,
      0.0,
      0.0,
      0.0,
      0.0233720350553698,
      0.0,
      0.0,
      0.0
    ],
    [
      0.0,
      7.425410871290436e-05,
      0.0,
      0.0,
      0.0,
      -6.784818872620991e-06,
      0.0,
      0.0,
      0.0,
      6.7848188726209815e-06,
      0.0,
      0.0,
      0.0,
      0.0006403297275448514,
      0.0,
      0.0
    ],
    [
      0.0,
      0.0,
      7.425410871290434e-05,
      0.0,
      0.0,
      0.0,
      -6.784818872620992e-06,
      0.0,
      0.0,
      0.0,
      6.784818872620982e-06,
      0.0,
      0.0,
      0.0,
      0.0006403297275448515,
      0.0
    ],
    [
      0.0,
      0.0,
      0.0,
      2.0343591428208005e-06,
      0.0,
      0.0,
      0.0,
      -1.8588544856509606e-07,
      0.0,
      0.0,
      0.0,
      1.858854485650958e-07,
      0.0,
      0.0,
      0.0,
      1.7543280206721227e-05
    ],
    [
      -0.0002476458888504831,
      0.0,
      0.0,
      0.0,
      0.047961751598608375,
      0.0,
      0.0,
      0.0,
      -0.0233720350553698,
      0.0,
      0.0,
      0.0,
      -0.1406186018950077,
      0.0,
      0.0,
      0.0
    ],
    [
      0.0,
      -6.784818872620991e-06,
      0.0,
      0.0,
      0.0,
      0.0013140205917436664,
      0.0,
      0.0,
      0.0,
      -0.0006403297275448514,
      0.0,
      0.0,
      0.0,
      -0.003852564435482511,
      0.0,
      0.0
    ],
    [
      0.0,
      0.0,
      -6.784818872620992e-06,
      0.0,
      0.0,
      0.0,
      0.0013140205917436664,
      0.0,
      0.0,
      0.0,
      -0.0006403297275448515,
      0.0,
      0.0,
      0.0,
      -0.003852564435482511,
      0.0
    ],
    [
      0.0,
      0.0,
      0.0,
      -1.8588544856509606e-07,
      0.0,
      0.0,
      0.0,
      3.6000564157387324e-05,
      0.0,
      0.0,
      0.0,
      -1.7543280206721227e-05,
      0.0,
      0.0,
      0.0,
      -0.0001055497105612427
    ],
    [
      0.00024764588885048275,
      0.0,
      0.0,
      0.0,
      -0.0233720350553698,
      0.0,
      0.0,
      0.0,
      0.047961751598608375,
      0.0,
      0.0,
      0.0,
      0.1406186018950077,
      0.0,
      0.0,
      0.0
    ],
    [
      0.0,
      6.7848188726209815e-06,
      0.0,
      0.0,
      0.0,
      -0.0006403297275448514,
      0.0,
      0.0,
      0.0,
      0.0013140205917436664,
      0.0,
      0.0,
      0.0,
      0.003852564435482511,
      0.0,
      0.0
    ],
    [
      0.0,
      0.0,
      6.784818872620982e-06,
      0.0,
      0.0,
      0.0,
      -0.0006403297275448515,
      0.0,
      0.0,
      0.0,
      0.0013140205917436664,
      0.0,
      0.0,
      0.0,
      0.003852564435482511,
      0.0
    ],
    [
      0.0,
      0.0,
      0.0,
      1.858854485650958e-07,
      0.0,
      0.0,
      0.0,
      -1.7543280206721227e-05,
      0.0,
      0.0,
      0.0,
      3.6000564157387324e-05,
      0.0,
      0.0,
      0.0,
      0.0001055497105612427
    ],
    [
      0.0233720350553698,
      0.0,
      0.0,
      0.0,
      -0.1406186018950077,
      0.0,
      0.0,
      0.0,
      0.1406186018950077,
      0.0,
      0.0,
      0.0,
      0.8487439996126923,
      0.0,
      0.0,
      0.0
    ],
    [
      0.0,
      0.0006403297275448514,
      0.0,
      0.0,
      0.0,
      -0.003852564435482511,
      0.0,
      0.0,
      0.0,
      0.003852564435482511,
      0.0,
      0.0,
      0.0,
      0.023253260263378622,
      0.0,
      0.0
    ],
    [
      0.0,
      0.0,
      0.0006403297275448515,
      0.0,
      0.0,
      0.0,
      -0.003852564435482511,
      0.0,
      0.0,
      0.0,
      0.003852564435482511,
      0.0,
      0.0,
      0.0,
      0.02325326026337862,
      0.0
    ],
    [
      0.0,
      0.0,
      0.0,
      1.7543280206721227e-05,
      0.0,
      0.0,
      0.0,
      -0.0001055497105612427,
      0.0,
      0.0,
      0.0,
      0.0001055497105612427,
      0.0,
      0.0,
      0.0,
      0.0006370756236546798
    ]
  ],