{
  "config": {
    "symbols": [
      "H",
      "H"
    ],
    "geometry": [
      [
        0.0,
        0.0,
        0.0
      ],
      [
        0.0,
        0.0,
        0.7414
      ]
    ],
    "basis": "STO-3G",
    "ansatz": "TwoQubit-RY-CNOT",
    "optimizer": {
      "name": "Momentum",
      "stepsize": 0.1,
      "iterations_planned": 50
    },
    "seed": 1,
    "noisy": true,
    "depolarizing_prob": 0.02,
    "amplitude_damping_prob": 0.0
  },
  "energies": [
    1.3069980155623182,
    1.3069980155623182,
    1.30699665838872,
    1.306993327235404,
    1.3069864275842873,
    1.3069726782213111,
    1.3069455918671586,
    1.3068924482694158,
    1.3067883509832598,
    1.3065845965057554,
    1.3061859378572889,
    1.3054061873410312,
    1.3038816871895986,
    1.3009032856425908,
    1.295092426992521,
    1.2837856932016478,
    1.2618991261931007,
    1.219957859218739,
    1.1411301103466482,
    0.9983295098779827,
    0.7566291778514262,
    0.3935402737892649,
    -0.056192706674177306,
    -0.4779232425840263,
    -0.7506707654225656,
    -0.837098935022441,
    -0.7683634271028046,
    -0.6041884835671936,
    -0.42041923100473916,
    -0.2849981435616699,
    -0.23474093440241514,
    -0.2745517365070774,
    -0.38597528329632175,
    -0.5340625887428152,
    -0.6771643469485942,
    -0.781613532883456,
    -0.8319636637905761,
    -0.8306192730503372,
    -0.7921395869525606,
    -0.7375225538363761,
    -0.6882731492213656,
    -0.6604043216502906,
    -0.660663045816346,
    -0.686270825107927,
    -0.7275447002651703,
    -0.7720473493378575,
    -0.8087697905880562,
    -0.830966050996466,
    -0.8370336632387467,
    -0.8298019249915691,
    -0.8149310582180781
  ],
  "final_params": [
    -3.465934946467604
  ],
  "final_state_real": [
    [
      0.001458611212342626,
      0.0,
      0.0,
      0.0,
      -0.0019230095019612142,
      0.0,
      0.0,
      0.0,
      0.0019230095019612142,
      0.0,
      0.0,
      0.0,
      0.023416854604283863,
      0.0,
      0.0,
      0.0
    ],
    [
      0.0,
      1.971096232898376e-05,
      0.0,
      0.0,
      0.0,
      -2.598661489140646e-05,
      0.0,
      0.0,
      0.0,
      2.598661489140646e-05,
      0.0,
      0.0,
      0.0,
      0.0003164439811394425,
      0.0,
      0.0
    ],
    [
      0.0,
      0.0,
      1.9710962328983766e-05,
      0.0,
      0.0,
      0.0,
      -2.5986614891406463e-05,
      0.0,
      0.0,
      0.0,
      2.5986614891406463e-05,
      0.0,
      0.0,
      0.0,
      0.00031644398113944255,
      0.0
    ],
    [
      0.0,
      0.0,
      0.0,
      2.663643557974746e-07,
      0.0,
      0.0,
      0.0,
      -3.511704715060157e-07,
      0.0,
      0.0,
      0.0,
      3.511704715060157e-07,
      0.0,
      0.0,
      0.0,
      4.276270015404241e-06
    ],
    [
      -0.0019230095019612142,
      0.0,
      0.0,
      0.0,
      0.03622393411048582,
      0.0,
      0.0,
      0.0,
      -0.02341685460428386,
      0.0,
      0.0,
      0.0,
      -0.1450360394529717,
      0.0,
      0.0,
      0.0
    ],
    [
      0.0,
      -2.598661489140646e-05,
      0.0,
      0.0,
      0.0,
      0.0004895126231154023,
      0.0,
      0.0,
      0.0,
      -0.00031644398113944244,
      0.0,
      0.0,
      0.0,
      -0.001959946479097131,
      0.0,
      0.0
    ],
    [
      0.0,
      0.0,
      -2.5986614891406463e-05,
      0.0,
      0.0,
      0.0,
      0.0004895126231154022,
      0.0,
      0.0,
      0.0,
      -0.0003164439811394425,
      0.0,
      0.0,
      0.0,
      -0.0019599464790971306,
      0.0
    ],
    [
      0.0,
      0.0,
      0.0,
      -3.511704715060157e-07,
      0.0,
      0.0,
      0.0,
      6.615035447515285e-06,
      0.0,
      0.0,
      0.0,
      -4.27627001540424e-06,
      0.0,
      0.0,
      0.0,
      -2.648576323108175e-05
    ],
    [
      0.0019230095019612142,
      0.0,
      0.0,
      0.0,
      -0.023416854604283863,
      0.0,
      0.0,
      0.0,
      0.03622393411048583,
      0.0,
      0.0,
      0.0,
      0.14503603945297175,
      0.0,
      0.0,
      0.0
    ],
    [
      0.0,
      2.598661489140646e-05,
      0.0,
      0.0,
      0.0,
      -0.0003164439811394425,
      0.0,
      0.0,
      0.0,
      0.0004895126231154023,
      0.0,
      0.0,
      0.0,
      0.001959946479097132,
      0.0,
      0.0
    ],
    [
      0.0,
      0.0,
      2.5986614891406463e-05,
      0.0,
      0.0,
      0.0,
      -0.00031644398113944255,
      0.0,
      0.0,
      0.0,
      0.0004895126231154023,
      0.0,
      0.0,
      0.0,
      0.0019599464790971315,
      0.0
    ],
    [
      0.0,
      0.0,
      0.0,
      3.511704715060157e-07,
      0.0,
      0.0,
      0.0,
      -4.276270015404241e-06,
      0.0,
      0.0,
      0.0,
      6.6150354475152854e-06,
      0.0,
      0.0,
      0.0,
      2.6485763231081764e-05
    ],
    [
      0.02341685460428386,
      0.0,
      0.0,
      0.0,
      -0.1450360394529717,
      0.0,
      0.0,
      0.0,
      0.14503603945297175,
      0.0,
      0.0,
      0.0,
      0.899604631677951,
      0.0,
      0.0,
      0.0
    ],
    [
      0.0,
      0.00031644398113944244,
      0.0,
      0.0,
      0.0,
      -0.001959946479097131,
      0.0,
      0.0,
      0.0,
      0.001959946479097132,
      0.0,
      0.0,
      0.0,
      0.012156819347017442,
      0.0,
      0.0
    ],
    [
      0.0,
      0.0,
      0.0003164439811394425,
      0.0,
      0.0,
      0.0,
      -0.0019599464790971306,
      0.0,
      0.0,
      0.0,
      0.0019599464790971315,
      0.0,
      0.0,
      0.0,
      0.012156819347017444,
      0.0
    ],
    [
      0.0,
      0.0,
      0.0,
      4.27627001540424e-06,
      0.0,
      0.0,
      0.0,
      -2.648576323108175e-05,
      0.0,
      0.0,
      0.0,
      2.6485763231081764e-05,
      0.0,
      0.0,
      0.0,
      0.00016428134252750742
    ]
  ],