{
  "config": {
    "symbols": [
      "H",
      "H"
    ],
    "geometry": [
      [
        0.0,
        0.0,
        0.0
      ],
      [
        0.0,
        0.0,
        0.7414
      ]
    ],
    "basis": "STO-3G",
    "ansatz": "RY-CZ",
    "optimizer": {
      "name": "Adam",
      "stepsize": 0.1,
      "iterations_planned": 50
    },
    "seed": 3,
    "noisy": true,
    "depolarizing_prob": 0.04,
    "amplitude_damping_prob": 0.0
  },
  "energies": [
    1.2665391801866392,
    1.2665391801866392,
    1.2577884910143189,
    1.2406117782568131,
    1.2128637604625412,
    1.174926409333442,
    1.1273712054590097,
    1.0690299710526163,
    0.9995757991004623,
    0.9195676441541345,
    0.8299360674086783,
    0.7320299418320648,
    0.6276872011411502,
    0.519217763139379,
    0.40897331523845964,
    0.29804160464635965,
    0.1862674582506393,
    0.07463626368060097,
    -0.03459996364572429,
    -0.13877148045481258,
    -0.23548912357650295,
    -0.32368627769574154,
    -0.4040803982144435,
    -0.4773570912270415,
    -0.5428601118361416,
    -0.5993692891986536,
    -0.6462929722239212,
    -0.6844662570619455,
    -0.7155700979776825,
    -0.7406210578714276,
    -0.7596716207643277,
    -0.7727169108295695,
    -0.7804854787581426,
    -0.7843207803589828,
    -0.7853862549195045,
    -0.7842308693103093,
    -0.7811148273059021,
    -0.7765133785498854,
    -0.7711833410451816,
    -0.7658451179230856,
    -0.7609212979744541,
    -0.7565735185694922,
    -0.7529201947438178,
    -0.7501390941811633,
    -0.7483929216069216,
    -0.7477348861957964,
    -0.7480923954874159,
    -0.7493292038286614,
    -0.7513023707496524,
    -0.7538704377752778,
    -0.7568923958990672
  ],
  "final_params": [
    3.413238748577894,
    3.4142277217100023,
    -0.018749939622852256,
    -0.006294985134280069
  ],
  "final_state_real": [
    [
      0.0018411600382128527,
      -5.636259320835568e-06,
      3.117779662191462e-06,
      9.544367946696795e-09,
      0.001005959769802044,
      -3.0795284633101936e-06,
      9.172749069271501e-06,
      2.8080269193337067e-08,
      0.0009864150285481437,
      -3.0196673746315656e-06,
      4.843278223092741e-05,
      1.4826586365288266e-07,
      -0.015333848611272063,
      4.6941264122117084e-05,
      -0.00013982024907921935,
      -4.280276505084576e-07
    ],
    [
      -5.636259320835568e-06,
      5.046096703498616e-05,
      -9.544367946696806e-09,
      8.53877569165697e-08,
      -3.0795284633101952e-06,
      2.757049997227605e-05,
      -2.8080269193337087e-08,
      2.512173895037575e-07,
      -3.0196673746315656e-06,
      2.7034834129192844e-05,
      -1.4826586365288266e-07,
      1.3264460879255115e-06,
      4.694126412211708e-05,
      -0.00042025723632581655,
      4.280276505084576e-07,
      -3.829307627210202e-06
    ],
    [
      3.11777966219146e-06,
      -9.544367946696788e-09,
      5.060444805938713e-05,
      -1.5392303405388478e-07,
      -9.172749069271501e-06,
      2.8080269193337067e-08,
      2.7472188749669398e-05,
      -8.464111480512642e-08,
      4.8432782230927404e-05,
      -1.4826586365288264e-07,
      2.7111705143033653e-05,
      -8.2465397292599e-08,
      0.00013982024907921938,
      -4.2802765050845773e-07,
      -0.0004187586779843273,
      1.2901848360859478e-06
    ],
    [
      9.544367946696795e-09,
      8.538775691656968e-08,
      -1.5392303405388478e-07,
      1.3869241849432284e-06,
      -2.8080269193337087e-08,
      -2.512173895037575e-07,
      -8.464111480512647e-08,
      7.529346619002175e-07,
      1.4826586365288264e-07,
      1.326446087925511e-06,
      -8.2465397292599e-08,
      7.430548301563372e-07,
      4.2802765050845773e-07,
      3.829307627210202e-06,
      1.2901848360859478e-06,
      -1.1476985925619257e-05
    ],
    [
      0.001005959769802044,
      -3.0795284633101936e-06,
      -9.172749069271501e-06,
      -2.8080269193337067e-08,
      0.039861807188703094,
      -0.00012202713379047606,
      0.0003630998336932062,
      1.1115469307142964e-06,
      0.015333848611272063,
      -4.6941264122117084e-05,
      -0.00013982024907921935,
      -4.280276505084576e-07,
      0.11487891115645976,
      -0.0003516735755363938,
      0.0010485879482674705,
      3.210011702912318e-06
    ],
    [
      -3.0795284633101952e-06,
      2.757049997227605e-05,
      2.8080269193337087e-08,
      -2.512173895037575e-07,
      -0.00012202713379047606,
      0.0010924989119667067,
      -1.1115469307142966e-06,
      9.944346199901029e-06,
      -4.694126412211708e-05,
      0.00042025723632581655,
      4.280276505084576e-07,
      -3.829307627210202e-06,
      -0.0003516735755363938,
      0.003148504653896389,
      -3.210011702912318e-06,
      2.871805660871263e-05
    ],
    [
      9.172749069271501e-06,
      -2.8080269193337067e-08,
      2.7472188749669398e-05,
      -8.464111480512642e-08,
      0.00036309983369320613,
      -1.1115469307142962e-06,
      0.0010956053301004933,
      -3.3324915694519332e-06,
      0.00013982024907921938,
      -4.2802765050845773e-07,
      0.0004187586779843273,
      -1.2901848360859478e-06,
      0.0010485879482674703,
      -3.2100117029123172e-06,
      0.0031574571314174618,
      -9.604005185324754e-06
    ],
    [
      2.8080269193337087e-08,
      2.512173895037575e-07,
      -8.464111480512647e-08,
      7.529346619002175e-07,
      1.1115469307142964e-06,
      9.944346199901026e-06,
      -3.3324915694519332e-06,
      3.0027430151709993e-05,
      4.2802765050845773e-07,
      3.829307627210202e-06,
      -1.2901848360859478e-06,
      1.1476985925619257e-05,
      3.2100117029123172e-06,
      2.8718056608712623e-05,
      -9.604005185324754e-06,
      8.653693156271889e-05
    ],
    [
      0.0009864150285481437,
      -3.0196673746315656e-06,
      4.843278223092741e-05,
      1.4826586365288266e-07,
      0.015333848611272063,
      -4.6941264122117084e-05,
      0.00013982024907921935,
      4.280276505084576e-07,
      0.03998100074664123,
      -0.00012239201559758104,
      6.770294184906094e-05,
      2.0725704125834818e-07,
      0.11530224475249692,
      -0.0003529729073248583,
      0.001051372619450284,
      3.2185363355865398e-06
    ],
    [
      -3.0196673746315656e-06,
      2.7034834129192844e-05,
      -1.4826586365288266e-07,
      1.3264460879255115e-06,
      -4.694126412211708e-05,
      0.00042025723632581655,
      -4.280276505084576e-07,
      3.829307627210202e-06,
      -0.00012239201559758104,
      0.0010957656688336094,
      -2.0725704125834826e-07,
      1.8542049046149887e-06,
      -0.0003529729073248583,
      0.0031601070253312862,
      -3.21853633558654e-06,
      2.87943214034748e-05
    ],
    [
      4.8432782230927404e-05,
      -1.4826586365288264e-07,
      2.7111705143033653e-05,
      -8.2465397292599e-08,
      -0.00013982024907921938,
      4.2802765050845773e-07,
      0.0004187586779843273,
      -1.2901848360859478e-06,
      6.770294184906086e-05,
      -2.0725704125834796e-07,
      0.0010988813756839884,
      -3.342456283923646e-06,
      -0.001051372619450284,
      3.2185363355865398e-06,
      0.0031488386774398587,
      -9.70149187706119e-06
    ],
    [
      1.4826586365288264e-07,
      1.326446087925511e-06,
      -8.2465397292599e-08,
      7.430548301563372e-07,
      -4.2802765050845773e-07,
      -3.829307627210202e-06,
      -1.2901848360859478e-06,
      1.1476985925619257e-05,
      2.0725704125834796e-07,
      1.8542049046149863e-06,
      -3.342456283923646e-06,
      3.011721725590671e-05,
      -3.21853633558654e-06,
      -2.87943214034748e-05,
      -9.70149187706119e-06,
      8.630072421896266e-05
    ],
    [
      -0.015333848611272063,
      4.6941264122117084e-05,
      0.00013982024907921935,
      4.280276505084576e-07,
      0.11487891115645976,
      -0.0003516735755363938,
      0.0010485879482674705,
      3.210011702912318e-06,
      0.11530224475249692,
