{
  "config": {
    "symbols": [
      "H",
      "H"
    ],
    "geometry": [
      [
        0.0,
        0.0,
        0.0
      ],
      [
        0.0,
        0.0,
        0.7414
      ]
    ],
    "basis": "STO-3G",
    "ansatz": "RY-CZ",
    "optimizer": {
      "name": "Adam",
      "stepsize": 0.1,
      "iterations_planned": 50
    },
    "seed": 2,
    "noisy": true,
    "depolarizing_prob": 0.08,
    "amplitude_damping_prob": 0.0
  },
  "energies": [
    1.1903126173652123,
    1.1903126173652123,
    1.1836949126678606,
    1.170292562704552,
    1.1473446572509005,
    1.114512713767885,
    1.0717566516939208,
    1.0192680016107503,
    0.9572441606853511,
    0.8863555864692905,
    0.8071861701364785,
    0.7207920120652449,
    0.6282092263767165,
    0.530778054199333,
    0.4299055476178617,
    0.3271114249044843,
    0.22398157926851298,
    0.1220521223315148,
    0.022860965619609735,
    -0.07224302388461085,
    -0.16202398649298252,
    -0.24546692454534963,
    -0.32181795657885076,
    -0.3905028231841308,
    -0.4512973901738545,
    -0.504070645946217,
    -0.5490428845681492,
    -0.586459693906889,
    -0.6167878954725382,
    -0.6406239855327506,
    -0.6586513079599003,
    -0.671353386938013,
    -0.6796454328677124,
    -0.684039474310354,
    -0.6854161242642403,
    -0.6842744539552328,
    -0.6814311858006715,
    -0.6773070589164194,
    -0.6725922473410584,
    -0.6676174103490214,
    -0.6628682896451337,
    -0.6585960424970193,
    -0.655043357018191,
    -0.6523836902600295,
    -0.6506446038743516,
    -0.6499086039946529,
    -0.6500655103724118,
    -0.6510963336007863,
    -0.6528378388351872,
    -0.6551830784215379,
    -0.6579727511215476
  ],
  "final_params": [
    -3.416393304323631,
    -3.4165636136513324,
    -0.002197797750676955,
    -0.004859238805414425
  ],
  "final_state_real": [
    [
      0.004404161119635433,
      -1.009760901990418e-05,
      2.250524704404565e-06,
      5.159878611301701e-09,
      -0.0037576114847675387,
      8.615239296797072e-06,
      -3.8966013166905176e-06,
      -8.933912056780115e-09,
      -0.0037528328622529607,
      8.604280799612331e-06,
      -7.897446917482876e-06,
      -1.8106829644508114e-08,
      -0.01317335622749075,
      3.0203126827202012e-05,
      -1.3660623890830286e-05,
      -3.1320323164362434e-08
    ],
    [
      -1.009760901990418e-05,
      0.00024814766878068615,
      -5.1598786113017014e-09,
      1.2677688134059443e-07,
      8.615239296797072e-06,
      -0.00021171853272383982,
      8.933912056780118e-09,
      -2.1950390581843365e-07,
      8.604280799612331e-06,
      -0.00021144928643498616,
      1.8106829644508114e-08,
      -4.448801156423062e-07,
      3.0203126827202012e-05,
      -0.0007422384306730269,
      3.1320323164362434e-08,
      -7.69532229820373e-07
    ],
    [
      2.2505247044045647e-06,
      -5.1598786113017014e-09,
      0.0002481270547138537,
      -5.688672264370336e-07,
      3.8966013166905176e-06,
      -8.933912056780115e-09,
      -0.00021169189846369568,
      4.853759647526838e-07,
      -7.897446917482876e-06,
      1.8106829644508114e-08,
      -0.00021143172096784444,
      4.847378566859322e-07,
      1.3660623890830284e-05,
      -3.132032316436243e-08,
      -0.0007421450568375049,
      1.7016209669011767e-06
    ],
    [
      5.159878611301703e-09,
      1.2677688134059443e-07,
      -5.688672264370336e-07,
      1.3980449060809417e-05,
      8.933912056780118e-09,
      2.1950390581843365e-07,
      4.853759647526838e-07,
      -1.1927549804960854e-05,
      -1.8106829644508114e-08,
      -4.448801156423062e-07,
      4.847378566859322e-07,
      -1.1912890386898958e-05,
      3.132032316436243e-08,
      7.695322298203728e-07,
      1.7016209669011767e-06,
      -4.181535614813773e-05
    ],
    [
      -0.003757611484767537,
      8.615239296797072e-06,
      3.8966013166905176e-06,
      8.933912056780112e-09,
      0.05841082489579101,
      -0.00013392100250333403,
      6.0440858177513004e-05,
      1.3857545786922674e-07,
      0.01317335622749075,
      -3.0203126827202012e-05,
      -1.3660623890830286e-05,
      -3.1320323164362434e-08,
      -0.10078735787588416,
      0.00023107949648855781,
      -0.00010474103387459214,
      -2.401444513616773e-07
    ],
    [
      8.615239296797072e-06,
      -0.00021171853272383977,
      -8.933912056780115e-09,
      2.1950390581843365e-07,
      -0.00013392100250333403,
      0.0032910944072471237,
      -1.3857545786922677e-07,
      3.404763116040345e-06,
      -3.0203126827202012e-05,
      0.0007422384306730269,
      3.1320323164362434e-08,
      -7.69532229820373e-07,
      0.00023107949648855781,
      -0.005678754073723731,
      2.401444513616773e-07,
      -5.900286985084925e-06
    ],
    [
      -3.8966013166905176e-06,
      8.933912056780112e-09,
      -0.00021169189846369558,
      4.853759647526838e-07,
      6.044085817751302e-05,
      -1.3857545786922677e-07,
      0.003290821010199323,
      -7.54468400445768e-06,
      1.3660623890830284e-05,
      -3.132032316436243e-08,
      0.0007421450568375049,
      -1.7016209669011767e-06,
      -0.00010474103387459214,
      2.401444513616773e-07,
      -0.005678282329553914,
      1.30182850212158e-05
    ],
    [
      -8.933912056780115e-09,
      -2.1950390581843365e-07,
      4.853759647526838e-07,
      -1.192754980496085e-05,
      1.385754578692268e-07,
      3.404763116040346e-06,
      -7.54468400445768e-06,
      0.00018541773106681023,
      3.132032316436243e-08,
      7.695322298203728e-07,
      -1.7016209669011767e-06,
      4.181535614813773e-05,
      -2.401444513616773e-07,
      -5.900286985084925e-06,
      1.30182850212158e-05,
      -0.0003199366427525262
    ],
    [
      -0.0037528328622529607,
      8.604280799612331e-06,
      -7.897446917482876e-06,
      -1.8106829644508114e-08,
      0.01317335622749075,
      -3.0203126827202012e-05,
      1.3660623890830286e-05,
      3.1320323164362434e-08,
      0.05842932960782951,
      -0.00013396342904998273,
      2.9857365834768192e-05,
      6.845531757954698e-08,
      -0.10085073814958419,
      0.00023122487408275565,
      -0.00010458109377616815,
      -2.397777495470594e-07
    ],
    [
      8.604280799612331e-06,
      -0.00021144928643498616,
      1.8106829644508114e-08,
      -4.448801156423062e-07,
      -3.0203126827202012e-05,
      0.0007422384306730269,
      -3.1320323164362434e-08,
      7.69532229820373e-07,
      -0.00013396342904998273,
      0.0032921370351231428,
      -6.845531757954698e-08,
      1.6819294265772593e-06,
      0.00023122487408275565,
      -0.005682325166319599,
      2.3977774954705944e-07,
      -5.891277216456382e-06
    ],
    [
      -7.897446917482876e-06,
      1.8106829644508114e-08,
      -0.00021143172096784444,
      4.847378566859322e-07,
      -1.3660623890830284e-05,
      3.132032316436243e-08,
      0.0007421450568375049,
      -1.7016209669011767e-06,
      2.98573658347682e-05,
      -6.845531757954698e-08,
      0.003291863551462396,
      -7.547074181367062e-06,
      0.00010458109377616815,
      -2.397777495470594e-07,
      -0.005681610327969098,
      1.3027031805658604e-05
    ],
    [
      -1.8106829644508114e-08,
      -4.448801156423062e-07,
      4.847378566859322e-07,
      -1.1912890386898958e-05,
      -3.132032316436243e-08,
      -7.695322298203728e-07,
      -1.7016209669011767e-06,
      4.181535614813773e-05,
      6.845531757954698e-08,
      1.6819294265772597e-06,
      -7.547074181367062e-06,
      0.0001854764719205192,
      2.3977774954705944e-07,
      5.891277216456382e-06,
      1.3027031805658604e-05,
      -0.00032012415520404664
    ],
    [
      -0.01317335622749075,
      3.0203126827202012e-05,
      1.3660623890830286e-05,
      3.1320323164362434e-08,
      -0.10078735787588416,
      0.00023107949648855781,
      -0.00010474103387459214,
      -2.401444513616773e-07,
