{
  "config": {
    "symbols": [
      "H",
      "H"
    ],
    "geometry": [
      [
        0.0,
        0.0,
        0.0
      ],
      [
        0.0,
        0.0,
        0.7414
      ]
    ],
    "basis": "STO-3G",
    "ansatz": "TwoQubit-RY-CNOT",
    "optimizer": {
      "name": "GradientDescent",
      "stepsize": 0.1,
      "iterations_planned": 50
    },
    "seed": 4,
    "noisy": true,
    "depolarizing_prob": 0.08,
    "amplitude_damping_prob": 0.0
  },
  "energies": [
    1.190291478120879,
    1.190291478120879,
    1.190283369856281,
    1.1902731400383355,
    1.1902602335922654,
    1.1902439502334272,
    1.1902234065119546,
    1.190197487897644,
    1.190164788385692,
    1.1901235343623247,
    1.1900714884790067,
    1.1900058286733537,
    1.1899229954374313,
    1.1898184995338494,
    1.1896866797632835,
    1.1895203977734408,
    1.1893106541761223,
    1.1890461054000472,
    1.1887124568229912,
    1.1882917005567535,
    1.1877611600271725,
    1.1870922936253168,
    1.186249200588379,
    1.1851867594702301,
    1.1838483168255238,
    1.1821628304318956,
    1.1800413580181277,
    1.1773727730682924,
    1.1740185878503984,
    1.169806778378968,
    1.1645245431924782,
    1.1579100137226903,
    1.1496430824032573,
    1.139335765584964,
    1.1265229053676935,
    1.1106545823074663,
    1.0910923891149937,
    1.0671126681462075,
    1.0379208490872531,
    1.0026818432181053,
    0.9605714958458367,
    0.9108526219514782,
    0.8529751805710937,
    0.7866931788911735,
    0.7121814684498292,
    0.6301263918517543,
    0.5417598534820871,
    0.44881220642677566,
    0.3533772713802067,
    0.2577086445844209,
    0.16398934640313806
  ],
  "final_params": [
    -1.6040948537392306
  ],
  "final_state_real": [
    [
      0.21091592477883397,
      0.0,
      0.0,
      0.0,
      0.17203865481076624,
      0.0,
      0.0,
      0.0,
      -0.17203865481076624,
      0.0,
      0.0,
      0.0,
      0.1785992483239593,
      0.0,
      0.0,
      0.0
    ],
    [
      0.0,
      0.011882587311487917,
      0.0,
      0.0,
      0.0,
      0.009692318580891758,
      0.0,
      0.0,
      0.0,
      -0.009692318580891758,
      0.0,
      0.0,
      0.0,
      0.010061929483043611,
      0.0,
      0.0
    ],
    [
      0.0,
      0.0,
      0.011882587311487917,
      0.0,
      0.0,
      0.0,
      0.009692318580891757,
      0.0,
      0.0,
      0.0,
      -0.009692318580891757,
      0.0,
      0.0,
      0.0,
      0.01006192948304361,
      0.0
    ],
    [
      0.0,
      0.0,
      0.0,
      0.0006694415386756188,
      0.0,
      0.0,
      0.0,
      0.0005460461172335369,
      0.0,
      0.0,
      0.0,
      -0.0005460461172335369,
      0.0,
      0.0,
      0.0,
      0.0005668692666505503
    ],
    [
      0.17203865481076624,
      0.0,
      0.0,
      0.0,
      0.22384626857089554,
      0.0,
      0.0,
      0.0,
      -0.1785992483239593,
      0.0,
      0.0,
      0.0,
      0.18535796276662772,
      0.0,
      0.0,
      0.0
    ],
    [
      0.0,
      0.009692318580891758,
      0.0,
      0.0,
      0.0,
      0.012611057384280387,
      0.0,
      0.0,
      0.0,
      -0.010061929483043611,
      0.0,
      0.0,
      0.0,
      0.010442702127701124,
      0.0,
      0.0
    ],
    [
      0.0,
      0.0,
      0.009692318580891757,
      0.0,
      0.0,
      0.0,
      0.012611057384280384,
      0.0,
      0.0,
      0.0,
      -0.01006192948304361,
      0.0,
      0.0,
      0.0,
      0.010442702127701124,
      0.0
    ],
    [
      0.0,
      0.0,
      0.0,
      0.0005460461172335369,
      0.0,
      0.0,
      0.0,
      0.0007104821061568994,
      0.0,
      0.0,
      0.0,
      -0.0005668692666505503,
      0.0,
      0.0,
      0.0,
      0.000588321246631263
    ],
    [
      -0.17203865481076624,
      0.0,
      0.0,
      0.0,
      -0.1785992483239593,
      0.0,
      0.0,
      0.0,
      0.22384626857089554,
      0.0,
      0.0,
      0.0,
      -0.1853579627666277,
      0.0,
      0.0,
      0.0
    ],
    [
      0.0,
      -0.009692318580891758,
      0.0,
      0.0,
      0.0,
      -0.010061929483043611,
      0.0,
      0.0,
      0.0,
      0.012611057384280387,
      0.0,
      0.0,
      0.0,
      -0.010442702127701124,
      0.0,
      0.0
    ],
    [
      0.0,
      0.0,
      -0.009692318580891757,
      0.0,
      0.0,
      0.0,
      -0.01006192948304361,
      0.0,
      0.0,
      0.0,
      0.012611057384280384,
      0.0,
      0.0,
      0.0,
      -0.010442702127701124,
      0.0
    ],
    [
      0.0,
      0.0,
      0.0,
      -0.0005460461172335369,
      0.0,
      0.0,
      0.0,
      -0.0005668692666505503,
      0.0,
      0.0,
      0.0,
      0.0007104821061568994,
      0.0,
      0.0,
      0.0,
      -0.000588321246631263
    ],
    [
      0.1785992483239593,
      0.0,
      0.0,
      0.0,
      0.18535796276662772,
      0.0,
      0.0,
      0.0,
      -0.1853579627666277,
      0.0,
      0.0,
      0.0,
      0.23756931585728172,
      0.0,
      0.0,
      0.0
    ],
    [
      0.0,
      0.010061929483043611,
      0.0,
      0.0,
      0.0,
      0.010442702127701124,
      0.0,
      0.0,
      0.0,
      -0.010442702127701124,
      0.0,
      0.0,
      0.0,
      0.013384186808865804,
      0.0,
      0.0
    ],
    [
      0.0,
      0.0,
      0.01006192948304361,
      0.0,
      0.0,
      0.0,
      0.010442702127701124,
      0.0,
      0.0,
      0.0,
      -0.010442702127701124,
      0.0,
      0.0,
      0.0,
      0.013384186808865797,
      0.0
    ],
    [
      0.0,
      0.0,
      0.0,
      0.0005668692666505503,
      0.0,
      0.0,
      0.0,
      0.000588321246631263,
      0.0,
      0.0,
      0.0,
      -0.000588321246631263,
      0.0,
      0.0,
      0.0,
      0.000754038693457502
    ]
  ],