{
  "config": {
    "symbols": [
      "H",
      "H"
    ],
    "geometry": [
      [
        0.0,
        0.0,
        0.0
      ],
      [
        0.0,
        0.0,
        0.7414
      ]
    ],
    "basis": "STO-3G",
    "ansatz": "TwoQubit-RY-CNOT",
    "optimizer": {
      "name": "Adam",
      "stepsize": 0.1,
      "iterations_planned": 50
    },
    "seed": 1,
    "noisy": true,
    "depolarizing_prob": 0.02,
    "amplitude_damping_prob": 0.0
  },
  "energies": [
    1.3069200056531334,
    1.3069200056531334,
    1.298295826612966,
    1.281163999411856,
    1.2528797907996236,
    1.2131805278906393,
    1.162052176330386,
    1.099698262963233,
    1.026548500761801,
    0.9432672959036466,
    0.8507557042517165,
    0.7501446443782251,
    0.6427780232130614,
    0.5301849679688289,
    0.41404102544698396,
    0.29611904511437415,
    0.17823147470720227,
    0.062166881750396474,
    -0.05037546521537423,
    -0.15784835060200023,
    -0.2589117777902491,
    -0.35247594071487054,
    -0.43772843502668274,
    -0.5141438424885076,
    -0.581475931709482,
    -0.6397348351036459,
    -0.6891532313830318,
    -0.7301464209954561,
    -0.7632710823807037,
    -0.7891865568515968,
    -0.8086210602057096,
    -0.8223436771484511,
    -0.8311417287228127,
    -0.8358023342742587,
    -0.8370967659015149,
    -0.8357664177610141,
    -0.8325097068395291,
    -0.8279697885744326,
    -0.82272344637627,
    -0.8172717970745208,
    -0.8120335128141272,
    -0.8073411226572528,
    -0.80344069025728,
    -0.8004948475501428,
    -0.7985888682311743,
    -0.7977392373777349,
    -0.7979040357559257,
    -0.7989944099513975,
    -0.8008864253181603,
    -0.8034326785558248,
    -0.8064731570003174
  ],
  "final_params": [
    -3.4159119401069264
  ],
  "final_state_real": [
    [
      0.0009678003031595031,
      0.0,
      0.0,
      0.0,
      -0.0006881377169526275,
      0.0,
      0.0,
      0.0,
      0.000688137716952628,
      0.0,
      0.0,
      0.0,
      0.016919815961449168,
      0.0,
      0.0,
      0.0
    ],
    [
      0.0,
      1.30783824751479e-05,
      0.0,
      0.0,
      0.0,
      -9.29915833721152e-06,
      0.0,
      0.0,
      0.0,
      9.299158337211527e-06,
      0.0,
      0.0,
      0.0,
      0.00022864616164154546,
      0.0,
      0.0
    ],
    [
      0.0,
      0.0,
      1.3078382475147896e-05,
      0.0,
      0.0,
      0.0,
      -9.29915833721152e-06,
      0.0,
      0.0,
      0.0,
      9.299158337211527e-06,
      0.0,
      0.0,
      0.0,
      0.0002286461616415454,
      0.0
    ],
    [
      0.0,
      0.0,
      0.0,
      1.7673489831307262e-07,
      0.0,
      0.0,
      0.0,
      -1.2566430185439685e-07,
      0.0,
      0.0,
      0.0,
      1.2566430185439696e-07,
      0.0,
      0.0,
      0.0,
      3.0898129951606214e-06
    ],
    [
      -0.0006881377169526276,
      0.0,
      0.0,
      0.0,
      0.029726895467651244,
      0.0,
      0.0,
      0.0,
      -0.016919815961449168,
      0.0,
      0.0,
      0.0,
      -0.12423125678780053,
      0.0,
      0.0,
      0.0
    ],
    [
      0.0,
      -9.299158337211522e-06,
      0.0,
      0.0,
      0.0,
      0.00040171480361750697,
      0.0,
      0.0,
      0.0,
      -0.00022864616164154546,
      0.0,
      0.0,
      0.0,
      -0.0016788007674052104,
      0.0,
      0.0
    ],
    [
      0.0,
      0.0,
      -9.29915833721152e-06,
      0.0,
      0.0,
      0.0,
      0.00040171480361750713,
      0.0,
      0.0,
      0.0,
      -0.0002286461616415454,
      0.0,
      0.0,
      0.0,
      -0.00167880076740521,
      0.0
    ],
    [
      0.0,
      0.0,
      0.0,
      -1.2566430185439685e-07,
      0.0,
      0.0,
      0.0,
      5.428578427271693e-06,
      0.0,
      0.0,
      0.0,
      -3.0898129951606214e-06,
      0.0,
      0.0,
      0.0,
      -2.268649685686095e-05
    ],
    [
      0.000688137716952628,
      0.0,
      0.0,
      0.0,
      -0.016919815961449168,
      0.0,
      0.0,
      0.0,
      0.029726895467651244,
      0.0,
      0.0,
      0.0,
      0.12423125678780053,
      0.0,
      0.0,
      0.0
    ],
    [
      0.0,
      9.299158337211527e-06,
      0.0,
      0.0,
      0.0,
      -0.00022864616164154546,
      0.0,
      0.0,
      0.0,
      0.00040171480361750697,
      0.0,
      0.0,
      0.0,
      0.0016788007674052104,
      0.0,
      0.0
    ],
    [
      0.0,
      0.0,
      9.299158337211527e-06,
      0.0,
      0.0,
      0.0,
      -0.0002286461616415454,
      0.0,
      0.0,
      0.0,
      0.00040171480361750713,
      0.0,
      0.0,
      0.0,
      0.00167880076740521,
      0.0
    ],
    [
      0.0,
      0.0,
      0.0,
      1.2566430185439696e-07,
      0.0,
      0.0,
      0.0,
      -3.0898129951606214e-06,
      0.0,
      0.0,
      0.0,
      5.428578427271693e-06,
      0.0,
      0.0,
      0.0,
      2.268649685686095e-05
    ],
    [
      0.016919815961449168,
      0.0,
      0.0,
      0.0,
      -0.12423125678780053,
      0.0,
      0.0,
      0.0,
      0.12423125678780056,
      0.0,
      0.0,
      0.0,
      0.9130895198728038,
      0.0,
      0.0,
      0.0
    ],
    [
      0.0,
      0.00022864616164154546,
      0.0,
      0.0,
      0.0,
      -0.0016788007674052104,
      0.0,
      0.0,
      0.0,
      0.0016788007674052108,
      0.0,
      0.0,
      0.0,
      0.01233904756586708,
      0.0,
      0.0
    ],
    [
      0.0,
      0.0,
      0.0002286461616415454,
      0.0,
      0.0,
      0.0,
      -0.00167880076740521,
      0.0,
      0.0,
      0.0,
      0.0016788007674052102,
      0.0,
      0.0,
      0.0,
      0.012339047565867078,
      0.0
    ],
    [
      0.0,
      0.0,
      0.0,
      3.0898129951606214e-06,
      0.0,
      0.0,
      0.0,
      -2.268649685686095e-05,
      0.0,
      0.0,
      0.0,
      2.268649685686095e-05,
      0.0,
      0.0,
      0.0,
      0.00016674388602547913
    ]
  ],