{
  "config": {
    "symbols": [
      "H",
      "H"
    ],
    "geometry": [
      [
        0.0,
        0.0,
        0.0
      ],
      [
        0.0,
        0.0,
        0.7414
      ]
    ],
    "basis": "STO-3G",
    "ansatz": "TwoQubit-RY-CNOT",
    "optimizer": {
      "name": "Momentum",
      "stepsize": 0.1,
      "iterations_planned": 50
    },
    "seed": 0,
    "noisy": true,
    "depolarizing_prob": 0.06,
    "amplitude_damping_prob": 0.0
  },
  "energies": [
    1.2277314156661225,
    1.2277314156661225,
    1.2277224589357412,
    1.22770093601837,
    1.2276576099542968,
    1.227573982810152,
    1.2274146487517845,
    1.227112519374941,
    1.2265408038795937,
    1.2254601599863864,
    1.2234193839205716,
    1.2195698320116894,
    1.212322197851699,
    1.198724268834918,
    1.1733766698967836,
    1.1266943008316939,
    1.0426226110586625,
    0.897264000366218,
    0.6634153725518054,
    0.3300595125999246,
    -0.0640964184113944,
    -0.42343933955548174,
    -0.6562246434687032,
    -0.7353457992783264,
    -0.6854305107199945,
    -0.553560925153459,
    -0.3988092769593763,
    -0.2758725794711804,
    -0.2176827760397612,
    -0.23257783876428523,
    -0.31004596139632246,
    -0.42617174135451114,
    -0.5498176243390673,
    -0.6521238243095888,
    -0.7153650227630364,
    -0.7355979497014247,
    -0.7198536858037464,
    -0.6819530617227804,
    -0.6383680160016887,
    -0.603920439779515,
    -0.58818544395986,
    -0.5938601063606448,
    -0.6173434186395862,
    -0.6508994325210108,
    -0.6855246120855838,
    -0.7136051676306241,
    -0.7306142713242636,
    -0.7355842979251039,
    -0.7305909987556298,
    -0.719661739014532,
    -0.7074572387346887
  ],
  "final_params": [
    -3.4760954227809093
  ],
  "final_state_real": [
    [
      0.003953425157542681,
      0.0,
      0.0,
      0.0,
      0.0017100568358742213,
      0.0,
      0.0,
      0.0,
      -0.0017100568358742216,
      0.0,
      0.0,
      0.0,
      0.021018352732659763,
      0.0,
      0.0,
      0.0
    ],
    [
      0.0,
      0.00016472604823102553,
      0.0,
      0.0,
      0.0,
      7.125236816146071e-05,
      0.0,
      0.0,
      0.0,
      -7.125236816146072e-05,
      0.0,
      0.0,
      0.0,
      0.0008757646971945845,
      0.0,
      0.0
    ],
    [
      0.0,
      0.0,
      0.00016472604823102553,
      0.0,
      0.0,
      0.0,
      7.125236816146071e-05,
      0.0,
      0.0,
      0.0,
      -7.125236816146071e-05,
      0.0,
      0.0,
      0.0,
      0.0008757646971945845,
      0.0
    ],
    [
      0.0,
      0.0,
      0.0,
      6.86358534296275e-06,
      0.0,
      0.0,
      0.0,
      2.9688486733956467e-06,
      0.0,
      0.0,
      0.0,
      -2.968848673395647e-06,
      0.0,
      0.0,
      0.0,
      3.6490195716458846e-05
    ],
    [
      0.0017100568358742213,
      0.0,
      0.0,
      0.0,
      0.0564077927326881,
      0.0,
      0.0,
      0.0,
      -0.021018352732659763,
      0.0,
      0.0,
      0.0,
      -0.12975381086821558,
      0.0,
      0.0,
      0.0
    ],
    [
      0.0,
      7.125236816146071e-05,
      0.0,
      0.0,
      0.0,
      0.0023503246971964854,
      0.0,
      0.0,
      0.0,
      -0.0008757646971945845,
      0.0,
      0.0,
      0.0,
      -0.00540640878617829,
      0.0,
      0.0
    ],
    [
      0.0,
      0.0,
      7.125236816146071e-05,
      0.0,
      0.0,
      0.0,
      0.0023503246971964863,
      0.0,
      0.0,
      0.0,
      -0.0008757646971945845,
      0.0,
      0.0,
      0.0,
      -0.00540640878617829,
      0.0
    ],
    [
      0.0,
      0.0,
      0.0,
      2.9688486733956467e-06,
      0.0,
      0.0,
      0.0,
      9.793019571656808e-05,
      0.0,
      0.0,
      0.0,
      -3.6490195716458846e-05,
      0.0,
      0.0,
      0.0,
      -0.00022526703275753884
    ],
    [
      -0.0017100568358742216,
      0.0,
      0.0,
      0.0,
      -0.021018352732659763,
      0.0,
      0.0,
      0.0,
      0.056407792732688096,
      0.0,
      0.0,
      0.0,
      0.12975381086821555,
      0.0,
      0.0,
      0.0
    ],
    [
      0.0,
      -7.125236816146072e-05,
      0.0,
      0.0,
      0.0,
      -0.0008757646971945845,
      0.0,
      0.0,
      0.0,
      0.0023503246971964854,
      0.0,
      0.0,
      0.0,
      0.005406408786178288,
      0.0,
      0.0
    ],
    [
      0.0,
      0.0,
      -7.125236816146071e-05,
      0.0,
      0.0,
      0.0,
      -0.0008757646971945845,
      0.0,
      0.0,
      0.0,
      0.0023503246971964863,
      0.0,
      0.0,
      0.0,
      0.005406408786178289,
      0.0
    ],
    [
      0.0,
      0.0,
      0.0,
      -2.968848673395647e-06,
      0.0,
      0.0,
      0.0,
      -3.6490195716458846e-05,
      0.0,
      0.0,
      0.0,
      9.793019571656808e-05,
      0.0,
      0.0,
      0.0,
      0.0002252670327575388
    ],
    [
      0.021018352732659763,
      0.0,
      0.0,
      0.0,
      -0.12975381086821558,
      0.0,
      0.0,
      0.0,
      0.12975381086821555,
      0.0,
      0.0,
      0.0,
      0.8048309893772279,
      0.0,
      0.0,
      0.0
    ],
    [
      0.0,
      0.0008757646971945845,
      0.0,
      0.0,
      0.0,
      -0.00540640878617829,
      0.0,
      0.0,
      0.0,
      0.005406408786178288,
      0.0,
      0.0,
      0.0,
      0.03353462455740088,
      0.0,
      0.0
    ],
    [
      0.0,
      0.0,
      0.0008757646971945845,
      0.0,
      0.0,
      0.0,
      -0.00540640878617829,
      0.0,
      0.0,
      0.0,
      0.005406408786178289,
      0.0,
      0.0,
      0.0,
      0.03353462455740089,
      0.0
    ],
    [
      0.0,
      0.0,
      0.0,
      3.6490195716458846e-05,
      0.0,
      0.0,
      0.0,
      -0.00022526703275753884,
      0.0,
      0.0,
      0.0,
      0.0002252670327575388,
      0.0,
      0.0,
      0.0,
      0.0013972760232257193
    ]
  ],