{
  "config": {
    "symbols": [
      "H",
      "H"
    ],
    "geometry": [
      [
        0.0,
        0.0,
        0.0
      ],
      [
        0.0,
        0.0,
        0.7414
      ]
    ],
    "basis": "STO-3G",
    "ansatz": "RY-CZ",
    "optimizer": {
      "name": "Adam",
      "stepsize": 0.1,
      "iterations_planned": 50
    },
    "seed": 1,
    "noisy": true,
    "depolarizing_prob": 0.02,
    "amplitude_damping_prob": 0.0
  },
  "energies": [
    1.3069409071206584,
    1.3069409071206584,
    1.2983783878106585,
    1.281399366063958,
    1.2531976439036008,
    1.2141070123021562,
    1.165082872416704,
    1.1069786596173876,
    1.038245420914964,
    0.9581072446028929,
    0.8671924769800861,
    0.7665857732426511,
    0.6577618024923915,
    0.5426468749114236,
    0.42366507171065815,
    0.3036937810952667,
    0.18571641270951844,
    0.07178057731544045,
    -0.03812498340832249,
    -0.14478762832790532,
    -0.24756130542472224,
    -0.3444658113392969,
    -0.4331037653429187,
    -0.5114157706874525,
    -0.578535541316049,
    -0.6354133051803993,
    -0.6840643049113626,
    -0.7258507106904327,
    -0.760822363914652,
    -0.7884162429310908,
    -0.808434186542344,
    -0.821636035618942,
    -0.8295744735235495,
    -0.8338341552387425,
    -0.8354007509298115,
    -0.8346364151437373,
    -0.8317274186237507,
    -0.8271056364886976,
    -0.8215048762580384,
    -0.8157247572497279,
    -0.8103838780988998,
    -0.8058154463959657,
    -0.8021301240165278,
    -0.7993650291902905,
    -0.7975701462396956,
    -0.7967912776871544,
    -0.797030351398796,
    -0.7982304098126385,
    -0.8002773946876828,
    -0.803014819730301,
    -0.8062590563143125
  ],
  "final_params": [
    -3.416218702329615,
    3.4145846176222205,
    -0.022175755450600826,
    -0.00014500202227939359
  ],
  "final_state_real": [
    [
      0.0009635600935997248,
      -6.891481055497898e-08,
      -1.7420284507306424e-06,
      -1.2459208347286144e-10,
      -0.0006901157243807392,
      4.935811559896895e-08,
      -7.548836357825506e-06,
      -5.399023473024742e-10,
      0.0006657630412089961,
      -4.7616058577125104e-08,
      -4.406122155871728e-05,
      -3.151314430058509e-09,
      0.016856252196564545,
      -1.2055845347241996e-06,
      0.00018438224915434773,
      1.3187252233404822e-08
    ],
    [
      -6.891481055497898e-08,
      1.3021087409890735e-05,
      1.2459208347286144e-10,
      -2.3540915854788293e-08,
      4.935811559896895e-08,
      -9.325891794180707e-06,
      5.399023473024745e-10,
      -1.0201126246049712e-07,
      -4.761605857712513e-08,
      8.996801353064565e-06,
      3.151314430058509e-09,
      -5.95421681395563e-07,
      -1.2055845347241996e-06,
      0.00022778728043277308,
      -1.3187252233404822e-08,
      2.4916510465937585e-06
    ],
    [
      -1.7420284507306412e-06,
      1.2459208347286134e-10,
      1.3139531297174366e-05,
      -9.22809604549167e-10,
      7.548836357825506e-06,
      -5.399023473024745e-10,
      -9.24105302735888e-06,
      6.730690789189285e-10,
      -4.406122155871728e-05,
      3.151314430058508e-09,
      9.078639074587444e-06,
      -6.376068631965813e-10,
      -0.00018438224915434776,
      1.3187252233404824e-08,
      0.0002257150719624074,
      -1.643988354293396e-08
    ],
    [
      -1.2459208347286134e-10,
      -2.3540915854788277e-08,
      -9.22809604549167e-10,
      1.775613027998395e-07,
      5.399023473024745e-10,
      1.0201126246049712e-07,
      6.730690789189285e-10,
      -1.2487914353026473e-07,
      -3.151314430058508e-09,
      -5.95421681395563e-07,
      -6.376068631965815e-10,
      1.226843595311453e-07,
      -1.3187252233404824e-08,
      -2.4916510465937585e-06,
      -1.643988354293396e-08,
      3.0502048614034915e-06
    ],
    [
      -0.0006901157243807392,
      4.935811559896898e-08,
      7.548836357825511e-06,
      5.399023473024746e-10,
      0.02976680013766195,
      -2.128952211637631e-06,
      0.0003254373271786689,
      2.327569025409625e-08,
      -0.016856252196564545,
      1.2055845347241996e-06,
      0.00018438224915434773,
      1.3187252233404822e-08,
      -0.12437463037674526,
      8.895401695433371e-06,
      -0.0013611621990900125,
      -9.735204626422541e-08
    ],
    [
      4.935811559896898e-08,
      -9.325891794180707e-06,
      -5.399023473024749e-10,
      1.0201126246049719e-07,
      -2.128952211637631e-06,
      0.0004022542123524847,
      -2.327569025409625e-08,
      4.397800008321925e-06,
      1.2055845347241996e-06,
      -0.00022778728043277308,
      -1.3187252233404822e-08,
      2.4916510465937585e-06,
      8.895401695433371e-06,
      -0.0016807389019799005,
      9.735204626422541e-08,
      -1.839407661801222e-05
    ],
    [
      -7.5488363578255125e-06,
      5.399023473024745e-10,
      -9.24105302735888e-06,
      6.730690789189288e-10,
      0.00032543732717866896,
      -2.327569025409625e-08,
      0.000405913242592237,
      -2.8507914811113935e-08,
      -0.00018438224915434776,
      1.3187252233404824e-08,
      -0.0002257150719624074,
      1.643988354293396e-08,
      -0.0013611621990900122,
      9.73520462642254e-08,
      -0.0016960274291814095,
      1.1911462942091474e-07
    ],
    [
      -5.399023473024745e-10,
      -1.0201126246049721e-07,
      6.730690789189288e-10,
      -1.2487914353026473e-07,
      2.327569025409625e-08,
      4.3978000083219255e-06,
      -2.8507914811113935e-08,
      5.48531622234382e-06,
      -1.3187252233404824e-08,
      -2.4916510465937585e-06,
      1.643988354293396e-08,
      -3.0502048614034915e-06,
      -9.73520462642254e-08,
      -1.839407661801222e-05,
      1.1911462942091474e-07,
      -2.2919298496931554e-05
    ],
    [
      0.0006657630412089961,
      -4.7616058577125104e-08,
      -4.406122155871728e-05,
      -3.151314430058509e-09,
      -0.016856252196564545,
      1.2055845347241996e-06,
      -0.00018438224915434773,
      -1.3187252233404822e-08,
      0.029557484415271878,
      -2.1139817355349923e-06,
      -5.343722630839963e-05,
      -3.8218981773701095e-09,
      0.12362447963806983,
      -8.841808904316182e-06,
      0.0013522673569661481,
      9.671587587796705e-08
    ],
    [
      -4.761605857712513e-08,
      8.996801353064565e-06,
      3.151314430058509e-09,
      -5.95421681395563e-07,
      1.2055845347241996e-06,
      -0.00022778728043277308,
      1.3187252233404822e-08,
      -2.4916510465937585e-06,
      -2.1139817355349923e-06,
      0.00039942562040932593,
      3.8218981773701095e-09,
      -7.221243990083512e-07,
      -8.841808904316182e-06,
      0.0016706017258932533,
      -9.671587587796704e-08,
      1.8273876095516913e-05
    ],
    [
      -4.406122155871728e-05,
      3.151314430058508e-09,
      9.078639074587444e-06,
      -6.376068631965813e-10,
      0.00018438224915434776,
      -1.3187252233404824e-08,
      -0.0002257150719624074,
      1.643988354293396e-08,
      -5.343722630839959e-05,
      3.821898177370109e-09,
      0.0004030589208912829,
      -2.8307451383572962e-08,
      -0.001352267356966148,
      9.671587587796703e-08,
      0.0016554040597179236,
      -1.2057081399861194e-07
    ],
    [
      -3.151314430058508e-09,
      -5.95421681395563e-07,
      -6.376068631965815e-10,
      1.226843595311453e-07,
      1.3187252233404824e-08,
      2.4916510465937585e-06,
      1.643988354293396e-08,
      -3.0502048614034915e-06,
      -3.821898177370109e-09,
      -7.221243990083507e-07,
      -2.8307451383572962e-08,
      5.446744292465298e-06,
      -9.671587587796703e-08,
      -1.827387609551691e-05,
      -1.2057081399861194e-07,
      2.2370333831227917e-05
    ],
    [
      0.016856252196564545,
      -1.2055845347241996e-06,
      -0.00018438224915434773,
      -1.3187252233404822e-08,
      -0.12437463037674526,
      8.895401695433371e-06,
      -0.0013611621990900125,
      -9.735204626422541e-08,
