{
  "config": {
    "symbols": [
      "H",
      "H"
    ],
    "geometry": [
      [
        0.0,
        0.0,
        0.0
      ],
      [
        0.0,
        0.0,
        0.7414
      ]
    ],
    "basis": "STO-3G",
    "ansatz": "RY-CZ",
    "optimizer": {
      "name": "GradientDescent",
      "stepsize": 0.1,
      "iterations_planned": 50
    },
    "seed": 0,
    "noisy": true,
    "depolarizing_prob": 0.06,
    "amplitude_damping_prob": 0.0
  },
  "energies": [
    1.2277448089729988,
    1.2277448089729988,
    1.2277423020281586,
    1.2277394602916694,
    1.2277362390391247,
    1.2277325875777196,
    1.2277284484400224,
    1.2277237564869996,
    1.2277184378703452,
    1.2277124088826659,
    1.2277055746402783,
    1.2276978275773782,
    1.2276890457874705,
    1.2276790910523685,
    1.2276678067090503,
    1.227655015180141,
    1.2276405151843586,
    1.227624078560225,
    1.2276054466778143,
    1.2275843264013024,
    1.2275603854379311,
    1.2275332472020657,
    1.2275024847945615,
    1.2274676144163126,
    1.2274280876904289,
    1.2273832831242886,
    1.2273324963412107,
    1.2272749290612586,
    1.227209676666613,
    1.227135713976733,
    1.2270518792853837,
    1.2269568562124575,
    1.2268491532663066,
    1.226727080604503,
    1.226588723801726,
    1.2264319141295024,
    1.2262541950550185,
    1.2260527843276272,
    1.2258245311970637,
    1.225565867912592,
    1.2252727554525875,
    1.2249406217963252,
    1.2245642926844296,
    1.2241379136256096,
    1.2236548618999656,
    1.223107648256304,
    1.2224878060199955,
    1.2217857670476915,
    1.2209907229585475,
    1.2200904700354778,
    1.2190712366804077
  ],
  "final_params": [
    0.15231610308635443,
    -0.0854653117620876,
    0.0036590159664251615,
    0.007467180764672995
  ],
  "final_state_real": [
    [
      0.8431435156696432,
      0.003016799256739322,
      0.0014780399012859857,
      -5.288490056829494e-06,
      -0.034530154357674286,
      -0.00012355026182021427,
      6.0540982342735103e-05,
      -2.1661822720190207e-07,
      0.06163156359257455,
      0.00022052005593625604,
      0.00010807373906890797,
      -3.8669246613235803e-07,
      0.002525672845535629,
      9.036957614085508e-06,
      -4.428208271565826e-06,
      1.5844318812618265e-08
    ],
    [
      0.003016799256739322,
      0.035142712682261615,
      5.288490056829494e-06,
      6.156442802511234e-05,
      -0.00012355026182021427,
      -0.0014392369399913085,
      2.1661822720190207e-07,
      2.5216984648154923e-06,
      0.00022052005593625604,
      0.002568839457624456,
      3.8669246613235814e-07,
      4.501568546643162e-06,
      9.036957614085508e-06,
      0.00010527151486132747,
      -1.5844318812618265e-08,
      -1.844470566578244e-07
    ],
    [
      0.0014780399012859857,
      5.288490056829494e-06,
      0.03513379701123208,
      0.00012568988901023222,
      -6.0540982342735103e-05,
      -2.1661822720190207e-07,
      -0.0014386410560884358,
      -5.148340393780332e-06,
      0.00010807373906890794,
      3.86692466132358e-07,
      0.002568187745625471,
      9.187598841136022e-06,
      4.428208271565826e-06,
      1.5844318812618265e-08,
      0.00010522792954233387,
      3.7657009573301497e-07
    ],
    [
      -5.288490056829494e-06,
      6.156442802511234e-05,
      0.00012568988901023222,
      0.0014643971172831791,
      2.1661822720190207e-07,
      -2.5216984648154923e-06,
      -5.148340393780332e-06,
      -5.996339691572819e-05,
      -3.8669246613235803e-07,
      4.50156854664316e-06,
      9.187598841136022e-06,
      0.00010704356065282686,
      -1.5844318812618265e-08,
      1.844470566578244e-07,
      3.7657009573301497e-07,
      4.385961375885667e-06
    ],
    [
      -0.034530154357674286,
      -0.00012355026182021427,
      -6.0540982342735103e-05,
      2.1661822720190207e-07,
      0.03666971003990657,
      0.0001312056037166766,
      5.888717379932708e-05,
      -2.1070082941710392e-07,
      -0.002525672845535629,
      -9.036957614085508e-06,
      -4.428208271565826e-06,
      1.5844318812618265e-08,
      0.002455487564065419,
      8.785826992124632e-06,
      4.700306176746021e-06,
      -1.6817896768651518e-08
    ],
    [
      -0.00012355026182021427,
      -0.0014392369399913085,
      -2.1661822720190207e-07,
      -2.5216984648154923e-06,
      0.0001312056037166766,
      0.0015284148666562275,
      2.1070082941710392e-07,
      2.4528127893006613e-06,
      -9.036957614085508e-06,
      -0.00010527151486132747,
      -1.5844318812618265e-08,
      -1.844470566578244e-07,
      8.785826992124632e-06,
      0.00010234615146186838,
      1.6817896768651518e-08,
      1.9578068295889726e-07
    ],
    [
      6.0540982342735103e-05,
      2.1661822720190207e-07,
      -0.0014386410560884358,
      -5.148340393780332e-06,
      5.888717379932708e-05,
      2.1070082941710392e-07,
      0.0015280271093345047,
      5.466461758046825e-06,
      4.428208271565826e-06,
      1.5844318812618265e-08,
      -0.00010522792954233387,
      -3.7657009573301497e-07,
      4.700306176746019e-06,
      1.6817896768651515e-08,
      0.00010232018634569123,
      3.66046768619536e-07
    ],
    [
      -2.1661822720190207e-07,
      2.5216984648154923e-06,
      -5.148340393780332e-06,
      -5.996339691572819e-05,
      -2.1070082941710392e-07,
      2.4528127893006613e-06,
      5.466461758046825e-06,
      6.36890596631112e-05,
      -1.5844318812618265e-08,
      1.844470566578244e-07,
      -3.7657009573301497e-07,
      -4.385961375885667e-06,
      -1.6817896768651518e-08,
      1.957806829588972e-07,
      3.66046768619536e-07,
      4.264764946316673e-06
    ],
    [
      0.06163156359257455,
      0.00022052005593625604,
      0.00010807373906890797,
      -3.8669246613235803e-07,
      -0.002525672845535629,
      -9.036957614085508e-06,
      4.428208271565826e-06,
      -1.5844318812618265e-08,
      0.040030513270061595,
      0.00014323068426150672,
      7.017393217466388e-05,
      -2.5108533418579913e-07,
      -0.0012380032357661999,
      -4.429624679021806e-06,
      2.1705646392545853e-06,
      -7.766373223358943e-09
    ],
    [
      0.00022052005593625604,
      0.002568839457624456,
      3.8669246613235814e-07,
      4.501568546643162e-06,
      -9.036957614085508e-06,
      -0.00010527151486132747,
      1.5844318812618265e-08,
      1.844470566578244e-07,
      0.00014323068426150672,
      0.001668495102231723,
      2.5108533418579913e-07,
      2.922937325878248e-06,
      -4.429624679021806e-06,
      -5.1600695736463904e-05,
      7.766373223358943e-09,
      9.040998851991537e-08
    ],
    [
      0.00010807373906890794,
      3.86692466132358e-07,
      0.002568187745625471,
      9.187598841136022e-06,
      -4.428208271565826e-06,
      -1.5844318812618265e-08,
      -0.00010522792954233387,
      -3.7657009573301497e-07,
      7.017393217466388e-05,
      2.5108533418579913e-07,
      0.0016680718066944544,
      5.967466601389439e-06,
      -2.1705646392545853e-06,
      -7.766373223358943e-09,
      -5.157933162113863e-05,
      -1.845824956444002e-07
    ],
    [
      -3.8669246613235803e-07,
      4.50156854664316e-06,
      9.187598841136022e-06,
      0.00010704356065282686,
      1.5844318812618265e-08,
      -1.844470566578244e-07,
      -3.7657009573301497e-07,
      -4.385961375885667e-06,
      -2.5108533418579913e-07,
      2.922937325878248e-06,
      5.967466601389439e-06,
      6.952620419488905e-05,
      7.766373223358943e-09,
      -9.040998851991537e-08,
      -1.845824956444002e-07,
      -2.1498565757991143e-06
    ],
    [
      0.002525672845535629,
      9.036957614085508e-06,
      4.428208271565826e-06,
      -1.5844318812618265e-08,
      0.002455487564065419,
      8.785826992124632e-06,
      4.700306176746021e-06,
      -1.6817896768651518e-08,
      -0.0012380032357661999,
      -4.429624679021806e-06,
