{
  "config": {
    "symbols": [
      "H",
      "H"
    ],
    "geometry": [
      [
        0.0,
        0.0,
        0.0
      ],
      [
        0.0,
        0.0,
        0.7414
      ]
    ],
    "basis": "STO-3G",
    "ansatz": "TwoQubit-RY-CNOT",
    "optimizer": {
      "name": "GradientDescent",
      "stepsize": 0.1,
      "iterations_planned": 50
    },
    "seed": 0,
    "noisy": true,
    "depolarizing_prob": 0.02,
    "amplitude_damping_prob": 0.0
  },
  "energies": [
    1.3069296359012696,
    1.3069296359012696,
    1.30690745477551,
    1.3068785191826273,
    1.3068407725747548,
    1.3067915325308452,
    1.3067273003176598,
    1.306643512791076,
    1.3065342190683416,
    1.3063916590911124,
    1.3062057152007156,
    1.3059631977596329,
    1.305646916400467,
    1.3052344728164442,
    1.3046966939839737,
    1.303995601111967,
    1.3030817838699877,
    1.3018910118153428,
    1.3003398804966642,
    1.2983202401747973,
    1.295692113492493,
    1.2922747666205687,
    1.2878355789609714,
    1.282076385821627,
    1.2746170835172594,
    1.2649765626566023,
    1.25255157770733,
    1.2365951159379511,
    1.2161973646540285,
    1.1902746643643458,
    1.1575748962240615,
    1.1167112048333057,
    1.0662386927336636,
    1.0047883963565591,
    0.9312658612747997,
    0.8451042773664067,
    0.7465336310869357,
    0.6367948994141994,
    0.5182098912791081,
    0.3940356644815409,
    0.2680968593209702,
    0.14427738081469763,
    0.02601490857790853,
    -0.08406308562761286,
    -0.18429083819868886,
    -0.2739176739670256,
    -0.35293355932430637,
    -0.4218477182338041,
    -0.48148029892676647,
    -0.5327973684970592,
    -0.576795957164209
  ],
  "final_params": [
    -2.3629429374637128
  ],
  "final_state_real": [
    [
      0.02295612010394489,
      0.0,
      0.0,
      0.0,
      0.043501082318141975,
      0.0,
      0.0,
      0.0,
      -0.043501082318141975,
      0.0,
      0.0,
      0.0,
      0.11372940217735156,
      0.0,
      0.0,
      0.0
    ],
    [
      0.0,
      0.00031021783924296056,
      0.0,
      0.0,
      0.0,
      0.0005878524637595507,
      0.0,
      0.0,
      0.0,
      -0.0005878524637595507,
      0.0,
      0.0,
      0.0,
      0.0015368838132097426,
      0.0,
      0.0
    ],
    [
      0.0,
      0.0,
      0.0003102178392429605,
      0.0,
      0.0,
      0.0,
      0.0005878524637595509,
      0.0,
      0.0,
      0.0,
      -0.0005878524637595509,
      0.0,
      0.0,
      0.0,
      0.0015368838132097421,
      0.0
    ],
    [
      0.0,
      0.0,
      0.0,
      4.1921329627489525e-06,
      0.0,
      0.0,
      0.0,
      7.943952212978734e-06,
      0.0,
      0.0,
      0.0,
      -7.943952212978734e-06,
      0.0,
      0.0,
      0.0,
      2.0768700178540962e-05
    ],
    [
      0.043501082318141975,
      0.0,
      0.0,
      0.0,
      0.1265364816835515,
      0.0,
      0.0,
      0.0,
      -0.11372940217735156,
      0.0,
      0.0,
      0.0,
      0.28036720988747166,
      0.0,
      0.0,
      0.0
    ],
    [
      0.0,
      0.0005878524637595507,
      0.0,
      0.0,
      0.0,
      0.001709952455185675,
      0.0,
      0.0,
      0.0,
      -0.0015368838132097426,
      0.0,
      0.0,
      0.0,
      0.003788746079566071,
      0.0,
      0.0
    ],
    [
      0.0,
      0.0,
      0.0005878524637595509,
      0.0,
      0.0,
      0.0,
      0.0017099524551856746,
      0.0,
      0.0,
      0.0,
      -0.0015368838132097421,
      0.0,
      0.0,
      0.0,
      0.0037887460795660707,
      0.0
    ],
    [
      0.0,
      0.0,
      0.0,
      7.943952212978734e-06,
      0.0,
      0.0,
      0.0,
      2.3107465610651635e-05,
      0.0,
      0.0,
      0.0,
      -2.0768700178540962e-05,
      0.0,
      0.0,
      0.0,
      5.1199271345563696e-05
    ],
    [
      -0.043501082318141975,
      0.0,
      0.0,
      0.0,
      -0.11372940217735156,
      0.0,
      0.0,
      0.0,
      0.12653648168355147,
      0.0,
      0.0,
      0.0,
      -0.2803672098874717,
      0.0,
      0.0,
      0.0
    ],
    [
      0.0,
      -0.0005878524637595507,
      0.0,
      0.0,
      0.0,
      -0.0015368838132097426,
      0.0,
      0.0,
      0.0,
      0.0017099524551856744,
      0.0,
      0.0,
      0.0,
      -0.0037887460795660716,
      0.0,
      0.0
    ],
    [
      0.0,
      0.0,
      -0.0005878524637595509,
      0.0,
      0.0,
      0.0,
      -0.0015368838132097421,
      0.0,
      0.0,
      0.0,
      0.0017099524551856741,
      0.0,
      0.0,
      0.0,
      -0.003788746079566071,
      0.0
    ],
    [
      0.0,
      0.0,
      0.0,
      -7.943952212978734e-06,
      0.0,
      0.0,
      0.0,
      -2.0768700178540962e-05,
      0.0,
      0.0,
      0.0,
      2.310746561065163e-05,
      0.0,
      0.0,
      0.0,
      -5.1199271345563696e-05
    ],
    [
      0.11372940217735156,
      0.0,
      0.0,
      0.0,
      0.28036720988747166,
      0.0,
      0.0,
      0.0,
      -0.2803672098874717,
      0.0,
      0.0,
      0.0,
      0.6974820276402137,
      0.0,
      0.0,
      0.0
    ],
    [
      0.0,
      0.0015368838132097426,
      0.0,
      0.0,
      0.0,
      0.003788746079566071,
      0.0,
      0.0,
      0.0,
      -0.0037887460795660716,
      0.0,
      0.0,
      0.0,
      0.009425432805962872,
      0.0,
      0.0
    ],
    [
      0.0,
      0.0,
      0.0015368838132097421,
      0.0,
      0.0,
      0.0,
      0.0037887460795660707,
      0.0,
      0.0,
      0.0,
      -0.003788746079566071,
      0.0,
      0.0,
      0.0,
      0.009425432805962872,
      0.0
    ],
    [
      0.0,
      0.0,
      0.0,
      2.0768700178540962e-05,
      0.0,
      0.0,
      0.0,
      5.1199271345563696e-05,
      0.0,
      0.0,
      0.0,
      -5.1199271345563696e-05,
      0.0,
      0.0,
      0.0,
      0.00012737071359428256
    ]
  ],