{
  "config": {
    "symbols": [
      "H",
      "H"
    ],
    "geometry": [
      [
        0.0,
        0.0,
        0.0
      ],
      [
        0.0,
        0.0,
        0.7414
      ]
    ],
    "basis": "STO-3G",
    "ansatz": "TwoQubit-RY-CNOT",
    "optimizer": {
      "name": "GradientDescent",
      "stepsize": 0.1,
      "iterations_planned": 50
    },
    "seed": 4,
    "noisy": true,
    "depolarizing_prob": 0.04,
    "amplitude_damping_prob": 0.0
  },
  "energies": [
    1.2666554126658882,
    1.2666554126658882,
    1.2666548783938558,
    1.2666541892642886,
    1.2666533003914582,
    1.2666521538811943,
    1.266650675056166,
    1.2666487675999727,
    1.266646307277706,
    1.266643133841193,
    1.2666390406024282,
    1.2666337609636733,
    1.2666269510710777,
    1.2666181674107766,
    1.2666068379454711,
    1.2665922248543646,
    1.2665733765205485,
    1.2665490656141805,
    1.2665177091850566,
    1.2664772657331573,
    1.2664251024917685,
    1.2663578242936877,
    1.266271053095557,
    1.266159143853154,
    1.2660148186126077,
    1.2658286954266913,
    1.2655886821505726,
    1.2652791970506259,
    1.2648801672520664,
    1.2643657439330647,
    1.2637026557162219,
    1.2628481037284671,
    1.261747076309761,
    1.2603289358181595,
    1.2585030990762236,
    1.256153601885826,
    1.2531323119006308,
    1.2492505413970327,
    1.2442688227676995,
    1.2378846852409513,
    1.2297184301053437,
    1.2192972289719664,
    1.2060384304957523,
    1.1892338744925257,
    1.1680383832985783,
    1.1414674763076267,
    1.108411641010343,
    1.0676767010473984,
    1.0180608906802266,
    0.9584773300796512,
    0.8881231885955169
  ],
  "final_params": [
    -0.8687452797106934
  ],
  "final_state_real": [
    [
      0.6149492799451921,
      0.0,
      0.0,
      0.0,
      0.2726129981308163,
      0.0,
      0.0,
      0.0,
      -0.2726129981308163,
      0.0,
      0.0,
      0.0,
      0.1237363681609259,
      0.0,
      0.0,
      0.0
    ],
    [
      0.0,
      0.016847925477962922,
      0.0,
      0.0,
      0.0,
      0.007468849263863503,
      0.0,
      0.0,
      0.0,
      -0.007468849263863503,
      0.0,
      0.0,
      0.0,
      0.0033900374838634895,
      0.0,
      0.0
    ],
    [
      0.0,
      0.0,
      0.016847925477962915,
      0.0,
      0.0,
      0.0,
      0.007468849263863503,
      0.0,
      0.0,
      0.0,
      -0.007468849263863503,
      0.0,
      0.0,
      0.0,
      0.0033900374838634903,
      0.0
    ],
    [
      0.0,
      0.0,
      0.0,
      0.00046158699939658556,
      0.0,
      0.0,
      0.0,
      0.0002046260072292883,
      0.0,
      0.0,
      0.0,
      -0.0002046260072292883,
      0.0,
      0.0,
      0.0,
      9.287773928399987e-05
    ],
    [
      0.27261299813081624,
      0.0,
      0.0,
      0.0,
      0.14832608470415642,
      0.0,
      0.0,
      0.0,
      -0.12373636816092592,
      0.0,
      0.0,
      0.0,
      0.051508146847325506,
      0.0,
      0.0,
      0.0
    ],
    [
      0.0,
      0.007468849263863502,
      0.0,
      0.0,
      0.0,
      0.0040637283480620835,
      0.0,
      0.0,
      0.0,
      -0.00339003748386349,
      0.0,
      0.0,
      0.0,
      0.0014111821054072213,
      0.0,
      0.0
    ],
    [
      0.0,
      0.0,
      0.007468849263863501,
      0.0,
      0.0,
      0.0,
      0.0040637283480620835,
      0.0,
      0.0,
      0.0,
      -0.0033900374838634908,
      0.0,
      0.0,
      0.0,
      0.0014111821054072211,
      0.0
    ],
    [
      0.0,
      0.0,
      0.0,
      0.00020462600722928828,
      0.0,
      0.0,
      0.0,
      0.00011133502323465993,
      0.0,
      0.0,
      0.0,
      -9.287773928399989e-05,
      0.0,
      0.0,
      0.0,
      3.866252343584285e-05
    ],
    [
      -0.2726129981308163,
      0.0,
      0.0,
      0.0,
      -0.1237363681609259,
      0.0,
      0.0,
      0.0,
      0.14832608470415637,
      0.0,
      0.0,
      0.0,
      -0.051508146847325506,
      0.0,
      0.0,
      0.0
    ],
    [
      0.0,
      -0.007468849263863503,
      0.0,
      0.0,
      0.0,
      -0.0033900374838634895,
      0.0,
      0.0,
      0.0,
      0.004063728348062082,
      0.0,
      0.0,
      0.0,
      -0.0014111821054072213,
      0.0,
      0.0
    ],
    [
      0.0,
      0.0,
      -0.007468849263863503,
      0.0,
      0.0,
      0.0,
      -0.0033900374838634903,
      0.0,
      0.0,
      0.0,
      0.004063728348062082,
      0.0,
      0.0,
      0.0,
      -0.0014111821054072211,
      0.0
    ],
    [
      0.0,
      0.0,
      0.0,
      -0.0002046260072292883,
      0.0,
      0.0,
      0.0,
      -9.287773928399987e-05,
      0.0,
      0.0,
      0.0,
      0.00011133502323465987,
      0.0,
      0.0,
      0.0,
      -3.866252343584285e-05
    ],
    [
      0.12373636816092592,
      0.0,
      0.0,
      0.0,
      0.051508146847325506,
      0.0,
      0.0,
      0.0,
      -0.051508146847325506,
      0.0,
      0.0,
      0.0,
      0.03577632842439527,
      0.0,
      0.0,
      0.0
    ],
    [
      0.0,
      0.00339003748386349,
      0.0,
      0.0,
      0.0,
      0.0014111821054072213,
      0.0,
      0.0,
      0.0,
      -0.0014111821054072213,
      0.0,
      0.0,
      0.0,
      0.000980173381491006,
      0.0,
      0.0
    ],
    [
      0.0,
      0.0,
      0.0033900374838634908,
      0.0,
      0.0,
      0.0,
      0.0014111821054072211,
      0.0,
      0.0,
      0.0,
      -0.0014111821054072211,
      0.0,
      0.0,
      0.0,
      0.0009801733814910063,
      0.0
    ],
    [
      0.0,
      0.0,
      0.0,
      9.287773928399989e-05,
      0.0,
      0.0,
      0.0,
      3.866252343584285e-05,
      0.0,
      0.0,
      0.0,
      -3.866252343584285e-05,
      0.0,
      0.0,
      0.0,
      2.6854065246348787e-05
    ]
  ],