{
  "config": {
    "symbols": [
      "H",
      "H"
    ],
    "geometry": [
      [
        0.0,
        0.0,
        0.0
      ],
      [
        0.0,
        0.0,
        0.7414
      ]
    ],
    "basis": "STO-3G",
    "ansatz": "RY-CZ",
    "optimizer": {
      "name": "GradientDescent",
      "stepsize": 0.1,
      "iterations_planned": 50
    },
    "seed": 6,
    "noisy": true,
    "depolarizing_prob": 0.04,
    "amplitude_damping_prob": 0.0
  },
  "energies": [
    1.266494457701143,
    1.266494457701143,
    1.2664718285974241,
    1.2664460261278834,
    1.2664166052362886,
    1.2663830585172358,
    1.266344807481684,
    1.2663011925925793,
    1.2662514619035887,
    1.2661947582075737,
    1.2661301042733804,
    1.2660563860961889,
    1.265972333872925,
    1.2658765001578784,
    1.2657672352277791,
    1.2656426589600605,
    1.265500628671983,
    1.2653387028175138,
    1.2651540994735155,
    1.2649436493797361,
    1.264703742316616,
    1.2644302663806355,
    1.264118539227232,
    1.2637632298994035,
    1.2633582700770405,
    1.2628967541691811,
    1.2623708258503992,
    1.2617715501218494,
    1.2610887690271784,
    1.2603109392613245,
    1.2594249492880119,
    1.2584159150828766,
    1.2572669506350063,
    1.255958913075893,
    1.2544701187627936,
    1.2527760292609025,
    1.2508489056186214,
    1.2486574298322646,
    1.2461662926516228,
    1.2433357501053304,
    1.2401211495538698,
    1.236472429727068,
    1.2323336031798562,
    1.2276422311065935,
    1.2223289041641907,
    1.2163167530782726,
    1.2095210122227706,
    1.2018486744201367,
    1.1931982805198578,
    1.1834598968702088,
    1.172515349082537
  ],
  "final_params": [
    -0.16320231742347807,
    0.54332296634747,
    -0.010235849583846598,
    0.007160512144603039
  ],
  "final_state_real": [
    [
      0.829246297116556,
      0.0028875811580056656,
      -0.004110264059442606,
      1.4312691494481456e-05,
      0.224097296658214,
      0.000780348361110911,
      0.0011155005899042944,
      -3.884377152979647e-06,
      -0.06566816078134986,
      -0.00022866806208537087,
      0.00032827196665315383,
      -1.1431030505690793e-06,
      0.01782844535784556,
      6.208195423869375e-05,
      8.874556547679022e-05,
      -3.090282964313616e-07
    ],
    [
      0.002887581158005666,
      0.022729698214497638,
      -1.4312691494481456e-05,
      -0.00011255732698523973,
      0.0007803483611109109,
      0.00614252236209866,
      3.884377152979647e-06,
      3.0547371855985414e-05,
      -0.00022866806208537087,
      -0.001799968817529003,
      1.1431030505690793e-06,
      8.989547765375794e-06,
      6.208195423869375e-05,
      0.000488678917260854,
      3.090282964313616e-07,
      2.4302486378978966e-06
    ],
    [
      -0.004110264059442607,
      -1.4312691494481458e-05,
      0.022740781269210232,
      7.903623308795324e-05,
      -0.0011155005899042944,
      -3.884377152979647e-06,
      0.006133786447509458,
      2.139983193836998e-05,
      0.00032827196665315383,
      1.1431030505690793e-06,
      -0.0018008464865898676,
      -6.258893262495267e-06,
      -8.874556547679022e-05,
      -3.090282964313616e-07,
      0.00048798391657040854,
      1.7025003874196576e-06
    ],
    [
      1.4312691494481456e-05,
      -0.00011255732698523973,
      7.903623308795326e-05,
      0.0006233263834983356,
      3.884377152979647e-06,
      -3.0547371855985414e-05,
      2.1399831938369976e-05,
      0.00016812750970230647,
      -1.1431030505690793e-06,
      8.989547765375794e-06,
      -6.258893262495267e-06,
      -4.93613264396316e-05,
      3.090282964313616e-07,
      -2.4302486378978966e-06,
      1.7025003874196578e-06,
      1.3375672819694203e-05
    ],
    [
      0.224097296658214,
      0.000780348361110911,
      -0.0011155005899042944,
      3.884377152979647e-06,
      0.08687465031608109,
      0.00030251278086296604,
      0.0002067400520310415,
      -7.199066876191435e-07,
      -0.01782844535784556,
      -6.208195423869375e-05,
      8.874556547679022e-05,
      -3.090282964313616e-07,
      0.0033030089503690288,
      1.1501656917822926e-05,
      3.439088291467703e-05,
      -1.1975534667895672e-07
    ],
    [
      0.0007803483611109109,
      0.00614252236209866,
      -3.884377152979647e-06,
      -3.0547371855985414e-05,
      0.0003025127808629661,
      0.0023812401587329454,
      7.199066876191435e-07,
      5.6614629378724325e-06,
      -6.208195423869375e-05,
      -0.000488678917260854,
      3.090282964313616e-07,
      2.4302486378978966e-06,
      1.1501656917822926e-05,
      9.053570320751179e-05,
      1.1975534667895672e-07,
      9.417754668694776e-07
    ],
    [
      0.0011155005899042944,
      3.884377152979647e-06,
      0.006133786447509458,
      2.139983193836998e-05,
      0.0002067400520310415,
      7.199066876191431e-07,
      0.002382401257077237,
      8.28010343331219e-06,
      -8.874556547679022e-05,
      -3.090282964313616e-07,
      -0.00048798391657040854,
      -1.7025003874196576e-06,
      3.439088291467703e-05,
      1.1975534667895672e-07,
      9.057984863094083e-05,
      3.148128441461936e-07
    ],
    [
      -3.884377152979647e-06,
      3.0547371855985414e-05,
      2.1399831938369976e-05,
      0.00016812750970230647,
      -7.199066876191433e-07,
      5.6614629378724325e-06,
      8.280103433312192e-06,
      6.530178282073666e-05,
      3.090282964313616e-07,
      -2.4302486378978966e-06,
      -1.7025003874196578e-06,
      -1.3375672819694203e-05,
      -1.1975534667895674e-07,
      9.417754668694776e-07,
      3.148128441461936e-07,
      2.482799900168595e-06
    ],
    [
      -0.06566816078134986,
      -0.00022866806208537087,
      0.00032827196665315383,
      -1.1431030505690793e-06,
      -0.01782844535784556,
      -6.208195423869375e-05,
      -8.874556547679022e-05,
      3.090282964313616e-07,
      0.028260245885867365,
      9.840713648573306e-05,
      -0.0001400754798418651,
      4.877684498912581e-07,
      0.004641645606095744,
      1.6163071110575616e-05,
      2.3104957038475247e-05,
      -8.045568783475905e-08
    ],
    [
      -0.00022866806208537087,
      -0.001799968817529003,
      1.1431030505690793e-06,
      8.989547765375794e-06,
      -6.208195423869375e-05,
      -0.000488678917260854,
      -3.090282964313616e-07,
      -2.4302486378978966e-06,
      9.840713648573307e-05,
      0.0007746152894343014,
      -4.877684498912581e-07,
      -3.8358901907906275e-06,
      1.6163071110575613e-05,
      0.00012722782629486504,
      8.045568783475905e-08,
      6.327165765384537e-07
    ],
    [
      0.00032827196665315383,
      1.1431030505690793e-06,
      -0.0018008464865898676,
      -6.258893262495267e-06,
      8.874556547679022e-05,
      3.090282964313616e-07,
      -0.00048798391657040854,
      -1.7025003874196576e-06,
      -0.0001400754798418651,
      -4.877684498912582e-07,
      0.0007749929936850573,
      2.693510225761478e-06,
      -2.3104957038475247e-05,
      -8.045568783475905e-08,
      0.00012704688248084818,
      4.4324691716124483e-07
    ],
    [
      -1.1431030505690793e-06,
      8.989547765375794e-06,
      -6.258893262495267e-06,
      -4.93613264396316e-05,
      -3.090282964313616e-07,
      2.4302486378978966e-06,
      -1.7025003874196578e-06,
      -1.3375672819694203e-05,
      4.877684498912581e-07,
      -3.8358901907906275e-06,
      2.693510225761478e-06,
      2.1242611424450506e-05,
      8.045568783475905e-08,
      -6.327165765384537e-07,
      4.432469171612448e-07,
      3.4823638138917557e-06
    ],
    [
      0.01782844535784556,
      6.208195423869375e-05,
      -8.874556547679022e-05,
      3.090282964313616e-07,
      0.0033030089503690288,
      1.1501656917822926e-05,
      3.439088291467703e-05,
      -1.1975534667895672e-07,
      0.004641645606095743,
      1.6163071110575613e-05,
      -2.3104957038475247e-05,
