{
  "config": {
    "symbols": [
      "H",
      "H"
    ],
    "geometry": [
      [
        0.0,
        0.0,
        0.0
      ],
      [
        0.0,
        0.0,
        0.7414
      ]
    ],
    "basis": "STO-3G",
    "ansatz": "RY-CZ",
    "optimizer": {
      "name": "Nesterov",
      "stepsize": 0.1,
      "iterations_planned": 50
    },
    "seed": 3,
    "noisy": true,
    "depolarizing_prob": 0.1,
    "amplitude_damping_prob": 0.0
  },
  "energies": [
    1.1543012779609656,
    1.1543012779609656,
    1.1542937537460851,
    1.154280636223048,
    1.1542592580890225,
    1.1542252860245448,
    1.1541718679438435,
    1.1540882746541192,
    1.1539577681456374,
    1.1537542757996961,
    1.1534372151384273,
    1.1529434551460132,
    1.1521748538169696,
    1.150978988127501,
    1.1491194777293678,
    1.1462305706587772,
    1.1417483371085146,
    1.134808092227007,
    1.124095474751122,
    1.1076398194962207,
    1.0825502588420495,
    1.0447329646153019,
    0.9887200136355225,
    0.9079196212296066,
    0.7958492929389757,
    0.6490187881791958,
    0.4714534909175954,
    0.27865364795604297,
    0.09614916768746862,
    -0.050541911800209754,
    -0.14917212931647972,
    -0.20596016283355398,
    -0.23893084648490984,
    -0.26683938697601584,
    -0.3017371133654456,
    -0.34704131657738724,
    -0.3992667833995923,
    -0.45140272729542597,
    -0.496501908042811,
    -0.530301243744226,
    -0.5521087752899023,
    -0.5640449764822566,
    -0.5694819193824034,
    -0.5716282349426816,
    -0.5727658098024473,
    -0.5741365757373468,
    -0.5762112588479532,
    -0.5790525611231164,
    -0.5825907175406978,
    -0.5867529542808749,
    -0.5914751574067482
  ],
  "final_params": [
    -3.1135449122094183,
    3.666078559039189,
    -0.00014837082516218518,
    -3.33115462201788e-05
  ],
  "final_state_real": [
    [
      0.007272850418920191,
      -1.1248245018652098e-07,
      -2.1761668487494863e-09,
      -3.3656759766072463e-14,
      0.012564871013127801,
      -1.9432923800822428e-07,
      8.655494177353679e-07,
      1.338665223906103e-11,
      -5.743859325158286e-06,
      8.883495922585235e-11,
      9.109277398137533e-08,
      1.4088476773175814e-12,
      -0.0022971816338359574,
      3.5528383538789993e-08,
      -1.5824469853464382e-07,
      -2.447424381037474e-12
    ],
    [
      -1.1248245018652098e-07,
      0.0005194893176446081,
      3.3656759766073076e-14,
      -1.554404885958158e-10,
      -1.9432923800822428e-07,
      0.0008974907901201405,
      -1.338665223906103e-11,
      6.182495817079582e-08,
      8.883495922585235e-11,
      -4.102756676681544e-07,
      -1.408847677317582e-12,
      6.506626687815699e-09,
      3.5528383538789993e-08,
      -0.00016408440305092203,
      2.447424381037474e-12,
      -1.1303192708802364e-08
    ],
    [
      -2.1761668487494863e-09,
      3.3656759766072463e-14,
      0.0005194893554590455,
      -8.034460111724932e-09,
      -8.655494177353679e-07,
      1.338665223906103e-11,
      0.0008974907178545931,
      -1.3880660921763924e-08,
      9.109277398137533e-08,
      -1.4088476773175814e-12,
      -4.1027569753276e-07,
      6.3453537440132245e-12,
      1.5824469853464385e-07,
      -2.4474243810374744e-12,
      -0.00016408438983892104,
      2.5377418758748582e-09
    ],
    [
      -3.3656759766073076e-14,
      -1.554404885958158e-10,
      -8.034460111724932e-09,
      3.71063826761784e-05,
      -1.338665223906103e-11,
      -6.182495817079582e-08,
      -1.3880660921763924e-08,
      6.410648009448196e-05,
      1.408847677317582e-12,
      6.506626687815699e-09,
      6.3453537440132245e-12,
      -2.9305407079869983e-08,
      2.4474243810374744e-12,
      1.1303192708802369e-08,
      2.5377418758748582e-09,
      -1.1720313605213493e-05
    ],
    [
      0.012564871013127801,
      -1.9432923800822428e-07,
      -8.655494177353679e-07,
      -1.338665223906103e-11,
      0.05094969138180976,
      -7.879917491447479e-07,
      3.4738023864339092e-06,
      5.3726088356781366e-11,
      0.0022971816338359574,
      -3.5528383538789993e-08,
      -1.5824469853464382e-07,
      -2.447424381037474e-12,
      0.009168888976753366,
      -1.418067247623285e-07,
      6.381471437100039e-07,
      9.869631606415966e-12
    ],
    [
      -1.9432923800822428e-07,
      0.0008974907901201405,
      1.338665223906103e-11,
      -6.182495817079582e-08,
      -7.879917491447477e-07,
      0.003639263684192399,
      -5.372608835678136e-11,
      2.481287409294404e-07,
      -3.5528383538789993e-08,
      0.00016408440305092203,
      2.447424381037474e-12,
      -1.1303192708802364e-08,
      -1.4180672476232849e-07,
      0.0006549206437274652,
      -9.86963160641597e-12,
      4.5581938660313736e-08
    ],
    [
      8.655494177353679e-07,
      -1.338665223906103e-11,
      0.0008974907178545931,
      -1.3880660921763924e-08,
      3.4738023864339092e-06,
      -5.3726088356781366e-11,
      0.0036392639491000774,
      -5.6285120624359476e-08,
      1.5824469853464385e-07,
      -2.4474243810374744e-12,
      0.00016408438983892104,
      -2.5377418758748582e-09,
      6.381471437100039e-07,
      -9.869631606415966e-12,
      0.0006549206914001598,
      -1.012905099229262e-08
    ],
    [
      1.338665223906103e-11,
      6.182495817079582e-08,
      -1.3880660921763924e-08,
      6.410648009448196e-05,
      5.372608835678136e-11,
      2.481287409294404e-07,
      -5.6285120624359476e-08,
      0.0002599474259402291,
      2.4474243810374744e-12,
      1.1303192708802369e-08,
      -2.5377418758748582e-09,
      1.1720313605213493e-05,
      9.86963160641597e-12,
      4.5581938660313736e-08,
      -1.0129050992292616e-08,
      4.678004956649688e-05
    ],
    [
      -5.743859325158286e-06,
      8.883495922585235e-11,
      9.109277398137533e-08,
      1.4088476773175814e-12,
      0.0022971816338359574,
      -3.5528383538789993e-08,
      1.5824469853464382e-07,
      2.447424381037474e-12,
      0.10154171829308165,
      -1.5704518327562535e-06,
      -3.038309718836154e-08,
      -4.699072608359629e-13,
      0.17639145653780414,
      -2.7280835039483133e-06,
      1.2150982078548535e-05,
      1.8792800054580362e-10
    ],
    [
      8.883495922585235e-11,
      -4.102756676681544e-07,
      -1.408847677317582e-12,
      6.506626687815699e-09,
      -3.5528383538789993e-08,
      0.00016408440305092203,
      -2.447424381037474e-12,
      1.1303192708802364e-08,
      -1.5704518327562535e-06,
      0.007252979906104799,
      4.699072608359629e-13,
      -2.170221219355017e-09,
      -2.7280835039483133e-06,
      0.012599389801387853,
      -1.8792800054580362e-10,
      8.679272879714809e-07
    ],
    [
      9.109277398137533e-08,
      -1.4088476773175814e-12,
      -4.1027569753276e-07,
      6.3453537440132245e-12,
      -1.5824469853464385e-07,
      2.4474243810374744e-12,
      0.00016408438983892104,
      -2.5377418758748582e-09,
      -3.038309718836154e-08,
      4.699072608359629e-13,
      0.007252980434060515,
      -1.1217512231234678e-07,
      -1.2150982078548533e-05,
      1.8792800054580362e-10,
      0.012599388786890752,
      -1.948631223622744e-07
    ],
    [
      1.408847677317582e-12,
      6.506626687815699e-09,
      6.3453537440132245e-12,
      -2.9305407079869983e-08,
      -2.4474243810374744e-12,
      -1.1303192708802369e-08,
      -2.5377418758748582e-09,
      1.1720313605213493e-05,
      -4.699072608359629e-13,
      -2.170221219355017e-09,
      -1.1217512231234678e-07,
      0.0005180700330062897,
      -1.8792800054580362e-10,
      -8.679272879714809e-07,
      -1.948631223622744e-07,
      0.0008999563453984506
    ],
    [
      -0.0022971816338359574,
      3.5528383538789993e-08,
      1.5824469853464382e-07,
      2.447424381037474e-12,
      0.009168888976753366,
      -1.418067247623285e-07,
      6.381471437100039e-07,
      9.869631606415966e-12,
