{
  "config": {
    "symbols": [
      "H",
      "H"
    ],
    "geometry": [
      [
        0.0,
        0.0,
        0.0
      ],
      [
        0.0,
        0.0,
        0.7414
      ]
    ],
    "basis": "STO-3G",
    "ansatz": "TwoQubit-RY-CNOT",
    "optimizer": {
      "name": "Adagrad",
      "stepsize": 0.1,
      "iterations_planned": 50
    },
    "seed": 3,
    "noisy": true,
    "depolarizing_prob": 0.0,
    "amplitude_damping_prob": 0.0
  },
  "energies": [
    1.3487926131701244,
    1.3487926131701244,
    1.3409152121919672,
    1.3183328870825073,
    1.2861620206455842,
    1.248752675903254,
    1.208527915965162,
    1.1668550706819552,
    1.124550715860125,
    1.0821277460754601,
    1.0399207574435732,
    0.9981537647578913,
    0.9569790336174195,
    0.9165005304617946,
    0.876788731841222,
    0.8378903314807838,
    0.7998348091657049,
    0.7626389980270598,
    0.7263103356624571,
    0.6908492224943144,
    0.6562507642332188,
    0.6225060762434386,
    0.589603273260514,
    0.5575282277335681,
    0.5262651569057284,
    0.4957970795287274,
    0.4661061743263563,
    0.4371740617241334,
    0.40898202707627296,
    0.38151119673408407,
    0.3547426774329687,
    0.32865766679418495,
    0.30323754052624174,
    0.27846392047298985,
    0.2543187279032789,
    0.2307842240986812,
    0.20784304141472765,
    0.185478206189007,
    0.1636731547468239,
    0.14241174437557985,
    0.12167825987203508,
    0.10145741602548768,
    0.08173435806882479,
    0.06249465905687837,
    0.04372431567333471,
    0.02540974257113704,
    0.0075377652634670556,
    -0.009904387792428443,
    -0.026929093605310622,
    -0.04354834406111752,
    -0.05977375530535464
  ],
  "final_params": [
    -1.6814480683313269
  ],
  "final_state_real": [
    [
      0.19783543980802687,
      0.0,
      0.0,
      0.0,
      0.2210333970542089,
      0.0,
      0.0,
      0.0,
      -0.22103339705420888,
      0.0,
      0.0,
      0.0,
      0.24695152021669564,
      0.0,
      0.0,
      0.0
    ],
    [
      0.0,
      3.956708796160498e-15,
      0.0,
      0.0,
      0.0,
      4.420667941084133e-15,
      0.0,
      0.0,
      0.0,
      -4.420667941084132e-15,
      0.0,
      0.0,
      0.0,
      4.939030404333864e-15,
      0.0,
      0.0
    ],
    [
      0.0,
      0.0,
      3.9567087961604986e-15,
      0.0,
      0.0,
      0.0,
      4.420667941084131e-15,
      0.0,
      0.0,
      0.0,
      -4.420667941084131e-15,
      0.0,
      0.0,
      0.0,
      4.939030404333865e-15,
      0.0
    ],
    [
      0.0,
      0.0,
      0.0,
      7.913417592320916e-29,
      0.0,
      0.0,
      0.0,
      8.841335882168175e-29,
      0.0,
      0.0,
      0.0,
      -8.841335882168175e-29,
      0.0,
      0.0,
      0.0,
      9.878060808667629e-29
    ],
    [
      0.22103339705420888,
      0.0,
      0.0,
      0.0,
      0.2469515202167187,
      0.0,
      0.0,
      0.0,
      -0.24695152021669567,
      0.0,
      0.0,
      0.0,
      0.2759087728375254,
      0.0,
      0.0,
      0.0
    ],
    [
      0.0,
      4.420667941084132e-15,
      0.0,
      0.0,
      0.0,
      4.939030404334325e-15,
      0.0,
      0.0,
      0.0,
      -4.9390304043338646e-15,
      0.0,
      0.0,
      0.0,
      5.5181754567504525e-15,
      0.0,
      0.0
    ],
    [
      0.0,
      0.0,
      4.420667941084131e-15,
      0.0,
      0.0,
      0.0,
      4.939030404334327e-15,
      0.0,
      0.0,
      0.0,
      -4.939030404333866e-15,
      0.0,
      0.0,
      0.0,
      5.5181754567504525e-15,
      0.0
    ],
    [
      0.0,
      0.0,
      0.0,
      8.841335882168175e-29,
      0.0,
      0.0,
      0.0,
      9.878060808668553e-29,
      0.0,
      0.0,
      0.0,
      -9.878060808667631e-29,
      0.0,
      0.0,
      0.0,
      1.1036350913500792e-28
    ],
    [
      -0.22103339705420888,
      0.0,
      0.0,
      0.0,
      -0.24695152021669564,
      0.0,
      0.0,
      0.0,
      0.2469515202167187,
      0.0,
      0.0,
      0.0,
      -0.27590877283752535,
      0.0,
      0.0,
      0.0
    ],
    [
      0.0,
      -4.420667941084132e-15,
      0.0,
      0.0,
      0.0,
      -4.939030404333864e-15,
      0.0,
      0.0,
      0.0,
      4.939030404334325e-15,
      0.0,
      0.0,
      0.0,
      -5.518175456750452e-15,
      0.0,
      0.0
    ],
    [
      0.0,
      0.0,
      -4.420667941084131e-15,
      0.0,
      0.0,
      0.0,
      -4.939030404333865e-15,
      0.0,
      0.0,
      0.0,
      4.939030404334327e-15,
      0.0,
      0.0,
      0.0,
      -5.518175456750452e-15,
      0.0
    ],
    [
      0.0,
      0.0,
      0.0,
      -8.841335882168175e-29,
      0.0,
      0.0,
      0.0,
      -9.878060808667629e-29,
      0.0,
      0.0,
      0.0,
      9.878060808668553e-29,
      0.0,
      0.0,
      0.0,
      -1.1036350913500792e-28
    ],
    [
      0.24695152021669567,
      0.0,
      0.0,
      0.0,
      0.2759087728375254,
      0.0,
      0.0,
      0.0,
      -0.2759087728375254,
      0.0,
      0.0,
      0.0,
      0.3082615197586764,
      0.0,
      0.0,
      0.0
    ],
    [
      0.0,
      4.9390304043338646e-15,
      0.0,
      0.0,
      0.0,
      5.5181754567504525e-15,
      0.0,
      0.0,
      0.0,
      -5.5181754567504525e-15,
      0.0,
      0.0,
      0.0,
      6.165230395173465e-15,
      0.0,
      0.0
    ],
    [
      0.0,
      0.0,
      4.939030404333866e-15,
      0.0,
      0.0,
      0.0,
      5.5181754567504525e-15,
      0.0,
      0.0,
      0.0,
      -5.5181754567504525e-15,
      0.0,
      0.0,
      0.0,
      6.1652303951734635e-15,
      0.0
    ],
    [
      0.0,
      0.0,
      0.0,
      9.878060808667631e-29,
      0.0,
      0.0,
      0.0,
      1.1036350913500792e-28,
      0.0,
      0.0,
      0.0,
      -1.1036350913500792e-28,
      0.0,
      0.0,
      0.0,
      1.2330460790346804e-28
    ]
  ],