{
  "config": {
    "symbols": [
      "H",
      "H"
    ],
    "geometry": [
      [
        0.0,
        0.0,
        0.0
      ],
      [
        0.0,
        0.0,
        0.7414
      ]
    ],
    "basis": "STO-3G",
    "ansatz": "RY-CZ",
    "optimizer": {
      "name": "GradientDescent",
      "stepsize": 0.1,
      "iterations_planned": 50
    },
    "seed": 5,
    "noisy": true,
    "depolarizing_prob": 0.02,
    "amplitude_damping_prob": 0.0
  },
  "energies": [
    1.3068965430218988,
    1.3068965430218988,
    1.3068810060302076,
    1.306863182449199,
    1.306842735785553,
    1.306819280019571,
    1.3067923723563097,
    1.306761504837342,
    1.3067260948776758,
    1.3066854741666085,
    1.3066388761908991,
    1.3065854217727315,
    1.3065241025237775,
    1.306453761947982,
    1.3063730737583508,
    1.3062805169097473,
    1.3061743472325809,
    1.306052564750307,
    1.3059128763789731,
    1.3057526531002397,
    1.305568881149374,
    1.3053581059855635,
    1.3051163684687923,
    1.304839131641423,
    1.3045211974050217,
    1.3041566111397582,
    1.3037385533353856,
    1.3032592157819938,
    1.302709660864905,
    1.3020796616006807,
    1.3013575198823764,
    1.300529860991905,
    1.2995814011132636,
    1.2984946844475846,
    1.297249788056277,
    1.295823990446861,
    1.2941914011930358,
    1.292322548695394,
    1.2901839235078776,
    1.287737476069407,
    1.284940067852896,
    1.2817428771186927,
    1.2780907626548585,
    1.273921592688867,
    1.2691655485292426,
    1.2637444192406355,
    1.2575709119671286,
    1.2505480081566387,
    1.2425684086682756,
    1.2335141229602742,
    1.2232562716267206
  ],
  "final_params": [
    -0.48897190798820606,
    0.18709301356023067,
    -0.002505323989673077,
    0.004867195098333997
  ],
  "final_state_real": [
    [
      0.8852527439036985,
      0.0021252400201643025,
      -0.0010936771877901109,
      2.625608353385433e-06,
      0.08178491525140498,
      0.00019634233373205326,
      0.00010106444992702602,
      -2.426270447268655e-07,
      -0.21763048887356082,
      -0.0005224688968739624,
      0.0002689975013302421,
      -6.457866127386366e-07,
      0.020144640395623643,
      4.836155537132248e-05,
      2.4893429238180647e-05,
      -5.976205454576947e-08
    ],
    [
      0.0021252400201643025,
      0.011968116798717125,
      -2.6256083533854335e-06,
      -1.4772945422860032e-05,
      0.0001963423337320533,
      0.0011056858336137225,
      2.4262704472686546e-07,
      1.3651373729209149e-06,
      -0.0005224688968739624,
      -0.0029422412161244035,
      6.457866127386366e-07,
      3.6335085438391896e-06,
      4.836155537132248e-05,
      0.00027234415344461893,
      5.976205454576945e-08,
      3.362502899658598e-07
    ],
    [
      -0.0010936771877901109,
      -2.625608353385433e-06,
      0.01196426377041835,
      2.8716125491390887e-05,
      -0.00010106444992702602,
      -2.426270447268655e-07,
      0.0011050732469646163,
      2.653582817163611e-06,
      0.0002689975013302421,
      6.457866127386366e-07,
      -0.002941293987846287,
      -7.059570808769804e-06,
      -2.4893429238180647e-05,
      -5.976205454576947e-08,
      0.00027219326574461376,
      6.536104053839997e-07
    ],
    [
      2.6256083533854335e-06,
      -1.4772945422860032e-05,
      2.8716125491390887e-05,
      0.00016175008459573133,
      2.4262704472686546e-07,
      -1.3651373729209149e-06,
      2.6535828171636117e-06,
      1.4939965768972346e-05,
      -6.457866127386366e-07,
      3.6335085438391896e-06,
      -7.059570808769804e-06,
      -3.9764632449123726e-05,
      5.976205454576945e-08,
      -3.362502899658598e-07,
      6.536104053839997e-07,
      3.6798991233741544e-06
    ],
    [
      0.08178491525140498,
      0.00019634233373205326,
      -0.00010106444992702602,
      2.426270447268655e-07,
      0.01975274660973402,
      4.7420725767033796e-05,
      -5.153207847991116e-06,
      1.237138867251702e-08,
      -0.020144640395623643,
      -4.836155537132248e-05,
      2.4893429238180647e-05,
      -5.976205454576947e-08,
      -0.0010254352525094505,
      -2.4617783471761174e-06,
      6.002172282457086e-06,
      -1.4409511196920244e-08
    ],
    [
      0.0001963423337320533,
      0.0011056858336137225,
      -2.4262704472686546e-07,
      -1.3651373729209149e-06,
      4.7420725767033796e-05,
      0.0002670459709373996,
      -1.2371388672517027e-08,
      -6.960742999938719e-08,
      -4.836155537132248e-05,
      -0.00027234415344461893,
      5.976205454576945e-08,
      3.362502899658598e-07,
      -2.4617783471761174e-06,
      -1.3863305091195684e-05,
      1.4409511196920244e-08,
      8.107489535052687e-08
    ],
    [
      0.00010106444992702602,
      2.426270447268655e-07,
      0.0011050732469646163,
      2.653582817163611e-06,
      -5.153207847991116e-06,
      -1.237138867251702e-08,
      0.0002669599978724303,
      6.407462211791492e-07,
      -2.4893429238180647e-05,
      -5.976205454576947e-08,
      -0.00027219326574461376,
      -6.536104053839997e-07,
      6.002172282457086e-06,
      1.4409511196920244e-08,
      -1.3858841923954812e-05,
      -3.3263412733980496e-08
    ],
    [
      -2.4262704472686546e-07,
      1.3651373729209149e-06,
      2.6535828171636117e-06,
      1.4939965768972346e-05,
      1.2371388672517027e-08,
      -6.960742999938719e-08,
      6.407462211791492e-07,
      3.609148299313362e-06,
      5.976205454576945e-08,
      -3.362502899658598e-07,
      -6.536104053839997e-07,
      -3.6798991233741544e-06,
      -1.4409511196920244e-08,
      8.107489535052687e-08,
      -3.3263412733980496e-08,
      -1.8736371051439765e-07
    ],
    [
      -0.21763048887356082,
      -0.0005224688968739624,
      0.0002689975013302421,
      -6.457866127386366e-07,
      -0.020144640395623643,
      -4.836155537132248e-05,
      -2.4893429238180647e-05,
      5.976205454576947e-08,
      0.06700337208641172,
      0.0001608560366795007,
      -8.277868672033495e-05,
      1.987281199257293e-07,
      -0.003988327775057095,
      -9.574841285045234e-06,
      -4.92851464693424e-06,
      1.1831964103521569e-08
    ],
    [
      -0.0005224688968739624,
      -0.0029422412161244035,
      6.457866127386366e-07,
      3.6335085438391896e-06,
      -4.836155537132248e-05,
      -0.00027234415344461893,
      -5.976205454576945e-08,
      -3.362502899658598e-07,
      0.0001608560366795007,
      0.0009058477237832911,
      -1.987281199257293e-07,
      -1.118140740931521e-06,
      -9.574841285045234e-06,
      -5.3919937523111996e-05,
      -1.1831964103521569e-08,
      -6.65723658752025e-08
    ],
    [
      0.0002689975013302421,
      6.457866127386366e-07,
      -0.002941293987846287,
      -7.059570808769804e-06,
      2.4893429238180647e-05,
      5.976205454576947e-08,
      -0.00027219326574461376,
      -6.536104053839997e-07,
      -8.277868672033493e-05,
      -1.9872811992572926e-07,
      0.000905556094200056,
      2.173477862034242e-06,
      4.9285146469342395e-06,
      1.1831964103521566e-08,
      -5.389006408814238e-05,
      -1.2940476884490112e-07
    ],
    [
      -6.457866127386366e-07,
      3.6335085438391896e-06,
      -7.059570808769804e-06,
      -3.9764632449123726e-05,
      -5.976205454576945e-08,
      3.362502899658598e-07,
      -6.536104053839997e-07,
      -3.6798991233741544e-06,
      1.987281199257293e-07,
      -1.1181407409315208e-06,
      2.173477862034242e-06,
      1.2242606620325074e-05,
      -1.1831964103521569e-08,
      6.65723658752025e-08,
      -1.2940476884490112e-07,
      -7.285632106071179e-07
    ],
    [
      0.020144640395623643,
      4.836155537132248e-05,
      -2.4893429238180647e-05,
      5.976205454576947e-08,
      -0.0010254352525094505,
      -2.4617783471761174e-06,
      6.002172282457086e-06,
      -1.4409511196920244e-08,
      -0.003988327775057096,
      -9.574841285045237e-06,
