{
  "config": {
    "symbols": [
      "H",
      "H"
    ],
    "geometry": [
      [
        0.0,
        0.0,
        0.0
      ],
      [
        0.0,
        0.0,
        0.7414
      ]
    ],
    "basis": "STO-3G",
    "ansatz": "TwoQubit-RY-CNOT",
    "optimizer": {
      "name": "Nesterov",
      "stepsize": 0.1,
      "iterations_planned": 50
    },
    "seed": 4,
    "noisy": true,
    "depolarizing_prob": 0.06,
    "amplitude_damping_prob": 0.0
  },
  "energies": [
    1.2275443940993085,
    1.2275443940993085,
    1.227423195242582,
    1.2271612831490413,
    1.2266138423446658,
    1.2254779706656718,
    1.2231259058688058,
    1.2182630486894495,
    1.2082380343866395,
    1.1876942020649208,
    1.146111222339569,
    1.0640300595610164,
    0.9098947467317374,
    0.6466649686244448,
    0.2661739165170882,
    -0.1593574443327032,
    -0.5013994348106228,
    -0.688352902483132,
    -0.7352646352378391,
    -0.6893999271419949,
    -0.6012106081129672,
    -0.5156017140338351,
    -0.4626100559097587,
    -0.4534409960342003,
    -0.48377895222003464,
    -0.5397829296002076,
    -0.6042925019906806,
    -0.6623531308243097,
    -0.7046986627468007,
    -0.7284182282487814,
    -0.7355918416707354,
    -0.7312256871727059,
    -0.7212779473548016,
    -0.7110663153357892,
    -0.7042286853491414,
    -0.7023460749218584,
    -0.7051725423646809,
    -0.7112560272860432,
    -0.7186772610982278,
    -0.7256797871620131,
    -0.7310637081196814,
    -0.7343194948274226,
    -0.7355523891733223,
    -0.7352817188737105,
    -0.7342006692803569,
    -0.7329643646953732,
    -0.7320479254245632,
    -0.7316883629615187,
    -0.7319004212614771,
    -0.7325412535923799,
    -0.7333939519326116
  ],
  "final_params": [
    -3.2173361413507675
  ],
  "final_state_real": [
    [
      0.0015734027310938838,
      0.0,
      0.0,
      0.0,
      0.0012371989487248208,
      0.0,
      0.0,
      0.0,
      -0.0012371989487248206,
      0.0,
      0.0,
      0.0,
      0.0011166524989399027,
      0.0,
      0.0,
      0.0
    ],
    [
      0.0,
      6.555844712894387e-05,
      0.0,
      0.0,
      0.0,
      5.154995619689272e-05,
      0.0,
      0.0,
      0.0,
      -5.154995619689271e-05,
      0.0,
      0.0,
      0.0,
      4.6527187455852026e-05,
      0.0,
      0.0
    ],
    [
      0.0,
      0.0,
      6.555844712894387e-05,
      0.0,
      0.0,
      0.0,
      5.1549956196892726e-05,
      0.0,
      0.0,
      0.0,
      -5.154995619689272e-05,
      0.0,
      0.0,
      0.0,
      4.652718745585201e-05,
      0.0
    ],
    [
      0.0,
      0.0,
      0.0,
      2.73160196370733e-06,
      0.0,
      0.0,
      0.0,
      2.1479148415382464e-06,
      0.0,
      0.0,
      0.0,
      -2.1479148415382464e-06,
      0.0,
      0.0,
      0.0,
      1.9386328106614474e-06
    ],
    [
      0.0012371989487248208,
      0.0,
      0.0,
      0.0,
      0.036506092498968655,
      0.0,
      0.0,
      0.0,
      -0.0011166524989399027,
      0.0,
      0.0,
      0.0,
      -0.030750519950853938,
      0.0,
      0.0,
      0.0
    ],
    [
      0.0,
      5.154995619689272e-05,
      0.0,
      0.0,
      0.0,
      0.0015210871874577704,
      0.0,
      0.0,
      0.0,
      -4.6527187455852026e-05,
      0.0,
      0.0,
      0.0,
      -0.00128127166461954,
      0.0,
      0.0
    ],
    [
      0.0,
      0.0,
      5.1549956196892726e-05,
      0.0,
      0.0,
      0.0,
      0.0015210871874577708,
      0.0,
      0.0,
      0.0,
      -4.652718745585201e-05,
      0.0,
      0.0,
      0.0,
      -0.00128127166461954,
      0.0
    ],
    [
      0.0,
      0.0,
      0.0,
      2.1479148415382464e-06,
      0.0,
      0.0,
      0.0,
      6.337863281077142e-05,
      0.0,
      0.0,
      0.0,
      -1.9386328106614474e-06,
      0.0,
      0.0,
      0.0,
      -5.338631935917358e-05
    ],
    [
      -0.0012371989487248206,
      0.0,
      0.0,
      0.0,
      -0.0011166524989399027,
      0.0,
      0.0,
      0.0,
      0.03650609249896865,
      0.0,
      0.0,
      0.0,
      0.03075051995085396,
      0.0,
      0.0,
      0.0
    ],
    [
      0.0,
      -5.154995619689271e-05,
      0.0,
      0.0,
      0.0,
      -4.6527187455852026e-05,
      0.0,
      0.0,
      0.0,
      0.0015210871874577702,
      0.0,
      0.0,
      0.0,
      0.0012812716646195409,
      0.0,
      0.0
    ],
    [
      0.0,
      0.0,
      -5.154995619689272e-05,
      0.0,
      0.0,
      0.0,
      -4.652718745585201e-05,
      0.0,
      0.0,
      0.0,
      0.0015210871874577706,
      0.0,
      0.0,
      0.0,
      0.0012812716646195409,
      0.0
    ],
    [
      0.0,
      0.0,
      0.0,
      -2.1479148415382464e-06,
      0.0,
      0.0,
      0.0,
      -1.9386328106614474e-06,
      0.0,
      0.0,
      0.0,
      6.337863281077141e-05,
      0.0,
      0.0,
      0.0,
      5.338631935917361e-05
    ],
    [
      0.0011166524989399027,
      0.0,
      0.0,
      0.0,
      -0.030750519950853938,
      0.0,
      0.0,
      0.0,
      0.03075051995085396,
      0.0,
      0.0,
      0.0,
      0.8470144122711166,
      0.0,
      0.0,
      0.0
    ],
    [
      0.0,
      4.6527187455852026e-05,
      0.0,
      0.0,
      0.0,
      -0.00128127166461954,
      0.0,
      0.0,
      0.0,
      0.0012812716646195409,
      0.0,
      0.0,
      0.0,
      0.03529226717798044,
      0.0,
      0.0
    ],
    [
      0.0,
      0.0,
      4.652718745585201e-05,
      0.0,
      0.0,
      0.0,
      -0.00128127166461954,
      0.0,
      0.0,
      0.0,
      0.0012812716646195409,
      0.0,
      0.0,
      0.0,
      0.03529226717798043,
      0.0
    ],
    [
      0.0,
      0.0,
      0.0,
      1.9386328106614474e-06,
      0.0,
      0.0,
      0.0,
      -5.338631935917358e-05,
      0.0,
      0.0,
      0.0,
      5.338631935917361e-05,
      0.0,
      0.0,
      0.0,
      0.0014705111324165698
    ]
  ],