{
  "config": {
    "symbols": [
      "H",
      "H"
    ],
    "geometry": [
      [
        0.0,
        0.0,
        0.0
      ],
      [
        0.0,
        0.0,
        0.7414
      ]
    ],
    "basis": "STO-3G",
    "ansatz": "TwoQubit-RY-CNOT",
    "optimizer": {
      "name": "Adam",
      "stepsize": 0.1,
      "iterations_planned": 50
    },
    "seed": 1,
    "noisy": true,
    "depolarizing_prob": 0.02,
    "amplitude_damping_prob": 0.0
  },
  "energies": [
    1.3068747846904198,
    1.3068747846904198,
    1.297877958344249,
    1.2801186447158146,
    1.2511758463680311,
    1.2108010827639388,
    1.1589971199053517,
    1.0959850545480634,
    1.0222120944501918,
    0.9383594544537366,
    0.8453437791986524,
    0.7443098204226952,
    0.6366130142443953,
    0.5237911770396054,
    0.4075252240720115,
    0.2895896799339062,
    0.1717947647374793,
    0.05592291998078486,
    -0.0563363557045887,
    -0.16344874331072806,
    -0.26408951002665243,
    -0.3571855371695172,
    -0.4419414958711559,
    -0.5178484190990227,
    -0.584675029425227,
    -0.6424442769911123,
    -0.6913991674151627,
    -0.7319627658280665,
    -0.7646971148784354,
    -0.7902648333656768,
    -0.8093957043534713,
    -0.822859032475971,
    -0.8314413112052855,
    -0.8359280029575042,
    -0.837088037058052,
    -0.8356598719691601,
    -0.8323384679792448,
    -0.8277630799138473,
    -0.8225062457564267,
    -0.8170646184768418,
    -0.811852336779972,
    -0.8071974860202992,
    -0.8033419310502528,
    -0.8004444868451046,
    -0.7985871002365844,
    -0.7977834928785705,
    -0.7979895826151326,
    -0.7991149564515238,
    -0.8010346968934943,
    -0.8036009445230409,
    -0.80665369060001
  ],
  "final_params": [
    3.414979478217988
  ],
  "final_state_real": [
    [
      0.0009602808620662081,
      0.0,
      0.0,
      0.0,
      0.0006697284330670274,
      0.0,
      0.0,
      0.0,
      -0.0006697284330670272,
      0.0,
      0.0,
      0.0,
      0.016807859810970945,
      0.0,
      0.0,
      0.0
    ],
    [
      0.0,
      1.2976768406319436e-05,
      0.0,
      0.0,
      0.0,
      9.050384230648986e-06,
      0.0,
      0.0,
      0.0,
      -9.050384230648981e-06,
      0.0,
      0.0,
      0.0,
      0.00022713324068913482,
      0.0,
      0.0
    ],
    [
      0.0,
      0.0,
      1.297676840631944e-05,
      0.0,
      0.0,
      0.0,
      9.050384230648986e-06,
      0.0,
      0.0,
      0.0,
      -9.050384230648981e-06,
      0.0,
      0.0,
      0.0,
      0.0002271332406891348,
      0.0
    ],
    [
      0.0,
      0.0,
      0.0,
      1.7536173522079414e-07,
      0.0,
      0.0,
      0.0,
      1.2230248960354682e-07,
      0.0,
      0.0,
      0.0,
      -1.2230248960354677e-07,
      0.0,
      0.0,
      0.0,
      3.0693681174253114e-06
    ],
    [
      0.0006697284330670274,
      0.0,
      0.0,
      0.0,
      0.029614939317173038,
      0.0,
      0.0,
      0.0,
      -0.016807859810970945,
      0.0,
      0.0,
      0.0,
      0.12383569270299392,
      0.0,
      0.0,
      0.0
    ],
    [
      0.0,
      9.050384230648986e-06,
      0.0,
      0.0,
      0.0,
      0.00040020188266509654,
      0.0,
      0.0,
      0.0,
      -0.00022713324068913482,
      0.0,
      0.0,
      0.0,
      0.0016734553067997075,
      0.0,
      0.0
    ],
    [
      0.0,
      0.0,
      9.050384230648986e-06,
      0.0,
      0.0,
      0.0,
      0.00040020188266509665,
      0.0,
      0.0,
      0.0,
      -0.0002271332406891348,
      0.0,
      0.0,
      0.0,
      0.0016734553067997075,
      0.0
    ],
    [
      0.0,
      0.0,
      0.0,
      1.2230248960354682e-07,
      0.0,
      0.0,
      0.0,
      5.4081335495363866e-06,
      0.0,
      0.0,
      0.0,
      -3.0693681174253114e-06,
      0.0,
      0.0,
      0.0,
      2.261426090273243e-05
    ],
    [
      -0.0006697284330670272,
      0.0,
      0.0,
      0.0,
      -0.016807859810970945,
      0.0,
      0.0,
      0.0,
      0.02961493931717303,
      0.0,
      0.0,
      0.0,
      -0.1238356927029939,
      0.0,
      0.0,
      0.0
    ],
    [
      0.0,
      -9.050384230648981e-06,
      0.0,
      0.0,
      0.0,
      -0.00022713324068913482,
      0.0,
      0.0,
      0.0,
      0.00040020188266509644,
      0.0,
      0.0,
      0.0,
      -0.001673455306799707,
      0.0,
      0.0
    ],
    [
      0.0,
      0.0,
      -9.050384230648981e-06,
      0.0,
      0.0,
      0.0,
      -0.0002271332406891348,
      0.0,
      0.0,
      0.0,
      0.0004002018826650966,
      0.0,
      0.0,
      0.0,
      -0.0016734553067997069,
      0.0
    ],
    [
      0.0,
      0.0,
      0.0,
      -1.2230248960354677e-07,
      0.0,
      0.0,
      0.0,
      -3.0693681174253114e-06,
      0.0,
      0.0,
      0.0,
      5.408133549536386e-06,
      0.0,
      0.0,
      0.0,
      -2.2614260902732423e-05
    ],
    [
      0.016807859810970945,
      0.0,
      0.0,
      0.0,
      0.12383569270299392,
      0.0,
      0.0,
      0.0,
      -0.1238356927029939,
      0.0,
      0.0,
      0.0,
      0.9133209516148535,
      0.0,
      0.0,
      0.0
    ],
    [
      0.0,
      0.00022713324068913482,
      0.0,
      0.0,
      0.0,
      0.0016734553067997075,
      0.0,
      0.0,
      0.0,
      -0.001673455306799707,
      0.0,
      0.0,
      0.0,
      0.012342175021840726,
      0.0,
      0.0
    ],
    [
      0.0,
      0.0,
      0.0002271332406891348,
      0.0,
      0.0,
      0.0,
      0.0016734553067997075,
      0.0,
      0.0,
      0.0,
      -0.0016734553067997069,
      0.0,
      0.0,
      0.0,
      0.012342175021840728,
      0.0
    ],
    [
      0.0,
      0.0,
      0.0,
      3.0693681174253114e-06,
      0.0,
      0.0,
      0.0,
      2.261426090273243e-05,
      0.0,
      0.0,
      0.0,
      -2.2614260902732423e-05,
      0.0,
      0.0,
      0.0,
      0.000166786148944042
    ]
  ],