{
  "config": {
    "symbols": [
      "H",
      "H"
    ],
    "geometry": [
      [
        0.0,
        0.0,
        0.0
      ],
      [
        0.0,
        0.0,
        0.7414
      ]
    ],
    "basis": "STO-3G",
    "ansatz": "TwoQubit-RY-CNOT",
    "optimizer": {
      "name": "GradientDescent",
      "stepsize": 0.1,
      "iterations_planned": 50
    },
    "seed": 4,
    "noisy": true,
    "depolarizing_prob": 0.0,
    "amplitude_damping_prob": 0.0
  },
  "energies": [
    1.348794918088449,
    1.348794918088449,
    1.3487934315479748,
    1.3487914698143797,
    1.3487888809872484,
    1.3487854646078064,
    1.3487809561485957,
    1.3487750065240207,
    1.348767155051731,
    1.3487567938217346,
    1.3487431206245983,
    1.3487250768524364,
    1.3487012656129662,
    1.3486698436045024,
    1.3486283785745998,
    1.3485736612602581,
    1.3485014573487721,
    1.3484061804555054,
    1.3482804609487054,
    1.348114577936013,
    1.347895710807656,
    1.3476069543295877,
    1.3472260227840476,
    1.3467235478149446,
    1.3460608444182214,
    1.3451869857508727,
    1.3440349818454393,
    1.3425168034434907,
    1.3405169323867736,
    1.3378840505719918,
    1.3344204178611254,
    1.3298684444628899,
    1.3238939775149585,
    1.3160659431143777,
    1.305832323947422,
    1.2924931477247907,
    1.275172449279008,
    1.2527933067094679,
    1.2240633179429559,
    1.1874823325941386,
    1.1413893115187106,
    1.084069053442952,
    1.0139383367835373,
    0.9298189707832312,
    0.8312766968183677,
    0.7189604335494797,
    0.5948312361252243,
    0.4621567028382054,
    0.325197416202216,
    0.1886266515075449,
    0.05684679605886894
  ],
  "final_params": [
    -1.6730335397924263
  ],
  "final_state_real": [
    [
      0.20157441953655358,
      0.0,
      0.0,
      0.0,
      0.2233130113460845,
      0.0,
      0.0,
      0.0,
      -0.2233130113460845,
      0.0,
      0.0,
      0.0,
      0.24739597986251752,
      0.0,
      0.0,
      0.0
    ],
    [
      0.0,
      4.031488390731032e-15,
      0.0,
      0.0,
      0.0,
      4.466260226921646e-15,
      0.0,
      0.0,
      0.0,
      -4.466260226921646e-15,
      0.0,
      0.0,
      0.0,
      4.9479195972503e-15,
      0.0,
      0.0
    ],
    [
      0.0,
      0.0,
      4.031488390731032e-15,
      0.0,
      0.0,
      0.0,
      4.466260226921647e-15,
      0.0,
      0.0,
      0.0,
      -4.466260226921647e-15,
      0.0,
      0.0,
      0.0,
      4.947919597250301e-15,
      0.0
    ],
    [
      0.0,
      0.0,
      0.0,
      8.062976781461981e-29,
      0.0,
      0.0,
      0.0,
      8.932520453843203e-29,
      0.0,
      0.0,
      0.0,
      -8.932520453843203e-29,
      0.0,
      0.0,
      0.0,
      9.895839194500499e-29
    ],
    [
      0.2233130113460845,
      0.0,
      0.0,
      0.0,
      0.24739597986254053,
      0.0,
      0.0,
      0.0,
      -0.24739597986251755,
      0.0,
      0.0,
      0.0,
      0.274076152048663,
      0.0,
      0.0,
      0.0
    ],
    [
      0.0,
      4.466260226921646e-15,
      0.0,
      0.0,
      0.0,
      4.947919597250761e-15,
      0.0,
      0.0,
      0.0,
      -4.947919597250301e-15,
      0.0,
      0.0,
      0.0,
      5.4815230409732045e-15,
      0.0,
      0.0
    ],
    [
      0.0,
      0.0,
      4.466260226921647e-15,
      0.0,
      0.0,
      0.0,
      4.947919597250761e-15,
      0.0,
      0.0,
      0.0,
      -4.947919597250302e-15,
      0.0,
      0.0,
      0.0,
      5.481523040973205e-15,
      0.0
    ],
    [
      0.0,
      0.0,
      0.0,
      8.932520453843203e-29,
      0.0,
      0.0,
      0.0,
      9.895839194501419e-29,
      0.0,
      0.0,
      0.0,
      -9.895839194500501e-29,
      0.0,
      0.0,
      0.0,
      1.0963046081946302e-28
    ],
    [
      -0.2233130113460845,
      0.0,
      0.0,
      0.0,
      -0.24739597986251752,
      0.0,
      0.0,
      0.0,
      0.24739597986254053,
      0.0,
      0.0,
      0.0,
      -0.274076152048663,
      0.0,
      0.0,
      0.0
    ],
    [
      0.0,
      -4.466260226921646e-15,
      0.0,
      0.0,
      0.0,
      -4.9479195972503e-15,
      0.0,
      0.0,
      0.0,
      4.947919597250761e-15,
      0.0,
      0.0,
      0.0,
      -5.4815230409732045e-15,
      0.0,
      0.0
    ],
    [
      0.0,
      0.0,
      -4.466260226921647e-15,
      0.0,
      0.0,
      0.0,
      -4.947919597250301e-15,
      0.0,
      0.0,
      0.0,
      4.947919597250761e-15,
      0.0,
      0.0,
      0.0,
      -5.481523040973205e-15,
      0.0
    ],
    [
      0.0,
      0.0,
      0.0,
      -8.932520453843203e-29,
      0.0,
      0.0,
      0.0,
      -9.895839194500499e-29,
      0.0,
      0.0,
      0.0,
      9.895839194501419e-29,
      0.0,
      0.0,
      0.0,
      -1.0963046081946302e-28
    ],
    [
      0.24739597986251755,
      0.0,
      0.0,
      0.0,
      0.274076152048663,
      0.0,
      0.0,
      0.0,
      -0.274076152048663,
      0.0,
      0.0,
      0.0,
      0.30363362073850675,
      0.0,
      0.0,
      0.0
    ],
    [
      0.0,
      4.947919597250301e-15,
      0.0,
      0.0,
      0.0,
      5.4815230409732045e-15,
      0.0,
      0.0,
      0.0,
      -5.4815230409732045e-15,
      0.0,
      0.0,
      0.0,
      6.0726724147700736e-15,
      0.0,
      0.0
    ],
    [
      0.0,
      0.0,
      4.947919597250302e-15,
      0.0,
      0.0,
      0.0,
      5.481523040973205e-15,
      0.0,
      0.0,
      0.0,
      -5.481523040973205e-15,
      0.0,
      0.0,
      0.0,
      6.072672414770073e-15,
      0.0
    ],
    [
      0.0,
      0.0,
      0.0,
      9.895839194500501e-29,
      0.0,
      0.0,
      0.0,
      1.0963046081946302e-28,
      0.0,
      0.0,
      0.0,
      -1.0963046081946302e-28,
      0.0,
      0.0,
      0.0,
      1.214534482954002e-28
    ]
  ],