{
  "config": {
    "symbols": [
      "H",
      "H"
    ],
    "geometry": [
      [
        0.0,
        0.0,
        0.0
      ],
      [
        0.0,
        0.0,
        0.7414
      ]
    ],
    "basis": "STO-3G",
    "ansatz": "TwoQubit-RY-CNOT",
    "optimizer": {
      "name": "Adam",
      "stepsize": 0.1,
      "iterations_planned": 50
    },
    "seed": 2,
    "noisy": true,
    "depolarizing_prob": 0.06,
    "amplitude_damping_prob": 0.0
  },
  "energies": [
    1.2277629242675578,
    1.2277629242675578,
    1.2211426387273272,
    1.2077435657398872,
    1.1843108426125002,
    1.1505544460748613,
    1.1063993697779257,
    1.051963413734878,
    0.9875684533996525,
    0.913750759656655,
    0.8312649776624466,
    0.7410802002929473,
    0.6443670305553519,
    0.5424748416579063,
    0.43689895511093324,
    0.32923817479543016,
    0.2211439979148771,
    0.11426379814347282,
    0.010181227222897382,
    -0.08964214924231959,
    -0.1839195597204923,
    -0.2715817851719923,
    -0.3518064428922604,
    -0.42403165852935487,
    -0.48795381336113525,
    -0.5435109844773797,
    -0.5908553263130072,
    -0.6303186190135037,
    -0.6623753415907433,
    -0.6876069652434904,
    -0.7066699556096175,
    -0.7202685919861888,
    -0.7291325057930488,
    -0.7339980489389619,
    -0.7355923057490893,
    -0.7346186993117204,
    -0.731743560947055,
    -0.7275835471390052,
    -0.7226942387719746,
    -0.7175605356793783,
    -0.7125895253416312,
    -0.7081063785508115,
    -0.7043535692420114,
    -0.7014934070750698,
    -0.6996135803236918,
    -0.6987351814341184,
    -0.6988225513457027,
    -0.6997942302827793,
    -0.7015343280317181,
    -0.7039037036460736,
    -0.7067504522782007
  ],
  "final_params": [
    3.4182686035208496
  ],
  "final_state_real": [
    [
      0.003046444008706367,
      0.0,
      0.0,
      0.0,
      -0.0024300357656582413,
      0.0,
      0.0,
      0.0,
      0.002430035765658241,
      0.0,
      0.0,
      0.0,
      0.014550933204834764,
      0.0,
      0.0,
      0.0
    ],
    [
      0.0,
      0.00012693516702949397,
      0.0,
      0.0,
      0.0,
      -0.00010125149023580952,
      0.0,
      0.0,
      0.0,
      0.0001012514902358095,
      0.0,
      0.0,
      0.0,
      0.0006062888835350781,
      0.0,
      0.0
    ],
    [
      0.0,
      0.0,
      0.00012693516702949397,
      0.0,
      0.0,
      0.0,
      -0.00010125149023580956,
      0.0,
      0.0,
      0.0,
      0.00010125149023580952,
      0.0,
      0.0,
      0.0,
      0.0006062888835350779,
      0.0
    ],
    [
      0.0,
      0.0,
      0.0,
      5.288965292898166e-06,
      0.0,
      0.0,
      0.0,
      -4.218812093160792e-06,
      0.0,
      0.0,
      0.0,
      4.2188120931607904e-06,
      0.0,
      0.0,
      0.0,
      2.526203681397392e-05
    ],
    [
      -0.0024300357656582405,
      0.0,
      0.0,
      0.0,
      0.04994037320486322,
      0.0,
      0.0,
      0.0,
      -0.014550933204834764,
      0.0,
      0.0,
      0.0,
      0.10896802209537149,
      0.0,
      0.0,
      0.0
    ],
    [
      0.0,
      -0.00010125149023580948,
      0.0,
      0.0,
      0.0,
      0.0020808488835369838,
      0.0,
      0.0,
      0.0,
      -0.0006062888835350781,
      0.0,
      0.0,
      0.0,
      0.004540334253976031,
      0.0,
      0.0
    ],
    [
      0.0,
      0.0,
      -0.00010125149023580952,
      0.0,
      0.0,
      0.0,
      0.002080848883536984,
      0.0,
      0.0,
      0.0,
      -0.0006062888835350779,
      0.0,
      0.0,
      0.0,
      0.004540334253976031,
      0.0
    ],
    [
      0.0,
      0.0,
      0.0,
      -4.2188120931607904e-06,
      0.0,
      0.0,
      0.0,
      8.670203681408335e-05,
      0.0,
      0.0,
      0.0,
      -2.526203681397392e-05,
      0.0,
      0.0,
      0.0,
      0.00018918059391576038
    ],
    [
      0.002430035765658241,
      0.0,
      0.0,
      0.0,
      -0.014550933204834764,
      0.0,
      0.0,
      0.0,
      0.049940373204863234,
      0.0,
      0.0,
      0.0,
      -0.10896802209537153,
      0.0,
      0.0,
      0.0
    ],
    [
      0.0,
      0.0001012514902358095,
      0.0,
      0.0,
      0.0,
      -0.0006062888835350781,
      0.0,
      0.0,
      0.0,
      0.002080848883536984,
      0.0,
      0.0,
      0.0,
      -0.004540334253976033,
      0.0,
      0.0
    ],
    [
      0.0,
      0.0,
      0.00010125149023580952,
      0.0,
      0.0,
      0.0,
      -0.0006062888835350779,
      0.0,
      0.0,
      0.0,
      0.002080848883536984,
      0.0,
      0.0,
      0.0,
      -0.004540334253976033,
      0.0
    ],
    [
      0.0,
      0.0,
      0.0,
      4.2188120931607904e-06,
      0.0,
      0.0,
      0.0,
      -2.526203681397392e-05,
      0.0,
      0.0,
      0.0,
      8.670203681408337e-05,
      0.0,
      0.0,
      0.0,
      -0.00018918059391576046
    ],
    [
      0.014550933204834764,
      0.0,
      0.0,
      0.0,
      0.10896802209537149,
      0.0,
      0.0,
      0.0,
      -0.10896802209537149,
      0.0,
      0.0,
      0.0,
      0.8186728095817143,
      0.0,
      0.0,
      0.0
    ],
    [
      0.0,
      0.0006062888835350781,
      0.0,
      0.0,
      0.0,
      0.004540334253976031,
      0.0,
      0.0,
      0.0,
      -0.004540334253976031,
      0.0,
      0.0,
      0.0,
      0.03411136706592143,
      0.0,
      0.0
    ],
    [
      0.0,
      0.0,
      0.0006062888835350779,
      0.0,
      0.0,
      0.0,
      0.004540334253976031,
      0.0,
      0.0,
      0.0,
      -0.004540334253976031,
      0.0,
      0.0,
      0.0,
      0.03411136706592144,
      0.0
    ],
    [
      0.0,
      0.0,
      0.0,
      2.526203681397392e-05,
      0.0,
      0.0,
      0.0,
      0.00018918059391576038,
      0.0,
      0.0,
      0.0,
      -0.00018918059391576038,
      0.0,
      0.0,
      0.0,
      0.0014213069610807543
    ]
  ],