{
  "config": {
    "symbols": [
      "H",
      "H"
    ],
    "geometry": [
      [
        0.0,
        0.0,
        0.0
      ],
      [
        0.0,
        0.0,
        0.7414
      ]
    ],
    "basis": "STO-3G",
    "ansatz": "TwoQubit-RY-CNOT",
    "optimizer": {
      "name": "Adam",
      "stepsize": 0.1,
      "iterations_planned": 50
    },
    "seed": 4,
    "noisy": true,
    "depolarizing_prob": 0.02,
    "amplitude_damping_prob": 0.0
  },
  "energies": [
    1.3069994314009024,
    1.3069994314009024,
    1.2996085927589849,
    1.2846699041095022,
    1.2586967928610437,
    1.2213784109568095,
    1.1726422339641487,
    1.1126294594669204,
    1.0417070642962074,
    0.960478793081415,
    0.8697891209137377,
    0.7707184033493737,
    0.6645679682051824,
    0.5528342802841356,
    0.43717189676601487,
    0.3193457456869362,
    0.20117425799941752,
    0.08446598150621348,
    -0.029046629234141946,
    -0.13777169937601716,
    -0.2403157170370627,
    -0.33552981579435975,
    -0.4225406725700494,
    -0.5007637490282866,
    -0.569898697597822,
    -0.629908940393579,
    -0.6809892458353756,
    -0.72352617347012,
    -0.7580563364058522,
    -0.785226610747008,
    -0.8057590113807303,
    -0.8204213720361178,
    -0.830003609415513,
    -0.8352984724662069,
    -0.8370853573047741,
    -0.8361159291838953,
    -0.8331007623656301,
    -0.8286967849760769,
    -0.8234958236648533,
    -0.8180148665922635,
    -0.8126887597383823,
    -0.8078659402842256,
    -0.8038075560921745,
    -0.8006900018662824,
    -0.7986105951114661,
    -0.7975958714267729,
    -0.7976118248439734,
    -0.7985753573512213,
    -0.8003662185330632,
    -0.8028387903314624,
    -0.8058331804956644
  ],
  "final_params": [
    3.419203350791175
  ],
  "final_state_real": [
    [
      0.0009947795529523169,
      0.0,
      0.0,
      0.0,
      0.000754405526124173,
      0.0,
      0.0,
      0.0,
      -0.0007544055261241736,
      0.0,
      0.0,
      0.0,
      0.01731773200347653,
      0.0,
      0.0,
      0.0
    ],
    [
      0.0,
      1.3442966931808088e-05,
      0.0,
      0.0,
      0.0,
      1.0194669271963464e-05,
      0.0,
      0.0,
      0.0,
      -1.0194669271963473e-05,
      0.0,
      0.0,
      0.0,
      0.00023402340545273403,
      0.0,
      0.0
    ],
    [
      0.0,
      0.0,
      1.3442966931808084e-05,
      0.0,
      0.0,
      0.0,
      1.0194669271963466e-05,
      0.0,
      0.0,
      0.0,
      -1.0194669271963476e-05,
      0.0,
      0.0,
      0.0,
      0.00023402340545273406,
      0.0
    ],
    [
      0.0,
      0.0,
      0.0,
      1.816617152949744e-07,
      0.0,
      0.0,
      0.0,
      1.3776580097268442e-07,
      0.0,
      0.0,
      0.0,
      -1.3776580097268455e-07,
      0.0,
      0.0,
      0.0,
      3.162478452068683e-06
    ],
    [
      0.000754405526124173,
      0.0,
      0.0,
      0.0,
      0.030124811509678603,
      0.0,
      0.0,
      0.0,
      -0.01731773200347653,
      0.0,
      0.0,
      0.0,
      0.12562536438223204,
      0.0,
      0.0,
      0.0
    ],
    [
      0.0,
      1.0194669271963464e-05,
      0.0,
      0.0,
      0.0,
      0.00040709204742869553,
      0.0,
      0.0,
      0.0,
      -0.00023402340545273403,
      0.0,
      0.0,
      0.0,
      0.00169764005922188,
      0.0,
      0.0
    ],
    [
      0.0,
      0.0,
      1.0194669271963466e-05,
      0.0,
      0.0,
      0.0,
      0.00040709204742869553,
      0.0,
      0.0,
      0.0,
      -0.00023402340545273406,
      0.0,
      0.0,
      0.0,
      0.00169764005922188,
      0.0
    ],
    [
      0.0,
      0.0,
      0.0,
      1.3776580097268442e-07,
      0.0,
      0.0,
      0.0,
      5.501243884179755e-06,
      0.0,
      0.0,
      0.0,
      -3.162478452068683e-06,
      0.0,
      0.0,
      0.0,
      2.2941081881410926e-05
    ],
    [
      -0.0007544055261241736,
      0.0,
      0.0,
      0.0,
      -0.01731773200347653,
      0.0,
      0.0,
      0.0,
      0.0301248115096786,
      0.0,
      0.0,
      0.0,
      -0.12562536438223207,
      0.0,
      0.0,
      0.0
    ],
    [
      0.0,
      -1.0194669271963473e-05,
      0.0,
      0.0,
      0.0,
      -0.00023402340545273403,
      0.0,
      0.0,
      0.0,
      0.0004070920474286955,
      0.0,
      0.0,
      0.0,
      -0.0016976400592218803,
      0.0,
      0.0
    ],
    [
      0.0,
      0.0,
      -1.0194669271963476e-05,
      0.0,
      0.0,
      0.0,
      -0.00023402340545273406,
      0.0,
      0.0,
      0.0,
      0.0004070920474286955,
      0.0,
      0.0,
      0.0,
      -0.0016976400592218805,
      0.0
    ],
    [
      0.0,
      0.0,
      0.0,
      -1.3776580097268455e-07,
      0.0,
      0.0,
      0.0,
      -3.162478452068683e-06,
      0.0,
      0.0,
      0.0,
      5.501243884179755e-06,
      0.0,
      0.0,
      0.0,
      -2.294108188141093e-05
    ],
    [
      0.01731773200347653,
      0.0,
      0.0,
      0.0,
      0.12562536438223204,
      0.0,
      0.0,
      0.0,
      -0.12562536438223207,
      0.0,
      0.0,
      0.0,
      0.9122667085389565,
      0.0,
      0.0,
      0.0
    ],
    [
      0.0,
      0.00023402340545273403,
      0.0,
      0.0,
      0.0,
      0.00169764005922188,
      0.0,
      0.0,
      0.0,
      -0.0016976400592218803,
      0.0,
      0.0,
      0.0,
      0.012327928493788045,
      0.0,
      0.0
    ],
    [
      0.0,
      0.0,
      0.00023402340545273406,
      0.0,
      0.0,
      0.0,
      0.00169764005922188,
      0.0,
      0.0,
      0.0,
      -0.0016976400592218805,
      0.0,
      0.0,
      0.0,
      0.012327928493788044,
      0.0
    ],
    [
      0.0,
      0.0,
      0.0,
      3.162478452068683e-06,
      0.0,
      0.0,
      0.0,
      2.2941081881410926e-05,
      0.0,
      0.0,
      0.0,
      -2.294108188141093e-05,
      0.0,
      0.0,
      0.0,
      0.00016659362829468116
    ]
  ],