{
  "config": {
    "symbols": [
      "H",
      "H"
    ],
    "geometry": [
      [
        0.0,
        0.0,
        0.0
      ],
      [
        0.0,
        0.0,
        0.7414
      ]
    ],
    "basis": "STO-3G",
    "ansatz": "TwoQubit-RY-CNOT",
    "optimizer": {
      "name": "GradientDescent",
      "stepsize": 0.1,
      "iterations_planned": 50
    },
    "seed": 2,
    "noisy": true,
    "depolarizing_prob": 0.02,
    "amplitude_damping_prob": 0.0
  },
  "energies": [
    1.3069932689507724,
    1.3069932689507724,
    1.3069904662079286,
    1.3069868099057627,
    1.306982040094002,
    1.3069758176693023,
    1.3069677002698148,
    1.3069571107990836,
    1.306943296487796,
    1.306925275344942,
    1.3069017663652727,
    1.3068710985894731,
    1.3068310924420214,
    1.3067789049874357,
    1.306710828187124,
    1.3066220260374983,
    1.3065061918801142,
    1.3063551019887976,
    1.3061580344058314,
    1.305901012449056,
    1.3055658210009462,
    1.3051287280776933,
    1.304558826606649,
    1.3038158857090565,
    1.302847573148306,
    1.301585875036903,
    1.29994249825815,
    1.297802995759433,
    1.2950193102148204,
    1.2914003931064586,
    1.2867005483900826,
    1.2806051877572007,
    1.2727138312073494,
    1.2625205115556297,
    1.249392358436258,
    1.2325482033812958,
    1.2110407388239772,
    1.1837482244714204,
    1.1493849384612886,
    1.106542990034983,
    1.0537804319771154,
    0.9897691608763426,
    0.9135071181146296,
    0.8245793731683622,
    0.7234223358357899,
    0.6115140902356927,
    0.4914016310829113,
    0.3665042959436985,
    0.2407054496412659,
    0.1178315100422086,
    0.0011671617561031244
  ],
  "final_params": [
    -1.7314298134042612
  ],
  "final_state_real": [
    [
      0.17349889484770512,
      0.0,
      0.0,
      0.0,
      0.19020147548899133,
      0.0,
      0.0,
      0.0,
      -0.19020147548899136,
      0.0,
      0.0,
      0.0,
      0.22467225122473378,
      0.0,
      0.0,
      0.0
    ],
    [
      0.0,
      0.0023445796601076147,
      0.0,
      0.0,
      0.0,
      0.0025702902093145213,
      0.0,
      0.0,
      0.0,
      -0.002570290209314522,
      0.0,
      0.0,
      0.0,
      0.0030361115030414646,
      0.0,
      0.0
    ],
    [
      0.0,
      0.0,
      0.0023445796601076156,
      0.0,
      0.0,
      0.0,
      0.0025702902093145213,
      0.0,
      0.0,
      0.0,
      -0.0025702902093145217,
      0.0,
      0.0,
      0.0,
      0.0030361115030414654,
      0.0
    ],
    [
      0.0,
      0.0,
      0.0,
      3.1683508920420374e-05,
      0.0,
      0.0,
      0.0,
      3.4733651477274994e-05,
      0.0,
      0.0,
      0.0,
      -3.4733651477274994e-05,
      0.0,
      0.0,
      0.0,
      4.1028533824945776e-05
    ],
    [
      0.19020147548899133,
      0.0,
      0.0,
      0.0,
      0.23747933073092992,
      0.0,
      0.0,
      0.0,
      -0.22467225122473378,
      0.0,
      0.0,
      0.0,
      0.2650032601943817,
      0.0,
      0.0,
      0.0
    ],
    [
      0.0,
      0.0025702902093145213,
      0.0,
      0.0,
      0.0,
      0.003209180145017346,
      0.0,
      0.0,
      0.0,
      -0.0030361115030414646,
      0.0,
      0.0,
      0.0,
      0.0035811251377672482,
      0.0,
      0.0
    ],
    [
      0.0,
      0.0,
      0.0025702902093145213,
      0.0,
      0.0,
      0.0,
      0.003209180145017347,
      0.0,
      0.0,
      0.0,
      -0.0030361115030414654,
      0.0,
      0.0,
      0.0,
      0.0035811251377672482,
      0.0
    ],
    [
      0.0,
      0.0,
      0.0,
      3.4733651477274994e-05,
      0.0,
      0.0,
      0.0,
      4.336729925705576e-05,
      0.0,
      0.0,
      0.0,
      -4.1028533824945776e-05,
      0.0,
      0.0,
      0.0,
      4.839358294287272e-05
    ],
    [
      -0.19020147548899136,
      0.0,
      0.0,
      0.0,
      -0.22467225122473378,
      0.0,
      0.0,
      0.0,
      0.2374793307309299,
      0.0,
      0.0,
      0.0,
      -0.2650032601943818,
      0.0,
      0.0,
      0.0
    ],
    [
      0.0,
      -0.002570290209314522,
      0.0,
      0.0,
      0.0,
      -0.0030361115030414646,
      0.0,
      0.0,
      0.0,
      0.0032091801450173456,
      0.0,
      0.0,
      0.0,
      -0.003581125137767249,
      0.0,
      0.0
    ],
    [
      0.0,
      0.0,
      -0.0025702902093145217,
      0.0,
      0.0,
      0.0,
      -0.0030361115030414654,
      0.0,
      0.0,
      0.0,
      0.003209180145017346,
      0.0,
      0.0,
      0.0,
      -0.0035811251377672495,
      0.0
    ],
    [
      0.0,
      0.0,
      0.0,
      -3.4733651477274994e-05,
      0.0,
      0.0,
      0.0,
      -4.1028533824945776e-05,
      0.0,
      0.0,
      0.0,
      4.336729925705575e-05,
      0.0,
      0.0,
      0.0,
      -4.839358294287274e-05
    ],
    [
      0.22467225122473378,
      0.0,
      0.0,
      0.0,
      0.2650032601943817,
      0.0,
      0.0,
      0.0,
      -0.26500326019438175,
      0.0,
      0.0,
      0.0,
      0.3250535548016854,
      0.0,
      0.0,
      0.0
    ],
    [
      0.0,
      0.0030361115030414646,
      0.0,
      0.0,
      0.0,
      0.0035811251377672482,
      0.0,
      0.0,
      0.0,
      -0.0035811251377672487,
      0.0,
      0.0,
      0.0,
      0.004392615605434724,
      0.0,
      0.0
    ],
    [
      0.0,
      0.0,
      0.0030361115030414654,
      0.0,
      0.0,
      0.0,
      0.0035811251377672482,
      0.0,
      0.0,
      0.0,
      -0.003581125137767249,
      0.0,
      0.0,
      0.0,
      0.004392615605434722,
      0.0
    ],
    [
      0.0,
      0.0,
      0.0,
      4.1028533824945776e-05,
      0.0,
      0.0,
      0.0,
      4.839358294287272e-05,
      0.0,
      0.0,
      0.0,
      -4.839358294287274e-05,
      0.0,
      0.0,
      0.0,
      5.935967034380087e-05
    ]
  ],