{
  "config": {
    "symbols": [
      "H",
      "H"
    ],
    "geometry": [
      [
        0.0,
        0.0,
        0.0
      ],
      [
        0.0,
        0.0,
        0.7414
      ]
    ],
    "basis": "STO-3G",
    "ansatz": "TwoQubit-RY-CNOT",
    "optimizer": {
      "name": "Nesterov",
      "stepsize": 0.1,
      "iterations_planned": 50
    },
    "seed": 1,
    "noisy": true,
    "depolarizing_prob": 0.06,
    "amplitude_damping_prob": 0.0
  },
  "energies": [
    1.2274185314956207,
    1.2274185314956207,
    1.2272278650022825,
    1.2268158719830136,
    1.2259548996676597,
    1.224169166647868,
    1.220474275084846,
    1.2128471952552102,
    1.1971745098521134,
    1.1652699700595606,
    1.1015591353871443,
    0.9791520204190907,
    0.7609486433054795,
    0.4215741436566302,
    -0.0011035842984871147,
    -0.38852221200213843,
    -0.6361063584828175,
    -0.7311507770399206,
    -0.7144546658063929,
    -0.63652144289823,
    -0.5454240564027195,
    -0.4777603580252274,
    -0.4517822579116998,
    -0.4684027760487961,
    -0.5166520380426596,
    -0.5799172730187734,
    -0.6418573148636026,
    -0.6908233613279757,
    -0.7215787858281728,
    -0.7345428187229189,
    -0.7338593239770534,
    -0.7253372716745558,
    -0.7146922745994155,
    -0.706279266296938,
    -0.7024606644685423,
    -0.7036247918520729,
    -0.7086902466556524,
    -0.71583095398754,
    -0.7231683091340874,
    -0.7292623979557457,
    -0.7333414513575017,
    -0.7352966372449631,
    -0.7355182281600656,
    -0.7346611604492637,
    -0.7334159928542574,
    -0.7323373649204161,
    -0.7317541659909017,
    -0.7317597169076165,
    -0.7322614297780299,
    -0.7330606183895632,
    -0.7339341516636395
  ],
  "final_params": [
    -3.2074137270855765
  ],
  "final_state_real": [
    [
      0.0015489145426744392,
      0.0,
      0.0,
      0.0,
      0.0010851610228706286,
      0.0,
      0.0,
      0.0,
      -0.0010851610228706284,
      0.0,
      0.0,
      0.0,
      0.0008436470258875239,
      0.0,
      0.0,
      0.0
    ],
    [
      0.0,
      6.453810594479982e-05,
      0.0,
      0.0,
      0.0,
      4.521504261963161e-05,
      0.0,
      0.0,
      0.0,
      -4.5215042619631606e-05,
      0.0,
      0.0,
      0.0,
      3.515195941199733e-05,
      0.0,
      0.0
    ],
    [
      0.0,
      0.0,
      6.453810594479983e-05,
      0.0,
      0.0,
      0.0,
      4.521504261963162e-05,
      0.0,
      0.0,
      0.0,
      -4.521504261963161e-05,
      0.0,
      0.0,
      0.0,
      3.515195941199733e-05,
      0.0
    ],
    [
      0.0,
      0.0,
      0.0,
      2.6890877477013064e-06,
      0.0,
      0.0,
      0.0,
      1.8839601091522376e-06,
      0.0,
      0.0,
      0.0,
      -1.8839601091522374e-06,
      0.0,
      0.0,
      0.0,
      1.4646649755006043e-06
    ],
    [
      0.0010851610228706289,
      0.0,
      0.0,
      0.0,
      0.036233087025916294,
      0.0,
      0.0,
      0.0,
      -0.0008436470258875239,
      0.0,
      0.0,
      0.0,
      -0.02673823717062861,
      0.0,
      0.0,
      0.0
    ],
    [
      0.0,
      4.521504261963162e-05,
      0.0,
      0.0,
      0.0,
      0.0015097119594139165,
      0.0,
      0.0,
      0.0,
      -3.515195941199733e-05,
      0.0,
      0.0,
      0.0,
      -0.0011140932154434032,
      0.0,
      0.0
    ],
    [
      0.0,
      0.0,
      4.5215042619631626e-05,
      0.0,
      0.0,
      0.0,
      0.0015097119594139165,
      0.0,
      0.0,
      0.0,
      -3.515195941199733e-05,
      0.0,
      0.0,
      0.0,
      -0.0011140932154434034,
      0.0
    ],
    [
      0.0,
      0.0,
      0.0,
      1.8839601091522378e-06,
      0.0,
      0.0,
      0.0,
      6.290466497561059e-05,
      0.0,
      0.0,
      0.0,
      -1.4646649755006043e-06,
      0.0,
      0.0,
      0.0,
      -4.6420550643497805e-05
    ],
    [
      -0.0010851610228706284,
      0.0,
      0.0,
      0.0,
      -0.0008436470258875239,
      0.0,
      0.0,
      0.0,
      0.03623308702591628,
      0.0,
      0.0,
      0.0,
      0.02673823717062862,
      0.0,
      0.0,
      0.0
    ],
    [
      0.0,
      -4.5215042619631606e-05,
      0.0,
      0.0,
      0.0,
      -3.515195941199733e-05,
      0.0,
      0.0,
      0.0,
      0.0015097119594139159,
      0.0,
      0.0,
      0.0,
      0.0011140932154434034,
      0.0,
      0.0
    ],
    [
      0.0,
      0.0,
      -4.521504261963161e-05,
      0.0,
      0.0,
      0.0,
      -3.515195941199733e-05,
      0.0,
      0.0,
      0.0,
      0.001509711959413916,
      0.0,
      0.0,
      0.0,
      0.0011140932154434038,
      0.0
    ],
    [
      0.0,
      0.0,
      0.0,
      -1.8839601091522374e-06,
      0.0,
      0.0,
      0.0,
      -1.4646649755006043e-06,
      0.0,
      0.0,
      0.0,
      6.290466497561057e-05,
      0.0,
      0.0,
      0.0,
      4.642055064349782e-05
    ],
    [
      0.0008436470258875239,
      0.0,
      0.0,
      0.0,
      -0.02673823717062861,
      0.0,
      0.0,
      0.0,
      0.026738237170628627,
      0.0,
      0.0,
      0.0,
      0.8475849114056409,
      0.0,
      0.0,
      0.0
    ],
    [
      0.0,
      3.515195941199733e-05,
      0.0,
      0.0,
      0.0,
      -0.0011140932154434032,
      0.0,
      0.0,
      0.0,
      0.0011140932154434036,
      0.0,
      0.0,
      0.0,
      0.0353160379752523,
      0.0,
      0.0
    ],
    [
      0.0,
      0.0,
      3.515195941199733e-05,
      0.0,
      0.0,
      0.0,
      -0.0011140932154434034,
      0.0,
      0.0,
      0.0,
      0.0011140932154434038,
      0.0,
      0.0,
      0.0,
      0.03531603797525229,
      0.0
    ],
    [
      0.0,
      0.0,
      0.0,
      1.4646649755006043e-06,
      0.0,
      0.0,
      0.0,
      -4.6420550643497805e-05,
      0.0,
      0.0,
      0.0,
      4.6420550643497825e-05,
      0.0,
      0.0,
      0.0,
      0.0014715015823028976
    ]
  ],