{
  "config": {
    "symbols": [
      "H",
      "H"
    ],
    "geometry": [
      [
        0.0,
        0.0,
        0.0
      ],
      [
        0.0,
        0.0,
        0.7414
      ]
    ],
    "basis": "STO-3G",
    "ansatz": "TwoQubit-RY-CNOT",
    "optimizer": {
      "name": "Nesterov",
      "stepsize": 0.1,
      "iterations_planned": 50
    },
    "seed": 3,
    "noisy": true,
    "depolarizing_prob": 0.0,
    "amplitude_damping_prob": 0.0
  },
  "energies": [
    1.348798155727625,
    1.348798155727625,
    1.348797244271032,
    1.3487951641010854,
    1.3487905417470278,
    1.3487803148195439,
    1.348757694775671,
    1.3487076524250616,
    1.3485969256772652,
    1.3483519142660207,
    1.347809811015976,
    1.346610717805758,
    1.3439602158138024,
    1.3381104272821676,
    1.3252432352172212,
    1.297150544299054,
    1.2368069366841925,
    1.111656966971378,
    0.8704471006464897,
    0.46779798422195673,
    -0.05545175246574441,
    -0.529167761270247,
    -0.8073864567848598,
    -0.8883904117814884,
    -0.8371929147158642,
    -0.7251838399908292,
    -0.6168977523356446,
    -0.5549443474758494,
    -0.5530655789684441,
    -0.6020306148884699,
    -0.6797041770359157,
    -0.7612519937732165,
    -0.8276299403118144,
    -0.8696301944860656,
    -0.8871154250145795,
    -0.885878780734854,
    -0.8743029408986733,
    -0.8605678995521252,
    -0.8506608949461465,
    -0.847451709210828,
    -0.8508700121665624,
    -0.8588583220776872,
    -0.8685934639977424,
    -0.877532519833484,
    -0.8840383544502658,
    -0.8875509534376553,
    -0.8884127303640068,
    -0.8875092102924528,
    -0.8858767098557492,
    -0.8843880232563498,
    -0.8835750069331197
  ],
  "final_params": [
    -3.2467679897999973
  ],
  "final_state_real": [
    [
      7.633696617168404e-06,
      0.0,
      0.0,
      0.0,
      -0.00014502750725796701,
      0.0,
      0.0,
      0.0,
      0.00014502750725796701,
      0.0,
      0.0,
      0.0,
      0.002755280818347807,
      0.0,
      0.0,
      0.0
    ],
    [
      0.0,
      1.5267393234336654e-19,
      0.0,
      0.0,
      0.0,
      -2.9005501451593112e-18,
      0.0,
      0.0,
      0.0,
      2.9005501451593112e-18,
      0.0,
      0.0,
      0.0,
      5.5105616366955585e-17,
      0.0,
      0.0
    ],
    [
      0.0,
      0.0,
      1.5267393234336654e-19,
      0.0,
      0.0,
      0.0,
      -2.900550145159311e-18,
      0.0,
      0.0,
      0.0,
      2.900550145159311e-18,
      0.0,
      0.0,
      0.0,
      5.510561636695559e-17,
      0.0
    ],
    [
      0.0,
      0.0,
      0.0,
      3.0534786468673004e-33,
      0.0,
      0.0,
      0.0,
      -5.801100290318563e-32,
      0.0,
      0.0,
      0.0,
      5.801100290318563e-32,
      0.0,
      0.0,
      0.0,
      1.1021123273391008e-30
    ],
    [
      -0.000145027507257967,
      0.0,
      0.0,
      0.0,
      0.002755280818377752,
      0.0,
      0.0,
      0.0,
      -0.002755280818347807,
      0.0,
      0.0,
      0.0,
      -0.052345741379736965,
      0.0,
      0.0,
      0.0
    ],
    [
      0.0,
      -2.9005501451593105e-18,
      0.0,
      0.0,
      0.0,
      5.5105616367554484e-17,
      0.0,
      0.0,
      0.0,
      -5.5105616366955585e-17,
      0.0,
      0.0,
      0.0,
      -1.0469148275947288e-15,
      0.0,
      0.0
    ],
    [
      0.0,
      0.0,
      -2.9005501451593105e-18,
      0.0,
      0.0,
      0.0,
      5.510561636755448e-17,
      0.0,
      0.0,
      0.0,
      -5.510561636695559e-17,
      0.0,
      0.0,
      0.0,
      -1.0469148275947288e-15,
      0.0
    ],
    [
      0.0,
      0.0,
      0.0,
      -5.801100290318562e-32,
      0.0,
      0.0,
      0.0,
      1.1021123273510784e-30,
      0.0,
      0.0,
      0.0,
      -1.1021123273391008e-30,
      0.0,
      0.0,
      0.0,
      -2.0938296551894362e-29
    ],
    [
      0.00014502750725796701,
      0.0,
      0.0,
      0.0,
      -0.002755280818347807,
      0.0,
      0.0,
      0.0,
      0.0027552808183777524,
      0.0,
      0.0,
      0.0,
      0.05234574137973696,
      0.0,
      0.0,
      0.0
    ],
    [
      0.0,
      2.9005501451593112e-18,
      0.0,
      0.0,
      0.0,
      -5.5105616366955585e-17,
      0.0,
      0.0,
      0.0,
      5.510561636755449e-17,
      0.0,
      0.0,
      0.0,
      1.0469148275947286e-15,
      0.0,
      0.0
    ],
    [
      0.0,
      0.0,
      2.900550145159311e-18,
      0.0,
      0.0,
      0.0,
      -5.510561636695559e-17,
      0.0,
      0.0,
      0.0,
      5.510561636755449e-17,
      0.0,
      0.0,
      0.0,
      1.0469148275947286e-15,
      0.0
    ],
    [
      0.0,
      0.0,
      0.0,
      5.801100290318563e-32,
      0.0,
      0.0,
      0.0,
      -1.1021123273391008e-30,
      0.0,
      0.0,
      0.0,
      1.1021123273510788e-30,
      0.0,
      0.0,
      0.0,
      2.0938296551894357e-29
    ],
    [
      0.002755280818347807,
      0.0,
      0.0,
      0.0,
      -0.052345741379736965,
      0.0,
      0.0,
      0.0,
      0.05234574137973696,
      0.0,
      0.0,
      0.0,
      0.9944818046667863,
      0.0,
      0.0,
      0.0
    ],
    [
      0.0,
      5.5105616366955585e-17,
      0.0,
      0.0,
      0.0,
      -1.0469148275947288e-15,
      0.0,
      0.0,
      0.0,
      1.0469148275947286e-15,
      0.0,
      0.0,
      0.0,
      1.9889636093335523e-14,
      0.0,
      0.0
    ],
    [
      0.0,
      0.0,
      5.510561636695559e-17,
      0.0,
      0.0,
      0.0,
      -1.0469148275947288e-15,
      0.0,
      0.0,
      0.0,
      1.0469148275947286e-15,
      0.0,
      0.0,
      0.0,
      1.9889636093335523e-14,
      0.0
    ],
    [
      0.0,
      0.0,
      0.0,
      1.1021123273391008e-30,
      0.0,
      0.0,
      0.0,
      -2.0938296551894362e-29,
      0.0,
      0.0,
      0.0,
      2.0938296551894357e-29,
      0.0,
      0.0,
      0.0,
      3.977927218667064e-28
    ]
  ],