{
  "config": {
    "symbols": [
      "H",
      "H"
    ],
    "geometry": [
      [
        0.0,
        0.0,
        0.0
      ],
      [
        0.0,
        0.0,
        0.7414
      ]
    ],
    "basis": "STO-3G",
    "ansatz": "RY-CZ",
    "optimizer": {
      "name": "Nesterov",
      "stepsize": 0.1,
      "iterations_planned": 50
    },
    "seed": 1,
    "noisy": true,
    "depolarizing_prob": 0.0,
    "amplitude_damping_prob": 0.0
  },
  "energies": [
    1.3486224639526885,
    1.3486224639526885,
    1.3485697336718356,
    1.3484730936059246,
    1.3483059579734964,
    1.3480225092660338,
    1.3475453367559553,
    1.3467445468984898,
    1.3454028296945537,
    1.3431574181036456,
    1.3394043630212933,
    1.3331424343744054,
    1.3227234137092183,
    1.3054660021839342,
    1.2770955618019748,
    1.231031259905173,
    1.1577515446695108,
    1.0449995274162789,
    0.8805512760816545,
    0.6599897429597088,
    0.399487009589085,
    0.14414919748329677,
    -0.04630293528579066,
    -0.13481060017291746,
    -0.1308035916041821,
    -0.07518664026818975,
    -0.010241600962185349,
    0.03649125283503815,
    0.05290082627345358,
    0.03764001741790737,
    -0.0040414595610513415,
    -0.06319540183539946,
    -0.1297977945714852,
    -0.19560354723118276,
    -0.25654693510443427,
    -0.3134853594807414,
    -0.370820121160486,
    -0.43372906726077143,
    -0.5052987819738086,
    -0.5846183901441933,
    -0.6664551952129137,
    -0.7427034784956198,
    -0.8051636746114622,
    -0.8484396053077332,
    -0.8715200253200711,
    -0.8774121413907698,
    -0.8714154680836026,
    -0.8591984654247208,
    -0.8455027462199327,
    -0.8336402616677628,
    -0.8255350000086794
  ],
  "final_params": [
    -3.0868180974923036,
    3.7054439830488044,
    -0.00020552876028422467,
    0.0011857369408904955
  ],
  "final_state_real": [
    [
      5.803919450817818e-05,
      3.440961250551694e-08,
      -5.964361868571645e-09,
      3.5360825125047654e-12,
      -0.00020038364538469514,
      -1.1880115926072524e-07,
      -2.0592301181063186e-08,
      1.2208527534568738e-11,
      -0.002118672861883135,
      -1.2560944861679764e-06,
      2.1772410414191418e-07,
      -1.2908177172545754e-10,
      -0.007314839481726313,
      -4.336738203194609e-06,
      -7.517049478247751e-07,
      4.4566221485871314e-10
    ],
    [
      3.440961250551695e-08,
      2.0400377885740664e-11,
      -3.536082512504766e-12,
      2.096431956896791e-15,
      -1.1880115926072524e-07,
      -7.043347383799441e-11,
      -1.2208527534568738e-11,
      7.238051482004207e-15,
      -1.2560944861679764e-06,
      -7.446989463747513e-10,
      1.2908177172545754e-10,
      -7.65285171771686e-14,
      -4.336738203194609e-06,
      -2.571115792789389e-09,
      -4.4566221485871314e-10,
      2.6421909158149285e-13
    ],
    [
      -5.964361868571645e-09,
      -3.5360825125047654e-12,
      6.129251133089583e-13,
      -3.6338264061610635e-16,
      2.0592301181063186e-08,
      1.2208527534568738e-11,
      2.1161510663480242e-12,
      -1.2546041449774979e-15,
      2.177241041419142e-07,
      1.2908177172545754e-10,
      -2.2374325056343674e-11,
      1.3264983183808536e-14,
      7.517049478247751e-07,
      4.4566221485871314e-10,
      7.724834698811216e-11,
      -4.579828815869928e-14
    ],
    [
      3.536082512504766e-12,
      2.096431956896791e-15,
      -3.6338264061610635e-16,
      2.1543896384367054e-19,
      -1.2208527534568738e-11,
      -7.238051482004207e-15,
      -1.2546041449774979e-15,
      7.438125525799589e-19,
      -1.2908177172545754e-10,
      -7.65285171771686e-14,
      1.3264983183808534e-14,
      -7.864421447535595e-18,
      -4.4566221485871314e-10,
      -2.6421909158149285e-13,
      -4.5798288158699285e-14,
      2.7152262931289458e-17
    ],
    [
      -0.00020038364538469514,
      -1.1880115926072524e-07,
      2.0592301181063186e-08,
      -1.2208527534568738e-11,
      0.0006918360201990428,
      4.101678111513703e-07,
      7.109610002600973e-08,
      -4.215064101559433e-11,
      0.007314839481726313,
      4.336738203194609e-06,
      -7.517049478247751e-07,
      4.4566221485871314e-10,
      0.025254902541134504,
      1.4972837195088618e-05,
      2.5953044143250316e-06,
      -1.538674338738426e-09
    ],
    [
      -1.1880115926072524e-07,
      -7.043347383799441e-11,
      1.2208527534568738e-11,
      -7.238051482004207e-15,
      4.1016781115137027e-07,
      2.431756051514231e-10,
      4.215064101559434e-11,
      -2.4989787573192985e-14,
      4.336738203194609e-06,
      2.571115792789389e-09,
      -4.4566221485871314e-10,
      2.6421909158149285e-13,
      1.4972837195088618e-05,
      8.87692463123516e-09,
      1.538674338738426e-09,
      -9.122315566961562e-13
    ],
    [
      -2.0592301181063186e-08,
      -1.2208527534568738e-11,
      2.1161510663480242e-12,
      -1.2546041449774979e-15,
      7.109610002600973e-08,
      4.215064101559433e-11,
      7.306160512134018e-12,
      -4.331576308452074e-15,
      7.517049478247751e-07,
      4.4566221485871314e-10,
      -7.724834698811216e-11,
      4.579828815869928e-14,
      2.595304414325031e-06,
      1.5386743387384258e-09,
      2.667053554551034e-10,
      -1.581206157609016e-13
    ],
    [
      1.2208527534568738e-11,
      7.238051482004207e-15,
      -1.2546041449774979e-15,
      7.438125525799589e-19,
      -4.215064101559434e-11,
      -2.4989787573192985e-14,
      -4.331576308452074e-15,
      2.5680651946402972e-18,
      -4.4566221485871314e-10,
      -2.6421909158149285e-13,
      4.5798288158699285e-14,
      -2.7152262931289458e-17,
      -1.5386743387384256e-09,
      -9.12231556696156e-13,
      -1.5812061576090156e-13,
      9.374509900664161e-17
    ],
    [
      -0.002118672861883135,
      -1.2560944861679764e-06,
      2.1772410414191418e-07,
      -1.2908177172545754e-10,
      0.007314839481726313,
      4.336738203194609e-06,
      7.517049478247751e-07,
      -4.4566221485871314e-10,
      0.077340403048385,
      4.5852691831214876e-05,
      -7.947838607180385e-06,
      4.7120234704657895e-09,
      0.26702217408293477,
      0.0001583090464716877,
      2.7440368300426474e-05,
      -1.6268531088819618e-08
    ],
    [
      -1.2560944861679764e-06,
      -7.446989463747513e-10,
      1.2908177172545754e-10,
      -7.65285171771686e-14,
      4.336738203194609e-06,
      2.571115792789389e-09,
      4.4566221485871314e-10,
      -2.6421909158149285e-13,
      4.585269183121487e-05,
      2.7184620003646364e-08,
      -4.71202347046579e-09,
      2.7936103159919967e-12,
      0.0001583090464716877,
      9.385645857639064e-08,
      1.6268531088819618e-08,
      -9.645099724274162e-12
    ],
    [
      2.177241041419142e-07,
      1.2908177172545754e-10,
      -2.2374325056343674e-11,
      1.3264983183808536e-14,
      -7.517049478247751e-07,
      -4.4566221485871314e-10,
      -7.724834698811216e-11,
      4.579828815869928e-14,
      -7.947838607180384e-06,
      -4.712023470465789e-09,
      8.167562576202249e-10,
      -4.842272558085897e-13,
      -2.7440368300426474e-05,
      -1.6268531088819618e-08,
      -2.819887108747688e-09,
      1.6718286852313156e-12
    ],
    [
      -1.2908177172545754e-10,
      -7.65285171771686e-14,
      1.3264983183808534e-14,
      -7.864421447535595e-18,
      4.4566221485871314e-10,
      2.6421909158149285e-13,
      4.5798288158699285e-14,
      -2.7152262931289458e-17,
      4.712023470465789e-09,
      2.7936103159919955e-12,
      -4.842272558085897e-13,
      2.870842098549125e-16,
      1.6268531088819618e-08,
      9.645099724274162e-12,
      1.6718286852313156e-12,
      -9.911709337295442e-16
    ],
    [
      -0.007314839481726313,
      -4.336738203194609e-06,
      7.517049478247751e-07,
      -4.4566221485871314e-10,
      0.025254902541134504,
      1.4972837195088618e-05,
      2.5953044143250316e-06,
