{
  "config": {
    "symbols": [
      "H",
      "H"
    ],
    "geometry": [
      [
        0.0,
        0.0,
        0.0
      ],
      [
        0.0,
        0.0,
        0.7414
      ]
    ],
    "basis": "STO-3G",
    "ansatz": "RY-CZ",
    "optimizer": {
      "name": "Nesterov",
      "stepsize": 0.1,
      "iterations_planned": 50
    },
    "seed": 4,
    "noisy": true,
    "depolarizing_prob": 0.1,
    "amplitude_damping_prob": 0.0
  },
  "energies": [
    1.154269134703592,
    1.154269134703592,
    1.1542541402502156,
    1.154227998335337,
    1.1541853924855665,
    1.1541176861693627,
    1.1540112241546754,
    1.1538446277303938,
    1.153584552814619,
    1.1531790775400468,
    1.1525474283428607,
    1.1515640576576973,
    1.1500340473157082,
    1.147655289170088,
    1.1439607560445446,
    1.138231392713457,
    1.1293671008353332,
    1.1157014467288224,
    1.0947493002953315,
    1.0628955556829858,
    1.0150875082572275,
    0.9447149080541084,
    0.8440731292506122,
    0.7060355972090439,
    0.527466673509666,
    0.31380475513752026,
    0.08195487964396905,
    -0.14259806737379543,
    -0.33487776904699595,
    -0.4795420899455165,
    -0.5734687675557691,
    -0.6222204320293958,
    -0.6352965040919065,
    -0.6231765341630867,
    -0.5960125387742098,
    -0.5629082835497592,
    -0.5312891426418755,
    -0.5064346650473068,
    -0.4913382385523586,
    -0.48690322253659424,
    -0.4923635057879572,
    -0.5058014277712838,
    -0.5246721428153653,
    -0.5462761834457224,
    -0.5681392479077683,
    -0.5882719556724036,
    -0.6053015691154207,
    -0.6184895317665943,
    -0.6276644190702134,
    -0.6331045438655262,
    -0.6353999365378205
  ],
  "final_params": [
    3.174151885369979,
    -3.159250004523767,
    6.063886524757842e-05,
    -5.676343641240694e-05
  ],
  "final_state_real": [
    [
      0.003888879213663061,
      -1.024892829897263e-07,
      -1.092478641090502e-07,
      -2.8791676594418814e-12,
      -0.0004425655399064993,
      1.1663572556723115e-08,
      1.2459883495664814e-08,
      3.2837340934485117e-13,
      0.0008182645782023388,
      -2.1564915058612725e-08,
      -2.308755931748386e-08,
      -6.084599883435061e-13,
      9.401954437794026e-05,
      -2.477833628514851e-09,
      -2.647003581688987e-09,
      -6.976033050145844e-14
    ],
    [
      -1.024892829897263e-07,
      0.0002777770898068934,
      2.8791676594418814e-12,
      -7.803418777381838e-09,
      1.1663572556723115e-08,
      -3.1611824633722147e-05,
      -3.2837340934485117e-13,
      8.899916682765266e-10,
      -2.1564915058612725e-08,
      5.8447470527379596e-05,
      6.084599883435062e-13,
      -1.6491113613180994e-09,
      -2.4778336285148515e-09,
      6.715681816631782e-06,
      6.976033050145843e-14,
      -1.890716822850698e-10
    ],
    [
      -1.092478641090502e-07,
      2.8791676594418814e-12,
      0.0002777770902469814,
      -7.320662976962413e-09,
      -1.2459883495664814e-08,
      3.2837340934485117e-13,
      -3.16118238742841e-05,
      8.331123361477074e-10,
      -2.3087559317483863e-08,
      6.084599883435062e-13,
      5.844747061997912e-05,
      -1.5403510558928439e-09,
      2.647003581688987e-09,
      -6.976033050145844e-14,
      6.715681655295185e-06,
      -1.7698811858871203e-10
    ],
    [
      -2.8791676594418814e-12,
      -7.803418777381838e-09,
      -7.320662976962413e-09,
      1.9841220954546874e-05,
      -3.2837340934485117e-13,
      -8.899916682765266e-10,
      8.331123361477074e-10,
      -2.2579874449264694e-06,
      -6.084599883435062e-13,
      -1.6491113613180999e-09,
      -1.5403510558928439e-09,
      4.1748193768402205e-06,
      6.976033050145843e-14,
      1.890716822850698e-10,
      -1.7698811858871203e-10,
      4.796915521889653e-07
    ],
    [
      -0.0004425655399064993,
      1.1663572556723115e-08,
      -1.2459883495664814e-08,
      -3.2837340934485117e-13,
      0.0543852618256979,
      -1.433293806128288e-06,
      -1.5311324971871965e-06,
      -4.0352158865288714e-11,
      -9.401954437794026e-05,
      2.477833628514851e-09,
      -2.647003581688987e-09,
      -6.976033050145844e-14,
      0.011468155439013172,
      -3.022369591808631e-07,
      -3.228752783028658e-07,
      -8.509201226991302e-12
    ],
    [
      1.1663572556723115e-08,
      -3.1611824633722147e-05,
      3.2837340934485117e-13,
      -8.899916682765266e-10,
      -1.433293806128288e-06,
      0.003884661602564547,
      4.0352158865288714e-11,
      -1.0936660571490589e-07,
      2.4778336285148515e-09,
      -6.715681816631782e-06,
      6.976033050145843e-14,
      -1.890716822850698e-10,
      -3.022369591808631e-07,
      0.0008191539691204666,
      8.509201226991303e-12,
      -2.3062519620026597e-08
    ],
    [
      1.2459883495664814e-08,
      -3.2837340934485117e-13,
      -3.16118238742841e-05,
      8.331123361477074e-10,
      -1.5311324971871965e-06,
      4.0352158865288714e-11,
      0.003884661608719094,
      -1.0237812769833412e-07,
      2.647003581688987e-09,
      -6.976033050145844e-14,
      -6.715681655295185e-06,
      1.7698811858871203e-10,
      -3.2287527830286586e-07,
      8.509201226991305e-12,
      0.0008191539704182685,
      -2.1588353950791483e-08
    ],
    [
      3.2837340934485117e-13,
      8.899916682765266e-10,
      8.331123361477074e-10,
      -2.2579874449264694e-06,
      -4.0352158865288714e-11,
      -1.0936660571490589e-07,
      -1.0237812769833412e-07,
      0.00027747583230751567,
      6.976033050145843e-14,
      1.890716822850698e-10,
      1.7698811858871203e-10,
      -4.796915521889653e-07,
      -8.509201226991303e-12,
      -2.3062519620026604e-08,
      -2.1588353950791483e-08,
      5.851099854351595e-05
    ],
    [
      0.0008182645782023388,
      -2.1564915058612725e-08,
      -2.308755931748386e-08,
      -6.084599883435061e-13,
      -9.401954437794026e-05,
      2.477833628514851e-09,
      2.647003581688987e-09,
      6.976033050145844e-14,
      0.05424403921198461,
      -1.429571961446005e-06,
      -1.5238440432236897e-06,
      -4.0160075650571456e-11,
      -0.006218878618178906,
      1.6389514194871113e-07,
      1.7508480907158009e-07,
      4.6142643066711464e-12
    ],
    [
      -2.1564915058612725e-08,
      5.8447470527379596e-05,
      6.084599883435062e-13,
      -1.6491113613180994e-09,
      2.4778336285148515e-09,
      -6.715681816631782e-06,
      -6.976033050145843e-14,
      1.890716822850698e-10,
      -1.429571961446005e-06,
      0.0038745742729004167,
      4.016007565057147e-11,
      -1.088460018662106e-07,
      1.6389514194871113e-07,
      -0.00044420562056822005,
      -4.6142643066711464e-12,
      1.2506057650515657e-08
    ],
    [
      -2.3087559317483863e-08,
      6.084599883435062e-13,
      5.844747061997912e-05,
      -1.5403510558928439e-09,
      -2.647003581688987e-09,
      6.976033050145844e-14,
      -6.715681655295185e-06,
      1.7698811858871203e-10,
      -1.5238440432236897e-06,
      4.0160075650571456e-11,
      0.0038745742790389824,
      -1.0211228165300344e-07,
      -1.7508480907158009e-07,
      4.6142643066711464e-12,
      -0.0004442056098966866,
      1.1706796003377598e-08
    ],
    [
      -6.084599883435062e-13,
      -1.6491113613180999e-09,
      -1.5403510558928439e-09,
      4.1748193768402205e-06,
      -6.976033050145843e-14,
      -1.890716822850698e-10,
      1.7698811858871203e-10,
      -4.796915521889653e-07,
      -4.016007565057147e-11,
      -1.088460018662106e-07,
      -1.0211228165300344e-07,
      0.00027675530875085204,
      -4.6142643066711464e-12,
      -1.2506057650515657e-08,
      1.1706796003377598e-08,
      -3.1728972491478505e-05
    ],
    [
      9.401954437794026e-05,
      -2.477833628514851e-09,
      2.647003581688987e-09,
      6.976033050145844e-14,
      0.011468155439013172,
      -3.022369591808631e-07,
      -3.228752783028658e-07,
