{
  "config": {
    "symbols": [
      "H",
      "H"
    ],
    "geometry": [
      [
        0.0,
        0.0,
        0.0
      ],
      [
        0.0,
        0.0,
        0.7414
      ]
    ],
    "basis": "STO-3G",
    "ansatz": "TwoQubit-RY-CNOT",
    "optimizer": {
      "name": "Adagrad",
      "stepsize": 0.1,
      "iterations_planned": 50
    },
    "seed": 1,
    "noisy": true,
    "depolarizing_prob": 0.02,
    "amplitude_damping_prob": 0.0
  },
  "energies": [
    1.3068736798733114,
    1.3068736798733114,
    1.2978687973780327,
    1.2750354962917674,
    1.2435745230246291,
    1.2074222926918523,
    1.168754540702697,
    1.1288046152606732,
    1.0883130400954992,
    1.0477469935658608,
    1.0074122492248763,
    0.9675139853831403,
    0.928191841615398,
    0.889541194189918,
    0.8516266407496398,
    0.8144908726722315,
    0.7781606964958487,
    0.7426512302618221,
    0.7079688975310063,
    0.6741136042285252,
    0.6410803481176949,
    0.6088604272693706,
    0.577442356735181,
    0.5468125724727589,
    0.5169559756922906,
    0.4878563591535412,
    0.45949673911578615,
    0.43185961835298325,
    0.4049271939161818,
    0.37868152116826836,
    0.35310464364011257,
    0.328178696737185,
    0.3038859882703998,
    0.28020906242228844,
    0.25713074913907497,
    0.23463420244340133,
    0.21270292900311366,
    0.19132080973250218,
    0.17047211445440225,
    0.1501415124419347,
    0.13031407799604453,
    0.11097529301819586,
    0.0921110474617851,
    0.07370763639460477,
    0.055751756386934054,
    0.038230499811451935,
    0.021131348278235068,
    0.004442165300582057,
    -0.011848811980846696,
    -0.027752981765458484,
    -0.04328138601181861
  ],
  "final_params": [
    -1.6837122092851682
  ],
  "final_state_real": [
    [
      0.19292192047818138,
      0.0,
      0.0,
      0.0,
      0.2025807695839509,
      0.0,
      0.0,
      0.0,
      -0.20258076958395088,
      0.0,
      0.0,
      0.0,
      0.22764339549372709,
      0.0,
      0.0,
      0.0
    ],
    [
      0.0,
      0.0026070529794387657,
      0.0,
      0.0,
      0.0,
      0.0027375779673547655,
      0.0,
      0.0,
      0.0,
      -0.0027375779673547646,
      0.0,
      0.0,
      0.0,
      0.003076262101271164,
      0.0,
      0.0
    ],
    [
      0.0,
      0.0,
      0.002607052979438766,
      0.0,
      0.0,
      0.0,
      0.002737577967354765,
      0.0,
      0.0,
      0.0,
      -0.002737577967354765,
      0.0,
      0.0,
      0.0,
      0.003076262101271164,
      0.0
    ],
    [
      0.0,
      0.0,
      0.0,
      3.5230445668143896e-05,
      0.0,
      0.0,
      0.0,
      3.699429685620057e-05,
      0.0,
      0.0,
      0.0,
      -3.699429685620057e-05,
      0.0,
      0.0,
      0.0,
      4.157110947669926e-05
    ],
    [
      0.2025807695839509,
      0.0,
      0.0,
      0.0,
      0.24045047499992295,
      0.0,
      0.0,
      0.0,
      -0.22764339549372709,
      0.0,
      0.0,
      0.0,
      0.25562397354256855,
      0.0,
      0.0,
      0.0
    ],
    [
      0.0,
      0.0027375779673547655,
      0.0,
      0.0,
      0.0,
      0.003249330743247042,
      0.0,
      0.0,
      0.0,
      -0.003076262101271164,
      0.0,
      0.0,
      0.0,
      0.003454378020850665,
      0.0,
      0.0
    ],
    [
      0.0,
      0.0,
      0.002737577967354765,
      0.0,
      0.0,
      0.0,
      0.0032493307432470415,
      0.0,
      0.0,
      0.0,
      -0.003076262101271164,
      0.0,
      0.0,
      0.0,
      0.0034543780208506638,
      0.0
    ],
    [
      0.0,
      0.0,
      0.0,
      3.699429685620057e-05,
      0.0,
      0.0,
      0.0,
      4.390987490880921e-05,
      0.0,
      0.0,
      0.0,
      -4.157110947669926e-05,
      0.0,
      0.0,
      0.0,
      4.6680784065619044e-05
    ],
    [
      -0.20258076958395088,
      0.0,
      0.0,
      0.0,
      -0.22764339549372709,
      0.0,
      0.0,
      0.0,
      0.24045047499992298,
      0.0,
      0.0,
      0.0,
      -0.2556239735425686,
      0.0,
      0.0,
      0.0
    ],
    [
      0.0,
      -0.0027375779673547646,
      0.0,
      0.0,
      0.0,
      -0.003076262101271164,
      0.0,
      0.0,
      0.0,
      0.0032493307432470424,
      0.0,
      0.0,
      0.0,
      -0.003454378020850666,
      0.0,
      0.0
    ],
    [
      0.0,
      0.0,
      -0.002737577967354765,
      0.0,
      0.0,
      0.0,
      -0.003076262101271164,
      0.0,
      0.0,
      0.0,
      0.003249330743247042,
      0.0,
      0.0,
      0.0,
      -0.003454378020850664,
      0.0
    ],
    [
      0.0,
      0.0,
      0.0,
      -3.699429685620057e-05,
      0.0,
      0.0,
      0.0,
      -4.157110947669926e-05,
      0.0,
      0.0,
      0.0,
      4.390987490880921e-05,
      0.0,
      0.0,
      0.0,
      -4.668078406561905e-05
    ],
    [
      0.22764339549372709,
      0.0,
      0.0,
      0.0,
      0.25562397354256855,
      0.0,
      0.0,
      0.0,
      -0.25562397354256866,
      0.0,
      0.0,
      0.0,
      0.2996882406332226,
      0.0,
      0.0,
      0.0
    ],
    [
      0.0,
      0.003076262101271164,
      0.0,
      0.0,
      0.0,
      0.003454378020850665,
      0.0,
      0.0,
      0.0,
      -0.003454378020850667,
      0.0,
      0.0,
      0.0,
      0.004049841089644174,
      0.0,
      0.0
    ],
    [
      0.0,
      0.0,
      0.003076262101271164,
      0.0,
      0.0,
      0.0,
      0.0034543780208506638,
      0.0,
      0.0,
      0.0,
      -0.0034543780208506655,
      0.0,
      0.0,
      0.0,
      0.004049841089644173,
      0.0
    ],
    [
      0.0,
      0.0,
      0.0,
      4.157110947669926e-05,
      0.0,
      0.0,
      0.0,
      4.6680784065619044e-05,
      0.0,
      0.0,
      0.0,
      -4.668078406561907e-05,
      0.0,
      0.0,
      0.0,
      5.4727582292570335e-05
    ]
  ],