{
  "config": {
    "symbols": [
      "H",
      "H"
    ],
    "geometry": [
      [
        0.0,
        0.0,
        0.0
      ],
      [
        0.0,
        0.0,
        0.7414
      ]
    ],
    "basis": "STO-3G",
    "ansatz": "TwoQubit-RY-CNOT",
    "optimizer": {
      "name": "Adam",
      "stepsize": 0.1,
      "iterations_planned": 50
    },
    "seed": 0,
    "noisy": true,
    "depolarizing_prob": 0.06,
    "amplitude_damping_prob": 0.0
  },
  "energies": [
    1.2276021557405385,
    1.2276021557405385,
    1.2191024774858477,
    1.2024259370888108,
    1.1755424591550372,
    1.1382351875834331,
    1.0905163291809603,
    1.032595957953048,
    0.964888504838636,
    0.8880195903789009,
    0.8028271203635902,
    0.7103545427284746,
    0.6118350410991117,
    0.5086659754840288,
    0.40237350284840756,
    0.2945680835998862,
    0.18689248140803041,
    0.08096481807209663,
    -0.021679871880936036,
    -0.11964549030529584,
    -0.21172379110843106,
    -0.29693234440163585,
    -0.3745384810437365,
    -0.44406766054110147,
    -0.5052965527726416,
    -0.5582329544169782,
    -0.6030860837487133,
    -0.6402315065739852,
    -0.6701748270457655,
    -0.6935174398108948,
    -0.7109263771148714,
    -0.7231089574080235,
    -0.7307918679819896,
    -0.7347036803316739,
    -0.7355596392664423,
    -0.7340477950230245,
    -0.7308159998849065,
    -0.7264597899400469,
    -0.7215115738315674,
    -0.7164317669159315,
    -0.7116025191817031,
    -0.7073245219711948,
    -0.7038171076563029,
    -0.7012215537371448,
    -0.6996072310728305,
    -0.6989800368602381,
    -0.699292441743044,
    -0.7004544523714051,
    -0.7023448301306316,
    -0.704821990821512,
    -0.707734119891924
  ],
  "final_params": [
    -3.412792183084623
  ],
  "final_state_real": [
    [
      0.0029746518753465847,
      0.0,
      0.0,
      0.0,
      0.002467258997231881,
      0.0,
      0.0,
      0.0,
      -0.002467258997231881,
      0.0,
      0.0,
      0.0,
      0.013994662581925103,
      0.0,
      0.0,
      0.0
    ],
    [
      0.0,
      0.00012394382813950158,
      0.0,
      0.0,
      0.0,
      0.00010280245821804526,
      0.0,
      0.0,
      0.0,
      -0.00010280245821804528,
      0.0,
      0.0,
      0.0,
      0.0005831109409138309,
      0.0,
      0.0
    ],
    [
      0.0,
      0.0,
      0.00012394382813950158,
      0.0,
      0.0,
      0.0,
      0.00010280245821804526,
      0.0,
      0.0,
      0.0,
      -0.00010280245821804528,
      0.0,
      0.0,
      0.0,
      0.0005831109409138308,
      0.0
    ],
    [
      0.0,
      0.0,
      0.0,
      5.164326172481755e-06,
      0.0,
      0.0,
      0.0,
      4.283435759087313e-06,
      0.0,
      0.0,
      0.0,
      -4.283435759087313e-06,
      0.0,
      0.0,
      0.0,
      2.4296289204754822e-05
    ],
    [
      0.0024672589972318812,
      0.0,
      0.0,
      0.0,
      0.04938410258195359,
      0.0,
      0.0,
      0.0,
      -0.013994662581925107,
      0.0,
      0.0,
      0.0,
      -0.10694897006883286,
      0.0,
      0.0,
      0.0
    ],
    [
      0.0,
      0.00010280245821804529,
      0.0,
      0.0,
      0.0,
      0.002057670940915738,
      0.0,
      0.0,
      0.0,
      -0.000583110940913831,
      0.0,
      0.0,
      0.0,
      -0.004456207086203546,
      0.0,
      0.0
    ],
    [
      0.0,
      0.0,
      0.00010280245821804529,
      0.0,
      0.0,
      0.0,
      0.0020576709409157383,
      0.0,
      0.0,
      0.0,
      -0.000583110940913831,
      0.0,
      0.0,
      0.0,
      -0.004456207086203547,
      0.0
    ],
    [
      0.0,
      0.0,
      0.0,
      4.283435759087314e-06,
      0.0,
      0.0,
      0.0,
      8.573628920486431e-05,
      0.0,
      0.0,
      0.0,
      -2.429628920475483e-05,
      0.0,
      0.0,
      0.0,
      -0.0001856752952585718
    ],
    [
      -0.002467258997231881,
      0.0,
      0.0,
      0.0,
      -0.013994662581925103,
      0.0,
      0.0,
      0.0,
      0.0493841025819536,
      0.0,
      0.0,
      0.0,
      0.10694897006883285,
      0.0,
      0.0,
      0.0
    ],
    [
      0.0,
      -0.00010280245821804528,
      0.0,
      0.0,
      0.0,
      -0.0005831109409138309,
      0.0,
      0.0,
      0.0,
      0.0020576709409157387,
      0.0,
      0.0,
      0.0,
      0.004456207086203545,
      0.0,
      0.0
    ],
    [
      0.0,
      0.0,
      -0.00010280245821804528,
      0.0,
      0.0,
      0.0,
      -0.0005831109409138308,
      0.0,
      0.0,
      0.0,
      0.0020576709409157387,
      0.0,
      0.0,
      0.0,
      0.004456207086203546,
      0.0
    ],
    [
      0.0,
      0.0,
      0.0,
      -4.283435759087313e-06,
      0.0,
      0.0,
      0.0,
      -2.4296289204754822e-05,
      0.0,
      0.0,
      0.0,
      8.573628920486433e-05,
      0.0,
      0.0,
      0.0,
      0.00018567529525857174
    ],
    [
      0.013994662581925107,
      0.0,
      0.0,
      0.0,
      -0.10694897006883286,
      0.0,
      0.0,
      0.0,
      0.10694897006883286,
      0.0,
      0.0,
      0.0,
      0.8198571429608938,
      0.0,
      0.0,
      0.0
    ],
    [
      0.0,
      0.000583110940913831,
      0.0,
      0.0,
      0.0,
      -0.004456207086203546,
      0.0,
      0.0,
      0.0,
      0.004456207086203546,
      0.0,
      0.0,
      0.0,
      0.034160714290053934,
      0.0,
      0.0
    ],
    [
      0.0,
      0.0,
      0.000583110940913831,
      0.0,
      0.0,
      0.0,
      -0.004456207086203547,
      0.0,
      0.0,
      0.0,
      0.004456207086203547,
      0.0,
      0.0,
      0.0,
      0.03416071429005394,
      0.0
    ],
    [
      0.0,
      0.0,
      0.0,
      2.429628920475483e-05,
      0.0,
      0.0,
      0.0,
      -0.0001856752952585718,
      0.0,
      0.0,
      0.0,
      0.0001856752952585718,
      0.0,
      0.0,
      0.0,
      0.0014233630954196093
    ]
  ],