{
  "config": {
    "symbols": [
      "H",
      "H"
    ],
    "geometry": [
      [
        0.0,
        0.0,
        0.0
      ],
      [
        0.0,
        0.0,
        0.7414
      ]
    ],
    "basis": "STO-3G",
    "ansatz": "RY-CZ",
    "optimizer": {
      "name": "Momentum",
      "stepsize": 0.1,
      "iterations_planned": 50
    },
    "seed": 1,
    "noisy": true,
    "depolarizing_prob": 0.08,
    "amplitude_damping_prob": 0.0
  },
  "energies": [
    1.1902962730129023,
    1.1902962730129023,
    1.1902929341223885,
    1.1902858047654352,
    1.19027364644212,
    1.1902542857022538,
    1.1902242721539025,
    1.19017829807062,
    1.190108287063484,
    1.1900019983838857,
    1.1898409082635466,
    1.1895970045927764,
    1.1892279463574336,
    1.1886697633022036,
    1.1878258649082625,
    1.1865505327664994,
    1.184624217148153,
    1.1817167738071137,
    1.1773332189318744,
    1.1707347515379734,
    1.1608261786915284,
    1.1460009265879771,
    1.1239400578734366,
    1.091379791315795,
    1.0439073540693393,
    0.9759392938738469,
    0.8811962064118677,
    0.7541730408257374,
    0.5930970078007392,
    0.40415247249513475,
    0.20484410409007567,
    0.022216255570376403,
    -0.11705952573343922,
    -0.20040700820795718,
    -0.23600270438889134,
    -0.24650153121475787,
    -0.2559893127509841,
    -0.2800551029976127,
    -0.32279675183042333,
    -0.3789177757805833,
    -0.43813957487726335,
    -0.49008187632854755,
    -0.5281491717510312,
    -0.5511549308633389,
    -0.5623605988320317,
    -0.5669475536065928,
    -0.569533696886388,
    -0.5728300367731971,
    -0.5775862870799682,
    -0.5833368922010773,
    -0.5893178809599977
  ],
  "final_params": [
    -3.9078927522925775,
    3.1888306709898493,
    0.00022317763288888154,
    -0.0015208845711186577
  ],
  "final_state_real": [
    [
      0.008596115922953281,
      -6.1685777771483424e-06,
      -8.874321072380042e-07,
      -6.368218377772717e-10,
      -0.0016336232176700522,
      1.172288972758336e-06,
      1.7202398191040035e-07,
      1.2344451751120261e-10,
      -0.014650108529547765,
      1.0512926386540872e-05,
      1.5735558616910668e-06,
      1.12918467510276e-09,
      0.005854927313345482,
      -4.201499251171131e-06,
      -6.165362363508454e-07,
      -4.424267906096031e-10
    ],
    [
      -6.168577777148343e-06,
      0.0004842931761330659,
      6.368218377772717e-10,
      -4.999566350672209e-08,
      1.1722889727583365e-06,
      -9.203605253596208e-05,
      -1.2344451751120261e-10,
      9.691392777579807e-09,
      1.0512926386540872e-05,
      -0.0008253666718853725,
      -1.1291846751027599e-09,
      8.865012740522539e-08,
      -4.201499251171131e-06,
      0.00032985843490511673,
      4.424267906096031e-10,
      -3.473408045628767e-08
    ],
    [
      -8.874321072380042e-07,
      6.368218377772717e-10,
      0.00048428832771127417,
      -3.4752543200413573e-07,
      -1.720239819104003e-07,
      1.2344451751120256e-10,
      -9.203509057726817e-05,
      6.604446372059327e-08,
      1.5735558616910668e-06,
      -1.12918467510276e-09,
      -0.0008253584088621555,
      5.922774124117907e-07,
      6.165362363508454e-07,
      -4.424267906096031e-10,
      0.0003298549872323788,
      -2.367042353159407e-07
    ],
    [
      -6.368218377772717e-10,
      -4.999566350672209e-08,
      -3.4752543200413584e-07,
      2.7284128610365032e-05,
      -1.2344451751120256e-10,
      -9.691392777579806e-09,
      6.604446372059327e-08,
      -5.1851285779364495e-06,
      1.1291846751027599e-09,
      8.865012740522539e-08,
      5.922774124117907e-07,
      -4.649954105535849e-05,
      4.424267906096031e-10,
      3.473408045628767e-08,
      -2.367042353159407e-07,
      1.8583569703096575e-05
    ],
    [
      -0.0016336232176700522,
      1.172288972758336e-06,
      -1.7202398191040035e-07,
      -1.2344451751120261e-10,
      0.15108921706645265,
      -0.00010842170988809346,
      -1.5909013871881887e-05,
      -1.1416318350986594e-08,
      -0.005854927313345482,
      4.201499251171131e-06,
      -6.165362363508454e-07,
      -4.424267906096031e-10,
      -0.26263280077451917,
      0.00018846545031832648,
      2.765752873555364e-05,
      1.9847059999407118e-08
    ],
    [
      1.1722889727583365e-06,
      -9.203605253596208e-05,
      1.2344451751120261e-10,
      -9.691392777579807e-09,
      -0.00010842170988809348,
      0.008512155660580228,
      1.1416318350986594e-08,
      -8.962733011068123e-07,
      4.201499251171131e-06,
      -0.00032985843490511673,
      4.424267906096031e-10,
      -3.473408045628767e-08,
      0.00018846545031832648,
      -0.014796365519477177,
      -1.9847059999407115e-08,
      1.5581546901586121e-06
    ],
    [
      1.720239819104003e-07,
      -1.2344451751120256e-10,
      -9.203509057726817e-05,
      6.604446372059327e-08,
      -1.5909013871881887e-05,
      1.1416318350986594e-08,
      0.008512070442528366,
      -6.108264000021323e-06,
      6.165362363508454e-07,
      -4.424267906096031e-10,
      -0.0003298549872323788,
      2.367042353159407e-07,
      2.765752873555364e-05,
      -1.9847059999407118e-08,
      -0.014796217388087849,
      1.0617769509588425e-05
    ],
    [
      1.2344451751120256e-10,
      9.691392777579806e-09,
      6.604446372059327e-08,
      -5.1851285779364495e-06,
      -1.1416318350986594e-08,
      -8.962733011068123e-07,
      -6.108264000021324e-06,
      0.0004795581710424612,
      4.424267906096031e-10,
      3.473408045628767e-08,
      2.367042353159407e-07,
      -1.8583569703096575e-05,
      1.9847059999407115e-08,
      1.5581546901586121e-06,
      1.0617769509588425e-05,
      -0.0008335982410961382
    ],
    [
      -0.014650108529547765,
      1.0512926386540872e-05,
      1.5735558616910668e-06,
      1.12918467510276e-09,
      -0.005854927313345482,
      4.201499251171131e-06,
      6.165362363508454e-07,
      4.424267906096031e-10,
      0.03964653496290534,
      -2.8450376507846192e-05,
      -4.092965751295802e-06,
      -2.9371147949694112e-09,
      0.015252157470567684,
      -1.0944957086874259e-05,
      -1.6060844584185104e-06,
      -1.1525272165539116e-09
    ],
    [
      1.0512926386540872e-05,
      -0.0008253666718853725,
      -1.1291846751027599e-09,
      8.865012740522539e-08,
      4.201499251171131e-06,
      -0.00032985843490511673,
      -4.424267906096031e-10,
      3.473408045628767e-08,
      -2.8450376507846192e-05,
      0.002233630457284426,
      2.9371147949694112e-09,
      -2.3058726045331392e-07,
      -1.0944957086874259e-05,
      0.0008592852691271272,
      1.1525272165539116e-09,
      -9.048270565325914e-08
    ],
    [
      1.5735558616910668e-06,
      -1.12918467510276e-09,
      -0.0008253584088621555,
      5.922774124117907e-07,
      -6.165362363508454e-07,
      4.424267906096031e-10,
      -0.0003298549872323788,
      2.367042353159407e-07,
      -4.092965751295802e-06,
      2.9371147949694112e-09,
      0.0022336080956590356,
      -1.602837759977196e-06,
      1.6060844584185104e-06,
      -1.1525272165539116e-09,
      0.0008592762878973541,
      -6.166174365239307e-07
    ],
    [
      1.1291846751027599e-09,
      8.865012740522539e-08,
      5.922774124117907e-07,
      -4.649954105535849e-05,
      -4.424267906096031e-10,
      -3.473408045628767e-08,
      2.367042353159407e-07,
      -1.8583569703096575e-05,
      -2.9371147949694112e-09,
      -2.3058726045331392e-07,
      -1.602837759977196e-06,
      0.00012583836334673434,
      1.1525272165539116e-09,
      9.048270565325914e-08,
      -6.166174365239307e-07,
      4.84104270314064e-05
    ],
    [
      0.005854927313345482,
      -4.201499251171131e-06,
      6.165362363508454e-07,
      4.424267906096031e-10,
      -0.26263280077451917,
      0.00018846545031832648,
      2.765752873555364e-05,
      1.9847059999407118e-08,
      0.015252157470567684,
