{
  "config": {
    "symbols": [
      "H",
      "H"
    ],
    "geometry": [
      [
        0.0,
        0.0,
        0.0
      ],
      [
        0.0,
        0.0,
        0.7414
      ]
    ],
    "basis": "STO-3G",
    "ansatz": "TwoQubit-RY-CNOT",
    "optimizer": {
      "name": "Adam",
      "stepsize": 0.1,
      "iterations_planned": 50
    },
    "seed": 3,
    "noisy": true,
    "depolarizing_prob": 0.06,
    "amplitude_damping_prob": 0.0
  },
  "energies": [
    1.2277162821439769,
    1.2277162821439769,
    1.220148653324872,
    1.2050405733524745,
    1.1798038160746653,
    1.144186040946175,
    1.0981576429309658,
    1.041884989918384,
    0.9757389865536984,
    0.9003034128814453,
    0.8163773326941458,
    0.7249696679853981,
    0.6272847420297797,
    0.5246980415682935,
    0.41872202560615607,
    0.3109625587250938,
    0.2030674416151241,
    0.0966694770003164,
    -0.00667257363501933,
    -0.10553107797418168,
    -0.1986602810016312,
    -0.2850365581356473,
    -0.36388488423566123,
    -0.43468968524863033,
    -0.49719008127922415,
    -0.5513614110725955,
    -0.5973864526676418,
    -0.6356205901175599,
    -0.6665551740161169,
    -0.690782563921363,
    -0.7089651003155956,
    -0.7218088978754054,
    -0.7300422137826487,
    -0.7343974370130449,
    -0.7355955226174223,
    -0.7343318823558777,
    -0.7312631811222212,
    -0.7269949968509175,
    -0.7220707268125409,
    -0.7169623686947202,
    -0.7120638407772775,
    -0.7076873589494357,
    -0.704063123928,
    -0.7013422659518153,
    -0.6996027132704182,
    -0.698857439097558,
    -0.6990644188534759,
    -0.7001375923323225,
    -0.7019581579340959,
    -0.7043856074327575,
    -0.7072680183255042
  ],
  "final_params": [
    -3.415394862356679
  ],
  "final_state_real": [
    [
      0.0030084900676117824,
      0.0,
      0.0,
      0.0,
      0.0024501969982981507,
      0.0,
      0.0,
      0.0,
      -0.0024501969982981507,
      0.0,
      0.0,
      0.0,
      0.01425778611124636,
      0.0,
      0.0,
      0.0
    ],
    [
      0.0,
      0.00012535375281721889,
      0.0,
      0.0,
      0.0,
      0.00010209154159580615,
      0.0,
      0.0,
      0.0,
      -0.00010209154159580615,
      0.0,
      0.0,
      0.0,
      0.0005940744213022222,
      0.0,
      0.0
    ],
    [
      0.0,
      0.0,
      0.0001253537528172189,
      0.0,
      0.0,
      0.0,
      0.00010209154159580615,
      0.0,
      0.0,
      0.0,
      -0.00010209154159580615,
      0.0,
      0.0,
      0.0,
      0.000594074421302222,
      0.0
    ],
    [
      0.0,
      0.0,
      0.0,
      5.223073034053339e-06,
      0.0,
      0.0,
      0.0,
      4.253814233160669e-06,
      0.0,
      0.0,
      0.0,
      -4.253814233160669e-06,
      0.0,
      0.0,
      0.0,
      2.4753100887604682e-05
    ],
    [
      0.0024501969982981507,
      0.0,
      0.0,
      0.0,
      0.049647226111274846,
      0.0,
      0.0,
      0.0,
      -0.01425778611124636,
      0.0,
      0.0,
      0.0,
      -0.10790955132809657,
      0.0,
      0.0,
      0.0
    ],
    [
      0.0,
      0.00010209154159580615,
      0.0,
      0.0,
      0.0,
      0.002068634421304129,
      0.0,
      0.0,
      0.0,
      -0.0005940744213022222,
      0.0,
      0.0,
      0.0,
      -0.004496231305339553,
      0.0,
      0.0
    ],
    [
      0.0,
      0.0,
      0.00010209154159580615,
      0.0,
      0.0,
      0.0,
      0.002068634421304129,
      0.0,
      0.0,
      0.0,
      -0.000594074421302222,
      0.0,
      0.0,
      0.0,
      -0.004496231305339554,
      0.0
    ],
    [
      0.0,
      0.0,
      0.0,
      4.253814233160669e-06,
      0.0,
      0.0,
      0.0,
      8.619310088771414e-05,
      0.0,
      0.0,
      0.0,
      -2.4753100887604682e-05,
      0.0,
      0.0,
      0.0,
      -0.00018734297105590627
    ],
    [
      -0.0024501969982981507,
      0.0,
      0.0,
      0.0,
      -0.01425778611124636,
      0.0,
      0.0,
      0.0,
      0.049647226111274846,
      0.0,
      0.0,
      0.0,
      0.10790955132809656,
      0.0,
      0.0,
      0.0
    ],
    [
      0.0,
      -0.00010209154159580615,
      0.0,
      0.0,
      0.0,
      -0.0005940744213022222,
      0.0,
      0.0,
      0.0,
      0.002068634421304129,
      0.0,
      0.0,
      0.0,
      0.004496231305339553,
      0.0,
      0.0
    ],
    [
      0.0,
      0.0,
      -0.00010209154159580615,
      0.0,
      0.0,
      0.0,
      -0.000594074421302222,
      0.0,
      0.0,
      0.0,
      0.002068634421304129,
      0.0,
      0.0,
      0.0,
      0.004496231305339553,
      0.0
    ],
    [
      0.0,
      0.0,
      0.0,
      -4.253814233160669e-06,
      0.0,
      0.0,
      0.0,
      -2.4753100887604682e-05,
      0.0,
      0.0,
      0.0,
      8.619310088771414e-05,
      0.0,
      0.0,
      0.0,
      0.00018734297105590624
    ],
    [
      0.01425778611124636,
      0.0,
      0.0,
      0.0,
      -0.10790955132809657,
      0.0,
      0.0,
      0.0,
      0.10790955132809656,
      0.0,
      0.0,
      0.0,
      0.8192970577099858,
      0.0,
      0.0,
      0.0
    ],
    [
      0.0,
      0.0005940744213022222,
      0.0,
      0.0,
      0.0,
      -0.004496231305339553,
      0.0,
      0.0,
      0.0,
      0.004496231305339553,
      0.0,
      0.0,
      0.0,
      0.03413737740459943,
      0.0,
      0.0
    ],
    [
      0.0,
      0.0,
      0.000594074421302222,
      0.0,
      0.0,
      0.0,
      -0.004496231305339554,
      0.0,
      0.0,
      0.0,
      0.004496231305339553,
      0.0,
      0.0,
      0.0,
      0.03413737740459943,
      0.0
    ],
    [
      0.0,
      0.0,
      0.0,
      2.4753100887604682e-05,
      0.0,
      0.0,
      0.0,
      -0.00018734297105590627,
      0.0,
      0.0,
      0.0,
      0.00018734297105590624,
      0.0,
      0.0,
      0.0,
      0.0014223907251923378
    ]
  ],