{
  "config": {
    "symbols": [
      "H",
      "H"
    ],
    "geometry": [
      [
        0.0,
        0.0,
        0.0
      ],
      [
        0.0,
        0.0,
        0.7414
      ]
    ],
    "basis": "STO-3G",
    "ansatz": "RY-CZ",
    "optimizer": {
      "name": "Adam",
      "stepsize": 0.1,
      "iterations_planned": 50
    },
    "seed": 3,
    "noisy": true,
    "depolarizing_prob": 0.02,
    "amplitude_damping_prob": 0.0
  },
  "energies": [
    1.3069487975706826,
    1.3069487975706826,
    1.2983567498548199,
    1.2813803306561877,
    1.2534357866223669,
    1.2151545663733583,
    1.1676408942142538,
    1.109882574952405,
    1.04017284778958,
    0.9585858060846487,
    0.8659310613607933,
    0.7635938270473662,
    0.6535880957833029,
    0.5385576516073937,
    0.42154216813676537,
    0.30508423069234014,
    0.1898860391426303,
    0.07540795086013692,
    -0.037949534236743826,
    -0.1481897271359412,
    -0.2525246141871066,
    -0.34827153243872433,
    -0.4337503234323947,
    -0.5090548201149396,
    -0.5756001119107631,
    -0.6345234386349335,
    -0.6858355298922609,
    -0.7288351094386959,
    -0.7629731666493047,
    -0.7885818276875107,
    -0.8070647620618725,
    -0.8202345019029366,
    -0.8293623587979683,
    -0.8348949178114632,
    -0.836880255903944,
    -0.8355588002371314,
    -0.8317027293025618,
    -0.8264874356796265,
    -0.8209925602293494,
    -0.8157989371937716,
    -0.8110104500078733,
    -0.8065705475293745,
    -0.8025716654561454,
    -0.7993449472516478,
    -0.7972854958768102,
    -0.796583815287549,
    -0.7971142443432578,
    -0.7985546277207526,
    -0.800605393897894,
    -0.8031311472250713,
    -0.8061304298634957
  ],
  "final_params": [
    3.415724149992204,
    -3.415473214696051,
    0.021388832010680543,
    -0.026275352360354977
  ],
  "final_state_real": [
    [
      0.0009649948462786604,
      -1.250712006554714e-05,
      1.7152689439621007e-06,
      2.2231456587705898e-08,
      0.0006836109225789738,
      -8.860209753179118e-06,
      -7.212277192647025e-06,
      -9.347771839001829e-08,
      -0.000679870510189771,
      8.811676179162512e-06,
      -4.257386918556465e-05,
      -5.517963395193731e-07,
      0.016877332019453434,
      -0.00021874533719014463,
      -0.00017806034511183975,
      -2.307825164257887e-06
    ],
    [
      -1.2507120065547142e-05,
      1.3207015951908042e-05,
      -2.22314565877059e-08,
      2.288327645652641e-08,
      -8.860209753179118e-06,
      9.355967437770073e-06,
      9.347771839001829e-08,
      -9.621845802164107e-08,
      8.811676179162512e-06,
      -9.304775779823488e-06,
      5.517963395193731e-07,
      -5.679748483913507e-07,
      -0.00021874533719014463,
      0.0002309848535110244,
      2.307825164257887e-06,
      -2.3754899297172596e-06
    ],
    [
      1.7152689439621007e-06,
      -2.2231456587705898e-08,
      1.315082596017841e-05,
      -1.675848399800772e-07,
      7.212277192647025e-06,
      -9.347771839001823e-08,
      9.159808690460391e-06,
      -1.2074580178751221e-07,
      -4.257386918556465e-05,
      5.517963395193731e-07,
      -9.26518808824969e-06,
      1.1806901466541629e-07,
      0.00017806034511183975,
      -2.307825164257887e-06,
      0.00022614198719991298,
      -2.981033391091748e-06
    ],
    [
      2.22314565877059e-08,
      2.288327645652641e-08,
      -1.675848399800772e-07,
      1.7998351898626457e-07,
      9.347771839001823e-08,
      9.621845802164109e-08,
      -1.2074580178751221e-07,
      1.2536205758802872e-07,
      -5.517963395193731e-07,
      -5.679748483913507e-07,
      1.1806901466541629e-07,
      -1.268042905626117e-07,
      2.307825164257887e-06,
      2.3754899297172596e-06,
      -2.981033391091748e-06,
      3.095001847795342e-06
    ],
    [
      0.0006836109225789742,
      -8.860209753179125e-06,
      7.21227719264703e-06,
      9.347771839001833e-08,
      0.029696926083281918,
      -0.0003848963769429608,
      -0.0003131487468589002,
      -4.058694583023914e-06,
      -0.016877332019453434,
      0.00021874533719014463,
      -0.00017806034511183975,
      -2.307825164257887e-06,
      0.12412082609067006,
      -0.001608707114382479,
      -0.0013101759570619857,
      -1.69810804388487e-05
    ],
    [
      -8.860209753179125e-06,
      9.355967437770078e-06,
      -9.347771839001833e-08,
      9.621845802164115e-08,
      -0.0003848963769429608,
      0.00040643509964537265,
      4.058694583023913e-06,
      -4.177694332781757e-06,
      0.00021874533719014463,
      -0.0002309848535110244,
      2.307825164257887e-06,
      -2.3754899297172596e-06,
      -0.0016087071143824788,
      0.001698730036191421,
      1.69810804388487e-05,
      -1.7478960799517584e-05
    ],
    [
      -7.21227719264703e-06,
      9.347771839001833e-08,
      9.159808690460396e-06,
      -1.207458017875123e-07,
      -0.0003131487468589002,
      4.058694583023914e-06,
      0.0004047058986683416,
      -5.157286201847604e-06,
      0.00017806034511183975,
      -2.307825164257887e-06,
      -0.00022614198719991298,
      2.981033391091748e-06,
      -0.0013101759570619859,
      1.6981080438848703e-05,
      0.0016915026937673603,
      -2.1555315926105304e-05
    ],
    [
      -9.347771839001833e-08,
      -9.621845802164115e-08,
      -1.207458017875123e-07,
      1.2536205758802878e-07,
      -4.058694583023913e-06,
      -4.177694332781757e-06,
      -5.157286201847604e-06,
      5.538845393999765e-06,
      2.307825164257887e-06,
      2.3754899297172596e-06,
      2.981033391091748e-06,
      -3.095001847795342e-06,
      -1.6981080438848703e-05,
      -1.7478960799517588e-05,
      -2.1555315926105304e-05,
      2.3150074993074058e-05
    ],
    [
      -0.000679870510189771,
      8.811676179162512e-06,
      -4.257386918556465e-05,
      -5.517963395193731e-07,
      -0.016877332019453434,
      0.00021874533719014463,
      0.00017806034511183975,
      2.307825164257887e-06,
      0.02966476554203747,
      -0.000384479550104695,
      5.272883193148224e-05,
      6.834139579869215e-07,
      -0.12400533195515007,
      0.0016072201530810196,
      0.0013082892591193666,
      1.695662710542066e-05
    ],
    [
      8.811676179162512e-06,
      -9.304775779823488e-06,
      5.517963395193731e-07,
      -5.679748483913507e-07,
      0.00021874533719014463,
      -0.0002309848535110244,
      -2.307825164257887e-06,
      2.3754899297172596e-06,
      -0.000384479550104695,
      0.0004059949472623053,
      -6.834139579869211e-07,
      7.034514573153056e-07,
      0.0016072201530810196,
      -0.0016971493719049264,
      -1.695662710542066e-05,
      1.7453790501435243e-05
    ],
    [
      -4.257386918556465e-05,
      5.517963395193731e-07,
      -9.26518808824969e-06,
      1.1806901466541629e-07,
      -0.00017806034511183975,
      2.307825164257887e-06,
      -0.00022614198719991298,
      2.981033391091748e-06,
      5.272883193148224e-05,
      -6.834139579869215e-07,
      0.00040426761893832885,
      -5.151701074446244e-06,
      -0.0013082892591193666,
      1.695662710542066e-05,
      -0.0016615666599080548,
      2.1902990046390676e-05
    ],
    [
      -5.517963395193731e-07,
      -5.679748483913507e-07,
      1.1806901466541629e-07,
      -1.268042905626117e-07,
      -2.307825164257887e-06,
      -2.3754899297172596e-06,
      2.981033391091748e-06,
      -3.095001847795342e-06,
      6.834139579869211e-07,
      7.034514573153056e-07,
      -5.151701074446244e-06,
      5.532847053793078e-06,
      -1.695662710542066e-05,
      -1.7453790501435243e-05,
      2.1902990046390676e-05,
      -2.2740367440498657e-05
    ],
    [
      0.016877332019453434,
      -0.00021874533719014463,
      0.00017806034511183975,
      2.307825164257887e-06,
      0.12412082609067006,
      -0.001608707114382479,
      -0.0013101759570619857,
      -1.69810804388487e-05,
      -0.12400533195515007,
