{
  "config": {
    "symbols": [
      "H",
      "H"
    ],
    "geometry": [
      [
        0.0,
        0.0,
        0.0
      ],
      [
        0.0,
        0.0,
        0.7414
      ]
    ],
    "basis": "STO-3G",
    "ansatz": "RY-CZ",
    "optimizer": {
      "name": "Adagrad",
      "stepsize": 0.1,
      "iterations_planned": 50
    },
    "seed": 3,
    "noisy": true,
    "depolarizing_prob": 0.02,
    "amplitude_damping_prob": 0.0
  },
  "energies": [
    1.3069521885996855,
    1.3069521885996855,
    1.2984004109519154,
    1.27544714830472,
    1.2440360958741414,
    1.208870194060526,
    1.1718575086388319,
    1.1331765559882678,
    1.0931062774993505,
    1.0522797249634441,
    1.011283812645031,
    0.9705688737018703,
    0.930440081966824,
    0.8910737380447913,
    0.8525508011468033,
    0.8148976997747372,
    0.7781194332142428,
    0.742215565703226,
    0.707183112930617,
    0.6730156398575624,
    0.6397031809588793,
    0.6072329882466315,
    0.5755902872707683,
    0.5447588015658098,
    0.5147211324721537,
    0.48545907245140274,
    0.45695387235499396,
    0.4291864647083321,
    0.40213764382075645,
    0.37578820821754777,
    0.35011907243942836,
    0.3251113549841277,
    0.30074644625059266,
    0.27700606108053316,
    0.2538722781600116,
    0.2313275695525464,
    0.20935482264867136,
    0.1879373543297249,
    0.16705892038937284,
    0.1467037208623177,
    0.12685640170158555,
    0.10750205255238023,
    0.08862620424491512,
    0.07021482289265676,
    0.05225430283344454,
    0.03473145914467218,
    0.017633518717082602,
    0.0009481106522333249,
    -0.015336743825391491,
    -0.031232641295140584,
    -0.046750807011270296
  ],
  "final_params": [
    1.6871109561571704,
    1.6870576115946383,
    -8.376406653418155e-08,
    -6.574030470175542e-08
  ],
  "final_state_real": [
    [
      0.19151144453636,
      -6.209942651294743e-09,
      -7.64705189577846e-09,
      -2.479630073243118e-16,
      0.20170834557820094,
      -6.540586967847519e-09,
      8.333794077056525e-09,
      2.702312825821498e-16,
      0.20171955516440934,
      -6.54095044945389e-09,
      -8.623558066102911e-09,
      -2.7962715841998683e-16,
      -0.2274667455479477,
      7.375827843339274e-09,
      -9.398029671706747e-09,
      -3.0474014457859136e-16
    ],
    [
      -6.209942651294743e-09,
      0.0025879924937386553,
      2.479630073243118e-16,
      -1.0333853913228698e-10,
      -6.540586967847518e-09,
      0.00272578845376375,
      -2.702312825821498e-16,
      1.1261883887930096e-10,
      -6.540950449453889e-09,
      0.0027259399346584584,
      2.7962715841998683e-16,
      -1.165345684610144e-10,
      7.375827843339274e-09,
      -0.0030738749398419554,
      3.0474014457859136e-16,
      -1.2700040096918907e-10
    ],
    [
      -7.64705189577846e-09,
      2.479630073243118e-16,
      0.0025879924937387854,
      -8.391814393652955e-11,
      -8.333794077056524e-09,
      2.7023128258214973e-16,
      0.002725788453763178,
      -8.838631037646092e-11,
      -8.623558066102911e-09,
      2.7962715841998683e-16,
      0.002725939934658595,
      -8.83912222900376e-11,
      9.398029671706746e-09,
      -3.0474014457859136e-16,
      -0.00307387493984131,
      9.967334923447588e-11
    ],
    [
      -2.479630073243118e-16,
      -1.0333853913228698e-10,
      -8.391814393652955e-11,
      3.4972871537065495e-05,
      -2.7023128258214973e-16,
      -1.1261883887930094e-10,
      -8.83863103764609e-11,
      3.6834979104965615e-05,
      -2.7962715841998683e-16,
      -1.165345684610144e-10,
      -8.83912222900376e-11,
      3.683702614409288e-05,
      3.047401445785913e-16,
      1.2700040096918904e-10,
      9.967334923447588e-11,
      -4.153885053846127e-05
    ],
    [
      0.20170834557820091,
      -6.540586967847518e-09,
      -8.333794077056524e-09,
      -2.7023128258214973e-16,
      0.24026127405718947,
      -7.790702727109795e-09,
      9.716384985396662e-09,
      3.1506312159719974e-16,
      0.22746674554794769,
      -7.375827843339274e-09,
      -9.398029671706746e-09,
      -3.0474014457859136e-16,
      -0.256305944274076,
      8.310966579471296e-09,
      -1.0818711398078714e-08,
      -3.508071149775191e-16
    ],
    [
      -6.540586967847518e-09,
      0.0027257884537637495,
      2.7023128258214973e-16,
      -1.1261883887930094e-10,
      -7.790702727109795e-09,
      0.003246773973750899,
      -3.150631215971997e-16,
      1.3130249980284264e-10,
      -7.375827843339274e-09,
      0.0030738749398419554,
      3.047401445785913e-16,
      -1.2700040096918904e-10,
      8.310966579471296e-09,
      -0.0034635938415470023,
      3.508071149775191e-16,
      -1.4619880267694545e-10
    ],
    [
      8.333794077056524e-09,
      -2.7023128258214973e-16,
      0.002725788453763177,
      -8.83863103764609e-11,
      9.71638498539666e-09,
      -3.150631215971997e-16,
      0.003246773973751061,
      -1.0527976658270792e-10,
      9.398029671706744e-09,
      -3.047401445785913e-16,
      0.00307387493984131,
      -9.967334923447588e-11,
      -1.0818711398078714e-08,
      3.508071149775191e-16,
      -0.003463593841547176,
      1.1231035918219724e-10
    ],
    [
      2.7023128258214973e-16,
      1.1261883887930094e-10,
      -8.838631037646089e-11,
      3.68349791049656e-05,
      3.1506312159719964e-16,
      1.3130249980284264e-10,
      -1.0527976658270792e-10,
      4.387532396967778e-05,
      3.0474014457859126e-16,
      1.2700040096918901e-10,
      -9.967334923447588e-11,
      4.153885053846127e-05,
      -3.508071149775191e-16,
      -1.4619880267694545e-10,
      1.1231035918219724e-10,
      -4.68053221831434e-05
    ],
    [
      0.20171955516440934,
      -6.54095044945389e-09,
      -8.623558066102911e-09,
      -2.7962715841998683e-16,
      0.2274667455479477,
      -7.375827843339274e-09,
      9.398029671706747e-09,
      3.0474014457859136e-16,
      0.2402863767072194,
      -7.791516704663248e-09,
      -9.59463491582519e-09,
      -3.111152585770009e-16,
      -0.2563200080297025,
      8.311422610264193e-09,
      -1.0590132791113766e-08,
      -3.4339523395912006e-16
    ],
    [
      -6.540950449453889e-09,
      0.0027259399346584584,
      2.7962715841998683e-16,
      -1.165345684610144e-10,
      -7.375827843339274e-09,
      0.0030738749398419554,
      -3.0474014457859136e-16,
      1.2700040096918907e-10,
      -7.791516704663248e-09,
      0.003247113198751304,
      3.1111525857700086e-16,
      -1.2965722859241502e-10,
      8.311422610264193e-09,
      -0.0034637838922987113,
      3.4339523395912006e-16,
      -1.4310990258282016e-10
    ],
    [
      -8.623558066102911e-09,
      2.7962715841998683e-16,
      0.002725939934658595,
      -8.83912222900376e-11,
      -9.398029671706746e-09,
      3.0474014457859136e-16,
      0.00307387493984131,
      -9.967334923447588e-11,
      -9.59463491582519e-09,
      3.111152585770009e-16,
      0.003247113198751466,
      -1.0529076627937624e-10,
      1.0590132791113766e-08,
      -3.4339523395912006e-16,
      -0.0034637838922979853,
      1.1231652176050876e-10
    ],
    [
      -2.7962715841998683e-16,
      -1.165345684610144e-10,
      -8.83912222900376e-11,
      3.683702614409288e-05,
      -3.047401445785913e-16,
      -1.2700040096918904e-10,
      -9.967334923447588e-11,
      4.153885053846127e-05,
      -3.1111525857700086e-16,
      -1.2965722859241502e-10,
      -1.0529076627937624e-10,
      4.387990809130488e-05,
      3.4339523395912006e-16,
      1.4310990258282016e-10,
      1.1231652176050876e-10,
      -4.680789043653271e-05
    ],
    [
      -0.22746674554794769,
      7.375827843339274e-09,
      9.398029671706746e-09,
      3.0474014457859136e-16,
      -0.256305944274076,
      8.310966579471296e-09,
      -1.0818711398078714e-08,
      -3.508071149775191e-16,
      -0.2563200080297025,
      8.311422610264193e-09,
