{
  "config": {
    "symbols": [
      "H",
      "H"
    ],
    "geometry": [
      [
        0.0,
        0.0,
        0.0
      ],
      [
        0.0,
        0.0,
        0.7414
      ]
    ],
    "basis": "STO-3G",
    "ansatz": "TwoQubit-RY-CNOT",
    "optimizer": {
      "name": "Adagrad",
      "stepsize": 0.1,
      "iterations_planned": 50
    },
    "seed": 0,
    "noisy": true,
    "depolarizing_prob": 0.1,
    "amplitude_damping_prob": 0.0
  },
  "energies": [
    1.1543280638605702,
    1.1543280638605702,
    1.1481453666206842,
    1.130372006499991,
    1.1050265071785617,
    1.075534926654479,
    1.0438057185008696,
    1.0109158930885136,
    0.9775089294066035,
    0.9439893699173335,
    0.910621510922986,
    0.8775826816048177,
    0.8449937753074178,
    0.812937686906693,
    0.7814709480768228,
    0.7506313551989654,
    0.7204431286278727,
    0.6909205021833854,
    0.6620702766724502,
    0.6338936733196603,
    0.6063877034209275,
    0.5795461947155267,
    0.5533605704053887,
    0.5278204467560216,
    0.5029140950560714,
    0.47862880383120654,
    0.45495116064760005,
    0.4318672771564064,
    0.409362964819605,
    0.38742387559142943,
    0.3660356135660632,
    0.34518382309009327,
    0.3248542593085312,
    0.3050328431126226,
    0.2857057043854959,
    0.266859215602008,
    0.24848001787528023,
    0.23055503985927286,
    0.21307151209243896,
    0.19601697623953157,
    0.1793792919626328,
    0.1631466397187672,
    0.14730752230677002,
    0.13185076358318365,
    0.11676550635390401,
    0.10204120854115623,
    0.08766763860886785,
    0.07363487010759479,
    0.05993327585868255,
    0.046553520995432474,
    0.03348655665815388
  ],
  "final_params": [
    -1.6848119441102676
  ],
  "final_state_real": [
    [
      0.1769493896385575,
      0.0,
      0.0,
      0.0,
      0.14117987506795557,
      0.0,
      0.0,
      0.0,
      -0.14117987506795557,
      0.0,
      0.0,
      0.0,
      0.16145809960479432,
      0.0,
      0.0,
      0.0
    ],
    [
      0.0,
      0.012639242117043455,
      0.0,
      0.0,
      0.0,
      0.010084276790571153,
      0.0,
      0.0,
      0.0,
      -0.010084276790571153,
      0.0,
      0.0,
      0.0,
      0.011532721400345763,
      0.0,
      0.0
    ],
    [
      0.0,
      0.0,
      0.012639242117043455,
      0.0,
      0.0,
      0.0,
      0.010084276790571155,
      0.0,
      0.0,
      0.0,
      -0.010084276790571155,
      0.0,
      0.0,
      0.0,
      0.011532721400345766,
      0.0
    ],
    [
      0.0,
      0.0,
      0.0,
      0.0009028030083605065,
      0.0,
      0.0,
      0.0,
      0.0007203054850410037,
      0.0,
      0.0,
      0.0,
      -0.0007203054850410037,
      0.0,
      0.0,
      0.0,
      0.0008237658143106487
    ],
    [
      0.14117987506795557,
      0.0,
      0.0,
      0.0,
      0.2156605687406198,
      0.0,
      0.0,
      0.0,
      -0.16145809960479432,
      0.0,
      0.0,
      0.0,
      0.18384663754664446,
      0.0,
      0.0,
      0.0
    ],
    [
      0.0,
      0.010084276790571153,
      0.0,
      0.0,
      0.0,
      0.015404326338620126,
      0.0,
      0.0,
      0.0,
      -0.011532721400345763,
      0.0,
      0.0,
      0.0,
      0.01313190268190695,
      0.0,
      0.0
    ],
    [
      0.0,
      0.0,
      0.010084276790571155,
      0.0,
      0.0,
      0.0,
      0.015404326338620126,
      0.0,
      0.0,
      0.0,
      -0.011532721400345766,
      0.0,
      0.0,
      0.0,
      0.01313190268190695,
      0.0
    ],
    [
      0.0,
      0.0,
      0.0,
      0.0007203054850410037,
      0.0,
      0.0,
      0.0,
      0.0011003090241874683,
      0.0,
      0.0,
      0.0,
      -0.0008237658143106487,
      0.0,
      0.0,
      0.0,
      0.0009379930487079089
    ],
    [
      -0.14117987506795557,
      0.0,
      0.0,
      0.0,
      -0.16145809960479432,
      0.0,
      0.0,
      0.0,
      0.21566056874061976,
      0.0,
      0.0,
      0.0,
      -0.18384663754664446,
      0.0,
      0.0,
      0.0
    ],
    [
      0.0,
      -0.010084276790571153,
      0.0,
      0.0,
      0.0,
      -0.011532721400345763,
      0.0,
      0.0,
      0.0,
      0.015404326338620124,
      0.0,
      0.0,
      0.0,
      -0.01313190268190695,
      0.0,
      0.0
    ],
    [
      0.0,
      0.0,
      -0.010084276790571155,
      0.0,
      0.0,
      0.0,
      -0.011532721400345766,
      0.0,
      0.0,
      0.0,
      0.015404326338620123,
      0.0,
      0.0,
      0.0,
      -0.01313190268190695,
      0.0
    ],
    [
      0.0,
      0.0,
      0.0,
      -0.0007203054850410037,
      0.0,
      0.0,
      0.0,
      -0.0008237658143106487,
      0.0,
      0.0,
      0.0,
      0.0011003090241874683,
      0.0,
      0.0,
      0.0,
      -0.0009379930487079089
    ],
    [
      0.16145809960479432,
      0.0,
      0.0,
      0.0,
      0.18384663754664446,
      0.0,
      0.0,
      0.0,
      -0.18384663754664446,
      0.0,
      0.0,
      0.0,
      0.26284058399144156,
      0.0,
      0.0,
      0.0
    ],
    [
      0.0,
      0.011532721400345763,
      0.0,
      0.0,
      0.0,
      0.01313190268190695,
      0.0,
      0.0,
      0.0,
      -0.01313190268190695,
      0.0,
      0.0,
      0.0,
      0.018774327427965504,
      0.0,
      0.0
    ],
    [
      0.0,
      0.0,
      0.011532721400345766,
      0.0,
      0.0,
      0.0,
      0.01313190268190695,
      0.0,
      0.0,
      0.0,
      -0.01313190268190695,
      0.0,
      0.0,
      0.0,
      0.018774327427965504,
      0.0
    ],
    [
      0.0,
      0.0,
      0.0,
      0.0008237658143106487,
      0.0,
      0.0,
      0.0,
      0.0009379930487079089,
      0.0,
      0.0,
      0.0,
      -0.0009379930487079089,
      0.0,
      0.0,
      0.0,
      0.0013410233877122072
    ]
  ],