{
  "config": {
    "symbols": [
      "H",
      "H"
    ],
    "geometry": [
      [
        0.0,
        0.0,
        0.0
      ],
      [
        0.0,
        0.0,
        0.7414
      ]
    ],
    "basis": "STO-3G",
    "ansatz": "TwoQubit-RY-CNOT",
    "optimizer": {
      "name": "Nesterov",
      "stepsize": 0.1,
      "iterations_planned": 50
    },
    "seed": 3,
    "noisy": true,
    "depolarizing_prob": 0.04,
    "amplitude_damping_prob": 0.0
  },
  "energies": [
    1.2664746406987677,
    1.2664746406987677,
    1.2663683360485702,
    1.2661344506147285,
    1.265635625181379,
    1.2645784917836875,
    1.2623417019734537,
    1.2576151630676873,
    1.2476544845283084,
    1.2267856197192135,
    1.1836000445137023,
    1.09650221573016,
    0.9297778578259601,
    0.6413670845958138,
    0.22479568210633033,
    -0.23062461470057363,
    -0.579389147338223,
    -0.7542749371638181,
    -0.7822936382410807,
    -0.7186015034882414,
    -0.6194791172022892,
    -0.5328336689237424,
    -0.48760099985387495,
    -0.49125533542713484,
    -0.5350367286329132,
    -0.6012729940360211,
    -0.6706440653864348,
    -0.7281594151513572,
    -0.7661150251868246,
    -0.7837582430888281,
    -0.7851484635795325,
    -0.7766968458335644,
    -0.7650213843087952,
    -0.7553483332030988,
    -0.7506473036146306,
    -0.7515594724194599,
    -0.7569482093421545,
    -0.7647512895097446,
    -0.772813269233426,
    -0.7794805064334946,
    -0.7838783022834522,
    -0.7859028818804713,
    -0.786022941344804,
    -0.7849994439903835,
    -0.7836161995094884,
    -0.7824833497904482,
    -0.7819409826428216,
    -0.7820580890376179,
    -0.7826994835770488,
    -0.7836237822837215,
    -0.7845783725124816
  ],
  "final_params": [
    -3.2043140229032345
  ],
  "final_state_real": [
    [
      0.0007215385917302068,
      0.0,
      0.0,
      0.0,
      0.0007218968954410131,
      0.0,
      0.0,
      0.0,
      -0.0007218968954410132,
      0.0,
      0.0,
      0.0,
      0.0008339093819042245,
      0.0,
      0.0,
      0.0
    ],
    [
      0.0,
      1.976818059536275e-05,
      0.0,
      0.0,
      0.0,
      1.977799713538484e-05,
      0.0,
      0.0,
      0.0,
      -1.9777997135384848e-05,
      0.0,
      0.0,
      0.0,
      2.2846832380954546e-05,
      0.0,
      0.0
    ],
    [
      0.0,
      0.0,
      1.9768180595362745e-05,
      0.0,
      0.0,
      0.0,
      1.977799713538484e-05,
      0.0,
      0.0,
      0.0,
      -1.977799713538484e-05,
      0.0,
      0.0,
      0.0,
      2.284683238095455e-05,
      0.0
    ],
    [
      0.0,
      0.0,
      0.0,
      5.41593988914448e-07,
      0.0,
      0.0,
      0.0,
      5.418629352164234e-07,
      0.0,
      0.0,
      0.0,
      -5.418629352164234e-07,
      0.0,
      0.0,
      0.0,
      6.259406131772996e-07
    ],
    [
      0.0007218968954410131,
      0.0,
      0.0,
      0.0,
      0.025423625925143273,
      0.0,
      0.0,
      0.0,
      -0.0008339093819042245,
      0.0,
      0.0,
      0.0,
      -0.027330257156860743,
      0.0,
      0.0,
      0.0
    ],
    [
      0.0,
      1.977799713538484e-05,
      0.0,
      0.0,
      0.0,
      0.0006965376965797826,
      0.0,
      0.0,
      0.0,
      -2.2846832380954546e-05,
      0.0,
      0.0,
      0.0,
      -0.0007487741686816698,
      0.0,
      0.0
    ],
    [
      0.0,
      0.0,
      1.977799713538484e-05,
      0.0,
      0.0,
      0.0,
      0.0006965376965797825,
      0.0,
      0.0,
      0.0,
      -2.284683238095455e-05,
      0.0,
      0.0,
      0.0,
      -0.0007487741686816699,
      0.0
    ],
    [
      0.0,
      0.0,
      0.0,
      5.418629352164234e-07,
      0.0,
      0.0,
      0.0,
      1.9083224563843764e-05,
      0.0,
      0.0,
      0.0,
      -6.259406131772996e-07,
      0.0,
      0.0,
      0.0,
      -2.051436078581434e-05
    ],
    [
      -0.0007218968954410132,
      0.0,
      0.0,
      0.0,
      -0.0008339093819042245,
      0.0,
      0.0,
      0.0,
      0.02542362592514327,
      0.0,
      0.0,
      0.0,
      0.02733025715686074,
      0.0,
      0.0,
      0.0
    ],
    [
      0.0,
      -1.9777997135384848e-05,
      0.0,
      0.0,
      0.0,
      -2.2846832380954546e-05,
      0.0,
      0.0,
      0.0,
      0.0006965376965797825,
      0.0,
      0.0,
      0.0,
      0.0007487741686816697,
      0.0,
      0.0
    ],
    [
      0.0,
      0.0,
      -1.977799713538484e-05,
      0.0,
      0.0,
      0.0,
      -2.284683238095455e-05,
      0.0,
      0.0,
      0.0,
      0.0006965376965797825,
      0.0,
      0.0,
      0.0,
      0.0007487741686816698,
      0.0
    ],
    [
      0.0,
      0.0,
      0.0,
      -5.418629352164234e-07,
      0.0,
      0.0,
      0.0,
      -6.259406131772996e-07,
      0.0,
      0.0,
      0.0,
      1.9083224563843764e-05,
      0.0,
      0.0,
      0.0,
      2.0514360785814337e-05
    ],
    [
      0.0008339093819042245,
      0.0,
      0.0,
      0.0,
      -0.027330257156860743,
      0.0,
      0.0,
      0.0,
      0.02733025715686074,
      0.0,
      0.0,
      0.0,
      0.8958089873359126,
      0.0,
      0.0,
      0.0
    ],
    [
      0.0,
      2.2846832380954546e-05,
      0.0,
      0.0,
      0.0,
      -0.0007487741686816698,
      0.0,
      0.0,
      0.0,
      0.0007487741686816697,
      0.0,
      0.0,
      0.0,
      0.024542711981823968,
      0.0,
      0.0
    ],
    [
      0.0,
      0.0,
      2.284683238095455e-05,
      0.0,
      0.0,
      0.0,
      -0.0007487741686816699,
      0.0,
      0.0,
      0.0,
      0.0007487741686816698,
      0.0,
      0.0,
      0.0,
      0.024542711981823975,
      0.0
    ],
    [
      0.0,
      0.0,
      0.0,
      6.259406131772996e-07,
      0.0,
      0.0,
      0.0,
      -2.051436078581434e-05,
      0.0,
      0.0,
      0.0,
      2.0514360785814337e-05,
      0.0,
      0.0,
      0.0,
      0.0006724030679956743
    ]
  ],