{
  "config": {
    "symbols": [
      "H",
      "H"
    ],
    "geometry": [
      [
        0.0,
        0.0,
        0.0
      ],
      [
        0.0,
        0.0,
        0.7414
      ]
    ],
    "basis": "STO-3G",
    "ansatz": "TwoQubit-RY-CNOT",
    "optimizer": {
      "name": "GradientDescent",
      "stepsize": 0.1,
      "iterations_planned": 50
    },
    "seed": 8,
    "noisy": true,
    "depolarizing_prob": 0.1,
    "amplitude_damping_prob": 0.0
  },
  "energies": [
    1.1542285192715238,
    1.1542285192715238,
    1.1542026186724568,
    1.1541702913861487,
    1.1541299431067658,
    1.1540795842894924,
    1.1540167321948172,
    1.1539382888694927,
    1.1538403889831945,
    1.1537182101651784,
    1.1535657367006444,
    1.1533754654471782,
    1.1531380396901494,
    1.1528417936865292,
    1.1524721872994248,
    1.152011103924513,
    1.151435980528598,
    1.1507187322439123,
    1.1498244245373281,
    1.1487096400482606,
    1.147320476561344,
    1.1455901045803982,
    1.1434358053616327,
    1.140755407382388,
    1.1374230430822032,
    1.1332841607870288,
    1.1281497697258358,
    1.121789960342782,
    1.1139268621814142,
    1.1042273943267893,
    1.0922964399088415,
    1.0776714758527466,
    1.0598202275555308,
    1.0381435426851622,
    1.011986358043243,
    0.9806601526357415,
    0.9434803223958897,
    0.8998210087026786,
    0.849187512784355,
    0.7913021663469708,
    0.7261935894719427,
    0.654272982586279,
    0.576377002204856,
    0.49375806943175726,
    0.4080118170902607,
    0.3209467337295556,
    0.23441789818987696,
    0.1501577668433119,
    0.06963706611358533,
    -0.0060219247058117265,
    -0.07607365054529225
  ],
  "final_params": [
    1.88177537456734
  ],
  "final_state_real": [
    [
      0.11758751443554134,
      0.0,
      0.0,
      0.0,
      -0.10074653683630404,
      0.0,
      0.0,
      0.0,
      0.10074653683630407,
      0.0,
      0.0,
      0.0,
      0.1482596850001738,
      0.0,
      0.0,
      0.0
    ],
    [
      0.0,
      0.008399108173969655,
      0.0,
      0.0,
      0.0,
      -0.007196181202595215,
      0.0,
      0.0,
      0.0,
      0.007196181202595217,
      0.0,
      0.0,
      0.0,
      0.010589977500015462,
      0.0,
      0.0
    ],
    [
      0.0,
      0.0,
      0.00839910817396965,
      0.0,
      0.0,
      0.0,
      -0.0071961812025952135,
      0.0,
      0.0,
      0.0,
      0.007196181202595215,
      0.0,
      0.0,
      0.0,
      0.010589977500015462,
      0.0
    ],
    [
      0.0,
      0.0,
      0.0,
      0.000599936298140862,
      0.0,
      0.0,
      0.0,
      -0.0005140129430426631,
      0.0,
      0.0,
      0.0,
      0.0005140129430426631,
      0.0,
      0.0,
      0.0,
      0.0007564269642870361
    ],
    [
      -0.10074653683630407,
      0.0,
      0.0,
      0.0,
      0.20246215413600022,
      0.0,
      0.0,
      0.0,
      -0.1482596850001738,
      0.0,
      0.0,
      0.0,
      -0.21071212002246134,
      0.0,
      0.0,
      0.0
    ],
    [
      0.0,
      -0.007196181202595217,
      0.0,
      0.0,
      0.0,
      0.014461582438289888,
      0.0,
      0.0,
      0.0,
      -0.010589977500015462,
      0.0,
      0.0,
      0.0,
      -0.015050865715894422,
      0.0,
      0.0
    ],
    [
      0.0,
      0.0,
      -0.007196181202595215,
      0.0,
      0.0,
      0.0,
      0.014461582438289888,
      0.0,
      0.0,
      0.0,
      -0.010589977500015462,
      0.0,
      0.0,
      0.0,
      -0.015050865715894427,
      0.0
    ],
    [
      0.0,
      0.0,
      0.0,
      -0.0005140129430426631,
      0.0,
      0.0,
      0.0,
      0.0010329701741638604,
      0.0,
      0.0,
      0.0,
      -0.0007564269642870361,
      0.0,
      0.0,
      0.0,
      -0.001075061836849911
    ],
    [
      0.10074653683630407,
      0.0,
      0.0,
      0.0,
      -0.1482596850001738,
      0.0,
      0.0,
      0.0,
      0.20246215413600016,
      0.0,
      0.0,
      0.0,
      0.21071212002246142,
      0.0,
      0.0,
      0.0
    ],
    [
      0.0,
      0.007196181202595217,
      0.0,
      0.0,
      0.0,
      -0.010589977500015462,
      0.0,
      0.0,
      0.0,
      0.014461582438289886,
      0.0,
      0.0,
      0.0,
      0.015050865715894429,
      0.0,
      0.0
    ],
    [
      0.0,
      0.0,
      0.007196181202595215,
      0.0,
      0.0,
      0.0,
      -0.010589977500015462,
      0.0,
      0.0,
      0.0,
      0.014461582438289884,
      0.0,
      0.0,
      0.0,
      0.015050865715894434,
      0.0
    ],
    [
      0.0,
      0.0,
      0.0,
      0.0005140129430426631,
      0.0,
      0.0,
      0.0,
      -0.0007564269642870361,
      0.0,
      0.0,
      0.0,
      0.00103297017416386,
      0.0,
      0.0,
      0.0,
      0.0010750618368499114
    ],
    [
      0.1482596850001738,
      0.0,
      0.0,
      0.0,
      -0.21071212002246134,
      0.0,
      0.0,
      0.0,
      0.21071212002246142,
      0.0,
      0.0,
      0.0,
      0.34859928840369964,
      0.0,
      0.0,
      0.0
    ],
    [
      0.0,
      0.010589977500015462,
      0.0,
      0.0,
      0.0,
      -0.015050865715894422,
      0.0,
      0.0,
      0.0,
      0.015050865715894429,
      0.0,
      0.0,
      0.0,
      0.024899949171699992,
      0.0,
      0.0
    ],
    [
      0.0,
      0.0,
      0.010589977500015462,
      0.0,
      0.0,
      0.0,
      -0.015050865715894427,
      0.0,
      0.0,
      0.0,
      0.015050865715894434,
      0.0,
      0.0,
      0.0,
      0.0248999491717,
      0.0
    ],
    [
      0.0,
      0.0,
      0.0,
      0.0007564269642870361,
      0.0,
      0.0,
      0.0,
      -0.001075061836849911,
      0.0,
      0.0,
      0.0,
      0.0010750618368499114,
      0.0,
      0.0,
      0.0,
      0.0017785677979790825
    ]
  ],