{
  "config": {
    "symbols": [
      "H",
      "H"
    ],
    "geometry": [
      [
        0.0,
        0.0,
        0.0
      ],
      [
        0.0,
        0.0,
        0.7414
      ]
    ],
    "basis": "STO-3G",
    "ansatz": "RY-CZ",
    "optimizer": {
      "name": "Adam",
      "stepsize": 0.1,
      "iterations_planned": 50
    },
    "seed": 4,
    "noisy": true,
    "depolarizing_prob": 0.0,
    "amplitude_damping_prob": 0.0
  },
  "energies": [
    1.3487895890405717,
    1.3487895890405717,
    1.3403146128937233,
    1.323332893885999,
    1.2944067275704203,
    1.2537984144111944,
    1.2024148968135293,
    1.1417574988400185,
    1.0726170827486436,
    0.9928819368339781,
    0.9016455345156454,
    0.7996699921132966,
    0.688254111690939,
    0.5690852195537948,
    0.4442809246143744,
    0.31643559315353254,
    0.1886171149519675,
    0.06421490665257257,
    -0.05361000885901521,
    -0.16318013185146352,
    -0.26535911381916744,
    -0.36195225627402555,
    -0.45320026151164805,
    -0.537693250565003,
    -0.6133459951948721,
    -0.6781986571577518,
    -0.7311650460263125,
    -0.7727919874225629,
    -0.8053487337087588,
    -0.8315226427024753,
    -0.8528523122593769,
    -0.8694860329416653,
    -0.8809367451790506,
    -0.8869256156925573,
    -0.8879393288873945,
    -0.885315761975023,
    -0.8807681842200337,
    -0.8756738359856805,
    -0.8706895872924092,
    -0.8658782513293193,
    -0.8610967816437125,
    -0.8563497002318621,
    -0.8519411452029124,
    -0.8483823430404918,
    -0.8461417897152499,
    -0.8454184418719655,
    -0.8460805313555254,
    -0.8477797509443628,
    -0.8501437558292064,
    -0.8529279459872643,
    -0.8560515271014155
  ],
  "final_params": [
    -3.416202186163324,
    3.4164915600849692,
    0.03299083882849971,
    0.02741750939091425
  ],
  "final_state_real": [
    [
      0.0003515522493254933,
      4.819645471007976e-06,
      5.799527823143717e-06,
      -7.950928506482019e-08,
      -0.002541556657443985,
      -3.484375951757504e-05,
      4.192784593831893e-05,
      -5.748145636202175e-07,
      0.002544268874453817,
      3.4880942964567356e-05,
      4.197258915383645e-05,
      -5.754279758126903e-07,
      0.018393861818955776,
      0.00025217273671315993,
      -0.0003034419879238524,
      4.160072380753788e-06
    ],
    [
      4.819645471007976e-06,
      6.60754767271401e-08,
      7.950928506482019e-08,
      -1.0900415695255036e-09,
      -3.484375951757504e-05,
      -4.776944766869115e-07,
      5.748145636202174e-07,
      -7.880485513155893e-09,
      3.4880942964567356e-05,
      4.782042473746423e-07,
      5.754279758126903e-07,
      -7.888895157243416e-09,
      0.00025217273671315993,
      3.45719076146588e-06,
      -4.160072380753788e-06,
      5.703298455720815e-08
    ],
    [
      5.799527823143717e-06,
      7.950928506482019e-08,
      9.567432163678428e-08,
      -1.3116579734177095e-09,
      -4.192784593831894e-05,
      -5.748145636202176e-07,
      6.916801401021035e-07,
      -9.482667402968881e-09,
      4.197258915383645e-05,
      5.754279758126903e-07,
      6.924182652564292e-07,
      -9.49278681077649e-09,
      0.0003034419879238524,
      4.160072380753788e-06,
      -5.0058568958872296e-06,
      6.862836339865062e-08
    ],
    [
      -7.950928506482019e-08,
      -1.0900415695255036e-09,
      -1.3116579734177095e-09,
      1.7982323893035733e-11,
      5.748145636202175e-07,
      7.880485513155895e-09,
      -9.482667402968883e-09,
      1.3000370524617622e-10,
      -5.754279758126903e-07,
      -7.888895157243416e-09,
      -9.492786810776492e-09,
      1.3014243845453973e-10,
      -4.160072380753788e-06,
      -5.703298455720815e-08,
      6.862836339865062e-08,
      -9.40868338798038e-10
    ],
    [
      -0.002541556657443985,
      -3.484375951757504e-05,
      -4.192784593831893e-05,
      5.748145636202175e-07,
      0.018374253771501644,
      0.0002519039179606447,
      -0.0003031185156178542,
      4.155637700453513e-06,
      -0.018393861818955772,
      -0.0002521727367131599,
      -0.00030344198792385237,
      4.160072380753787e-06,
      -0.13297893002246172,
      -0.0018230897371640522,
      0.002193742199173134,
      -3.0075357717351812e-05
    ],
    [
      -3.484375951757504e-05,
      -4.776944766869115e-07,
      -5.748145636202174e-07,
      7.880485513155893e-09,
      0.0002519039179606447,
      3.4535053602610645e-06,
      -4.155637700453513e-06,
      5.6972186804204634e-08,
      -0.0002521727367131599,
      -3.457190761465879e-06,
      -4.160072380753787e-06,
      5.703298455720814e-08,
      -0.001823089737164052,
      -2.4993855714926323e-05,
      3.007535771735181e-05,
      -4.1232153079399907e-07
    ],
    [
      4.192784593831894e-05,
      5.748145636202176e-07,
      6.916801401021035e-07,
      -9.482667402968881e-09,
      -0.0003031185156178542,
      -4.155637700453513e-06,
      5.000520601257514e-06,
      -6.855520484147519e-08,
      0.00030344198792385237,
      4.160072380753787e-06,
      5.005856895887229e-06,
      -6.862836339865061e-08,
      0.0021937421991731335,
      3.0075357717351806e-05,
      -3.618998014177078e-05,
      4.961506410360759e-07
    ],
    [
      -5.748145636202175e-07,
      -7.880485513155895e-09,
      -9.482667402968883e-09,
      1.3000370524617622e-10,
      4.155637700453513e-06,
      5.6972186804204634e-08,
      -6.855520484147517e-08,
      9.398653635296632e-10,
      -4.160072380753787e-06,
      -5.703298455720814e-08,
      -6.862836339865061e-08,
      9.408683387980378e-10,
      -3.0075357717351802e-05,
      -4.1232153079399896e-07,
      4.961506410360759e-07,
      -6.802033538972537e-09
    ],
    [
      0.002544268874453817,
      3.4880942964567356e-05,
      4.197258915383645e-05,
      -5.754279758126903e-07,
      -0.018393861818955776,
      -0.00025217273671315993,
      0.0003034419879238524,
      -4.160072380753788e-06,
      0.018413490791157054,
      0.0002524418423358718,
      0.0003037658054226877,
      -4.164511793514448e-06,
      0.13312083821675616,
      0.00182503524366342,
      -0.0021960832466923113,
      3.0107452574076138e-05
    ],
    [
      3.4880942964567356e-05,
      4.782042473746423e-07,
      5.754279758126903e-07,
      -7.888895157243416e-09,
      -0.00025217273671315993,
      -3.45719076146588e-06,
      4.160072380753788e-06,
      -5.703298455720815e-08,
      0.0002524418423358718,
      3.460880095550221e-06,
      4.164511793514448e-06,
      -5.709384719041455e-08,
      0.0018250352436634198,
      2.5020527857139835e-05,
      -3.0107452574076138e-05,
      4.1276153887568386e-07
    ],
    [
      4.197258915383645e-05,
      5.754279758126903e-07,
      6.924182652564292e-07,
      -9.49278681077649e-09,
      -0.0003034419879238524,
      -4.160072380753788e-06,
      5.0058568958872296e-06,
      -6.862836339865062e-08,
      0.00030376580542268775,
      4.1645117935144484e-06,
      5.011198886621306e-06,
      -6.870160000686784e-08,
      0.002196083246692311,
      3.010745257407613e-05,
      -3.6228600200035e-05,
      4.966801072549967e-07
    ],
    [
      -5.754279758126903e-07,
      -7.888895157243416e-09,
      -9.492786810776492e-09,
      1.3014243845453973e-10,
      4.160072380753788e-06,
      5.703298455720815e-08,
      -6.862836339865062e-08,
      9.40868338798038e-10,
      -4.1645117935144484e-06,
      -5.7093847190414564e-08,
      -6.870160000686784e-08,
      9.418723846691817e-10,
      -3.010745257407613e-05,
      -4.1276153887568375e-07,
      4.966801072549968e-07,
      -6.809292314207042e-09
    ],
    [
      0.018393861818955772,
      0.0002521727367131599,
      0.00030344198792385237,
      -4.160072380753787e-06,
      -0.13297893002246172,
      -0.0018230897371640522,
      0.002193742199173134,
      -3.0075357717351812e-05,
      0.13312083821675616,
      0.00182503524366342,
