{
  "config": {
    "symbols": [
      "H",
      "H"
    ],
    "geometry": [
      [
        0.0,
        0.0,
        0.0
      ],
      [
        0.0,
        0.0,
        0.7414
      ]
    ],
    "basis": "STO-3G",
    "ansatz": "TwoQubit-RY-CNOT",
    "optimizer": {
      "name": "Adagrad",
      "stepsize": 0.1,
      "iterations_planned": 50
    },
    "seed": 2,
    "noisy": true,
    "depolarizing_prob": 0.0,
    "amplitude_damping_prob": 0.0
  },
  "energies": [
    1.3487742996371703,
    1.3487742996371703,
    1.3404834379258206,
    1.317528041685924,
    1.2851397339878117,
    1.2476076071886733,
    1.2073138218328836,
    1.1656039635546933,
    1.1232827026594239,
    1.0808560140844148,
    1.0386542364042217,
    0.9968986390159924,
    0.9557396433322898,
    0.9152799380238499,
    0.8755890899285355,
    0.8367131315232759,
    0.7986810526510739,
    0.7615093202578432,
    0.7252050930445975,
    0.689768558843036,
    0.6551946599768266,
    0.6214743861767653,
    0.5885957547666099,
    0.5565445637644069,
    0.525304973311263,
    0.4948599590625308,
    0.4651916675600746,
    0.4362816962519267,
    0.4081113140051875,
    0.3806616367965253,
    0.35391376554991616,
    0.32784889571254294,
    0.30244840377027804,
    0.27769391484707384,
    0.25356735508892136,
    0.2300509925497321,
    0.2071274674278153,
    0.18477981478443886,
    0.16299148051186274,
    0.14174633191091146,
    0.12102866401957127,
    0.10082320265726616,
    0.08111510374052676,
    0.06188995128621519,
    0.04313375304944295,
    0.02483293456104524,
    0.006974332161903379,
    -0.010454814941556118,
    -0.027466873203342512,
    -0.04407382411827837,
    -0.060287273599626906
  ],
  "final_params": [
    -1.681916614610297
  ],
  "final_state_real": [
    [
      0.1976283706673618,
      0.0,
      0.0,
      0.0,
      0.22090616705014038,
      0.0,
      0.0,
      0.0,
      -0.22090616705014038,
      0.0,
      0.0,
      0.0,
      0.24692575502192812,
      0.0,
      0.0,
      0.0
    ],
    [
      0.0,
      3.952567413347195e-15,
      0.0,
      0.0,
      0.0,
      4.4181233410027624e-15,
      0.0,
      0.0,
      0.0,
      -4.4181233410027624e-15,
      0.0,
      0.0,
      0.0,
      4.938515100438514e-15,
      0.0,
      0.0
    ],
    [
      0.0,
      0.0,
      3.952567413347194e-15,
      0.0,
      0.0,
      0.0,
      4.418123341002761e-15,
      0.0,
      0.0,
      0.0,
      -4.418123341002761e-15,
      0.0,
      0.0,
      0.0,
      4.938515100438516e-15,
      0.0
    ],
    [
      0.0,
      0.0,
      0.0,
      7.90513482669431e-29,
      0.0,
      0.0,
      0.0,
      8.836246682005434e-29,
      0.0,
      0.0,
      0.0,
      -8.836246682005434e-29,
      0.0,
      0.0,
      0.0,
      9.877030200876929e-29
    ],
    [
      0.22090616705014038,
      0.0,
      0.0,
      0.0,
      0.2469257550219512,
      0.0,
      0.0,
      0.0,
      -0.24692575502192812,
      0.0,
      0.0,
      0.0,
      0.2760100784298577,
      0.0,
      0.0,
      0.0
    ],
    [
      0.0,
      4.4181233410027624e-15,
      0.0,
      0.0,
      0.0,
      4.9385151004389756e-15,
      0.0,
      0.0,
      0.0,
      -4.938515100438514e-15,
      0.0,
      0.0,
      0.0,
      5.520201568597098e-15,
      0.0,
      0.0
    ],
    [
      0.0,
      0.0,
      4.418123341002761e-15,
      0.0,
      0.0,
      0.0,
      4.938515100438976e-15,
      0.0,
      0.0,
      0.0,
      -4.938515100438516e-15,
      0.0,
      0.0,
      0.0,
      5.520201568597098e-15,
      0.0
    ],
    [
      0.0,
      0.0,
      0.0,
      8.836246682005434e-29,
      0.0,
      0.0,
      0.0,
      9.87703020087785e-29,
      0.0,
      0.0,
      0.0,
      -9.877030200876929e-29,
      0.0,
      0.0,
      0.0,
      1.1040403137194086e-28
    ],
    [
      -0.22090616705014038,
      0.0,
      0.0,
      0.0,
      -0.24692575502192812,
      0.0,
      0.0,
      0.0,
      0.2469257550219512,
      0.0,
      0.0,
      0.0,
      -0.2760100784298577,
      0.0,
      0.0,
      0.0
    ],
    [
      0.0,
      -4.4181233410027624e-15,
      0.0,
      0.0,
      0.0,
      -4.938515100438514e-15,
      0.0,
      0.0,
      0.0,
      4.9385151004389756e-15,
      0.0,
      0.0,
      0.0,
      -5.520201568597098e-15,
      0.0,
      0.0
    ],
    [
      0.0,
      0.0,
      -4.418123341002761e-15,
      0.0,
      0.0,
      0.0,
      -4.938515100438516e-15,
      0.0,
      0.0,
      0.0,
      4.938515100438976e-15,
      0.0,
      0.0,
      0.0,
      -5.520201568597098e-15,
      0.0
    ],
    [
      0.0,
      0.0,
      0.0,
      -8.836246682005434e-29,
      0.0,
      0.0,
      0.0,
      -9.877030200876929e-29,
      0.0,
      0.0,
      0.0,
      9.87703020087785e-29,
      0.0,
      0.0,
      0.0,
      -1.1040403137194086e-28
    ],
    [
      0.24692575502192812,
      0.0,
      0.0,
      0.0,
      0.2760100784298577,
      0.0,
      0.0,
      0.0,
      -0.2760100784298577,
      0.0,
      0.0,
      0.0,
      0.30852011928887624,
      0.0,
      0.0,
      0.0
    ],
    [
      0.0,
      4.938515100438514e-15,
      0.0,
      0.0,
      0.0,
      5.520201568597098e-15,
      0.0,
      0.0,
      0.0,
      -5.520201568597098e-15,
      0.0,
      0.0,
      0.0,
      6.1704023857774625e-15,
      0.0,
      0.0
    ],
    [
      0.0,
      0.0,
      4.938515100438516e-15,
      0.0,
      0.0,
      0.0,
      5.520201568597098e-15,
      0.0,
      0.0,
      0.0,
      -5.520201568597098e-15,
      0.0,
      0.0,
      0.0,
      6.170402385777462e-15,
      0.0
    ],
    [
      0.0,
      0.0,
      0.0,
      9.877030200876929e-29,
      0.0,
      0.0,
      0.0,
      1.1040403137194086e-28,
      0.0,
      0.0,
      0.0,
      -1.1040403137194086e-28,
      0.0,
      0.0,
      0.0,
      1.23408047715548e-28
    ]
  ],