{
  "config": {
    "symbols": [
      "H",
      "H"
    ],
    "geometry": [
      [
        0.0,
        0.0,
        0.0
      ],
      [
        0.0,
        0.0,
        0.7414
      ]
    ],
    "basis": "STO-3G",
    "ansatz": "RY-CZ",
    "optimizer": {
      "name": "Nesterov",
      "stepsize": 0.1,
      "iterations_planned": 50
    },
    "seed": 1,
    "noisy": true,
    "depolarizing_prob": 0.06,
    "amplitude_damping_prob": 0.0
  },
  "energies": [
    1.2277557869969091,
    1.2277557869969091,
    1.2277537502114135,
    1.2277501294190307,
    1.2277440893308054,
    1.2277342413252765,
    1.2277183310167281,
    1.2276927283850045,
    1.2276516054888136,
    1.2275856158169163,
    1.2274797764951257,
    1.2273100752697332,
    1.22703803764674,
    1.2266020347727316,
    1.2259033942953534,
    1.2247842491097891,
    1.2229923192371794,
    1.220125198692383,
    1.2155429379906666,
    1.2082327076144537,
    1.1966039210085735,
    1.178189801205112,
    1.149242006290487,
    1.10425274755677,
    1.0355719104748808,
    0.9335704580486375,
    0.7882305069132138,
    0.5932490889689248,
    0.35261320530187246,
    0.08604791098201488,
    -0.17361781561080625,
    -0.3935890387208756,
    -0.5551432447485927,
    -0.6567478625113454,
    -0.7073088429193575,
    -0.7188266586307586,
    -0.7031723474127598,
    -0.6715744000127644,
    -0.6343596360471673,
    -0.6001754135065434,
    -0.5751561713263863,
    -0.5625550422529759,
    -0.5629381045363915,
    -0.5747605168965906,
    -0.595109104378712,
    -0.6204568008271047,
    -0.6473241548141117,
    -0.6727725002464565,
    -0.694687934915091,
    -0.7118617734092892,
    -0.7239143265765808
  ],
  "final_params": [
    3.365436474051955,
    -3.2648662594194766,
    0.0003398303844944817,
    0.00038786824291450755
  ],
  "final_state_real": [
    [
      0.0020632271561670528,
      3.8345805976943337e-07,
      -2.7968947438832144e-07,
      5.19812777087981e-11,
      -0.0014348558857841362,
      -2.666730393764306e-07,
      2.3364532324073542e-07,
      -4.3423809420429505e-11,
      0.0034071371163140072,
      6.332284761205464e-07,
      -6.664355407585224e-07,
      1.238594015557572e-10,
      0.005322797291482037,
      9.89260695633159e-07,
      -8.667397931978301e-07,
      1.6108665508423547e-10
    ],
    [
      3.8345805976943337e-07,
      8.596787563783902e-05,
      -5.19812777087981e-11,
      -1.1653717598536222e-08,
      -2.666730393764306e-07,
      -5.978571577957876e-05,
      4.3423809420429505e-11,
      9.735213029453697e-09,
      6.332284761205464e-07,
      0.00014196417443462181,
      -1.2385940155575723e-10,
      -2.7768122510197283e-08,
      9.89260695633159e-07,
      0.00022178342032374096,
      -1.6108665508423547e-10,
      -3.611412550805295e-08
    ],
    [
      -2.7968947438832144e-07,
      -5.19812777087981e-11,
      8.59678576380412e-05,
      1.597740810540378e-08,
      -2.3364532324073548e-07,
      -4.342380942042951e-11,
      -5.9785620553648904e-05,
      -1.1111384326486905e-08,
      -6.664355407585224e-07,
      -1.238594015557572e-10,
      0.00014196414471042052,
      2.6384501588059682e-08,
      8.667397931978301e-07,
      1.6108665508423547e-10,
      0.00022178306706992188,
      4.1219224162933245e-08
    ],
    [
      5.19812777087981e-11,
      -1.1653717598536222e-08,
      1.597740810540378e-08,
      3.581997295929443e-06,
      4.342380942042951e-11,
      -9.7352130294537e-09,
      -1.1111384326486905e-08,
      -2.4910697677299204e-06,
      1.2385940155575723e-10,
      -2.7768122510197283e-08,
      2.6384501588059682e-08,
      5.915178026335299e-06,
      -1.6108665508423547e-10,
      3.611412550805295e-08,
      4.1219224162933245e-08,
      9.2409694547961e-06
    ],
    [
      -0.0014348558857841362,
      -2.666730393764305e-07,
      -2.3364532324073542e-07,
      4.3423809420429505e-11,
      0.04537737675806027,
      8.433545863848414e-06,
      -7.386698125131867e-06,
      1.3728439635895383e-09,
      -0.005322797291482037,
      -9.89260695633159e-07,
      -8.667397931978301e-07,
      1.6108665508423547e-10,
      0.08998369854348283,
      1.6723788435618936e-05,
      -1.4657182330878828e-05,
      2.724089159365643e-09
    ],
    [
      -2.666730393764305e-07,
      -5.978571577957876e-05,
      -4.3423809420429505e-11,
      -9.735213029453697e-09,
      8.433545863848414e-06,
      0.001890725735287115,
      -1.3728439635895383e-09,
      -3.0777881121263295e-07,
      -9.89260695633159e-07,
      -0.00022178342032374096,
      -1.6108665508423547e-10,
      -3.611412550805295e-08,
      1.6723788435618936e-05,
      0.003749324151098268,
      -2.7240891593656433e-09,
      -6.107153801474948e-07
    ],
    [
      2.3364532324073542e-07,
      4.3423809420429505e-11,
      -5.9785620553648904e-05,
      -1.1111384326486902e-08,
      -7.386698125131867e-06,
      -1.3728439635895383e-09,
      0.0018907253394103915,
      3.513975012635453e-07,
      8.667397931978301e-07,
      1.6108665508423547e-10,
      -0.00022178306706992188,
      -4.1219224162933245e-08,
      -1.4657182330878828e-05,
      -2.724089159365643e-09,
      0.0037493233660715808,
      6.968240361539939e-07
    ],
    [
      -4.3423809420429505e-11,
      9.735213029453697e-09,
      -1.1111384326486902e-08,
      -2.4910697677299204e-06,
      1.3728439635895383e-09,
      -3.0777881121263295e-07,
      3.513975012635453e-07,
      7.878029346303497e-05,
      -1.6108665508423547e-10,
      3.611412550805295e-08,
      -4.1219224162933245e-08,
      -9.2409694547961e-06,
      2.7240891593656433e-09,
      -6.107153801474948e-07,
      6.968240361539939e-07,
      0.00015622194768862786
    ],
    [
      0.0034071371163140072,
      6.332284761205464e-07,
      -6.664355407585224e-07,
      1.238594015557572e-10,
      -0.005322797291482037,
      -9.89260695633159e-07,
      8.667397931978301e-07,
      -1.6108665508423547e-10,
      0.038017839885393305,
      7.0657499226408715e-06,
      -5.153668912868883e-06,
      9.57827589203776e-10,
      -0.04939248309272508,
      -9.179767612332551e-06,
      8.042844436293775e-06,
      -1.4947910754452952e-09
    ],
    [
      6.332284761205464e-07,
      0.00014196417443462181,
      -1.2385940155575723e-10,
      -2.7768122510197283e-08,
      -9.89260695633159e-07,
      -0.00022178342032374096,
      1.6108665508423547e-10,
      3.611412550805295e-08,
      7.0657499226408715e-06,
      0.0015840780892776034,
      -9.57827589203776e-10,
      -2.147360112077101e-07,
      -9.179767612332551e-06,
      -0.0020580219833126593,
      1.4947910754452952e-09,
      3.3511821620928176e-07
    ],
    [
      -6.664355407585224e-07,
      -1.238594015557572e-10,
      0.00014196414471042052,
      2.6384501588059682e-08,
      -8.667397931978301e-07,
      -1.6108665508423547e-10,
      -0.00022178306706992188,
      -4.1219224162933245e-08,
      -5.153668912868883e-06,
      -9.57827589203776e-10,
      0.0015840777576062073,
      2.94406043134518e-07,
      -8.042844436293775e-06,
      -1.4947910754452954e-09,
      -0.002058018705321346,
      -3.824905817512468e-07
    ],
    [
      1.2385940155575723e-10,
      -2.7768122510197283e-08,
      2.6384501588059682e-08,
      5.915178026335299e-06,
      1.6108665508423547e-10,
      -3.611412550805295e-08,
      -4.1219224162933245e-08,
      -9.2409694547961e-06,
      9.57827589203776e-10,
      -2.147360112077101e-07,
      2.94406043134518e-07,
      6.600329937472543e-05,
      1.4947910754452954e-09,
      -3.3511821620928176e-07,
      -3.824905817512468e-07,
      -8.575085665704909e-05
    ],
    [
      0.005322797291482037,
      9.89260695633159e-07,
      8.667397931978301e-07,
      -1.6108665508423547e-10,
      0.08998369854348283,
      1.6723788435618936e-05,
      -1.4657182330878828e-05,
      2.724089159365643e-09,
      -0.04939248309272508,
