{
  "config": {
    "symbols": [
      "H",
      "H"
    ],
    "geometry": [
      [
        0.0,
        0.0,
        0.0
      ],
      [
        0.0,
        0.0,
        0.7414
      ]
    ],
    "basis": "STO-3G",
    "ansatz": "RY-CZ",
    "optimizer": {
      "name": "Adam",
      "stepsize": 0.1,
      "iterations_planned": 50
    },
    "seed": 0,
    "noisy": true,
    "depolarizing_prob": 0.08,
    "amplitude_damping_prob": 0.0
  },
  "energies": [
    1.1901918615604363,
    1.1901918615604363,
    1.1825129202950153,
    1.1672867542403627,
    1.1424471130490486,
    1.1076376526589655,
    1.062921551843988,
    1.0085112788578008,
    0.9446542413265622,
    0.8721095501508412,
    0.791427399185816,
    0.7038142487284847,
    0.610204778375673,
    0.5121110063393959,
    0.4108150529437292,
    0.3079738245636891,
    0.20505060799125763,
    0.10367929717947504,
    0.005252536430908145,
    -0.08879247597740161,
    -0.17738506895435457,
    -0.25943892067306895,
    -0.3343681290354753,
    -0.4015367663825237,
    -0.46085744560029346,
    -0.5121712193616828,
    -0.5557666800621845,
    -0.5919125662511753,
    -0.6211049348442057,
    -0.6439262617903967,
    -0.6609593890211601,
    -0.6729514959712529,
    -0.6805248483351265,
    -0.6844488973443623,
    -0.6853687375521906,
    -0.6839746385326675,
    -0.6808983061833919,
    -0.676698798975838,
    -0.6719291221522865,
    -0.6670018716098632,
    -0.6623244514534992,
    -0.6581674718877706,
    -0.6547573034312525,
    -0.6522346466142118,
    -0.650655849552237,
    -0.6500458716708328,
    -0.6503399459220235,
    -0.6514654390148502,
    -0.6532977825370343,
    -0.6556970375745753,
    -0.6585243516707213
  ],
  "final_params": [
    -3.4121875221583453,
    -3.4144124145125327,
    0.0021652402090310777,
    0.002328229187991205
  ],
  "final_state_real": [
    [
      0.004356181052687321,
      4.78539966875557e-06,
      -2.2197275217523612e-06,
      2.4384400564696105e-09,
      -0.003790054099874039,
      -4.163492794538696e-06,
      3.8720243786559386e-06,
      -4.2535397935183295e-09,
      -0.0037279620934347305,
      -4.095281704613848e-06,
      7.635948234448571e-06,
      -8.388327784172535e-09,
      -0.012877800605601796,
      -1.4146666147248689e-05,
      1.3156318240950052e-05,
      -1.4452626766130374e-08
    ],
    [
      4.78539966875557e-06,
      0.0002454245354580135,
      -2.4384400564696105e-09,
      -1.2505207310059543e-07,
      -4.1634927945387e-06,
      -0.00021352929448341078,
      4.2535397935183295e-09,
      2.181369879419773e-07,
      -4.095281704613848e-06,
      -0.00021003106939778852,
      8.388327784172535e-09,
      4.301839516107758e-07,
      -1.4146666147248689e-05,
      -0.0007255272894135153,
      1.4452626766130374e-08,
      7.4118325527773e-07
    ],
    [
      -2.2197275217523612e-06,
      -2.4384400564696105e-09,
      0.0002454237403868609,
      2.695943903302627e-07,
      -3.8720243786559386e-06,
      -4.253539793518328e-09,
      -0.00021351974654187336,
      -2.345678387446894e-07,
      7.635948234448571e-06,
      8.388327784172535e-09,
      -0.00021003038898641845,
      -2.3071531132386241e-07,
      -1.3156318240950052e-05,
      -1.4452626766130374e-08,
      -0.0007254948475316654,
      -7.970118041168491e-07
    ],
    [
      2.43844005646961e-09,
      -1.2505207310059543e-07,
      2.695943903302627e-07,
      1.3827021133030223e-05,
      4.253539793518327e-09,
      -2.181369879419773e-07,
      -2.345678387446896e-07,
      -1.20295699311728e-05,
      -8.388327784172535e-09,
      4.301839516107758e-07,
      -2.3071531132386236e-07,
      -1.1832981693278932e-05,
      1.4452626766130374e-08,
      -7.4118325527773e-07,
      -7.970118041168491e-07,
      -4.087392920062399e-05
    ],
    [
      -0.003790054099874037,
      -4.163492794538696e-06,
      -3.8720243786559386e-06,
      4.253539793518328e-09,
      0.05800564832417534,
      6.372099940731844e-05,
      -5.913449978731336e-05,
      6.496109616501182e-08,
      0.012877800605601793,
      1.4146666147248685e-05,
      1.315631824095005e-05,
      -1.445262676613037e-08,
      -0.09931452012060175,
      -0.00010910007319244896,
      0.00010167808053703127,
      -1.1169654924614674e-07
    ],
    [
      -4.163492794538697e-06,
      -0.00021352929448341067,
      -4.253539793518327e-09,
      -2.181369879419773e-07,
      6.372099940731844e-05,
      0.003268002206914578,
      -6.496109616501182e-08,
      -3.3314412321798696e-06,
      1.4146666147248685e-05,
      0.0007255272894135153,
      1.445262676613037e-08,
      7.411832552777297e-07,
      -0.00010910007319244896,
      -0.005595318392424898,
      1.1169654924614674e-07,
      5.72820521232587e-06
    ],
    [
      3.872024378655938e-06,
      4.253539793518327e-09,
      -0.00021351974654187334,
      -2.345678387446894e-07,
      -5.913449978731336e-05,
      -6.496109616501182e-08,
      0.0032679916199768195,
      3.5898410113189885e-06,
      -1.315631824095005e-05,
      -1.445262676613037e-08,
      0.0007254948475316654,
      7.97011804116849e-07,
      0.00010167808053703127,
      1.1169654924614674e-07,
      -0.0055953002659721585,
      -6.146355529997772e-06
    ],
    [
      -4.253539793518326e-09,
      2.181369879419772e-07,
      -2.345678387446895e-07,
      -1.2029569931172793e-05,
      6.496109616501182e-08,
      -3.3314412321798696e-06,
      3.5898410113189885e-06,
      0.00018411661855025776,
      1.445262676613037e-08,
      -7.411832552777297e-07,
      7.97011804116849e-07,
      4.087392920062399e-05,
      -1.1169654924614674e-07,
      5.72820521232587e-06,
      -6.146355529997772e-06,
      -0.00031523574248071626
    ],
    [
      -0.0037279620934347305,
      -4.095281704613848e-06,
      7.635948234448571e-06,
      -8.388327784172535e-09,
      0.012877800605601796,
      1.4146666147248689e-05,
      -1.3156318240950052e-05,
      1.4452626766130374e-08,
      0.058244666038682516,
      6.398356776202995e-05,
      -2.967904378574476e-05,
      3.260335716689344e-08,
      -0.1001430197879278,
      -0.00011001023476795247,
      0.00010230888629900234,
      -1.123895090904378e-07
    ],
    [
      -4.095281704613848e-06,
      -0.00021003106939778852,
      8.388327784172535e-09,
      4.301839516107758e-07,
      1.4146666147248689e-05,
      0.0007255272894135153,
      -1.4452626766130374e-08,
      -7.4118325527773e-07,
      6.398356776202995e-05,
      0.0032814683165274853,
      -3.260335716689344e-08,
      -1.6720187125133028e-06,
      -0.0001100102347679525,
      -0.005641995549210009,
      1.123895090904378e-07,
      5.763742712980909e-06
    ],
    [
      7.635948234448571e-06,
      8.388327784172535e-09,
      -0.00021003038898641845,
      -2.3071531132386241e-07,
      1.3156318240950052e-05,
      1.4452626766130374e-08,
      0.0007254948475316654,
      7.970118041168491e-07,
      -2.967904378574476e-05,
      -3.260335716689344e-08,
      0.0032814576859652566,
      3.6046332879120253e-06,
      -0.00010230888629900231,
      -1.123895090904378e-07,
      -0.005641743267930342,
      -6.197888235368885e-06
    ],
    [
      -8.388327784172535e-09,
      4.301839516107758e-07,
      -2.3071531132386236e-07,
      -1.1832981693278932e-05,
      -1.4452626766130374e-08,
      7.4118325527773e-07,
      7.970118041168491e-07,
      4.087392920062399e-05,
      3.260335716689343e-08,
      -1.6720187125133028e-06,
      3.6046332879120253e-06,
      0.00018487528834604608,
      1.123895090904378e-07,
      -5.763742712980908e-06,
      -6.1978882353688864e-06,
      -0.00031785231237140796
    ],
    [
      -0.012877800605601793,
      -1.4146666147248685e-05,
      -1.315631824095005e-05,
      1.445262676613037e-08,
      -0.09931452012060175,
      -0.00010910007319244896,
      0.00010167808053703127,
      -1.1169654924614674e-07,
