{
  "config": {
    "symbols": [
      "H",
      "H"
    ],
    "geometry": [
      [
        0.0,
        0.0,
        0.0
      ],
      [
        0.0,
        0.0,
        0.7414
      ]
    ],
    "basis": "STO-3G",
    "ansatz": "RY-CZ",
    "optimizer": {
      "name": "GradientDescent",
      "stepsize": 0.1,
      "iterations_planned": 50
    },
    "seed": 9,
    "noisy": true,
    "depolarizing_prob": 0.1,
    "amplitude_damping_prob": 0.0
  },
  "energies": [
    1.1542798417478175,
    1.1542798417478175,
    1.1542731804676407,
    1.154265716272152,
    1.1542573522996509,
    1.154247980022805,
    1.1542374778058804,
    1.154225709372618,
    1.1542125220024289,
    1.154197744547633,
    1.1541811852361497,
    1.1541626292056708,
    1.154141835668972,
    1.1541185347972889,
    1.1540924242767179,
    1.1540631653515825,
    1.1540303785193982,
    1.1539936384525076,
    1.1539524687382003,
    1.1539063354284884,
    1.1538546404934007,
    1.1537967138377243,
    1.1537318047941105,
    1.1536590723831919,
    1.1535775746209262,
    1.153486256266628,
    1.153383935347422,
    1.1532692881082238,
    1.1531408320675376,
    1.1529969068818493,
    1.1528356534954356,
    1.152654990455006,
    1.1524525873307856,
    1.1522258356337427,
    1.1519718156476895,
    1.151687260160851,
    1.1513685134336793,
    1.151011485919425,
    1.1506116037017726,
    1.1501637524227382,
    1.1496622149999722,
    1.1491006022036638,
    1.1484717765149082,
    1.1477677671625484,
    1.146979676774686,
    1.146097578338944,
    1.1451104020670502,
    1.144005811015946,
    1.1427700656994655,
    1.141387875979126,
    1.1398422401555472
  ],
  "final_params": [
    -0.11139127288072737,
    -0.20778790508906725,
    -0.016642334709225257,
    0.002488204042416755
  ],
  "final_state_real": [
    [
      0.7490451829964642,
      0.0008653169437425062,
      -0.005778842266982227,
      6.675940002368916e-06,
      -0.07243456406138417,
      -8.36799929921875e-05,
      -0.0005597028262525251,
      6.465901498241503e-07,
      -0.038709979875613226,
      -4.471879966479626e-05,
      0.0002995744885889894,
      -3.460799273735559e-07,
      -0.0037508367473653124,
      -4.3331522292089974e-06,
      -2.8982764727252427e-05,
      3.348200028358838e-08
    ],
    [
      0.0008653169437425061,
      0.05350438080736657,
      -6.675940002368916e-06,
      -0.00041276554883306113,
      -8.36799929921875e-05,
      -0.00517400897453496,
      -6.465901498241503e-07,
      -3.9977911420341156e-05,
      -4.471879966479626e-05,
      -0.0027650581718247067,
      3.460799273735559e-07,
      2.1397716443191874e-05,
      -4.3331522292089974e-06,
      -0.0002679226864185644,
      -3.348200028358838e-08,
      -2.070152850112499e-06
    ],
    [
      -0.005778842266982227,
      -6.675940002368916e-06,
      0.053554830121396224,
      6.174873964697148e-05,
      0.0005597028262525251,
      6.465901498241502e-07,
      -0.005168907265728116,
      -5.98290718769282e-06,
      0.0002995744885889894,
      3.4607992737355586e-07,
      -0.002767665346899265,
      -3.191119205275001e-06,
      2.8982764727252427e-05,
      3.348200028358838e-08,
      -0.0002676585076095244,
      -3.0980939039899376e-07
    ],
    [
      6.675940002368916e-06,
      -0.00041276554883306113,
      6.174873964697147e-05,
      0.0038254274774536996,
      -6.465901498241502e-07,
      3.9977911420341156e-05,
      -5.98290718769282e-06,
      -0.00036921562140903105,
      -3.460799273735559e-07,
      2.1397716443191874e-05,
      -3.191119205275001e-06,
      -0.0001976946438337213,
      -3.348200028358838e-08,
      2.070152850112499e-06,
      -3.0980939039899376e-07,
      -1.9118876995086444e-05
    ],
    [
      -0.07243456406138417,
      -8.367999299218751e-05,
      0.0005597028262525252,
      -6.465901498241504e-07,
      0.06159908801729123,
      7.11609069658749e-05,
      -0.00035021824498545576,
      4.0458553517135344e-07,
      0.003750836747365313,
      4.333152229208998e-06,
      -2.8982764727252434e-05,
      3.3482000283588386e-08,
      -0.002345961455448956,
      -2.7101171502712867e-06,
      2.463605094756383e-05,
      -2.8460509981548157e-08
    ],
    [
      -8.367999299218751e-05,
      -0.00517400897453496,
      6.465901498241503e-07,
      3.997791142034117e-05,
      7.116090696587487e-05,
      0.004400029714468103,
      -4.0458553517135344e-07,
      -2.501504962831644e-05,
      4.333152229208998e-06,
      0.00026792268641856443,
      -3.3482000283588386e-08,
      -2.0701528501125e-06,
      -2.7101171502712867e-06,
      -0.00016757228792209903,
      2.8460509981548157e-08,
      1.7596799879019291e-06
    ],
    [
      -0.0005597028262525252,
      -6.465901498241504e-07,
      -0.005168907265728116,
      -5.982907187692822e-06,
      -0.00035021824498545576,
      -4.0458553517135344e-07,
      0.004404178505229824,
      5.078019503782798e-06,
      2.8982764727252434e-05,
      3.3482000283588386e-08,
      0.0002676585076095244,
      3.0980939039899376e-07,
      2.463605094756383e-05,
      2.846050998154815e-08,
      -0.0001677302919368822,
      -1.9339309086115794e-07
    ],
    [
      6.465901498241503e-07,
      -3.997791142034117e-05,
      -5.982907187692822e-06,
      -0.00036921562140903105,
      4.0458553517135344e-07,
      -2.501504962831644e-05,
      5.0780195037827944e-06,
      0.00031459096091476676,
      -3.3482000283588386e-08,
      2.0701528501125e-06,
      3.0980939039899376e-07,
      1.9118876995086444e-05,
      -2.8460509981548157e-08,
      1.7596799879019291e-06,
      -1.9339309086115794e-07,
      -1.1980993425284569e-05
    ],
    [
      -0.038709979875613226,
      -4.471879966479626e-05,
      0.0002995744885889894,
      -3.460799273735559e-07,
      0.0037508367473653124,
      4.3331522292089974e-06,
      2.8982764727252427e-05,
      -3.348200028358838e-08,
      0.055819188423874774,
      6.448381302702056e-05,
      -0.0004306419595172207,
      4.974940916220704e-07,
      -0.004949838665300745,
      -5.718298580133817e-06,
      -3.8247468268257444e-05,
      4.4184940790006324e-08
    ],
    [
      -4.471879966479626e-05,
      -0.0027650581718247067,
      3.460799273735559e-07,
      2.1397716443191874e-05,
      4.3331522292089974e-06,
      0.0002679226864185644,
      3.348200028358838e-08,
      2.070152850112499e-06,
      6.448381302702054e-05,
      0.0039871708430748165,
      -4.974940916220704e-07,
      -3.075947682224862e-05,
      -5.718298580133817e-06,
      -0.00035356752689313833,
      -4.4184940790006324e-08,
      -2.7319031220879196e-06
    ],
    [
      0.0002995744885889894,
      3.4607992737355586e-07,
      -0.002767665346899265,
      -3.191119205275001e-06,
      -2.8982764727252427e-05,
      -3.348200028358838e-08,
      0.0002676585076095244,
      3.0980939039899376e-07,
      -0.0004306419595172207,
      -4.974940916220704e-07,
      0.003990930348949231,
      4.601544221274776e-06,
      3.8247468268257444e-05,
      4.4184940790006304e-08,
      -0.0003532189000208923,
      -4.0884384012377195e-07
    ],
    [
      -3.460799273735559e-07,
      2.1397716443191874e-05,
      -3.191119205275001e-06,
      -0.0001976946438337213,
      3.348200028358838e-08,
      -2.070152850112499e-06,
      3.0980939039899376e-07,
      1.9118876995086444e-05,
      4.974940916220704e-07,
      -3.075947682224862e-05,
      4.601544221274776e-06,
      0.0002850725991076349,
      -4.4184940790006304e-08,
      2.7319031220879196e-06,
      -4.0884384012377195e-07,
      -2.523046534986684e-05
    ],
    [
      -0.003750836747365313,
      -4.333152229208998e-06,
      2.8982764727252434e-05,
      -3.3482000283588386e-08,
      -0.002345961455448956,
      -2.7101171502712867e-06,
      2.463605094756383e-05,
      -2.8460509981548157e-08,
      -0.004949838665300747,
      -5.7182985801338205e-06,
