{
  "config": {
    "symbols": [
      "H",
      "H"
    ],
    "geometry": [
      [
        0.0,
        0.0,
        0.0
      ],
      [
        0.0,
        0.0,
        0.7414
      ]
    ],
    "basis": "STO-3G",
    "ansatz": "RY-CZ",
    "optimizer": {
      "name": "Nesterov",
      "stepsize": 0.1,
      "iterations_planned": 50
    },
    "seed": 3,
    "noisy": true,
    "depolarizing_prob": 0.02,
    "amplitude_damping_prob": 0.0
  },
  "energies": [
    1.306933480168182,
    1.306933480168182,
    1.3069154506334821,
    1.3068827765161006,
    1.306826999694904,
    1.3067337167408475,
    1.3065789092646152,
    1.306322809357158,
    1.3058997437800695,
    1.3052013933949478,
    1.3040492769002983,
    1.3021496778546768,
    1.2990201995675474,
    1.2938711104294172,
    1.2854164141215947,
    1.2715804418775358,
    1.249062008630964,
    1.212739422609626,
    1.1549954943098688,
    1.065311913182022,
    0.9310486548018926,
    0.7410675902347875,
    0.49365318574898187,
    0.2063967478563744,
    -0.08187551110288552,
    -0.327207360308068,
    -0.5052026920792272,
    -0.6192687568490046,
    -0.6870170838041286,
    -0.7239155432527881,
    -0.7380013645813661,
    -0.7334449042219313,
    -0.7152755974933864,
    -0.690860518611795,
    -0.6683413787533465,
    -0.6542775622240775,
    -0.6521775078075116,
    -0.6622971016641297,
    -0.6823386336493784,
    -0.7085577585095059,
    -0.7368913230404315,
    -0.7638400604058725,
    -0.7869636954118636,
    -0.8049861971042385,
    -0.8176261070194062,
    -0.8253095905049985,
    -0.8288888015049698,
    -0.8294197892948529,
    -0.8280008365664788,
    -0.8256529648890392,
    -0.823230088429409
  ],
  "final_params": [
    2.881963365339319,
    -3.0759015620109116,
    -0.002668092897913545,
    3.104516625707054e-05
  ],
  "final_state_real": [
    [
      0.0004150734228422437,
      6.355943679468517e-09,
      4.654218211140115e-07,
      -7.126919869373694e-12,
      -0.00010648957708996916,
      -1.6306556437920501e-09,
      -1.4014237134686183e-07,
      2.1459746956050665e-12,
      -0.0014905439338003005,
      -2.2824427616048198e-08,
      -2.302224355640227e-06,
      3.525354368795071e-11,
      0.003885625820690476,
      5.949988578525276e-08,
      5.11355976386399e-06,
      -7.83030125168641e-11
    ],
    [
      6.355943679468517e-09,
      5.609100408681242e-06,
      7.126919869373694e-12,
      6.289483956994449e-09,
      -1.6306556437920516e-09,
      -1.439048364709821e-06,
      -2.1459746956050685e-12,
      -1.8938157952532467e-09,
      -2.2824427616048198e-08,
      -2.0142485951007798e-05,
      -3.525354368795071e-11,
      -3.111113938650948e-08,
      5.949988578525276e-08,
      5.250845797250884e-05,
      7.83030125168641e-11,
      6.910215773934772e-08
    ],
    [
      4.654218211140115e-07,
      7.126919869373694e-12,
      5.609838872487757e-06,
      8.587982131033505e-11,
      1.4014237134686164e-07,
      2.145974695605065e-12,
      -1.4388588560722474e-06,
      -2.2038788596838077e-11,
      -2.3022243556402274e-06,
      -3.525354368795071e-11,
      -2.0145137801708322e-05,
      -3.083975982211353e-10,
      -5.11355976386399e-06,
      -7.83030125168641e-11,
      5.2501543120600114e-05,
      8.041583821509906e-10
    ],
    [
      -7.126919869373694e-12,
      6.289483956994449e-09,
      8.587982131033505e-11,
      7.580863476355676e-08,
      -2.145974695605067e-12,
      1.893815795253244e-09,
      -2.2038788596838106e-11,
      -1.9444038942230445e-08,
      3.525354368795071e-11,
      -3.111113938650948e-08,
      -3.083975982211353e-10,
      -2.722315967684791e-07,
      7.83030125168641e-11,
      -6.910215773934772e-08,
      8.041583821509906e-10,
      7.094803250895661e-07
    ],
    [
      -0.00010648957708996916,
      -1.6306556437920501e-09,
      1.4014237134686183e-07,
      -2.1459746956050665e-12,
      0.02844350520342833,
      4.3555021153057766e-07,
      3.7431116525556797e-05,
      -5.731758933440386e-10,
      -0.0038856258206904767,
      -5.9499885785252776e-08,
      5.113559763863992e-06,
      -7.830301251686411e-11,
      -0.11987560776372296,
      -1.83563333511205e-06,
      -0.00015776324581494677,
      2.415799948021779e-09
    ],
    [
      -1.6306556437920516e-09,
      -1.439048364709821e-06,
      2.1459746956050685e-12,
      1.8938157952532467e-09,
      4.3555021153057766e-07,
      0.000384371698791021,
      5.731758933440386e-10,
      5.058258899773616e-07,
      -5.9499885785252776e-08,
      -5.250845797250885e-05,
      7.830301251686411e-11,
      6.910215773934775e-08,
      -1.83563333511205e-06,
      -0.0016199406743369511,
      -2.415799948021779e-09,
      -2.1319357162530086e-06
    ],
    [
      -1.4014237134686164e-07,
      -2.145974695605065e-12,
      -1.4388588560722474e-06,
      -2.2038788596838077e-11,
      3.743111652555679e-05,
      5.731758933440386e-10,
      0.0003844223030888806,
      5.885038669985896e-09,
      -5.113559763863991e-06,
      -7.830301251686411e-11,
      -5.250154312060013e-05,
      -8.041583821509908e-10,
      -0.0001577632458149468,
      -2.4157999480217792e-09,
      -0.0016201539469599285,
      -2.48025896327482e-08
    ],
    [
      2.145974695605067e-12,
      -1.893815795253244e-09,
      -2.2038788596838106e-11,
      -1.9444038942230445e-08,
      -5.731758933440386e-10,
      5.058258899773613e-07,
      5.885038669985896e-09,
      5.194896080305176e-06,
      7.830301251686411e-11,
      -6.910215773934772e-08,
      -8.041583821509908e-10,
      -7.094803250895665e-07,
      2.4157999480217792e-09,
      -2.1319357162530086e-06,
      -2.48025896327482e-08,
      -2.1893972646553616e-05
    ],
    [
      -0.0014905439338003005,
      -2.2824427616048198e-08,
      -2.302224355640227e-06,
      3.525354368795071e-11,
      -0.003885625820690476,
      -5.949988578525276e-08,
      -5.11355976386399e-06,
      7.83030125168641e-11,
      0.013586928712767727,
      2.0805416324650408e-07,
      1.5235022906407655e-05,
      -2.3329114050164445e-10,
      0.030164554982540937,
      4.619043775824068e-07,
      3.9697145780798447e-05,
      -6.078751880292517e-10
    ],
    [
      -2.2824427616048198e-08,
      -2.0142485951007798e-05,
      -3.525354368795071e-11,
      -3.111113938650948e-08,
      -5.949988578525276e-08,
      -5.250845797250884e-05,
      -7.83030125168641e-11,
      -6.910215773934772e-08,
      2.0805416324650408e-07,
      0.00018360714804058553,
      2.332911405016444e-10,
      2.0587868425451705e-07,
      4.619043775824067e-07,
      0.0004076291286531354,
      6.078751880292517e-10,
      5.36447906394231e-07
    ],
    [
      -2.3022243556402274e-06,
      -3.525354368795071e-11,
      -2.0145137801708322e-05,
      -3.083975982211353e-10,
      5.11355976386399e-06,
      7.83030125168641e-11,
      -5.2501543120600114e-05,
      -8.041583821509906e-10,
      1.5235022906407655e-05,
      2.332911405016444e-10,
      0.00018363132076411817,
      2.8111725439290145e-09,
      -3.969714578079845e-05,
      -6.078751880292518e-10,
      0.00040757544787165456,
      6.242772941207768e-09
    ],
    [
      3.525354368795071e-11,
      -3.111113938650948e-08,
      -3.083975982211353e-10,
      -2.722315967684791e-07,
      -7.83030125168641e-11,
      6.910215773934772e-08,
      -8.041583821509906e-10,
      -7.094803250895661e-07,
      -2.3329114050164434e-10,
      2.0587868425451705e-07,
      2.8111725439290145e-09,
      2.4815043788919357e-06,
      6.078751880292518e-10,
      -5.36447906394231e-07,
      6.242772941207766e-09,
      5.50777642078574e-06
    ],
    [
      0.0038856258206904767,
      5.9499885785252776e-08,
      -5.113559763863992e-06,
      7.830301251686411e-11,
      -0.11987560776372296,
      -1.83563333511205e-06,
      -0.00015776324581494677,
      2.415799948021779e-09,
      0.030164554982540937,
