{
  "config": {
    "symbols": [
      "H",
      "H"
    ],
    "geometry": [
      [
        0.0,
        0.0,
        0.0
      ],
      [
        0.0,
        0.0,
        0.7414
      ]
    ],
    "basis": "STO-3G",
    "ansatz": "RY-CZ",
    "optimizer": {
      "name": "Adam",
      "stepsize": 0.1,
      "iterations_planned": 50
    },
    "seed": 3,
    "noisy": true,
    "depolarizing_prob": 0.0,
    "amplitude_damping_prob": 0.0
  },
  "energies": [
    1.3487650713720143,
    1.3487650713720143,
    1.3399866697977971,
    1.3225606222775943,
    1.2934619864711605,
    1.2532993677644664,
    1.203424298672765,
    1.1449563019790947,
    1.0756759048709068,
    0.9938752993114504,
    0.899850390043178,
    0.7946664156124456,
    0.6800065435807485,
    0.5582131963082517,
    0.4322876235769273,
    0.3057420372930101,
    0.1820674428475963,
    0.06346391895489445,
    -0.050375751654327616,
    -0.16086243018000154,
    -0.2679096058499171,
    -0.369665416431037,
    -0.46353951265207594,
    -0.547088567726506,
    -0.6187672274895857,
    -0.6786280918160592,
    -0.7283997247311302,
    -0.7703408120402165,
    -0.8058267166503351,
    -0.8350322812641343,
    -0.8575299635058555,
    -0.873044197233359,
    -0.8820031583353658,
    -0.885697214151937,
    -0.8858903219836027,
    -0.8841090477051053,
    -0.8811872260145247,
    -0.8773409883805925,
    -0.8725544868384109,
    -0.8669629351681505,
    -0.8610427264492113,
    -0.8555286863503773,
    -0.851120753188461,
    -0.8481958649515928,
    -0.8467259789445656,
    -0.8464176599746507,
    -0.8469439390782997,
    -0.8481241252045113,
    -0.8499613292356956,
    -0.852533632574026,
    -0.8558315841433518
  ],
  "final_params": [
    -3.4157740804654426,
    3.416574518221345,
    0.026853001343024367,
    -0.026588194735288347
  ],
  "final_state_real": [
    [
      0.0003507102145671937,
      -4.662650424957747e-06,
      4.709093905675953e-06,
      6.26068411710294e-08,
      -0.002534694507717367,
      3.369846081652155e-05,
      3.403412265539448e-05,
      4.524795967464911e-07,
      0.0025421881721470843,
      -3.379808819030885e-05,
      3.413474239234264e-05,
      4.5381732413438443e-07,
      0.01837320422936016,
      -0.00024426955631612574,
      -0.00024670266354022565,
      -3.279882453419833e-06
    ],
    [
      -4.662650424957747e-06,
      6.198938064763499e-08,
      -6.26068411710294e-08,
      -8.323504774977543e-10,
      3.369846081652156e-05,
      -4.480170127301997e-07,
      -4.524795967464911e-07,
      -6.015662208241405e-09,
      -3.379808819030885e-05,
      4.4934154676851556e-07,
      -4.5381732413438443e-07,
      -6.033447134125671e-09,
      -0.00024426955631612574,
      3.2475345837762278e-06,
      3.2798824534198326e-06,
      4.3605645568072264e-08
    ],
    [
      4.709093905675953e-06,
      -6.26068411710294e-08,
      6.32304520769114e-08,
      8.406413099347765e-10,
      -3.403412265539449e-05,
      4.524795967464912e-07,
      4.5698663143319756e-07,
      6.075582698252164e-09,
      3.413474239234264e-05,
      -4.5381732413438443e-07,
      4.5833768368511474e-07,
      6.093544773914676e-09,
      0.0002467026635402257,
      -3.2798824534198335e-06,
      -3.3125525320093987e-06,
      -4.4039990376544956e-08
    ],
    [
      6.26068411710294e-08,
      -8.323504774977543e-10,
      8.406413099347765e-10,
      1.1176225839771582e-11,
      -4.5247959674649115e-07,
      6.015662208241405e-09,
      6.075582698252165e-09,
      8.077414648943872e-11,
      4.5381732413438443e-07,
      -6.033447134125671e-09,
      6.093544773914676e-09,
      8.101295017647217e-11,
      3.2798824534198335e-06,
      -4.360564556807228e-08,
      -4.403999037654495e-08,
      -5.855064132518318e-10
    ],
    [
      -0.002534694507717367,
      3.369846081652155e-05,
      -3.403412265539448e-05,
      -4.524795967464911e-07,
      0.018319045127989847,
      -0.00024354951753045403,
      -0.00024597545263045656,
      -3.270214271209477e-06,
      -0.01837320422936016,
      0.00024426955631612574,
      -0.00024670266354022565,
      -3.279882453419833e-06,
      -0.13278900332863766,
      0.0017654139431441179,
      0.0017829987845929315,
      2.370475593629615e-05
    ],
    [
      3.369846081652156e-05,
      -4.480170127301997e-07,
      4.524795967464911e-07,
      6.015662208241405e-09,
      -0.00024354951753045406,
      3.23796175409825e-06,
      3.270214271209477e-06,
      4.3477108240061413e-08,
      0.00024426955631612574,
      -3.2475345837762278e-06,
      3.2798824534198326e-06,
      4.3605645568072264e-08,
      0.0017654139431441179,
      -2.3470967571667055e-05,
      -2.3704755936296146e-05,
      -3.151518995926276e-07
    ],
    [
      3.403412265539449e-05,
      -4.524795967464912e-07,
      4.5698663143319756e-07,
      6.075582698252164e-09,
      -0.0002459754526304565,
      3.270214271209476e-06,
      3.3027880482169783e-06,
      4.3910172710972354e-08,
      0.0002467026635402257,
      -3.2798824534198335e-06,
      3.3125525320093987e-06,
      4.4039990376544956e-08,
      0.0017829987845929317,
      -2.3704755936296153e-05,
      -2.3940873012991753e-05,
      -3.182910478979854e-07
    ],
    [
      4.5247959674649115e-07,
      -6.015662208241405e-09,
      6.075582698252165e-09,
      8.077414648943872e-11,
      -3.270214271209476e-06,
      4.347710824006141e-08,
      4.3910172710972354e-08,
      5.837805031485774e-10,
      3.2798824534198335e-06,
      -4.360564556807228e-08,
      4.403999037654495e-08,
      5.855064132518318e-10,
      2.370475593629615e-05,
      -3.1515189959262763e-07,
      -3.182910478979854e-07,
      -4.2316414766262716e-09
    ],
    [
      0.0025421881721470843,
      -3.379808819030885e-05,
      3.413474239234264e-05,
      4.5381732413438443e-07,
      -0.01837320422936016,
      0.00024426955631612574,
      0.00024670266354022565,
      3.279882453419833e-06,
      0.018427523448756773,
      -0.00024499172385183775,
      0.0002474320244031997,
      3.2895792190013243e-06,
      0.13318158564097085,
      -0.0017706332781089985,
      -0.0017882701080323446,
      -2.3774837551983348e-05
    ],
    [
      -3.379808819030885e-05,
      4.4934154676851556e-07,
      -4.5381732413438443e-07,
      -6.033447134125671e-09,
      0.00024426955631612574,
      -3.2475345837762278e-06,
      -3.2798824534198326e-06,
      -4.3605645568072264e-08,
      -0.00024499172385183775,
      3.257135714931807e-06,
      -3.2895792190013243e-06,
      -4.373456290858927e-08,
      -0.0017706332781089985,
      2.3540358006801042e-05,
      2.3774837551983348e-05,
      3.1608362630475635e-07
    ],
    [
      3.413474239234264e-05,
      -4.5381732413438443e-07,
      4.5833768368511474e-07,
      6.093544773914676e-09,
      -0.0002467026635402257,
      3.2798824534198335e-06,
      3.3125525320093987e-06,
      4.4039990376544956e-08,
      0.0002474320244031997,
      -3.2895792190013243e-06,
      3.322345885364955e-06,
      4.417019182042889e-08,
      0.0017882701080323444,
      -2.3774837551983344e-05,
      -2.401165268859525e-05,
      -3.192320553748945e-07
    ],
    [
      4.5381732413438443e-07,
      -6.033447134125671e-09,
      6.093544773914676e-09,
      8.101295017647217e-11,
      -3.2798824534198335e-06,
      4.360564556807228e-08,
      4.403999037654495e-08,
      5.855064132518318e-10,
      3.2895792190013243e-06,
      -4.373456290858927e-08,
      4.4170191820428896e-08,
      5.872374261615176e-10,
      2.3774837551983344e-05,
      -3.160836263047563e-07,
      -3.192320553748945e-07,
      -4.244152056788632e-09
    ],
    [
      0.01837320422936016,
      -0.00024426955631612574,
      0.00024670266354022565,
      3.279882453419833e-06,
      -0.13278900332863766,
      0.0017654139431441179,
      0.0017829987845929315,
      2.370475593629615e-05,
      0.13318158564097085,
