{
  "config": {
    "symbols": [
      "H",
      "H"
    ],
    "geometry": [
      [
        0.0,
        0.0,
        0.0
      ],
      [
        0.0,
        0.0,
        0.7414
      ]
    ],
    "basis": "STO-3G",
    "ansatz": "RY-CZ",
    "optimizer": {
      "name": "GradientDescent",
      "stepsize": 0.1,
      "iterations_planned": 50
    },
    "seed": 5,
    "noisy": true,
    "depolarizing_prob": 0.08,
    "amplitude_damping_prob": 0.0
  },
  "energies": [
    1.1902803874137224,
    1.1902803874137224,
    1.1902750062866418,
    1.1902689416331442,
    1.190262106632807,
    1.190254403461128,
    1.1902457218464366,
    1.1902359375275509,
    1.190224910443789,
    1.1902124827545562,
    1.1901984766319265,
    1.1901826915949,
    1.1901649017845681,
    1.1901448526065628,
    1.190122257188135,
    1.1900967922670405,
    1.1900680935463015,
    1.190035750524006,
    1.1899993006089638,
    1.189958222547967,
    1.1899119290373912,
    1.1898597582685513,
    1.1898009645510081,
    1.1897347077949365,
    1.1896600414809702,
    1.189575899211493,
    1.1894810797114512,
    1.1893742297374668,
    1.1892538249824165,
    1.1891181486269313,
    1.1889652669738477,
    1.1887930025444544,
    1.1885989033092303,
    1.1883802086701714,
    1.188133810735735,
    1.1878562113294786,
    1.1875434734963315,
    1.1871911673934987,
    1.1867943095078963,
    1.1863472947752043,
    1.1858438207543653,
    1.1852768029631635,
    1.1846382803666242,
    1.1839193104261516,
    1.1831098524667338,
    1.1821986376097287,
    1.1811730263218188,
    1.1800188492888632,
    1.1787202341032144,
    1.1772594135039036,
    1.175616517570971
  ],
  "final_params": [
    0.19814305480558378,
    0.12117573430415346,
    -0.017010588305427617,
    0.012851516244302393
  ],
  "final_state_real": [
    [
      0.792882030460337,
      0.004807849120162334,
      -0.00636122819555397,
      3.857347726943392e-05,
      0.045327893388555744,
      0.00027486210666867813,
      0.000363815794844836,
      -2.2061211862383397e-06,
      0.07429785992748486,
      0.0004505246515360035,
      -0.0005965802235040736,
      3.617567705999291e-06,
      -0.004253993290642983,
      -2.5795629803430585e-05,
      -3.4143875538911026e-05,
      2.0704303736675953e-07
    ],
    [
      0.004807849120162335,
      0.04470204546882126,
      -3.857347726943391e-05,
      -0.00035811722167248443,
      0.00027486210666867813,
      0.0025555498465322612,
      2.2061211862383397e-06,
      2.0481689643119778e-05,
      0.0004505246515360035,
      0.004188853051425896,
      -3.617567705999291e-06,
      -3.358559787170521e-05,
      -2.5795629803430585e-05,
      -0.0002398366896926363,
      -2.0704303736675953e-07,
      -1.922193241498874e-06
    ],
    [
      -0.00636122819555397,
      -3.857347726943392e-05,
      0.04472658775007473,
      0.0002705180249951879,
      -0.000363815794844836,
      -2.2061211862383397e-06,
      0.0025504153500246524,
      1.550501040608715e-05,
      -0.0005965802235040736,
      -3.617567705999291e-06,
      0.0041911528121782145,
      2.534918128650633e-05,
      3.4143875538911026e-05,
      2.0704303736675953e-07,
      -0.00023935482053743495,
      -1.4551351344180785e-06
    ],
    [
      3.857347726943391e-05,
      -0.00035811722167248443,
      0.0002705180249951879,
      0.0025216487225826725,
      2.2061211862383397e-06,
      -2.0481689643119778e-05,
      1.550501040608715e-05,
      0.00014379034782133947,
      3.617567705999291e-06,
      -3.358559787170521e-05,
      2.534918128650633e-05,
      0.00023629379451063347,
      -2.0704303736675953e-07,
      1.922193241498874e-06,
      -1.4551351344180785e-06,
      -1.3494630550062908e-05
    ],
    [
      0.045327893388555744,
      0.00027486210666867813,
      -0.000363815794844836,
      2.2061211862383397e-06,
      0.04757726678250656,
      0.00028849729398861115,
      -0.0003350398803389584,
      2.0316286118522433e-06,
      0.004253993290642983,
      2.5795629803430585e-05,
      -3.4143875538911026e-05,
      2.0704303736675953e-07,
      0.003913198101735042,
      2.3728707837563825e-05,
      -3.57980826407953e-05,
      2.170738864546865e-07
    ],
    [
      0.00027486210666867813,
      0.0025555498465322612,
      -2.2061211862383397e-06,
      -2.0481689643119778e-05,
      0.00028849729398861115,
      0.0026823676931599207,
      -2.031628611852243e-06,
      -1.8861695793326368e-05,
      2.5795629803430585e-05,
      0.0002398366896926363,
      -2.0704303736675953e-07,
      -1.922193241498874e-06,
      2.3728707837563825e-05,
      0.000220622933490754,
      -2.170738864546865e-07,
      -2.015319919741879e-06
    ],
    [
      0.000363815794844836,
      2.2061211862383397e-06,
      0.0025504153500246524,
      1.550501040608715e-05,
      -0.0003350398803389584,
      -2.0316286118522433e-06,
      0.002683840364525634,
      1.623256392530473e-05,
      3.4143875538911026e-05,
      2.0704303736675953e-07,
      0.00023935482053743495,
      1.4551351344180785e-06,
      -3.57980826407953e-05,
      -2.170738864546865e-07,
      0.00022074405971725906,
      1.3351174339033475e-06
    ],
    [
      -2.2061211862383397e-06,
      2.0481689643119778e-05,
      1.550501040608715e-05,
      0.00014379034782133947,
      2.031628611852243e-06,
      -1.8861695793326368e-05,
      1.623256392530473e-05,
      0.00015131274186706929,
      -2.0704303736675953e-07,
      1.922193241498874e-06,
      1.4551351344180785e-06,
      1.3494630550062908e-05,
      2.170738864546865e-07,
      -2.015319919741879e-06,
      1.3351174339033475e-06,
      1.2445370957296189e-05
    ],
    [
      0.07429785992748486,
      0.0004505246515360035,
      -0.0005965802235040736,
      3.617567705999291e-06,
      0.004253993290642983,
      2.5795629803430585e-05,
      3.4143875538911026e-05,
      -2.0704303736675953e-07,
      0.0524736805262618,
      0.00031818798895390954,
      -0.0004209920811225216,
      2.552829103527713e-06,
      0.002107028591434387,
      1.2776731371306424e-05,
      1.691166794764475e-05,
      -1.025496679434685e-07
    ],
    [
      0.0004505246515360035,
      0.004188853051425896,
      -3.617567705999291e-06,
      -3.358559787170521e-05,
      2.5795629803430585e-05,
      0.0002398366896926363,
      2.0704303736675953e-07,
      1.922193241498874e-06,
      0.00031818798895390954,
      0.002958423526687172,
      -2.5528291035277135e-06,
      -2.3700535463118256e-05,
      1.2776731371306426e-05,
      0.00011879256217185525,
      1.025496679434685e-07,
      9.520739318062973e-07
    ],
    [
      -0.0005965802235040736,
      -3.617567705999291e-06,
      0.0041911528121782145,
      2.534918128650633e-05,
      -3.4143875538911026e-05,
      -2.0704303736675953e-07,
      0.00023935482053743495,
      1.4551351344180785e-06,
      -0.0004209920811225216,
      -2.552829103527713e-06,
      0.0029600477580058364,
      1.7903138014051482e-05,
      -1.691166794764475e-05,
      -1.025496679434685e-07,
      0.0001185538894664769,
      7.20737228091911e-07
    ],
    [
      3.617567705999291e-06,
      -3.358559787170521e-05,
      2.534918128650633e-05,
      0.00023629379451063347,
      2.0704303736675953e-07,
      -1.922193241498874e-06,
      1.4551351344180785e-06,
      1.3494630550062908e-05,
      2.5528291035277135e-06,
      -2.3700535463118256e-05,
      1.7903138014051482e-05,
      0.00016688509057449064,
      1.025496679434685e-07,
      -9.520739318062973e-07,
      7.207372280919112e-07,
      6.683972083916672e-06
    ],
    [
      -0.004253993290642983,
      -2.5795629803430585e-05,
      3.4143875538911026e-05,
      -2.0704303736675953e-07,
      0.003913198101735042,
      2.3728707837563825e-05,
      -3.57980826407953e-05,
      2.170738864546865e-07,
      0.002107028591434387,
      1.2776731371306424e-05,
      -1.691166794764475e-05,
