{
  "config": {
    "symbols": [
      "H",
      "H"
    ],
    "geometry": [
      [
        0.0,
        0.0,
        0.0
      ],
      [
        0.0,
        0.0,
        0.7414
      ]
    ],
    "basis": "STO-3G",
    "ansatz": "TwoQubit-RY-CNOT",
    "optimizer": {
      "name": "GradientDescent",
      "stepsize": 0.1,
      "iterations_planned": 50
    },
    "seed": 4,
    "noisy": true,
    "depolarizing_prob": 0.1,
    "amplitude_damping_prob": 0.0
  },
  "energies": [
    1.1543162685728183,
    1.1543162685728183,
    1.15431214322884,
    1.1543069940976871,
    1.1543005671130635,
    1.1542925451839852,
    1.1542825324955406,
    1.154270035071561,
    1.1542544363656084,
    1.1542349668400513,
    1.1542106661255926,
    1.1541803356060287,
    1.1541424794239106,
    1.1540952308222785,
    1.1540362602908927,
    1.1539626610021563,
    1.1538708059759912,
    1.1537561700683532,
    1.1536131082684318,
    1.1534345793660454,
    1.153211802087196,
    1.1529338276653631,
    1.1525870081495186,
    1.15215433676777,
    1.151614630001302,
    1.150941515366203,
    1.1501021815366357,
    1.149055838893965,
    1.1477518306308458,
    1.1461273250427555,
    1.1441045111755503,
    1.1415872168958603,
    1.138456868400044,
    1.1345677210681644,
    1.1297413250245234,
    1.1237602422967747,
    1.1163611417262067,
    1.10722755830111,
    1.0959828576219346,
    1.082184316647428,
    1.0653197087075261,
    1.0448084122495815,
    1.0200097184997676,
    0.9902416190012115,
    0.9548135625725755,
    0.9130761128330995,
    0.8644885012723386,
    0.8087013773132141,
    0.7456465023538328,
    0.6756187621674123,
    0.5993308066669376
  ],
  "final_params": [
    1.1408045918938372
  ],
  "final_state_real": [
    [
      0.403561249596304,
      0.0,
      0.0,
      0.0,
      -0.22020178219433495,
      0.0,
      0.0,
      0.0,
      0.22020178219433478,
      0.0,
      0.0,
      0.0,
      0.13515000900342825,
      0.0,
      0.0,
      0.0
    ],
    [
      0.0,
      0.02882580354260144,
      0.0,
      0.0,
      0.0,
      -0.0157286987281713,
      0.0,
      0.0,
      0.0,
      0.015728698728171293,
      0.0,
      0.0,
      0.0,
      0.009653572071676223,
      0.0,
      0.0
    ],
    [
      0.0,
      0.0,
      0.028825803542601433,
      0.0,
      0.0,
      0.0,
      -0.015728698728171304,
      0.0,
      0.0,
      0.0,
      0.015728698728171293,
      0.0,
      0.0,
      0.0,
      0.009653572071676223,
      0.0
    ],
    [
      0.0,
      0.0,
      0.0,
      0.002058985967329266,
      0.0,
      0.0,
      0.0,
      -0.0011234784805839876,
      0.0,
      0.0,
      0.0,
      0.001123478480583987,
      0.0,
      0.0,
      0.0,
      0.0006895408622627857
    ],
    [
      -0.22020178219433495,
      0.0,
      0.0,
      0.0,
      0.189352478139252,
      0.0,
      0.0,
      0.0,
      -0.13515000900342825,
      0.0,
      0.0,
      0.0,
      -0.07716805108202487,
      0.0,
      0.0,
      0.0
    ],
    [
      0.0,
      -0.0157286987281713,
      0.0,
      0.0,
      0.0,
      0.01352517700995046,
      0.0,
      0.0,
      0.0,
      -0.009653572071676223,
      0.0,
      0.0,
      0.0,
      -0.005512003648717648,
      0.0,
      0.0
    ],
    [
      0.0,
      0.0,
      -0.015728698728171304,
      0.0,
      0.0,
      0.0,
      0.013525177009950463,
      0.0,
      0.0,
      0.0,
      -0.009653572071676223,
      0.0,
      0.0,
      0.0,
      -0.005512003648717649,
      0.0
    ],
    [
      0.0,
      0.0,
      0.0,
      -0.0011234784805839876,
      0.0,
      0.0,
      0.0,
      0.0009660840721395966,
      0.0,
      0.0,
      0.0,
      -0.0006895408622627857,
      0.0,
      0.0,
      0.0,
      -0.00039371454633708807
    ],
    [
      0.22020178219433478,
      0.0,
      0.0,
      0.0,
      -0.13515000900342825,
      0.0,
      0.0,
      0.0,
      0.18935247813925196,
      0.0,
      0.0,
      0.0,
      0.07716805108202492,
      0.0,
      0.0,
      0.0
    ],
    [
      0.0,
      0.015728698728171293,
      0.0,
      0.0,
      0.0,
      -0.009653572071676223,
      0.0,
      0.0,
      0.0,
      0.013525177009950458,
      0.0,
      0.0,
      0.0,
      0.0055120036487176505,
      0.0,
      0.0
    ],
    [
      0.0,
      0.0,
      0.015728698728171293,
      0.0,
      0.0,
      0.0,
      -0.009653572071676223,
      0.0,
      0.0,
      0.0,
      0.013525177009950463,
      0.0,
      0.0,
      0.0,
      0.00551200364871765,
      0.0
    ],
    [
      0.0,
      0.0,
      0.0,
      0.001123478480583987,
      0.0,
      0.0,
      0.0,
      -0.0006895408622627857,
      0.0,
      0.0,
      0.0,
      0.0009660840721395966,
      0.0,
      0.0,
      0.0,
      0.0003937145463370881
    ],
    [
      0.13515000900342825,
      0.0,
      0.0,
      0.0,
      -0.07716805108202487,
      0.0,
      0.0,
      0.0,
      0.07716805108202492,
      0.0,
      0.0,
      0.0,
      0.08884490523642256,
      0.0,
      0.0,
      0.0
    ],
    [
      0.0,
      0.009653572071676223,
      0.0,
      0.0,
      0.0,
      -0.005512003648717648,
      0.0,
      0.0,
      0.0,
      0.0055120036487176505,
      0.0,
      0.0,
      0.0,
      0.0063460646597462925,
      0.0,
      0.0
    ],
    [
      0.0,
      0.0,
      0.009653572071676223,
      0.0,
      0.0,
      0.0,
      -0.005512003648717649,
      0.0,
      0.0,
      0.0,
      0.00551200364871765,
      0.0,
      0.0,
      0.0,
      0.006346064659746292,
      0.0
    ],
    [
      0.0,
      0.0,
      0.0,
      0.0006895408622627857,
      0.0,
      0.0,
      0.0,
      -0.00039371454633708807,
      0.0,
      0.0,
      0.0,
      0.0003937145463370881,
      0.0,
      0.0,
      0.0,
      0.00045329033283915117
    ]
  ],