{
  "config": {
    "symbols": [
      "H",
      "H"
    ],
    "geometry": [
      [
        0.0,
        0.0,
        0.0
      ],
      [
        0.0,
        0.0,
        0.7414
      ]
    ],
    "basis": "STO-3G",
    "ansatz": "TwoQubit-RY-CNOT",
    "optimizer": {
      "name": "Adam",
      "stepsize": 0.1,
      "iterations_planned": 50
    },
    "seed": 1,
    "noisy": true,
    "depolarizing_prob": 0.08,
    "amplitude_damping_prob": 0.0
  },
  "energies": [
    1.1903050055609348,
    1.1903050055609348,
    1.1834980223271876,
    1.169817092479806,
    1.1465265132803661,
    1.113369489612032,
    1.070297198194389,
    1.0174455576453396,
    0.9551444853169198,
    0.8839266605951271,
    0.8045305481183805,
    0.7178960049309762,
    0.6251513680940723,
    0.5275912899962992,
    0.42664510567351877,
    0.3238362087310167,
    0.22073374815717461,
    0.11889886957756976,
    0.019828600638367472,
    -0.07509882518893413,
    -0.1646730701323112,
    -0.24789124583358615,
    -0.323984706027342,
    -0.39243118798714627,
    -0.45295212279157326,
    -0.5054967150823313,
    -0.5502158733942228,
    -0.5874299292679652,
    -0.6175941595842958,
    -0.6412654758953811,
    -0.6590725125716578,
    -0.6716900730036228,
    -0.6798178007863332,
    -0.6841622439387641,
    -0.685421241486792,
    -0.6842697190097218,
    -0.6813463863134674,
    -0.6772413125826532,
    -0.6724847619772468,
    -0.6675379085210473,
    -0.6627860816852753,
    -0.6585350484464311,
    -0.6550105762352912,
    -0.6523612195134698,
    -0.6506639962370369,
    -0.6499324131417588,
    -0.6501261793627896,
    -0.6511619128309881,
    -0.6529241778220771,
    -0.6552762727714175,
    -0.6580702950450685
  ],
  "final_params": [
    3.415940931171875
  ],
  "final_state_real": [
    [
      0.004396013498018479,
      0.0,
      0.0,
      0.0,
      -0.0037559935228482647,
      0.0,
      0.0,
      0.0,
      0.0037559935228482656,
      0.0,
      0.0,
      0.0,
      0.013123275750946546,
      0.0,
      0.0,
      0.0
    ],
    [
      0.0,
      0.000247662732282821,
      0.0,
      0.0,
      0.0,
      -0.00021160526889293682,
      0.0,
      0.0,
      0.0,
      0.00021160526889293685,
      0.0,
      0.0,
      0.0,
      0.0007393394789268344,
      0.0,
      0.0
    ],
    [
      0.0,
      0.0,
      0.00024766273228282113,
      0.0,
      0.0,
      0.0,
      -0.00021160526889293674,
      0.0,
      0.0,
      0.0,
      0.0002116052688929368,
      0.0,
      0.0,
      0.0,
      0.0007393394789268345,
      0.0
    ],
    [
      0.0,
      0.0,
      0.0,
      1.3952829987769637e-05,
      0.0,
      0.0,
      0.0,
      -1.1921423599606399e-05,
      0.0,
      0.0,
      0.0,
      1.19214235996064e-05,
      0.0,
      0.0,
      0.0,
      4.1652928390259316e-05
    ],
    [
      -0.0037559935228482647,
      0.0,
      0.0,
      0.0,
      0.05837029599788822,
      0.0,
      0.0,
      0.0,
      -0.013123275750946546,
      0.0,
      0.0,
      0.0,
      0.10063546299503857,
      0.0,
      0.0,
      0.0
    ],
    [
      0.0,
      -0.00021160526889293682,
      0.0,
      0.0,
      0.0,
      0.00328846738016391,
      0.0,
      0.0,
      0.0,
      -0.0007393394789268344,
      0.0,
      0.0,
      0.0,
      0.0056696035490183165,
      0.0,
      0.0
    ],
    [
      0.0,
      0.0,
      -0.00021160526889293674,
      0.0,
      0.0,
      0.0,
      0.0032884673801639097,
      0.0,
      0.0,
      0.0,
      -0.0007393394789268345,
      0.0,
      0.0,
      0.0,
      0.005669603549018317,
      0.0
    ],
    [
      0.0,
      0.0,
      0.0,
      -1.1921423599606399e-05,
      0.0,
      0.0,
      0.0,
      0.00018526576789662557,
      0.0,
      0.0,
      0.0,
      -4.1652928390259316e-05,
      0.0,
      0.0,
      0.0,
      0.00031941428445185217
    ],
    [
      0.0037559935228482656,
      0.0,
      0.0,
      0.0,
      -0.013123275750946546,
      0.0,
      0.0,
      0.0,
      0.05837029599788822,
      0.0,
      0.0,
      0.0,
      -0.10063546299503855,
      0.0,
      0.0,
      0.0
    ],
    [
      0.0,
      0.00021160526889293685,
      0.0,
      0.0,
      0.0,
      -0.0007393394789268344,
      0.0,
      0.0,
      0.0,
      0.00328846738016391,
      0.0,
      0.0,
      0.0,
      -0.005669603549018314,
      0.0,
      0.0
    ],
    [
      0.0,
      0.0,
      0.0002116052688929368,
      0.0,
      0.0,
      0.0,
      -0.0007393394789268345,
      0.0,
      0.0,
      0.0,
      0.0032884673801639097,
      0.0,
      0.0,
      0.0,
      -0.0056696035490183165,
      0.0
    ],
    [
      0.0,
      0.0,
      0.0,
      1.19214235996064e-05,
      0.0,
      0.0,
      0.0,
      -4.1652928390259316e-05,
      0.0,
      0.0,
      0.0,
      0.00018526576789662557,
      0.0,
      0.0,
      0.0,
      -0.00031941428445185206
    ],
    [
      0.013123275750946546,
      0.0,
      0.0,
      0.0,
      0.10063546299503857,
      0.0,
      0.0,
      0.0,
      -0.10063546299503855,
      0.0,
      0.0,
      0.0,
      0.7750411722841265,
      0.0,
      0.0,
      0.0
    ],
    [
      0.0,
      0.0007393394789268344,
      0.0,
      0.0,
      0.0,
      0.0056696035490183165,
      0.0,
      0.0,
      0.0,
      -0.005669603549018314,
      0.0,
      0.0,
      0.0,
      0.04366429139630467,
      0.0,
      0.0
    ],
    [
      0.0,
      0.0,
      0.0007393394789268345,
      0.0,
      0.0,
      0.0,
      0.005669603549018317,
      0.0,
      0.0,
      0.0,
      -0.0056696035490183165,
      0.0,
      0.0,
      0.0,
      0.04366429139630468,
      0.0
    ],
    [
      0.0,
      0.0,
      0.0,
      4.1652928390259316e-05,
      0.0,
      0.0,
      0.0,
      0.00031941428445185217,
      0.0,
      0.0,
      0.0,
      -0.00031941428445185206,
      0.0,
      0.0,
      0.0,
      0.0024599600786659455
    ]
  ],