{
  "config": {
    "symbols": [
      "H",
      "H"
    ],
    "geometry": [
      [
        0.0,
        0.0,
        0.0
      ],
      [
        0.0,
        0.0,
        0.7414
      ]
    ],
    "basis": "STO-3G",
    "ansatz": "RY-CZ",
    "optimizer": {
      "name": "Adam",
      "stepsize": 0.1,
      "iterations_planned": 50
    },
    "seed": 3,
    "noisy": true,
    "depolarizing_prob": 0.08,
    "amplitude_damping_prob": 0.0
  },
  "energies": [
    1.19022652049854,
    1.19022652049854,
    1.1826725322950908,
    1.1676340952896482,
    1.1429889531949784,
    1.1083740415378325,
    1.0638605061620845,
    1.0096300865061967,
    0.9459570058354609,
    0.8735683415153022,
    0.7930295299318831,
    0.7055393488839727,
    0.6120107006052014,
    0.5139965565380737,
    0.41270943565297413,
    0.3098925961359105,
    0.2069124217563887,
    0.10550462289293047,
    0.006970286406758869,
    -0.08716634120509978,
    -0.1758984524182183,
    -0.25808252051366914,
    -0.33316582286381907,
    -0.4004782144454006,
    -0.4599562983864484,
    -0.5114002949272236,
    -0.5551500198363014,
    -0.591395350804494,
    -0.6207301712917359,
    -0.6436198061058725,
    -0.6607691365129185,
    -0.6728104856536374,
    -0.6804597261433009,
    -0.6844263687062226,
    -0.6853779914280702,
    -0.6840234643807719,
    -0.6809439530684865,
    -0.6767760535105778,
    -0.671984655589402,
    -0.6670740097855294,
    -0.6623720647816781,
    -0.6582138131187044,
    -0.6547858630754855,
    -0.652247802421292,
    -0.650659728380604,
    -0.6500290724497833,
    -0.650318606709266,
    -0.6514276727503467,
    -0.6532559488328327,
    -0.655647834190463,
    -0.6584713585419653
  ],
  "final_params": [
    3.414318307043399,
    3.412894834424614,
    -0.001449044031073268,
    -0.0026130743284765263
  ],
  "final_state_real": [
    [
      0.004360768610079805,
      -5.376522210136309e-06,
      1.4996861124842253e-06,
      1.8490083837869462e-09,
      0.0037388273851409054,
      -4.6097127941061024e-06,
      2.5562507979587842e-06,
      3.151678952776578e-09,
      0.0037785750893235617,
      -4.658718383602594e-06,
      5.136020760968809e-06,
      6.332355395759545e-09,
      -0.012906295330635493,
      1.591255989687796e-05,
      -8.824084221899785e-06,
      -1.0879480425745716e-08
    ],
    [
      -5.376522210136309e-06,
      0.0002456845251776428,
      -1.8490083837869462e-09,
      8.448680654891834e-08,
      -4.609712794106102e-06,
      0.00021064452461803533,
      -3.151678952776578e-09,
      1.4400977968643666e-07,
      -4.658718383602594e-06,
      0.00021288389953154135,
      -6.332355395759545e-09,
      2.893445427352816e-07,
      1.591255989687796e-05,
      -0.0007271371915446762,
      1.0879480425745716e-08,
      -4.971164901914444e-07
    ],
    [
      1.4996861124842253e-06,
      -1.8490083837869462e-09,
      0.00024567938663612834,
      -3.028998463735977e-07,
      -2.5562507979587842e-06,
      3.151678952776578e-09,
      0.00021063620614111974,
      -2.5970454135239597e-07,
      5.136020760968809e-06,
      -6.332355395759545e-09,
      0.00021287944702174367,
      -2.6246056977700194e-07,
      8.824084221899785e-06,
      -1.0879480425745716e-08,
      -0.0007271084764667348,
      8.964905742164765e-07
    ],
    [
      1.8490083837869462e-09,
      8.448680654891834e-08,
      -3.028998463735977e-07,
      1.3841510258561295e-05,
      -3.151678952776578e-09,
      -1.4400977968643666e-07,
      -2.5970454135239587e-07,
      1.1867186938417726e-05,
      6.332355395759545e-09,
      2.893445427352816e-07,
      -2.6246056977700194e-07,
      1.1993570523490611e-05,
      1.0879480425745716e-08,
      4.971164901914444e-07,
      8.964905742164765e-07,
      -4.096509509366052e-05
    ],
    [
      0.0037388273851409045,
      -4.609712794106102e-06,
      -2.5562507979587842e-06,
      -3.151678952776578e-09,
      0.05822994740183354,
      -7.179344594835032e-05,
      3.972855772009451e-05,
      4.898254087219274e-08,
      0.01290629533063549,
      -1.5912559896877958e-05,
      -8.824084221899785e-06,
      -1.0879480425745716e-08,
      0.10009917227761315,
      -0.00012341526714415577,
      6.858199677796382e-05,
      8.455681889942037e-08
    ],
    [
      -4.609712794106102e-06,
      0.0002106445246180353,
      3.151678952776578e-09,
      -1.4400977968643666e-07,
      -7.179344594835032e-05,
      0.0032806595024258305,
      -4.898254087219274e-08,
      2.23816100090776e-06,
      -1.5912559896877958e-05,
      0.000727137191544676,
      1.0879480425745716e-08,
      -4.971164901914444e-07,
      -0.00012341526714415577,
      0.005639560318530726,
      -8.455681889942037e-08,
      3.863657765637487e-06
    ],
    [
      2.5562507979587842e-06,
      -3.151678952776578e-09,
      0.0002106362061411197,
      -2.5970454135239587e-07,
      3.972855772009451e-05,
      -4.898254087219274e-08,
      0.0032805908867690812,
      -4.044663613104498e-06,
      8.824084221899785e-06,
      -1.0879480425745716e-08,
      0.0007271084764667347,
      -8.964905742164765e-07,
      6.858199677796382e-05,
      -8.455681889942037e-08,
      0.005639442365986509,
      -6.952908217814942e-06
    ],
    [
      3.151678952776578e-09,
      1.4400977968643666e-07,
      -2.5970454135239587e-07,
      1.1867186938417726e-05,
      4.898254087219274e-08,
      2.23816100090776e-06,
      -4.044663613104498e-06,
      0.00018482760411890183,
      1.0879480425745716e-08,
      4.971164901914444e-07,
      -8.964905742164765e-07,
      4.096509509366052e-05,
      8.455681889942037e-08,
      3.863657765637487e-06,
      -6.952908217814942e-06,
      0.00031772465907763955
    ],
    [
      0.0037785750893235617,
      -4.658718383602594e-06,
      5.136020760968809e-06,
      6.332355395759545e-09,
      0.012906295330635493,
      -1.591255989687796e-05,
      8.824084221899785e-06,
      1.0879480425745716e-08,
      0.058076856971070956,
      -7.160469617170504e-05,
      1.997286800655398e-05,
      2.4625153280384753e-08,
      0.09956910950803576,
      -0.00012276175140394876,
      6.807578671417311e-05,
      8.393269719547537e-08
    ],
    [
      -4.658718383602594e-06,
      0.00021288389953154135,
      -6.332355395759545e-09,
      2.893445427352816e-07,
      -1.591255989687796e-05,
      0.0007271371915446762,
      -1.0879480425745716e-08,
      4.971164901914444e-07,
      -7.160469617170504e-05,
      0.0032720344289229137,
      -2.4625153280384753e-08,
      1.1251980140707984e-06,
      -0.00012276175140394876,
      0.0056096967253199,
      -8.393269719547537e-08,
      3.835139750183069e-06
    ],
    [
      5.136020760968809e-06,
      -6.332355395759545e-09,
      0.00021287944702174367,
      -2.6246056977700194e-07,
      -8.824084221899785e-06,
      1.0879480425745716e-08,
      0.0007271084764667348,
      -8.964905742164765e-07,
      1.997286800655398e-05,
      -2.4625153280384753e-08,
      0.0032719659936613216,
      -4.034029921637341e-06,
      -6.807578671417311e-05,
      8.393269719547537e-08,
      0.005609475195076956,
      -6.91621924575059e-06
    ],
    [
      6.332355395759545e-09,
      2.893445427352816e-07,
      -2.6246056977700194e-07,
      1.1993570523490611e-05,
      -1.0879480425745716e-08,
      -4.971164901914444e-07,
      -8.964905742164765e-07,
      4.096509509366052e-05,
      2.4625153280384753e-08,
      1.1251980140707984e-06,
      -4.034029921637341e-06,
      0.00018434167997172517,
      -8.393269719547537e-08,
      -3.835139750183069e-06,
      -6.91621924575059e-06,
      0.0003160363167659625
    ],
    [
      -0.01290629533063549,
      1.5912559896877958e-05,
      8.824084221899785e-06,
      1.0879480425745716e-08,
      0.10009917227761315,
      -0.00012341526714415577,
      6.858199677796382e-05,
      8.455681889942037e-08,
      0.09956910950803576,
