{
  "config": {
    "symbols": [
      "H",
      "H"
    ],
    "geometry": [
      [
        0.0,
        0.0,
        0.0
      ],
      [
        0.0,
        0.0,
        0.7414
      ]
    ],
    "basis": "STO-3G",
    "ansatz": "TwoQubit-RY-CNOT",
    "optimizer": {
      "name": "GradientDescent",
      "stepsize": 0.1,
      "iterations_planned": 50
    },
    "seed": 2,
    "noisy": true,
    "depolarizing_prob": 0.08,
    "amplitude_damping_prob": 0.0
  },
  "energies": [
    1.1902897447201772,
    1.1902897447201772,
    1.1902811829067237,
    1.1902703808785207,
    1.1902567525024672,
    1.1902395583434138,
    1.190217865541558,
    1.1901904972669897,
    1.1901559689036478,
    1.1901124076927363,
    1.1900574512519349,
    1.1899881198223599,
    1.1899006550922377,
    1.1897903171970097,
    1.189651128953116,
    1.1894755539917394,
    1.1892540913582426,
    1.188974765965515,
    1.1886224885192782,
    1.1881782515738577,
    1.1876181221942552,
    1.1869119818312794,
    1.1860219525031936,
    1.184900437791239,
    1.183487693321568,
    1.1817088264627265,
    1.1794701150791393,
    1.1766545246221356,
    1.1731163064837569,
    1.1686745764606157,
    1.163105822524596,
    1.1561353867550692,
    1.1474281345112578,
    1.136578807895067,
    1.123102978252785,
    1.1064301405266797,
    1.0859012983102545,
    1.0607743943301073,
    1.0302419448132194,
    0.9934659392730413,
    0.9496348329744952,
    0.8980454836374692,
    0.8382082242815958,
    0.7699656253293495,
    0.6936057827453461,
    0.609942427651652,
    0.5203317224942832,
    0.42660428232540626,
    0.33091140302117583,
    0.23551073512503826,
    0.14253709078660323
  ],
  "final_params": [
    -1.626085389724153
  ],
  "final_state_real": [
    [
      0.2024699135623446,
      0.0,
      0.0,
      0.0,
      0.16748084501152116,
      0.0,
      0.0,
      0.0,
      -0.16748084501152116,
      0.0,
      0.0,
      0.0,
      0.17825141854003018,
      0.0,
      0.0,
      0.0
    ],
    [
      0.0,
      0.011406755693657358,
      0.0,
      0.0,
      0.0,
      0.00943554056403279,
      0.0,
      0.0,
      0.0,
      -0.00943554056403279,
      0.0,
      0.0,
      0.0,
      0.010042333438878585,
      0.0,
      0.0
    ],
    [
      0.0,
      0.0,
      0.011406755693657358,
      0.0,
      0.0,
      0.0,
      0.00943554056403279,
      0.0,
      0.0,
      0.0,
      -0.009435540564032787,
      0.0,
      0.0,
      0.0,
      0.010042333438878587,
      0.0
    ],
    [
      0.0,
      0.0,
      0.0,
      0.0006426341235865634,
      0.0,
      0.0,
      0.0,
      0.0005315797500865474,
      0.0,
      0.0,
      0.0,
      -0.0005315797500865471,
      0.0,
      0.0,
      0.0,
      0.0005657652641623792
    ],
    [
      0.16748084501152116,
      0.0,
      0.0,
      0.0,
      0.22349843878696668,
      0.0,
      0.0,
      0.0,
      -0.1782514185400302,
      0.0,
      0.0,
      0.0,
      0.18956758024485648,
      0.0,
      0.0,
      0.0
    ],
    [
      0.0,
      0.00943554056403279,
      0.0,
      0.0,
      0.0,
      0.012591461340115368,
      0.0,
      0.0,
      0.0,
      -0.010042333438878587,
      0.0,
      0.0,
      0.0,
      0.010679863675770439,
      0.0,
      0.0
    ],
    [
      0.0,
      0.0,
      0.00943554056403279,
      0.0,
      0.0,
      0.0,
      0.012591461340115368,
      0.0,
      0.0,
      0.0,
      -0.01004233343887859,
      0.0,
      0.0,
      0.0,
      0.010679863675770439,
      0.0
    ],
    [
      0.0,
      0.0,
      0.0,
      0.0005315797500865474,
      0.0,
      0.0,
      0.0,
      0.0007093781036687291,
      0.0,
      0.0,
      0.0,
      -0.0005657652641623794,
      0.0,
      0.0,
      0.0,
      0.0006016824606070038
    ],
    [
      -0.16748084501152116,
      0.0,
      0.0,
      0.0,
      -0.17825141854003018,
      0.0,
      0.0,
      0.0,
      0.22349843878696665,
      0.0,
      0.0,
      0.0,
      -0.18956758024485654,
      0.0,
      0.0,
      0.0
    ],
    [
      0.0,
      -0.00943554056403279,
      0.0,
      0.0,
      0.0,
      -0.010042333438878585,
      0.0,
      0.0,
      0.0,
      0.012591461340115368,
      0.0,
      0.0,
      0.0,
      -0.010679863675770443,
      0.0,
      0.0
    ],
    [
      0.0,
      0.0,
      -0.009435540564032787,
      0.0,
      0.0,
      0.0,
      -0.010042333438878587,
      0.0,
      0.0,
      0.0,
      0.012591461340115366,
      0.0,
      0.0,
      0.0,
      -0.010679863675770443,
      0.0
    ],
    [
      0.0,
      0.0,
      0.0,
      -0.0005315797500865471,
      0.0,
      0.0,
      0.0,
      -0.0005657652641623792,
      0.0,
      0.0,
      0.0,
      0.0007093781036687289,
      0.0,
      0.0,
      0.0,
      -0.000601682460607004
    ],
    [
      0.1782514185400302,
      0.0,
      0.0,
      0.0,
      0.18956758024485648,
      0.0,
      0.0,
      0.0,
      -0.18956758024485654,
      0.0,
      0.0,
      0.0,
      0.24671098664162933,
      0.0,
      0.0,
      0.0
    ],
    [
      0.0,
      0.010042333438878587,
      0.0,
      0.0,
      0.0,
      0.010679863675770439,
      0.0,
      0.0,
      0.0,
      -0.010679863675770443,
      0.0,
      0.0,
      0.0,
      0.013899210515026416,
      0.0,
      0.0
    ],
    [
      0.0,
      0.0,
      0.01004233343887859,
      0.0,
      0.0,
      0.0,
      0.010679863675770439,
      0.0,
      0.0,
      0.0,
      -0.010679863675770443,
      0.0,
      0.0,
      0.0,
      0.01389921051502641,
      0.0
    ],
    [
      0.0,
      0.0,
      0.0,
      0.0005657652641623794,
      0.0,
      0.0,
      0.0,
      0.0006016824606070038,
      0.0,
      0.0,
      0.0,
      -0.000601682460607004,
      0.0,
      0.0,
      0.0,
      0.000783054113522899
    ]
  ],