{
  "config": {
    "symbols": [
      "H",
      "H"
    ],
    "geometry": [
      [
        0.0,
        0.0,
        0.0
      ],
      [
        0.0,
        0.0,
        0.7414
      ]
    ],
    "basis": "STO-3G",
    "ansatz": "TwoQubit-RY-CNOT",
    "optimizer": {
      "name": "Nesterov",
      "stepsize": 0.1,
      "iterations_planned": 50
    },
    "seed": 2,
    "noisy": true,
    "depolarizing_prob": 0.0,
    "amplitude_damping_prob": 0.0
  },
  "energies": [
    1.3485573462419114,
    1.3485573462419114,
    1.34840109052938,
    1.348044545195004,
    1.3472525813145686,
    1.3455018710320856,
    1.3416368460586228,
    1.3331211253704673,
    1.3144472654202306,
    1.2739340235519996,
    1.1880775405639463,
    1.0150079768257867,
    0.6999669393375939,
    0.22605625122529222,
    -0.2987876140641782,
    -0.6886768015096105,
    -0.8668722104513901,
    -0.8761664963772968,
    -0.7873385241264135,
    -0.6700638457933379,
    -0.5802725368569649,
    -0.5467621767924644,
    -0.5712018002743776,
    -0.6369419751643843,
    -0.7193405768982203,
    -0.7954759845268699,
    -0.8508036304285322,
    -0.8807318918404431,
    -0.8883737920200531,
    -0.8811399287781537,
    -0.867620581854318,
    -0.855141487533753,
    -0.8482532017265925,
    -0.8483487794838128,
    -0.8542673318693884,
    -0.8634383814214451,
    -0.8730645644966262,
    -0.8809844914101626,
    -0.8860759499167326,
    -0.8882443256218913,
    -0.8881397385698088,
    -0.886765278725495,
    -0.8851110102853154,
    -0.8839006627466177,
    -0.8834845495463262,
    -0.8838644377071463,
    -0.8848043840571764,
    -0.885971344142689,
    -0.8870581179728955,
    -0.8878607629094005,
    -0.8883037981735534
  ],
  "final_params": [
    3.1580929426181203
  ],
  "final_state_real": [
    [
      4.6326182890407006e-09,
      0.0,
      0.0,
      0.0,
      5.615069127911661e-07,
      0.0,
      0.0,
      0.0,
      -5.61506912791166e-07,
      0.0,
      0.0,
      0.0,
      6.805870762414861e-05,
      0.0,
      0.0,
      0.0
    ],
    [
      0.0,
      9.265236578081309e-23,
      0.0,
      0.0,
      0.0,
      1.1230138255823207e-20,
      0.0,
      0.0,
      0.0,
      -1.1230138255823204e-20,
      0.0,
      0.0,
      0.0,
      1.3611741524829585e-18,
      0.0,
      0.0
    ],
    [
      0.0,
      0.0,
      9.265236578081313e-23,
      0.0,
      0.0,
      0.0,
      1.1230138255823205e-20,
      0.0,
      0.0,
      0.0,
      -1.1230138255823202e-20,
      0.0,
      0.0,
      0.0,
      1.3611741524829585e-18,
      0.0
    ],
    [
      0.0,
      0.0,
      0.0,
      1.8530473156162436e-36,
      0.0,
      0.0,
      0.0,
      2.246027651164619e-34,
      0.0,
      0.0,
      0.0,
      -2.2460276511646184e-34,
      0.0,
      0.0,
      0.0,
      2.722348304965889e-32
    ],
    [
      5.615069127911661e-07,
      0.0,
      0.0,
      0.0,
      6.805870765414724e-05,
      0.0,
      0.0,
      0.0,
      -6.805870762414861e-05,
      0.0,
      0.0,
      0.0,
      0.008249208648924955,
      0.0,
      0.0,
      0.0
    ],
    [
      0.0,
      1.1230138255823207e-20,
      0.0,
      0.0,
      0.0,
      1.361174153082931e-18,
      0.0,
      0.0,
      0.0,
      -1.3611741524829585e-18,
      0.0,
      0.0,
      0.0,
      1.6498417297849745e-16,
      0.0,
      0.0
    ],
    [
      0.0,
      0.0,
      1.1230138255823205e-20,
      0.0,
      0.0,
      0.0,
      1.3611741530829312e-18,
      0.0,
      0.0,
      0.0,
      -1.3611741524829585e-18,
      0.0,
      0.0,
      0.0,
      1.6498417297849747e-16,
      0.0
    ],
    [
      0.0,
      0.0,
      0.0,
      2.246027651164619e-34,
      0.0,
      0.0,
      0.0,
      2.722348306165834e-32,
      0.0,
      0.0,
      0.0,
      -2.722348304965889e-32,
      0.0,
      0.0,
      0.0,
      3.299683459569916e-30
    ],
    [
      -5.61506912791166e-07,
      0.0,
      0.0,
      0.0,
      -6.805870762414861e-05,
      0.0,
      0.0,
      0.0,
      6.805870765414723e-05,
      0.0,
      0.0,
      0.0,
      -0.008249208648924955,
      0.0,
      0.0,
      0.0
    ],
    [
      0.0,
      -1.1230138255823204e-20,
      0.0,
      0.0,
      0.0,
      -1.3611741524829585e-18,
      0.0,
      0.0,
      0.0,
      1.3611741530829308e-18,
      0.0,
      0.0,
      0.0,
      -1.6498417297849745e-16,
      0.0,
      0.0
    ],
    [
      0.0,
      0.0,
      -1.1230138255823202e-20,
      0.0,
      0.0,
      0.0,
      -1.3611741524829585e-18,
      0.0,
      0.0,
      0.0,
      1.3611741530829308e-18,
      0.0,
      0.0,
      0.0,
      -1.6498417297849747e-16,
      0.0
    ],
    [
      0.0,
      0.0,
      0.0,
      -2.2460276511646184e-34,
      0.0,
      0.0,
      0.0,
      -2.722348304965889e-32,
      0.0,
      0.0,
      0.0,
      2.722348306165833e-32,
      0.0,
      0.0,
      0.0,
      -3.299683459569916e-30
    ],
    [
      6.805870762414861e-05,
      0.0,
      0.0,
      0.0,
      0.008249208648924955,
      0.0,
      0.0,
      0.0,
      -0.008249208648924955,
      0.0,
      0.0,
      0.0,
      0.9998638779522322,
      0.0,
      0.0,
      0.0
    ],
    [
      0.0,
      1.3611741524829585e-18,
      0.0,
      0.0,
      0.0,
      1.6498417297849745e-16,
      0.0,
      0.0,
      0.0,
      -1.6498417297849745e-16,
      0.0,
      0.0,
      0.0,
      1.999727755904444e-14,
      0.0,
      0.0
    ],
    [
      0.0,
      0.0,
      1.3611741524829585e-18,
      0.0,
      0.0,
      0.0,
      1.6498417297849747e-16,
      0.0,
      0.0,
      0.0,
      -1.6498417297849747e-16,
      0.0,
      0.0,
      0.0,
      1.999727755904444e-14,
      0.0
    ],
    [
      0.0,
      0.0,
      0.0,
      2.722348304965889e-32,
      0.0,
      0.0,
      0.0,
      3.299683459569916e-30,
      0.0,
      0.0,
      0.0,
      -3.299683459569916e-30,
      0.0,
      0.0,
      0.0,
      3.9994555118088483e-28
    ]
  ],