{
  "config": {
    "symbols": [
      "H",
      "H"
    ],
    "geometry": [
      [
        0.0,
        0.0,
        0.0
      ],
      [
        0.0,
        0.0,
        0.7414
      ]
    ],
    "basis": "STO-3G",
    "ansatz": "RY-CZ",
    "optimizer": {
      "name": "Momentum",
      "stepsize": 0.1,
      "iterations_planned": 50
    },
    "seed": 1,
    "noisy": true,
    "depolarizing_prob": 0.0,
    "amplitude_damping_prob": 0.0
  },
  "energies": [
    1.3487598207696425,
    1.3487598207696425,
    1.3487542562038883,
    1.3487421091810767,
    1.3487207171544315,
    1.3486853128647924,
    1.348628046136739,
    1.3485363046080459,
    1.3483899836026292,
    1.3481571212292733,
    1.347786958968026,
    1.347198936677158,
    1.3462652719122128,
    1.344783445604845,
    1.3424328929999623,
    1.3387071973554434,
    1.3328088437468666,
    1.32348814919962,
    1.308802472960263,
    1.2857704462285307,
    1.2499105114296598,
    1.1947112425556166,
    1.111236908784259,
    0.9883995571748873,
    0.8149277218969846,
    0.5843343320539711,
    0.30295151257863373,
    -0.0031811475743374618,
    -0.2916706935204441,
    -0.5219439586068931,
    -0.6756166230382878,
    -0.7594649231861306,
    -0.7910620821241219,
    -0.7851059935604878,
    -0.751125123706072,
    -0.6981362756790972,
    -0.637929801552154,
    -0.5839161160663247,
    -0.5476699676343084,
    -0.5361682669128104,
    -0.5508815443064641,
    -0.5883450533253454,
    -0.6415453289445392,
    -0.701714518276325,
    -0.7602316226332861,
    -0.8102334555161511,
    -0.847539747765162,
    -0.8707555177338181,
    -0.8807592095426128,
    -0.8799489179793258,
    -0.8715339806762725
  ],
  "final_params": [
    3.033690047891522,
    -2.758335009844693,
    -0.0006326759821085695,
    0.003108113768453186
  ],
  "final_state_real": [
    [
      0.00010548252254324643,
      1.63925972289416e-07,
      -3.336813038566174e-08,
      5.18560144853098e-11,
      -0.0005436978999366915,
      -8.449381445375971e-07,
      -1.7199230714347846e-07,
      2.672860441239011e-10,
      0.001953245852044899,
      3.0354576065950306e-06,
      -6.178858894825315e-07,
      9.602305932322408e-10,
      0.010067787935247863,
      1.5645927745163008e-05,
      3.184823916031648e-06,
      -4.949401516180362e-09
    ],
    [
      1.63925972289416e-07,
      2.5475049293161974e-10,
      -5.18560144853098e-11,
      8.058726050733755e-14,
      -8.449381445375972e-07,
      -1.313083008210888e-09,
      -2.672860441239011e-10,
      4.1537804788083994e-13,
      3.035457606595031e-06,
      4.71727762692701e-09,
      -9.602305932322408e-10,
      1.492254152810823e-12,
      1.5645927745163008e-05,
      2.4314681497912493e-08,
      4.949401516180362e-09,
      -7.691657627348704e-12
    ],
    [
      -3.3368130385661744e-08,
      -5.1856014485309814e-11,
      1.0555609793204129e-11,
      -1.6404024715054094e-14,
      1.7199230714347843e-07,
      2.6728604412390104e-10,
      5.440769185945743e-11,
      -8.455274995415647e-14,
      -6.178858894825314e-07,
      -9.602305932322405e-10,
      1.954608265642065e-10,
      -3.0375736623462924e-13,
      -3.184823916031648e-06,
      -4.949401516180362e-09,
      -1.0074806317094682e-09,
      1.5656840976939703e-12
    ],
    [
      5.1856014485309814e-11,
      8.058726050733758e-14,
      -1.6404024715054094e-14,
      2.5492818461087823e-17,
      -2.6728604412390104e-10,
      -4.1537804788083984e-13,
      -8.455274995415647e-14,
      1.3139983749237594e-16,
      9.602305932322405e-10,
      1.4922541528108225e-12,
      -3.037573662346292e-13,
      4.720567987520267e-16,
      4.949401516180362e-09,
      7.691657627348704e-12,
      1.56568409769397e-12,
      -2.4331631568805254e-15
    ],
    [
      -0.0005436978999366915,
      -8.449381445375971e-07,
      1.7199230714347846e-07,
      -2.672860441239011e-10,
      0.0028024301967824582,
      4.355139445896731e-06,
      8.865151680911214e-07,
      -1.377696109031445e-09,
      -0.010067787935247863,
      -1.5645927745163008e-05,
      3.184823916031648e-06,
      -4.949401516180362e-09,
      -0.05189329023938754,
      -8.064518986357049e-05,
      -1.6415819731100078e-05,
      2.551113820059712e-08
    ],
    [
      -8.449381445375972e-07,
      -1.313083008210888e-09,
      2.672860441239011e-10,
      -4.1537804788083994e-13,
      4.355139445896731e-06,
      6.7681399422742255e-09,
      1.3776961090314453e-09,
      -2.141019828469739e-12,
      -1.5645927745163008e-05,
      -2.4314681497912493e-08,
      4.949401516180362e-09,
      -7.691657627348704e-12,
      -8.064518986357049e-05,
      -1.2532731441749152e-07,
      -2.5511138200597122e-08,
      3.964579153287249e-11
    ],
    [
      -1.7199230714347843e-07,
      -2.6728604412390104e-10,
      5.440769185945743e-11,
      -8.455274995415647e-14,
      8.865151680911214e-07,
      1.377696109031445e-09,
      2.804384927161737e-10,
      -4.35817546848918e-13,
      -3.184823916031648e-06,
      -4.949401516180362e-09,
      1.0074806317094682e-09,
      -1.5656840976939703e-12,
      -1.641581973110008e-05,
      -2.5511138200597125e-08,
      -5.192948646330362e-09,
      8.070140864173806e-12
    ],
    [
      2.6728604412390104e-10,
      4.1537804788083984e-13,
      -8.455274995415647e-14,
      1.3139983749237594e-16,
      -1.3776961090314453e-09,
      -2.141019828469739e-12,
      -4.3581754684891796e-13,
      6.772860805178004e-16,
      4.949401516180362e-09,
      7.691657627348704e-12,
      -1.56568409769397e-12,
      2.4331631568805254e-15,
      2.551113820059713e-08,
      3.96457915328725e-11,
      8.070140864173804e-12,
      -1.2541473179870847e-14
    ],
    [
      0.001953245852044899,
      3.0354576065950306e-06,
      -6.178858894825315e-07,
      9.602305932322408e-10,
      -0.010067787935247863,
      -1.5645927745163008e-05,
      -3.184823916031648e-06,
      4.949401516180362e-09,
      0.036168734559964597,
      5.620831618611703e-05,
      -1.1441545211307246e-05,
      1.7780826415939135e-08,
      0.18642770906396053,
      0.00028971949791463104,
      5.897416892932137e-05,
      -9.164928699667542e-08
    ],
    [
      3.035457606595031e-06,
      4.71727762692701e-09,
      -9.602305932322408e-10,
      1.492254152810823e-12,
      -1.5645927745163008e-05,
      -2.4314681497912493e-08,
      -4.949401516180362e-09,
      7.691657627348704e-12,
      5.620831618611703e-05,
      8.735099176345809e-08,
      -1.778082641593913e-08,
      2.763243771506897e-11,
      0.00028971949791463104,
      4.5024094641541485e-07,
      9.164928699667542e-08,
      -1.4242831887138418e-10
    ],
    [
      -6.178858894825314e-07,
      -9.602305932322405e-10,
      1.954608265642065e-10,
      -3.0375736623462924e-13,
      3.184823916031648e-06,
      4.949401516180362e-09,
      1.0074806317094682e-09,
      -1.5656840976939703e-12,
      -1.1441545211307246e-05,
      -1.7780826415939135e-08,
      3.619396270812897e-09,
      -5.624749971168364e-12,
      -5.897416892932137e-05,
      -9.164928699667542e-08,
      -1.865576701693645e-08,
      2.899215809155547e-11
    ],
    [
      9.602305932322405e-10,
      1.4922541528108225e-12,
      -3.037573662346292e-13,
      4.720567987520267e-16,
      -4.949401516180362e-09,
      -7.691657627348704e-12,
      -1.56568409769397e-12,
      2.4331631568805254e-15,
      1.778082641593913e-08,
      2.763243771506897e-11,
      -5.624749971168364e-12,
      8.741192018103533e-15,
      9.164928699667542e-08,
      1.4242831887138418e-10,
      2.899215809155547e-11,
      -4.50554815053226e-14
    ],
    [
      0.010067787935247863,
      1.5645927745163008e-05,
      -3.184823916031648e-06,
      4.949401516180362e-09,
      -0.05189329023938754,
      -8.064518986357049e-05,
      -1.6415819731100078e-05,
      2.551113820059712e-08,
      0.18642770906396053,
