{
  "config": {
    "symbols": [
      "H",
      "H"
    ],
    "geometry": [
      [
        0.0,
        0.0,
        0.0
      ],
      [
        0.0,
        0.0,
        0.7414
      ]
    ],
    "basis": "STO-3G",
    "ansatz": "RY-CZ",
    "optimizer": {
      "name": "GradientDescent",
      "stepsize": 0.1,
      "iterations_planned": 50
    },
    "seed": 1,
    "noisy": true,
    "depolarizing_prob": 0.08,
    "amplitude_damping_prob": 0.0
  },
  "energies": [
    1.1903104920377399,
    1.1903104920377399,
    1.1903089432254783,
    1.1903071976749684,
    1.1903052303942085,
    1.190303013221128,
    1.1903005144138417,
    1.1902976981949251,
    1.1902945242418974,
    1.190290947122362,
    1.1902869156233866,
    1.190282372029286,
    1.190277251295177,
    1.1902714801113745,
    1.1902649758746082,
    1.1902576454675187,
    1.1902493839601476,
    1.190240073104377,
    1.19022957961822,
    1.190217753321167,
    1.1902044249475396,
    1.1901894037492295,
    1.1901724747662485,
    1.190153395761593,
    1.190131893737227,
    1.1901076610472867,
    1.1900803510287945,
    1.1900495730427065,
    1.1900148868826774,
    1.1899757965107136,
    1.1899317429987213,
    1.1898820965835046,
    1.1898261476598448,
    1.1897630967393047,
    1.189692043090897,
    1.189611971896689,
    1.1895217399716316,
    1.1894200595123414,
    1.1893054799140403,
    1.1891763672761746,
    1.1890308815353174,
    1.188866950335551,
    1.1886822402014843,
    1.1884741238427547,
    1.1882396435776215,
    1.1879754700538376,
    1.1876778565063142,
    1.1873425868154415,
    1.1869649180047446,
    1.1865395153642693,
    1.1860603803080865
  ],
  "final_params": [
    0.04968762624704266,
    -0.11461254586865893,
    -0.005981145716121178,
    0.01783286183280094
  ],
  "final_state_real": [
    [
      0.8001154036998174,
      0.006732389917912819,
      -0.002257145752235573,
      1.8992431195795348e-05,
      -0.04330478134480494,
      -0.00036437901279073485,
      -0.00012220931628226125,
      1.0283128719876292e-06,
      0.018754286295533582,
      0.00015780369605416413,
      -5.294556927607191e-05,
      4.4550294574555374e-07,
      0.0010154885474216626,
      8.544615696441854e-06,
      2.8657842672090053e-06,
      -2.411373322394081e-08
    ],
    [
      0.0067323899179128205,
      0.045140336695397694,
      -1.8992431195795348e-05,
      -0.0001269842509830815,
      -0.00036437901279073485,
      -0.0024431380790644786,
      -1.0283128719876296e-06,
      -6.875346209205638e-06,
      0.00015780369605416413,
      0.0010580658664332894,
      -4.4550294574555374e-07,
      -2.978652774521028e-06,
      8.544615696441854e-06,
      5.7291104169432965e-05,
      2.411373322394081e-08,
      1.6122550716550016e-07
    ],
    [
      -0.002257145752235573,
      -1.8992431195795348e-05,
      0.04508405733149962,
      0.00037922955225686727,
      0.00012220931628226125,
      1.0283128719876292e-06,
      -0.0024393199205941444,
      -2.053164359427326e-05,
      -5.294556927607191e-05,
      -4.4550294574555374e-07,
      0.0010567467075992083,
      8.888942222415467e-06,
      -2.8657842672090053e-06,
      -2.411373322394081e-08,
      5.7201569109366685e-05,
      4.814629766564808e-07
    ],
    [
      1.8992431195795348e-05,
      -0.0001269842509830815,
      0.0003792295522568674,
      0.002543519994900669,
      -1.0283128719876296e-06,
      6.875346209205638e-06,
      -2.053164359427326e-05,
      -0.0001376198008615286,
      4.4550294574555374e-07,
      -2.978652774521028e-06,
      8.888942222415467e-06,
      5.961877744410699e-05,
      2.411373322394081e-08,
      -1.6122550716550016e-07,
      4.814629766564808e-07,
      3.2271570790438226e-06
    ],
    [
      -0.04330478134480494,
      -0.00036437901279073485,
      0.00012220931628226125,
      -1.0283128719876292e-06,
      0.04770142885612429,
      0.0004013728734830005,
      -0.00011975660080901877,
      1.0076748472511745e-06,
      -0.0010154885474216624,
      -8.544615696441852e-06,
      2.8657842672090045e-06,
      -2.4113733223940808e-08,
      0.000995039675717788,
      8.372536073857372e-06,
      -3.1565187901532706e-06,
      2.6560077425591214e-08
    ],
    [
      -0.00036437901279073485,
      -0.0024431380790644786,
      1.0283128719876296e-06,
      6.875346209205638e-06,
      0.0004013728734830006,
      0.0026911849833912913,
      -1.0076748472511745e-06,
      -6.7373594456411525e-06,
      -8.544615696441852e-06,
      -5.7291104169432965e-05,
      2.4113733223940808e-08,
      1.6122550716550013e-07,
      8.372536073857372e-06,
      5.61374343994404e-05,
      -2.6560077425591214e-08,
      -1.7758187475693072e-07
    ],
    [
      -0.00012220931628226125,
      -1.0283128719876292e-06,
      -0.0024393199205941444,
      -2.053164359427326e-05,
      -0.00011975660080901877,
      -1.0076748472511745e-06,
      0.002687829709813707,
      2.260897793427265e-05,
      -2.8657842672090045e-06,
      -2.4113733223940808e-08,
      -5.720156910936668e-05,
      -4.814629766564807e-07,
      -3.1565187901532706e-06,
      -2.6560077425591214e-08,
      5.6067444245840307e-05,
      4.716175303654651e-07
    ],
    [
      1.0283128719876296e-06,
      -6.875346209205638e-06,
      -2.053164359427326e-05,
      -0.0001376198008615286,
      1.0076748472511745e-06,
      -6.7373594456411525e-06,
      2.2608977934272655e-05,
      0.00015164004782290566,
      2.4113733223940808e-08,
      -1.6122550716550013e-07,
      -4.814629766564807e-07,
      -3.2271570790438217e-06,
      2.6560077425591214e-08,
      -1.7758187475693072e-07,
      4.716175303654651e-07,
      3.1631728363239945e-06
    ],
    [
      0.018754286295533582,
      0.00015780369605416413,
      -5.294556927607191e-05,
      4.4550294574555374e-07,
      -0.0010154885474216626,
      -8.544615696441854e-06,
      -2.8657842672090053e-06,
      2.411373322394081e-08,
      0.04556938547567565,
      0.00038343327715388087,
      -0.0001285523867966874,
      1.0816857346820293e-06,
      -0.0024130505692767346,
      -2.0304108621314133e-05,
      -6.809808318341931e-06,
      5.7300161416056196e-08
    ],
    [
      0.00015780369605416413,
      0.0010580658664332894,
      -4.4550294574555374e-07,
      -2.978652774521028e-06,
      -8.544615696441854e-06,
      -5.7291104169432965e-05,
      -2.411373322394081e-08,
      -1.6122550716550016e-07,
      0.00038343327715388087,
      0.0025709008898747608,
      -1.0816857346820293e-06,
      -7.232199574749046e-06,
      -2.0304108621314133e-05,
      -0.0001361377554493865,
      -5.7300161416056196e-08,
      -3.831114618037112e-07
    ],
    [
      -5.294556927607191e-05,
      -4.4550294574555374e-07,
      0.0010567467075992083,
      8.888942222415467e-06,
      2.8657842672090053e-06,
      2.411373322394081e-08,
      -5.7201569109366685e-05,
      -4.814629766564808e-07,
      -0.0001285523867966874,
      -1.0816857346820293e-06,
      0.0025676955822204663,
      2.1598456385979714e-05,
      6.809808318341931e-06,
      5.7300161416056196e-08,
      -0.0001359249981236522,
      -1.1440744584036945e-06
    ],
    [
      4.4550294574555374e-07,
      -2.978652774521028e-06,
      8.888942222415467e-06,
      5.961877744410699e-05,
      -2.411373322394081e-08,
      1.6122550716550016e-07,
      -4.814629766564808e-07,
      -3.2271570790438226e-06,
      1.0816857346820293e-06,
      -7.232199574749046e-06,
      2.1598456385979714e-05,
      0.00014486240681875717,
      -5.7300161416056196e-08,
      3.831114618037112e-07,
      -1.1440744584036945e-06,
      -7.66851900644687e-06
    ],
    [
      0.0010154885474216624,
      8.544615696441852e-06,
      -2.8657842672090045e-06,
      2.4113733223940808e-08,
      0.000995039675717788,
      8.372536073857372e-06,
      -3.1565187901532706e-06,
      2.6560077425591214e-08,
      -0.0024130505692767346,
