{
  "config": {
    "symbols": [
      "H",
      "H"
    ],
    "geometry": [
      [
        0.0,
        0.0,
        0.0
      ],
      [
        0.0,
        0.0,
        0.7414
      ]
    ],
    "basis": "STO-3G",
    "ansatz": "RY-CZ",
    "optimizer": {
      "name": "GradientDescent",
      "stepsize": 0.1,
      "iterations_planned": 50
    },
    "seed": 3,
    "noisy": true,
    "depolarizing_prob": 0.02,
    "amplitude_damping_prob": 0.0
  },
  "energies": [
    1.3069918244877126,
    1.3069918244877126,
    1.306990275685639,
    1.3069884990142762,
    1.3069864609247752,
    1.3069841229444374,
    1.30698144091405,
    1.3069783641967843,
    1.306974834685398,
    1.3069707857234412,
    1.306966140849691,
    1.3069608123390408,
    1.306954699552539,
    1.3069476870571013,
    1.3069396423993578,
    1.306930413652543,
    1.306919826527272,
    1.3069076810886076,
    1.306893747978702,
    1.3068777640943143,
    1.3068594276118906,
    1.3068383923073896,
    1.3068142610080364,
    1.3067865781650516,
    1.306754821201036,
    1.3067183907134465,
    1.3066765991678706,
    1.3066286579815904,
    1.3065736626696618,
    1.3065105758908233,
    1.306438207960747,
    1.3063551944764735,
    1.3062599709068314,
    1.3061507430710766,
    1.3060254539453655,
    1.305881744987476,
    1.3057169123854662,
    1.3055278568050446,
    1.3053110258596368,
    1.3050623486923654,
    1.3047771607655776,
    1.3044501182180153,
    1.30407510060851,
    1.3036450993713278,
    1.3031520912533694,
    1.3025868942205774,
    1.301939003972126,
    1.3011964084214884,
    1.3003453782459449,
    1.2993702291505833,
    1.2982530556839555
  ],
  "final_params": [
    -0.01571723602136941,
    -0.16743931671520582,
    -0.0027202963598653906,
    -0.001662384430551275
  ],
  "final_state_real": [
    [
      0.9411266663845881,
      -0.0007716862479274897,
      -0.0012625338703394027,
      -1.0352273790442077e-06,
      -0.07790061947993514,
      6.387540053469685e-05,
      -0.00010452460786824103,
      -8.570600630300226e-08,
      -0.00729476526678736,
      5.981415934014698e-06,
      9.789749759335338e-06,
      8.027204040182246e-09,
      -0.0006039312936687913,
      4.951995701198213e-07,
      -8.103360675629698e-07,
      -6.644432304558205e-10
    ],
    [
      -0.0007716862479274897,
      0.012718578011751584,
      1.0352273790442077e-06,
      -1.7060396416973425e-05,
      6.387540053469686e-05,
      -0.0010527648842695199,
      8.570600630300226e-08,
      -1.4124225000645025e-06,
      5.981415934014698e-06,
      -9.858294790378098e-05,
      -8.027204040182246e-09,
      1.3228715335164228e-07,
      4.951995701198213e-07,
      -8.161650866585583e-06,
      6.644432304558205e-10,
      -1.0949927656102553e-08
    ],
    [
      -0.0012625338703394027,
      1.0352273790442077e-06,
      0.012719668695513067,
      -1.0426765176556544e-05,
      0.00010452460786824103,
      -8.570600630300226e-08,
      -0.0010525669838059519,
      8.632992365583737e-07,
      9.789749759335338e-06,
      -8.027204040182246e-09,
      -9.859140190078745e-05,
      8.08188814233542e-08,
      8.103360675629697e-07,
      -6.644432304558204e-10,
      -8.160116626116406e-06,
      6.692802037245272e-09
    ],
    [
      -1.0352273790442077e-06,
      -1.7060396416973425e-05,
      -1.0426765176556544e-05,
      0.0001718962009747243,
      8.570600630300226e-08,
      1.4124225000645025e-06,
      8.632992365583739e-07,
      -1.4224605225094586e-05,
      8.027204040182246e-09,
      1.3228715335164228e-07,
      8.08188814233542e-08,
      -1.3323843443733631e-06,
      6.644432304558204e-10,
      1.0949927656102553e-08,
      6.692802037245272e-09,
      -1.1027748293749996e-07
    ],
    [
      -0.07790061947993512,
      6.387540053469685e-05,
      0.00010452460786824102,
      8.570600630300225e-08,
      0.019343371589224497,
      -1.586079151417434e-05,
      -8.171456459586155e-06,
      -6.7002681293272096e-09,
      0.0006039312936687914,
      -4.951995701198215e-07,
      -8.103360675629699e-07,
      -6.644432304558206e-10,
      -4.721366939995824e-05,
      3.871332169356894e-08,
      2.012128378933433e-07,
      1.6498649556734335e-10
    ],
    [
      6.387540053469685e-05,
      -0.0010527648842695195,
      -8.570600630300225e-08,
      1.412422500064502e-06,
      -1.5860791514174336e-05,
      0.0002614102748920683,
      6.7002681293272096e-09,
      -1.1041944282025581e-07,
      -4.951995701198215e-07,
      8.161650866585586e-06,
      6.644432304558206e-10,
      -1.0949927656102553e-08,
      3.871332169356894e-08,
      -6.380551725213031e-07,
      -1.6498649556734335e-10,
      2.718953415263091e-09
    ],
    [
      -0.000104524607868241,
      8.570600630300224e-08,
      -0.0010525669838059519,
      8.632992365583737e-07,
      -8.171456459586153e-06,
      6.700268129327208e-09,
      0.0002614326921734379,
      -2.1430568327058732e-07,
      8.103360675629698e-07,
      -6.644432304558205e-10,
      8.160116626116408e-06,
      -6.692802037245274e-09,
      2.0121283789334326e-07,
      -1.6498649556734332e-10,
      -6.381098890481788e-07,
      5.23081389084524e-10
    ],
    [
      -8.570600630300224e-08,
      -1.412422500064502e-06,
      8.632992365583737e-07,
      -1.4224605225094586e-05,
      -6.700268129327208e-09,
      -1.1041944282025577e-07,
      -2.143056832705873e-07,
      3.5330548044117762e-06,
      6.644432304558205e-10,
      1.0949927656102553e-08,
      -6.692802037245274e-09,
      1.1027748293749999e-07,
      1.6498649556734332e-10,
      2.7189534152630906e-09,
      5.23081389084524e-10,
      -8.623547386142061e-09
    ],
    [
      -0.00729476526678736,
      5.981415934014698e-06,
      9.789749759335338e-06,
      8.027204040182246e-09,
      0.0006039312936687913,
      -4.951995701198213e-07,
      8.103360675629698e-07,
      6.644432304558205e-10,
      0.012776041639264199,
      -1.047584346307352e-05,
      -1.713922883558593e-05,
      -1.4053483524788717e-08,
      -0.0010479007736699188,
      8.592368338742834e-07,
      -1.4060403907428061e-06,
      -1.1528969976446434e-09
    ],
    [
      5.981415934014698e-06,
      -9.858294790378098e-05,
      -8.027204040182246e-09,
      1.3228715335164228e-07,
      -4.951995701198213e-07,
      8.161650866585583e-06,
      -6.644432304558205e-10,
      1.0949927656102553e-08,
      -1.047584346307352e-05,
      0.0001726580364517756,
      1.4053483524788717e-08,
      -2.3159936147908043e-07,
      8.592368338742835e-07,
      -1.416154510815799e-05,
      1.1528969976446434e-09,
      -1.8999574591927566e-08
    ],
    [
      9.789749759335338e-06,
      -8.027204040182246e-09,
      -9.859140190078745e-05,
      8.08188814233542e-08,
      -8.103360675629697e-07,
      6.644432304558204e-10,
      8.160116626116406e-06,
      -6.692802037245272e-09,
      -1.713922883558593e-05,
      1.4053483524788717e-08,
      0.00017267284277025507,
      -1.4154607537608477e-07,
      1.406040390742806e-06,
      -1.1528969976446434e-09,
      -1.4158882997763145e-05,
      1.1612897868304907e-08
    ],
    [
      8.027204040182246e-09,
      1.3228715335164228e-07,
      8.08188814233542e-08,
      -1.3323843443733631e-06,
      -6.644432304558204e-10,
      -1.0949927656102553e-08,
      -6.692802037245272e-09,
      1.1027748293749996e-07,
      -1.4053483524788717e-08,
      -2.3159936147908043e-07,
      -1.4154607537608477e-07,
      2.3335360687643657e-06,
      1.1528969976446434e-09,
      1.8999574591927562e-08,
      1.1612897868304907e-08,
      -1.913460370410164e-07
    ],
    [
      -0.0006039312936687914,
      4.951995701198215e-07,
      8.103360675629699e-07,
      6.644432304558206e-10,
      -4.721366939995824e-05,
      3.871332169356894e-08,
      2.012128378933433e-07,
      1.6498649556734335e-10,
      -0.0010479007736699183,
      8.592368338742833e-07,
