{
  "config": {
    "symbols": [
      "H",
      "H"
    ],
    "geometry": [
      [
        0.0,
        0.0,
        0.0
      ],
      [
        0.0,
        0.0,
        0.7414
      ]
    ],
    "basis": "STO-3G",
    "ansatz": "RY-CZ",
    "optimizer": {
      "name": "Momentum",
      "stepsize": 0.1,
      "iterations_planned": 50
    },
    "seed": 3,
    "noisy": true,
    "depolarizing_prob": 0.0,
    "amplitude_damping_prob": 0.0
  },
  "energies": [
    1.3487731886165375,
    1.3487731886165375,
    1.348769588477724,
    1.3487617316560114,
    1.348747899596284,
    1.348725014713975,
    1.3486880087848496,
    1.3486287384693942,
    1.3485342220063157,
    1.3483838191508946,
    1.3481447460184182,
    1.3477649573413646,
    1.3471618672069705,
    1.3462045042076582,
    1.3446853461439061,
    1.342276030597474,
    1.3384581248358591,
    1.332415950263543,
    1.3228732717200407,
    1.3078509713974247,
    1.2843237352865222,
    1.2477740410110407,
    1.191713104936174,
    1.107421555539955,
    0.9845356406114805,
    0.8136444805267461,
    0.5922551859991476,
    0.3337534131128755,
    0.07358556360747397,
    -0.1386817741934874,
    -0.2655129313548855,
    -0.3067384182781965,
    -0.2980329450348358,
    -0.2853736522498243,
    -0.3011784721010551,
    -0.3560131771422254,
    -0.44175540937331526,
    -0.5392730411728994,
    -0.6275689397595811,
    -0.69222104982888,
    -0.7297579154281567,
    -0.7460135978623643,
    -0.7505026261501644,
    -0.7510785094347985,
    -0.7516396469508955,
    -0.7528183350227956,
    -0.7540033630717625,
    -0.7550632349499072,
    -0.7569567547194798,
    -0.7612965686599287,
    -0.7694465217045177
  ],
  "final_params": [
    -3.791561282805298,
    2.756322290326602,
    -0.0002532574692946204,
    -0.0009422739472164006
  ],
  "final_state_real": [
    [
      0.0037365755937122757,
      -1.7604390471347547e-06,
      -4.73157841874057e-07,
      -2.2292217015354234e-10,
      0.019156633156294133,
      -9.0253988375682e-06,
      2.42578022964986e-06,
      1.142874840597152e-09,
      0.011090055434483272,
      -5.224935541142615e-06,
      -1.4043196943453477e-06,
      -6.616269797260417e-10,
      -0.05685636977325086,
      2.6787139967298724e-05,
      -7.199650199507967e-06,
      -3.3920216570095456e-09
    ],
    [
      -1.7604390471347549e-06,
      8.294080609882154e-10,
      2.2292217015354234e-10,
      1.0502687490409902e-13,
      -9.025398837568202e-06,
      4.252199791691924e-09,
      -1.1428748405971523e-09,
      -5.384505849362768e-13,
      -5.224935541142615e-06,
      2.4616607220913288e-09,
      6.616269797260417e-10,
      3.1171692786321824e-13,
      2.6787139967298724e-05,
      -1.2620414126724655e-08,
      3.3920216570095456e-09,
      1.5981067921479465e-12
    ],
    [
      -4.73157841874057e-07,
      2.2292217015354234e-10,
      5.99154538568162e-11,
      2.8228317273518735e-14,
      -2.42578022964986e-06,
      1.142874840597152e-09,
      -3.0717309952219353e-10,
      -1.4472097620656883e-13,
      -1.4043196943453477e-06,
      6.616269797260417e-10,
      1.778274486865586e-10,
      8.378088320019414e-14,
      7.199650199507967e-06,
      -3.3920216570095456e-09,
      9.116814624124688e-10,
      4.2952794836200227e-13
    ],
    [
      -2.2292217015354234e-10,
      1.0502687490409902e-13,
      2.8228317273518738e-14,
      1.3299439328949754e-17,
      -1.1428748405971523e-09,
      5.384505849362768e-13,
      -1.4472097620656883e-13,
      -6.818324384796606e-17,
      -6.616269797260417e-10,
      3.1171692786321824e-13,
      8.378088320019414e-14,
      3.9472376700685844e-17,
      3.3920216570095456e-09,
      -1.5981067921479465e-12,
      4.2952794836200227e-13,
      2.0236602606162933e-16
    ],
    [
      0.019156633156294133,
      -9.0253988375682e-06,
      -2.42578022964986e-06,
      -1.142874840597152e-09,
      0.09821200847724054,
      -4.627131186956443e-05,
      1.2436462427115874e-05,
      5.8592777038314375e-09,
      0.056856369773250856,
      -2.678713996729872e-05,
      -7.199650199507966e-06,
      -3.392021657009545e-09,
      -0.29149058838233266,
      0.000137332003806921,
      -3.691108456574196e-05,
      -1.7390177961599317e-08
    ],
    [
      -9.025398837568202e-06,
      4.252199791691924e-09,
      1.1428748405971523e-09,
      5.384505849362768e-13,
      -4.627131186956443e-05,
      2.1800129416340296e-08,
      -5.8592777038314375e-09,
      -2.7605223204350755e-12,
      -2.678713996729872e-05,
      1.2620414126724653e-08,
      3.392021657009545e-09,
      1.5981067921479463e-12,
      0.00013733200380692103,
      -6.470219527027208e-08,
      1.7390177961599314e-08,
      8.19315568332622e-12
    ],
    [
      2.42578022964986e-06,
      -1.142874840597152e-09,
      -3.0717309952219353e-10,
      -1.4472097620656883e-13,
      1.2436462427115874e-05,
      -5.8592777038314375e-09,
      1.5748154732920025e-09,
      7.419520001228518e-13,
      7.199650199507966e-06,
      -3.392021657009545e-09,
      -9.116814624124687e-10,
      -4.295279483620022e-13,
      -3.6911084565741955e-05,
      1.7390177961599314e-08,
      -4.67400978781394e-09,
      -2.2020934956989213e-12
    ],
    [
      1.1428748405971523e-09,
      -5.384505849362768e-13,
      -1.4472097620656883e-13,
      -6.818324384796606e-17,
      5.8592777038314375e-09,
      -2.7605223204350755e-12,
      7.419520001228518e-13,
      3.4956194926587583e-16,
      3.392021657009545e-09,
      -1.5981067921479463e-12,
      -4.295279483620022e-13,
      -2.023660260616293e-16,
      -1.739017796159931e-08,
      8.193155683326219e-12,
      -2.2020934956989213e-12,
      -1.0374904234974274e-15
    ],
    [
      0.011090055434483272,
      -5.224935541142615e-06,
      -1.4043196943453477e-06,
      -6.616269797260417e-10,
      0.05685636977325086,
      -2.6787139967298724e-05,
      7.199650199507967e-06,
      3.3920216570095456e-09,
      0.03291498497910704,
      -1.5507467556813415e-05,
      -4.167982921110557e-06,
      -1.9636910047961936e-09,
      -0.16874816975496454,
      7.950350788274153e-05,
      -2.13683673243331e-05,
      -1.006742865702372e-08
    ],
    [
      -5.224935541142615e-06,
      2.4616607220913288e-09,
      6.616269797260417e-10,
      3.1171692786321824e-13,
      -2.6787139967298724e-05,
      1.2620414126724655e-08,
      -3.3920216570095456e-09,
      -1.5981067921479465e-12,
      -1.5507467556813415e-05,
      7.306142531925873e-09,
      1.9636910047961936e-09,
      9.251674221948483e-13,
      7.950350788274153e-05,
      -3.745704824152227e-08,
      1.006742865702372e-08,
      4.743137793064273e-12
    ],
    [
      -1.4043196943453477e-06,
      6.616269797260417e-10,
      1.778274486865586e-10,
      8.378088320019414e-14,
      -7.199650199507967e-06,
      3.3920216570095456e-09,
      -9.116814624124688e-10,
      -4.2952794836200227e-13,
      -4.167982921110557e-06,
      1.9636910047961936e-09,
      5.277870644533643e-10,
      2.4865939835576717e-13,
      2.1368367324333096e-05,
      -1.0067428657023718e-08,
      2.7058459552585175e-09,
      1.2748273488750465e-12
    ],
    [
      -6.616269797260417e-10,
      3.1171692786321824e-13,
      8.378088320019414e-14,
      3.9472376700685844e-17,
      -3.3920216570095456e-09,
      1.5981067921479465e-12,
      -4.2952794836200227e-13,
      -2.0236602606162933e-16,
      -1.9636910047961936e-09,
      9.251674221948483e-13,
      2.4865939835576717e-13,
      1.1715294787011727e-16,
      1.0067428657023718e-08,
      -4.743137793064272e-12,
      1.2748273488750465e-12,
      6.006168992968556e-16
    ],
    [
      -0.056856369773250856,
      2.678713996729872e-05,
      7.199650199507966e-06,
      3.392021657009545e-09,
      -0.29149058838233266,
      0.000137332003806921,
      -3.691108456574196e-05,
      -1.7390177961599317e-08,
      -0.16874816975496454,
