{
  "config": {
    "symbols": [
      "H",
      "H"
    ],
    "geometry": [
      [
        0.0,
        0.0,
        0.0
      ],
      [
        0.0,
        0.0,
        0.7414
      ]
    ],
    "basis": "STO-3G",
    "ansatz": "RY-CZ",
    "optimizer": {
      "name": "GradientDescent",
      "stepsize": 0.1,
      "iterations_planned": 50
    },
    "seed": 3,
    "noisy": true,
    "depolarizing_prob": 0.04,
    "amplitude_damping_prob": 0.0
  },
  "energies": [
    1.2665779701205802,
    1.2665779701205802,
    1.266566988526304,
    1.2665544669057822,
    1.2665401892291663,
    1.2665239091744023,
    1.266505345858325,
    1.266484179050351,
    1.2664600436106745,
    1.2664325231748108,
    1.266401143089398,
    1.266365362140049,
    1.2663245632850817,
    1.2662780430575973,
    1.2662249994636638,
    1.2661645182314574,
    1.2660955570885826,
    1.2660169279833084,
    1.2659272766519967,
    1.265825059511627,
    1.2657085173224776,
    1.2655756451537008,
    1.2654241583117316,
    1.2652514534761847,
    1.2650545647292306,
    1.264830113240661,
    1.264574250585674,
    1.2642825940160878,
    1.2639501531721615,
    1.263571247125505,
    1.2631394103576512,
    1.2626472863792881,
    1.2620865074096919,
    1.26144755895324,
    1.2607196269835992,
    1.2598904259781998,
    1.258946006189479,
    1.2578705378123063,
    1.256646069570432,
    1.2552522610626384,
    1.2536660846410739,
    1.2518614979817535,
    1.24980908347785,
    1.247475655663553,
    1.2448238363096766,
    1.2418115984891231,
    1.238391784503843,
    1.234511601913653,
    1.2301121072583419,
    1.2251276923668897,
    1.2194855876717303
  ],
  "final_params": [
    -0.09052289794956105,
    0.3894896547264481,
    -0.0014584008369544507,
    -0.010292955421321642
  ],
  "final_state_real": [
    [
      0.8630898719789993,
      -0.004320212524803356,
      -0.000610818280895257,
      -3.057466875603702e-06,
      0.16538089419320157,
      -0.0008278172126533316,
      0.00011729167453001348,
      5.871065435926307e-07,
      -0.0379373008789717,
      0.00018989587033244062,
      2.696336552884922e-05,
      1.349658311444479e-07,
      0.007285685053693418,
      -3.6468635163943e-05,
      5.167163983571694e-06,
      2.5864374421518077e-08
    ],
    [
      -0.004320212524803356,
      0.023669141089590746,
      3.0574668756037026e-06,
      -1.6718580992981964e-05,
      -0.0008278172126533316,
      0.004535360505628565,
      -5.871065435926306e-07,
      3.2103661952592646e-06,
      0.00018989587033244062,
      -0.001040382185233758,
      -1.349658311444479e-07,
      7.380087082147188e-07,
      -3.6468635163943e-05,
      0.00019980063846049625,
      -2.5864374421518077e-08,
      1.4142937804144806e-07
    ],
    [
      -0.000610818280895257,
      3.057466875603702e-06,
      0.02364675645171455,
      -0.00011835969150380792,
      -0.00011729167453001351,
      5.871065435926308e-07,
      0.004530895530011499,
      -2.268036348203937e-05,
      2.696336552884922e-05,
      -1.349658311444479e-07,
      -0.0010393982636634255,
      5.2025256862607286e-06,
      -5.167163983571694e-06,
      2.5864374421518077e-08,
      0.00019960393855584857,
      -9.991600664608148e-07
    ],
    [
      -3.0574668756037026e-06,
      -1.6718580992981964e-05,
      -0.00011835969150380792,
      0.0006484821951200472,
      -5.871065435926307e-07,
      -3.2103661952592654e-06,
      -2.268036348203937e-05,
      0.0001242540424163935,
      1.349658311444479e-07,
      7.380087082147188e-07,
      5.2025256862607286e-06,
      -2.85041743040218e-05,
      -2.5864374421518077e-08,
      -1.4142937804144806e-07,
      -9.991600664608148e-07,
      5.473883933875356e-06
    ],
    [
      0.16538089419320157,
      -0.0008278172126533317,
      -0.00011729167453001351,
      -5.871065435926308e-07,
      0.05716428227663188,
      -0.00028613688594982,
      7.036924774335483e-06,
      3.5223510946842884e-08,
      -0.007285685053693418,
      3.6468635163943e-05,
      5.167163983571694e-06,
      2.5864374421518077e-08,
      0.00043705622568364783,
      -2.187693126223733e-06,
      1.7858411832419767e-06,
      8.93907473569471e-09
    ],
    [
      -0.0008278172126533318,
      0.004535360505628565,
      5.871065435926307e-07,
      -3.2103661952592654e-06,
      -0.00028613688594982,
      0.0015676576755424068,
      -3.522351094684286e-08,
      1.9260621441915114e-07,
      3.6468635163943e-05,
      -0.00019980063846049625,
      -2.5864374421518077e-08,
      1.4142937804144806e-07,
      -2.187693126223733e-06,
      1.1985710649194113e-05,
      -8.939074735694712e-09,
      4.8879890135039316e-08
    ],
    [
      0.00011729167453001351,
      -5.871065435926308e-07,
      0.004530895530011499,
      -2.2680363482039375e-05,
      7.036924774335483e-06,
      -3.5223510946842884e-08,
      0.0015661750932531712,
      -7.839214704008682e-06,
      -5.167163983571694e-06,
      2.5864374421518077e-08,
      -0.00019960393855584857,
      9.991600664608148e-07,
      1.785841183241977e-06,
      -8.939074735694712e-09,
      1.1974375392390518e-05,
      -5.993563558233236e-08
    ],
    [
      5.871065435926307e-07,
      3.2103661952592654e-06,
      -2.2680363482039375e-05,
      0.0001242540424163935,
      3.522351094684286e-08,
      1.9260621441915114e-07,
      -7.839214704008682e-06,
      4.2950358307662126e-05,
      -2.5864374421518077e-08,
      -1.4142937804144806e-07,
      9.991600664608148e-07,
      -5.473883933875356e-06,
      8.939074735694712e-09,
      4.8879890135039316e-08,
      -5.993563558233236e-08,
      3.2838200264399686e-07
    ],
    [
      -0.0379373008789717,
      0.00018989587033244062,
      2.696336552884922e-05,
      1.349658311444479e-07,
      -0.007285685053693418,
      3.6468635163943e-05,
      -5.167163983571694e-06,
      -2.5864374421518077e-08,
      0.02541541188296262,
      -0.00012721732035627783,
      -1.798676904758518e-05,
      -9.003324275351213e-08,
      0.004191956660013414,
      -2.0982918823754464e-05,
      2.973025503392325e-06,
      1.488155689057676e-08
    ],
    [
      0.00018989587033244062,
      -0.001040382185233758,
      -1.349658311444479e-07,
      7.380087082147188e-07,
      3.6468635163943e-05,
      -0.00019980063846049625,
      2.5864374421518077e-08,
      -1.4142937804144806e-07,
      -0.00012721732035627783,
      0.0006969853189547573,
      9.003324275351215e-08,
      -4.923121401726355e-07,
      -2.0982918823754464e-05,
      0.00011495907535075476,
      -1.4881556890576757e-08,
      8.137406693168199e-08
    ],
    [
      2.696336552884922e-05,
      -1.349658311444479e-07,
      -0.0010393982636634255,
      5.2025256862607286e-06,
      5.167163983571694e-06,
      -2.5864374421518077e-08,
      -0.00019960393855584857,
      9.991600664608148e-07,
      -1.798676904758518e-05,
      9.003324275351213e-08,
      0.0006963261584085098,
      -3.4853384422321914e-06,
      -2.9730255033923254e-06,
      1.4881556890576763e-08,
      0.00011484590034123476,
      -5.748856372670906e-07
    ],
    [
      1.349658311444479e-07,
      7.380087082147188e-07,
      5.2025256862607286e-06,
      -2.85041743040218e-05,
      2.5864374421518077e-08,
      1.4142937804144806e-07,
      9.991600664608148e-07,
      -5.473883933875356e-06,
      -9.003324275351215e-08,
      -4.923121401726355e-07,
      -3.4853384422321914e-06,
      1.909585852276663e-05,
      -1.488155689057676e-08,
      -8.137406693168199e-08,
      -5.748856372670906e-07,
      3.1495026265398053e-06
    ],
    [
      0.007285685053693418,
      -3.6468635163943e-05,
      -5.167163983571694e-06,
      -2.5864374421518077e-08,
      0.00043705622568364783,
      -2.187693126223733e-06,
      1.7858411832419767e-06,
      8.93907473569471e-09,
      0.004191956660013414,
      -2.0982918823754464e-05,
      -2.9730255033923254e-06,
