{
  "config": {
    "symbols": [
      "H",
      "H"
    ],
    "geometry": [
      [
        0.0,
        0.0,
        0.0
      ],
      [
        0.0,
        0.0,
        0.7414
      ]
    ],
    "basis": "STO-3G",
    "ansatz": "TwoQubit-RY-CNOT",
    "optimizer": {
      "name": "Nesterov",
      "stepsize": 0.1,
      "iterations_planned": 50
    },
    "seed": 1,
    "noisy": true,
    "depolarizing_prob": 0.02,
    "amplitude_damping_prob": 0.0
  },
  "energies": [
    1.3070019312619927,
    1.3070019312619927,
    1.3070015997440088,
    1.3070008569050182,
    1.3069992396503887,
    1.3069957368491623,
    1.3069881548417706,
    1.306971741150503,
    1.3069362034236938,
    1.3068592541747526,
    1.3066926364739,
    1.3063318866711513,
    1.305550970446425,
    1.3038612819700024,
    1.3002088657080049,
    1.2923306953950753,
    1.2754159344808151,
    1.2394577299772362,
    1.164614474238856,
    1.0155684897325084,
    0.7439921662414803,
    0.3247412489880491,
    -0.16910453550418245,
    -0.5734306330823614,
    -0.7890818991274554,
    -0.8355979737403498,
    -0.7738533671123902,
    -0.6673172506813874,
    -0.571297107043697,
    -0.5201339448976662,
    -0.5232500853041516,
    -0.5710108916018286,
    -0.6433608631128915,
    -0.7184317529805764,
    -0.7795815115423537,
    -0.8186983206167932,
    -0.83555613563674,
    -0.835175680292209,
    -0.8249559719691968,
    -0.8122409231491734,
    -0.802559352224538,
    -0.7987580756935772,
    -0.8010699635000839,
    -0.8078685257143903,
    -0.8167002209640722,
    -0.8252172332604253,
    -0.8317824456642682,
    -0.8356900781333516,
    -0.8370720607581434,
    -0.8366176856364758,
    -0.8352361702304256
  ],
  "final_params": [
    -3.208235394845994
  ],
  "final_state_real": [
    [
      0.000202249837556423,
      0.0,
      0.0,
      0.0,
      0.00038565321528401676,
      0.0,
      0.0,
      0.0,
      -0.0003856532152840167,
      0.0,
      0.0,
      0.0,
      0.001022508172462143,
      0.0,
      0.0,
      0.0
    ],
    [
      0.0,
      2.7331059129287064e-06,
      0.0,
      0.0,
      0.0,
      5.211529936278259e-06,
      0.0,
      0.0,
      0.0,
      -5.211529936278257e-06,
      0.0,
      0.0,
      0.0,
      1.3817678006265758e-05,
      0.0,
      0.0
    ],
    [
      0.0,
      0.0,
      2.733105912928706e-06,
      0.0,
      0.0,
      0.0,
      5.211529936278258e-06,
      0.0,
      0.0,
      0.0,
      -5.211529936278258e-06,
      0.0,
      0.0,
      0.0,
      1.3817678006265753e-05,
      0.0
    ],
    [
      0.0,
      0.0,
      0.0,
      3.693386368828076e-08,
      0.0,
      0.0,
      0.0,
      7.042608022008134e-08,
      0.0,
      0.0,
      0.0,
      -7.042608022008134e-08,
      0.0,
      0.0,
      0.0,
      1.8672537846332876e-07
    ],
    [
      0.00038565321528401665,
      0.0,
      0.0,
      0.0,
      0.013829587678664558,
      0.0,
      0.0,
      0.0,
      -0.0010225081724621432,
      0.0,
      0.0,
      0.0,
      -0.031094637132895384,
      0.0,
      0.0,
      0.0
    ],
    [
      0.0,
      5.211529936278257e-06,
      0.0,
      0.0,
      0.0,
      0.00018688631998223183,
      0.0,
      0.0,
      0.0,
      -1.381767800626576e-05,
      0.0,
      0.0,
      0.0,
      -0.0004201977990938067,
      0.0,
      0.0
    ],
    [
      0.0,
      0.0,
      5.211529936278257e-06,
      0.0,
      0.0,
      0.0,
      0.00018688631998223183,
      0.0,
      0.0,
      0.0,
      -1.3817678006265756e-05,
      0.0,
      0.0,
      0.0,
      -0.0004201977990938066,
      0.0
    ],
    [
      0.0,
      0.0,
      0.0,
      7.042608022008133e-08,
      0.0,
      0.0,
      0.0,
      2.5254908105744613e-06,
      0.0,
      0.0,
      0.0,
      -1.8672537846332884e-07,
      0.0,
      0.0,
      0.0,
      -5.67834863641125e-06
    ],
    [
      -0.0003856532152840167,
      0.0,
      0.0,
      0.0,
      -0.001022508172462143,
      0.0,
      0.0,
      0.0,
      0.013829587678664558,
      0.0,
      0.0,
      0.0,
      0.03109463713289539,
      0.0,
      0.0,
      0.0
    ],
    [
      0.0,
      -5.211529936278257e-06,
      0.0,
      0.0,
      0.0,
      -1.3817678006265758e-05,
      0.0,
      0.0,
      0.0,
      0.00018688631998223183,
      0.0,
      0.0,
      0.0,
      0.0004201977990938068,
      0.0,
      0.0
    ],
    [
      0.0,
      0.0,
      -5.211529936278258e-06,
      0.0,
      0.0,
      0.0,
      -1.3817678006265753e-05,
      0.0,
      0.0,
      0.0,
      0.00018688631998223183,
      0.0,
      0.0,
      0.0,
      0.00042019779909380667,
      0.0
    ],
    [
      0.0,
      0.0,
      0.0,
      -7.042608022008134e-08,
      0.0,
      0.0,
      0.0,
      -1.8672537846332876e-07,
      0.0,
      0.0,
      0.0,
      2.5254908105744613e-06,
      0.0,
      0.0,
      0.0,
      5.678348636411251e-06
    ],
    [
      0.0010225081724621432,
      0.0,
      0.0,
      0.0,
      -0.031094637132895384,
      0.0,
      0.0,
      0.0,
      0.031094637132895384,
      0.0,
      0.0,
      0.0,
      0.945649685916381,
      0.0,
      0.0,
      0.0
    ],
    [
      0.0,
      1.381767800626576e-05,
      0.0,
      0.0,
      0.0,
      -0.0004201977990938067,
      0.0,
      0.0,
      0.0,
      0.0004201977990938067,
      0.0,
      0.0,
      0.0,
      0.012779049809699855,
      0.0,
      0.0
    ],
    [
      0.0,
      0.0,
      1.3817678006265756e-05,
      0.0,
      0.0,
      0.0,
      -0.0004201977990938066,
      0.0,
      0.0,
      0.0,
      0.0004201977990938066,
      0.0,
      0.0,
      0.0,
      0.012779049809699856,
      0.0
    ],
    [
      0.0,
      0.0,
      0.0,
      1.8672537846332884e-07,
      0.0,
      0.0,
      0.0,
      -5.67834863641125e-06,
      0.0,
      0.0,
      0.0,
      5.67834863641125e-06,
      0.0,
      0.0,
      0.0,
      0.00017268986229349847
    ]
  ],