{
  "config": {
    "symbols": [
      "H",
      "H"
    ],
    "geometry": [
      [
        0.0,
        0.0,
        0.0
      ],
      [
        0.0,
        0.0,
        0.7414
      ]
    ],
    "basis": "STO-3G",
    "ansatz": "TwoQubit-RY-CNOT",
    "optimizer": {
      "name": "Nesterov",
      "stepsize": 0.1,
      "iterations_planned": 50
    },
    "seed": 0,
    "noisy": true,
    "depolarizing_prob": 0.1,
    "amplitude_damping_prob": 0.0
  },
  "energies": [
    1.1542329934664095,
    1.1542329934664095,
    1.1541835451366307,
    1.1540803671656528,
    1.1538730693746342,
    1.1534603941875048,
    1.1526408634051106,
    1.1510149856430496,
    1.1477929289217736,
    1.1414204262171244,
    1.1288665486218912,
    1.1043266425296991,
    1.0570813543382145,
    0.9687596739200162,
    0.8125528311730355,
    0.5624847588089199,
    0.22301858535163904,
    -0.13953488333302455,
    -0.4272180195434482,
    -0.5888705783475919,
    -0.6356219986167346,
    -0.6035740948741543,
    -0.5323127330440413,
    -0.45778993773498705,
    -0.4056375633109838,
    -0.3876255158350257,
    -0.40324308949462195,
    -0.44369901076186824,
    -0.49629090154285854,
    -0.5485006544670278,
    -0.591088755304975,
    -0.6194429893451866,
    -0.6332450837619898,
    -0.6352111541219149,
    -0.6296191869733355,
    -0.6209850149351399,
    -0.6130516244768243,
    -0.6081994522139818,
    -0.6073106515792123,
    -0.610010571568385,
    -0.6151300399500583,
    -0.6212164840092623,
    -0.6269586532754481,
    -0.6314513292362396,
    -0.6342877941630196,
    -0.6355120509766956,
    -0.6354841156471052,
    -0.6347137919697584,
    -0.6337083218412796,
    -0.6328633482121486,
    -0.6324091707837598
  ],
  "final_params": [
    -3.237313674496263
  ],
  "final_state_real": [
    [
      0.004105435420994288,
      0.0,
      0.0,
      0.0,
      0.0023226063367101243,
      0.0,
      0.0,
      0.0,
      -0.0023226063367101247,
      0.0,
      0.0,
      0.0,
      0.001494189145468253,
      0.0,
      0.0,
      0.0
    ],
    [
      0.0,
      0.00029324538721396193,
      0.0,
      0.0,
      0.0,
      0.00016590045262219945,
      0.0,
      0.0,
      0.0,
      -0.00016590045262219948,
      0.0,
      0.0,
      0.0,
      0.00010672779610490588,
      0.0,
      0.0
    ],
    [
      0.0,
      0.0,
      0.000293245387213962,
      0.0,
      0.0,
      0.0,
      0.00016590045262219945,
      0.0,
      0.0,
      0.0,
      -0.00016590045262219948,
      0.0,
      0.0,
      0.0,
      0.0001067277961049059,
      0.0
    ],
    [
      0.0,
      0.0,
      0.0,
      2.0946099086717593e-05,
      0.0,
      0.0,
      0.0,
      1.185003233016051e-05,
      0.0,
      0.0,
      0.0,
      -1.1850032330160513e-05,
      0.0,
      0.0,
      0.0,
      7.62341400749547e-06
    ],
    [
      0.0023226063367101243,
      0.0,
      0.0,
      0.0,
      0.055696658281298654,
      0.0,
      0.0,
      0.0,
      -0.001494189145468253,
      0.0,
      0.0,
      0.0,
      -0.03358999833792887,
      0.0,
      0.0,
      0.0
    ],
    [
      0.0,
      0.00016590045262219945,
      0.0,
      0.0,
      0.0,
      0.003978332734379618,
      0.0,
      0.0,
      0.0,
      -0.00010672779610490588,
      0.0,
      0.0,
      0.0,
      -0.0023992855955670377,
      0.0,
      0.0
    ],
    [
      0.0,
      0.0,
      0.00016590045262219945,
      0.0,
      0.0,
      0.0,
      0.003978332734379619,
      0.0,
      0.0,
      0.0,
      -0.0001067277961049059,
      0.0,
      0.0,
      0.0,
      -0.0023992855955670377,
      0.0
    ],
    [
      0.0,
      0.0,
      0.0,
      1.185003233016051e-05,
      0.0,
      0.0,
      0.0,
      0.00028416662388434027,
      0.0,
      0.0,
      0.0,
      -7.62341400749547e-06,
      0.0,
      0.0,
      0.0,
      -0.000171377542540552
    ],
    [
      -0.0023226063367101247,
      0.0,
      0.0,
      0.0,
      -0.001494189145468253,
      0.0,
      0.0,
      0.0,
      0.05569665828129863,
      0.0,
      0.0,
      0.0,
      0.03358999833792887,
      0.0,
      0.0,
      0.0
    ],
    [
      0.0,
      -0.00016590045262219948,
      0.0,
      0.0,
      0.0,
      -0.00010672779610490588,
      0.0,
      0.0,
      0.0,
      0.003978332734379617,
      0.0,
      0.0,
      0.0,
      0.002399285595567038,
      0.0,
      0.0
    ],
    [
      0.0,
      0.0,
      -0.00016590045262219948,
      0.0,
      0.0,
      0.0,
      -0.0001067277961049059,
      0.0,
      0.0,
      0.0,
      0.003978332734379618,
      0.0,
      0.0,
      0.0,
      0.002399285595567038,
      0.0
    ],
    [
      0.0,
      0.0,
      0.0,
      -1.1850032330160513e-05,
      0.0,
      0.0,
      0.0,
      -7.62341400749547e-06,
      0.0,
      0.0,
      0.0,
      0.00028416662388434016,
      0.0,
      0.0,
      0.0,
      0.000171377542540552
    ],
    [
      0.001494189145468253,
      0.0,
      0.0,
      0.0,
      -0.03358999833792887,
      0.0,
      0.0,
      0.0,
      0.03358999833792887,
      0.0,
      0.0,
      0.0,
      0.7556123591276599,
      0.0,
      0.0,
      0.0
    ],
    [
      0.0,
      0.00010672779610490588,
      0.0,
      0.0,
      0.0,
      -0.0023992855955670377,
      0.0,
      0.0,
      0.0,
      0.002399285595567038,
      0.0,
      0.0,
      0.0,
      0.053972311366276934,
      0.0,
      0.0
    ],
    [
      0.0,
      0.0,
      0.0001067277961049059,
      0.0,
      0.0,
      0.0,
      -0.0023992855955670377,
      0.0,
      0.0,
      0.0,
      0.002399285595567038,
      0.0,
      0.0,
      0.0,
      0.053972311366276934,
      0.0
    ],
    [
      0.0,
      0.0,
      0.0,
      7.62341400749547e-06,
      0.0,
      0.0,
      0.0,
      -0.000171377542540552,
      0.0,
      0.0,
      0.0,
      0.000171377542540552,
      0.0,
      0.0,
      0.0,
      0.003855165097592318
    ]
  ],