{
  "config": {
    "symbols": [
      "H",
      "H"
    ],
    "geometry": [
      [
        0.0,
        0.0,
        0.0
      ],
      [
        0.0,
        0.0,
        0.7414
      ]
    ],
    "basis": "STO-3G",
    "ansatz": "RY-CZ",
    "optimizer": {
      "name": "GradientDescent",
      "stepsize": 0.1,
      "iterations_planned": 50
    },
    "seed": 5,
    "noisy": true,
    "depolarizing_prob": 0.1,
    "amplitude_damping_prob": 0.0
  },
  "energies": [
    1.1543199579715606,
    1.1543199579715606,
    1.1543183349195485,
    1.1543165162147486,
    1.1543144782458468,
    1.1543121945590795,
    1.1543096355088402,
    1.1543067678737768,
    1.1543035544262072,
    1.1542999534419178,
    1.1542959181790924,
    1.154291396240687,
    1.1542863289143388,
    1.1542806504146037,
    1.1542742869974683,
    1.1542671560529545,
    1.1542591649860163,
    1.1542502100473386,
    1.154240174970004,
    1.154228929495872,
    1.154216327606826,
    1.1542022057218762,
    1.1541863805238517,
    1.1541686465909784,
    1.1541487737699867,
    1.1541265041393398,
    1.1541015487058415,
    1.1540735836632965,
    1.1540422461860478,
    1.1540071297680328,
    1.1539677789477145,
    1.1539236834342252,
    1.1538742715163381,
    1.1538189026700028,
    1.1537568593930962,
    1.1536873379000372,
    1.153609437720464,
    1.1535221503884379,
    1.1534243461983897,
    1.1533147599619151,
    1.153191974769305,
    1.1530544039520645,
    1.1529002709578013,
    1.1527275867415225,
    1.1525341244483687,
    1.1523173916807226,
    1.1520745989126515,
    1.1518026248002504,
    1.151497977078415,
    1.1511567494822625,
    1.1507745735690118
  ],
  "final_params": [
    0.014485464285950005,
    0.11580215449503657,
    0.0009496158962597574,
    -0.008202009942400775
  ],
  "final_state_real": [
    [
      0.7564260840772177,
      -0.0028805406457191973,
      0.0003333422108492137,
      1.2694011291344881e-06,
      0.04070489865620117,
      -0.0001550080372420938,
      -1.7946467256462476e-05,
      -6.834197727702001e-08,
      0.005084892076825493,
      -1.9363740376906556e-05,
      2.2429649281453388e-06,
      8.541439156904972e-09,
      -0.0002737622993345886,
      1.042512279643579e-06,
      1.2069962838032009e-07,
      4.596364923654934e-10
    ],
    [
      -0.0028805406457191977,
      0.05404309155351038,
      -1.2694011291344877e-06,
      2.380458022188767e-05,
      -0.0001550080372420938,
      0.002908173860023684,
      6.834197727702001e-08,
      -1.2815902265050606e-06,
      -1.9363740376906556e-05,
      0.0003632916603911653,
      -8.541439156904972e-09,
      1.6017424985240866e-07,
      1.042512279643579e-06,
      -1.9559030708053136e-05,
      -4.596364923654934e-10,
      8.61938240348158e-09
    ],
    [
      0.0003333422108492137,
      -1.2694011291344877e-06,
      0.054030604237581825,
      -0.0002057522571823194,
      1.7946467256462476e-05,
      -6.834197727702001e-08,
      0.0029074836313583412,
      -1.1072037427277498e-05,
      2.2429649281453388e-06,
      -8.541439156904972e-09,
      0.000363207717418861,
      -1.3831199694966307e-06,
      -1.2069962838032009e-07,
      4.596364923654934e-10,
      -1.9554388549670997e-05,
      7.446539665928728e-08
    ],
    [
      1.2694011291344877e-06,
      2.380458022188767e-05,
      -0.00020575225718231943,
      0.003860232946706582,
      6.834197727702001e-08,
      1.2815902265050606e-06,
      -1.1072037427277498e-05,
      0.0002077260520061488,
      8.541439156904972e-09,
      1.6017424985240866e-07,
      -1.3831199694966307e-06,
      2.5949485797220693e-05,
      -4.596364923654935e-10,
      -8.61938240348158e-09,
      7.446539665928728e-08,
      -1.3970692350621083e-06
    ],
    [
      0.04070489865620117,
      -0.0001550080372420938,
      1.7946467256462476e-05,
      6.834197727702001e-08,
      0.056558483782899155,
      -0.0002153799489815846,
      2.2695561092026738e-05,
      8.642701085819435e-08,
      0.00027376229933458857,
      -1.0425122796435787e-06,
      1.2069962838032009e-07,
      4.596364923654933e-10,
      0.0003462042160275903,
      -1.3183777463245457e-06,
      1.6770798652306858e-07,
      6.386491135188225e-10
    ],
    [
      -0.0001550080372420938,
      0.002908173860023684,
      -6.834197727702001e-08,
      1.2815902265050606e-06,
      -0.00021537994898158467,
      0.0040408380693743055,
      -8.642701085819432e-08,
      1.6207317498721672e-06,
      -1.0425122796435787e-06,
      1.955903070805313e-05,
      -4.596364923654933e-10,
      8.61938240348158e-09,
      -1.3183777463245457e-06,
      2.4734665470738042e-05,
      -6.386491135188225e-10,
      1.1976335696787916e-08
    ],
    [
      -1.7946467256462476e-05,
      6.834197727702001e-08,
      0.0029074836313583412,
      -1.1072037427277498e-05,
      2.2695561092026738e-05,
      -8.642701085819432e-08,
      0.004039904384417763,
      -1.5384233762030292e-05,
      -1.2069962838032009e-07,
      4.596364923654934e-10,
      1.9554388549670997e-05,
      -7.446539665928728e-08,
      1.6770798652306858e-07,
      -6.386491135188225e-10,
      2.472895022438107e-05,
      -9.416954332108999e-08
    ],
    [
      -6.834197727702001e-08,
      -1.2815902265050606e-06,
      -1.1072037427277498e-05,
      0.0002077260520061488,
      8.642701085819432e-08,
      1.6207317498721672e-06,
      -1.5384233762030305e-05,
      0.00028863219699894644,
      -4.596364923654934e-10,
      -8.61938240348158e-09,
      -7.446539665928728e-08,
      1.3970692350621083e-06,
      6.386491135188225e-10,
      1.1976335696787916e-08,
      -9.416954332108999e-08,
      1.7667673671364317e-06
    ],
    [
      0.005084892076825493,
      -1.9363740376906556e-05,
      2.2429649281453388e-06,
      8.541439156904972e-09,
      0.0002737622993345886,
      -1.042512279643579e-06,
      -1.2069962838032009e-07,
      -4.596364923654934e-10,
      0.05406991333167511,
      -0.000205903242023189,
      2.3827555434439555e-05,
      9.073776074124076e-08,
      0.0029053683093622244,
      -1.1063912550265232e-05,
      -1.2809538643572925e-06,
      -4.878002931707527e-09
    ],
    [
      -1.9363740376906556e-05,
      0.0003632916603911653,
      -8.541439156904972e-09,
      1.6017424985240866e-07,
      -1.042512279643579e-06,
      1.9559030708053136e-05,
      4.596364923654934e-10,
      -8.61938240348158e-09,
      -0.000205903242023189,
      0.003863041396885242,
      -9.073776074124073e-08,
      1.7015695473597416e-06,
      -1.1063912550265232e-05,
      0.00020757492218301376,
      4.878002931707527e-09,
      -9.14752708543816e-08
    ],
    [
      2.2429649281453388e-06,
      -8.541439156904972e-09,
      0.000363207717418861,
      -1.3831199694966307e-06,
      1.2069962838032009e-07,
      -4.596364923654934e-10,
      1.9554388549670997e-05,
      -7.446539665928728e-08,
      2.3827555434439555e-05,
      -9.073776074124073e-08,
      0.0038621487940199827,
      -1.470732824769812e-05,
      1.2809538643572925e-06,
      -4.878002931707527e-09,
      0.00020752565615959388,
      -7.902819494278191e-07
    ],
    [
      8.541439156904972e-09,
      1.6017424985240866e-07,
      -1.3831199694966307e-06,
      2.5949485797220693e-05,
      4.596364923654935e-10,
      8.61938240348158e-09,
      -7.446539665928728e-08,
      1.3970692350621083e-06,
      9.073776074124073e-08,
      1.7015695473597416e-06,
      -1.470732824769812e-05,
      0.00027593239479985297,
      4.878002931707527e-09,
      9.14752708543816e-08,
      -7.902819494278191e-07,
      1.4826733598454756e-05
    ],
    [
      -0.00027376229933458857,
      1.0425122796435787e-06,
      -1.2069962838032009e-07,
      -4.596364923654933e-10,
      0.0003462042160275903,
      -1.3183777463245457e-06,
      1.6770798652306858e-07,
      6.386491135188225e-10,
      0.0029053683093622244,
