{
  "config": {
    "symbols": [
      "H",
      "H"
    ],
    "geometry": [
      [
        0.0,
        0.0,
        0.0
      ],
      [
        0.0,
        0.0,
        0.7414
      ]
    ],
    "basis": "STO-3G",
    "ansatz": "RY-CZ",
    "optimizer": {
      "name": "Adagrad",
      "stepsize": 0.1,
      "iterations_planned": 50
    },
    "seed": 0,
    "noisy": true,
    "depolarizing_prob": 0.08,
    "amplitude_damping_prob": 0.0
  },
  "energies": [
    1.1900634585509067,
    1.1900634585509067,
    1.181398604435373,
    1.1609613163264847,
    1.1333511567431611,
    1.1018834093832897,
    1.068196666324708,
    1.033469284629834,
    0.9983041428260413,
    0.9630931754613934,
    0.92809307488059,
    0.8934654621374934,
    0.859318798646908,
    0.8257404819004843,
    0.7927940774579625,
    0.7605190560399608,
    0.7289385806664421,
    0.6980653249383477,
    0.6679045974528908,
    0.6384561494359315,
    0.6097153604262356,
    0.5816741581596931,
    0.5543219225798003,
    0.5276464588950878,
    0.5016348170386224,
    0.47627368002851944,
    0.4515493574806224,
    0.42744767450741283,
    0.40395397746589085,
    0.3810532627931478,
    0.3587303525316181,
    0.3369700476757483,
    0.3157572457401272,
    0.29507701944509046,
    0.2749146700020657,
    0.2552557605695971,
    0.23608613926521008,
    0.2173919546037099,
    0.19915966797357287,
    0.18137606673131496,
    0.16402827783767276,
    0.14710378346101619,
    0.1305904344909353,
    0.11447645885327351,
    0.09875046186624124,
    0.08340141641767686,
    0.06841864754541935,
    0.05379181306261695,
    0.039510885828155415,
    0.0255661381361052,
    0.011948130376462418
  ],
  "final_params": [
    -1.686603590638419,
    1.6869436639765918,
    -0.00751417627655818,
    0.007514542241716321
  ],
  "final_state_real": [
    [
      0.18011296771636853,
      0.0006386089165532904,
      -0.0005537917624746626,
      1.9635314822913683e-06,
      0.15461759393487418,
      0.0005482142096220179,
      0.0005481866388879737,
      -1.943657881110633e-06,
      -0.15455681315296302,
      -0.000547996961268065,
      0.000631865050256852,
      -2.2403491760058658e-06,
      0.1763982456001867,
      0.0006254399795611178,
      0.0006254085249963975,
      -2.2174568336596e-06
    ],
    [
      0.0006386089165532905,
      0.01014974407058826,
      -1.9635314822913683e-06,
      -3.119174272233401e-05,
      0.0005482142096220179,
      0.008713026203201543,
      1.943657881110633e-06,
      3.087603998948434e-05,
      -0.000547996961268065,
      -0.008709601078466604,
      2.2403491760058658e-06,
      3.558913912835263e-05,
      0.0006254399795611178,
      0.009940411676310167,
      2.2174568336596e-06,
      3.5225482085307386e-05
    ],
    [
      -0.0005537917624746626,
      -1.9635314822913683e-06,
      0.010149743823715293,
      3.5968981230508824e-05,
      -0.0005481866388879737,
      -1.943657881110633e-06,
      0.008708674730328225,
      3.089302152272717e-05,
      0.000631865050256852,
      2.2403491760058658e-06,
      -0.00870960086662234,
      -3.086535734673236e-05,
      -0.0006254085249963974,
      -2.2174568336596e-06,
      0.009935447220706535,
      3.524485577102711e-05
    ],
    [
      1.9635314822913683e-06,
      -3.119174272233401e-05,
      3.5968981230508824e-05,
      0.0005719593847066571,
      1.943657881110633e-06,
      -3.087603998948434e-05,
      3.089302152272717e-05,
      0.0004907521142287957,
      -2.2403491760058658e-06,
      3.558913912835263e-05,
      -3.086535734673236e-05,
      -0.0004908043039543827,
      2.2174568336596e-06,
      -3.522548208530738e-05,
      3.524485577102711e-05,
      0.0005598833209822475
    ],
    [
      0.15461759393487415,
      0.000548214209622018,
      -0.0005481866388879737,
      1.9436578811106332e-06,
      0.22171195668057145,
      0.000786102379178234,
      0.0007188883439797494,
      -2.5489001305271786e-06,
      -0.17639824560018663,
      -0.0006254399795611175,
      0.0006254085249963974,
      -2.2174568336596e-06,
      0.20063334088217802,
      0.0007113659947405918,
      0.0007778009458548431,
      -2.7577814399358513e-06
    ],
    [
      0.0005482142096220178,
      0.00871302620320154,
      -1.9436578811106332e-06,
      -3.087603998948434e-05,
      0.000786102379178234,
      0.01249393448028031,
      2.5489001305271786e-06,
      4.049063527290553e-05,
      -0.0006254399795611175,
      -0.009940411676310167,
      2.2174568336596e-06,
      3.522548208530738e-05,
      0.0007113659947405918,
      0.011306110202947564,
      2.7577814399358513e-06,
      4.380882605382256e-05
    ],
    [
      0.0005481866388879737,
      1.9436578811106332e-06,
      0.008708674730328221,
      3.0893021522727174e-05,
      0.0007188883439797494,
      2.5489001305271786e-06,
      0.012493934176389427,
      4.4276396694440346e-05,
      -0.0006254085249963974,
      -2.2174568336595998e-06,
      -0.009935447220706533,
      -3.5244855771027104e-05,
      0.0007778009458548433,
      2.7577814399358513e-06,
      0.01130610992794822,
      4.006694778229172e-05
    ],
    [
      -1.9436578811106332e-06,
      3.087603998948434e-05,
      3.089302152272717e-05,
      0.0004907521142287955,
      -2.5489001305271786e-06,
      4.049063527290553e-05,
      4.4276396694440346e-05,
      0.0007040594352141373,
      2.2174568336595998e-06,
      -3.522548208530738e-05,
      -3.5244855771027104e-05,
      -0.0005598833209822475,
      -2.757781439935852e-06,
      4.380882605382257e-05,
      4.006694778229172e-05,
      0.0006371230437073229
    ],
    [
      -0.15455681315296302,
      -0.000547996961268065,
      0.000631865050256852,
      -2.2403491760058658e-06,
      -0.1763982456001867,
      -0.0006254399795611178,
      -0.0006254085249963975,
      2.2174568336596e-06,
      0.2215767458860166,
      0.0007856229755011317,
      -0.0006812800776280031,
      2.4155557581839163e-06,
      -0.20055792333589428,
      -0.0007111008561634423,
      -0.0007110650935505085,
      2.5211619091368482e-06
    ],
    [
      -0.000547996961268065,
      -0.008709601078466604,
      2.2403491760058658e-06,
      3.558913912835263e-05,
      -0.0006254399795611178,
      -0.009940411676310167,
      -2.2174568336596e-06,
      -3.5225482085307386e-05,
      0.0007856229755011317,
      0.0124863150679875,
      -2.4155557581839163e-06,
      -3.8372388943211606e-05,
      -0.0007111008561634425,
      -0.011301860265794694,
      -2.5211619091368482e-06,
      -4.004999886193609e-05
    ],
    [
      0.000631865050256852,
      2.2403491760058658e-06,
      -0.00870960086662234,
      -3.086535734673236e-05,
      0.0006254085249963974,
      2.2174568336596e-06,
      -0.009935447220706535,
      -3.524485577102711e-05,
      -0.0006812800776280031,
      -2.4155557581839163e-06,
      0.012486314764281947,
      4.424939478228948e-05,
      0.0007110650935505085,
      2.5211619091368482e-06,
      -0.011296215873454113,
      -4.007202598676429e-05
    ],
    [
      -2.2403491760058658e-06,
      3.558913912835263e-05,
      -3.086535734673236e-05,
      -0.0004908043039543827,
      -2.2174568336596e-06,
      3.522548208530738e-05,
      -3.524485577102711e-05,
      -0.0005598833209822475,
      2.4155557581839163e-06,
      -3.8372388943211606e-05,
      4.424939478228948e-05,
      0.0007036300653367779,
      -2.5211619091368482e-06,
      4.004999886193609e-05,
      -4.007202598676431e-05,
      -0.0006365654929534328
    ],
    [
      0.17639824560018663,
      0.0006254399795611175,
      -0.0006254085249963974,
      2.2174568336596e-06,
      0.20063334088217802,
      0.0007113659947405918,
      0.0007778009458548431,
      -2.7577814399358513e-06,
      -0.20055792333589434,
      -0.0007111008561634425,
      0.0007110650935505086,
      -2.5211619091368486e-06,
      0.27275223160313267,
