{
  "config": {
    "symbols": [
      "H",
      "H"
    ],
    "geometry": [
      [
        0.0,
        0.0,
        0.0
      ],
      [
        0.0,
        0.0,
        0.7414
      ]
    ],
    "basis": "STO-3G",
    "ansatz": "RY-CZ",
    "optimizer": {
      "name": "GradientDescent",
      "stepsize": 0.1,
      "iterations_planned": 50
    },
    "seed": 9,
    "noisy": true,
    "depolarizing_prob": 0.04,
    "amplitude_damping_prob": 0.0
  },
  "energies": [
    1.2666280818527271,
    1.2666280818527271,
    1.2666241922277843,
    1.2666197578530174,
    1.2666147022944119,
    1.2666089384036183,
    1.266602366816744,
    1.2665948742182238,
    1.2665863313961723,
    1.2665765910127875,
    1.2665654850833525,
    1.2665528220443871,
    1.2665383834708173,
    1.2665219202914109,
    1.2665031485545584,
    1.2664817444516234,
    1.266457338828415,
    1.2664295107151071,
    1.2663977801925481,
    1.266361600074043,
    1.2663203465142188,
    1.2662733082845363,
    1.2662196745423966,
    1.2661585209217041,
    1.266088793720126,
    1.2660092917850587,
    1.2659186459646201,
    1.2658152957749453,
    1.2656974626870703,
    1.2655631198424477,
    1.2654099575637343,
    1.2652353442567883,
    1.2650362816664047,
    1.2648093544103483,
    1.2645506724817668,
    1.2642558058802944,
    1.2639197108204487,
    1.2635366457511534,
    1.2631000765075446,
    1.2626025688646152,
    1.2620356675324493,
    1.2613897591198486,
    1.260653918223312,
    1.2598157340470633,
    1.2588611166097605,
    1.2577740789459981,
    1.256536494917993,
    1.2551278293604144,
    1.2535248392257576,
    1.2517012450769114,
    1.2496273695158078
  ],
  "final_params": [
    0.23749239783590287,
    -0.03171517254003067,
    -0.011786447914265627,
    0.004063336754407765
  ],
  "final_state_real": [
    [
      0.885023496396676,
      0.0017488108227850057,
      -0.005072730223100737,
      1.0023761448541058e-05,
      -0.013640215314440216,
      -2.6953235768553654e-05,
      -7.818348100612524e-05,
      1.544912755764298e-07,
      0.1026556152732652,
      0.00020284800543767147,
      -0.000588412169111953,
      1.1627078431526689e-06,
      0.0015834117116806299,
      3.128841312236174e-06,
      9.07585669516532e-06,
      -1.7933976074499942e-08
    ],
    [
      0.0017488108227850057,
      0.02425086943756027,
      -1.0023761448541056e-05,
      -0.00013895798729001094,
      -2.6953235768553648e-05,
      -0.00037376078944511773,
      -1.544912755764298e-07,
      -2.1416907034526163e-06,
      0.0002028480054376715,
      0.00281290602245046,
      -1.1627078431526687e-06,
      -1.6118454386633524e-05,
      3.128841312236174e-06,
      4.338767370833726e-05,
      1.7933976074499942e-08,
      2.4861617389971316e-07
    ],
    [
      -0.005072730223100738,
      -1.0023761448541058e-05,
      0.024277933634294348,
      4.785193305331293e-05,
      7.818348100612525e-05,
      1.5449127557642982e-07,
      -0.00037323114744905147,
      -7.393802219745131e-07,
      -0.000588412169111953,
      -1.1627078431526689e-06,
      0.002816045251836938,
      5.550439790133221e-06,
      -9.07585669516532e-06,
      -1.7933976074499942e-08,
      4.33261907097015e-05,
      8.583026556919958e-08
    ],
    [
      1.0023761448541058e-05,
      -0.00013895798729001097,
      4.785193305331293e-05,
      0.000665249003191591,
      -1.5449127557642982e-07,
      2.1416907034526163e-06,
      -7.393802219745129e-07,
      -1.0227050314109316e-05,
      1.1627078431526687e-06,
      -1.6118454386633524e-05,
      5.550439790133222e-06,
      7.716353973719834e-05,
      1.7933976074499942e-08,
      -2.4861617389971316e-07,
      8.583026556919958e-08,
      1.1871976262841216e-06
    ],
    [
      -0.013640215314440216,
      -2.6953235768553654e-05,
      7.818348100612524e-05,
      -1.544912755764298e-07,
      0.024469638485113448,
      4.835212713180077e-05,
      -0.00013770404102903683,
      2.7210444811146514e-07,
      -0.0015834117116806299,
      -3.128841312236174e-06,
      9.07585669516532e-06,
      -1.7933976074499942e-08,
      0.0027866833905489975,
      5.506500214863229e-06,
      -1.6268757967480553e-05,
      3.2147214962753654e-08
    ],
    [
      -2.6953235768553648e-05,
      -0.00037376078944511773,
      1.544912755764298e-07,
      2.1416907034526163e-06,
      4.835212713180077e-05,
      0.0006705019815889884,
      -2.7210444811146514e-07,
      -3.7721454801512425e-06,
      -3.128841312236174e-06,
      -4.338767370833726e-05,
      1.7933976074499942e-08,
      2.4861617389971316e-07,
      5.506500214863229e-06,
      7.635898407575357e-05,
      -3.214721496275365e-08,
      -4.456522944142645e-07
    ],
    [
      -7.818348100612525e-05,
      -1.5449127557642982e-07,
      -0.00037323114744905147,
      -7.393802219745131e-07,
      -0.00013770404102903688,
      -2.7210444811146514e-07,
      0.0006712502680612336,
      1.323037758201621e-06,
      -9.07585669516532e-06,
      -1.7933976074499942e-08,
      -4.33261907097015e-05,
      -8.583026556919958e-08,
      -1.6268757967480553e-05,
      -3.2147214962753654e-08,
      7.644420141498177e-05,
      1.506719172860941e-07
    ],
    [
      1.5449127557642982e-07,
      -2.1416907034526163e-06,
      -7.393802219745129e-07,
      -1.0227050314109316e-05,
      2.7210444811146514e-07,
      -3.772145480151244e-06,
      1.323037758201621e-06,
      1.839318693453555e-05,
      1.7933976074499942e-08,
      -2.4861617389971316e-07,
      -8.583026556919958e-08,
      -1.1871976262841216e-06,
      3.214721496275365e-08,
      -4.456522944142645e-07,
      1.506719172860941e-07,
      2.0946769835163505e-06
    ],
    [
      0.1026556152732652,
      0.00020284800543767147,
      -0.000588412169111953,
      1.1627078431526689e-06,
      -0.0015834117116806299,
      -3.128841312236174e-06,
      -9.07585669516532e-06,
      1.7933976074499942e-08,
      0.03683052739445848,
      7.277730498517709e-05,
      -0.0002111032421255283,
      4.1714194270446565e-07,
      -0.00017961594351502072,
      -3.5492334701098133e-07,
      -1.02952918150326e-06,
      2.034359105616383e-09
    ],
    [
      0.0002028480054376715,
      0.00281290602245046,
      -1.1627078431526687e-06,
      -1.6118454386633524e-05,
      -3.128841312236174e-06,
      -4.338767370833726e-05,
      -1.7933976074499942e-08,
      -2.4861617389971316e-07,
      7.277730498517709e-05,
      0.0010092074558426991,
      -4.1714194270446565e-07,
      -5.782779754888755e-06,
      -3.5492334701098117e-07,
      -4.921725595785354e-06,
      -2.0343591056163836e-09,
      -2.8202032559614085e-08
    ],
    [
      -0.000588412169111953,
      -1.1627078431526689e-06,
      0.002816045251836938,
      5.550439790133221e-06,
      9.07585669516532e-06,
      1.7933976074499942e-08,
      -4.33261907097015e-05,
      -8.583026556919958e-08,
      -0.0002111032421255283,
      -4.1714194270446575e-07,
      0.0010103337407868635,
      1.991373040798801e-06,
      1.02952918150326e-06,
      2.0343591056163828e-09,
      -4.914751208310113e-06,
      -9.736244855732158e-09
    ],
    [
      1.1627078431526687e-06,
      -1.6118454386633524e-05,
      5.550439790133222e-06,
      7.716353973719834e-05,
      -1.7933976074499942e-08,
      2.4861617389971316e-07,
      -8.583026556919958e-08,
      -1.1871976262841216e-06,
      4.1714194270446565e-07,
      -5.782779754888755e-06,
      1.991373040798801e-06,
      2.7684543671371968e-05,
      -2.034359105616383e-09,
      2.8202032559614085e-08,
      -9.736244855732155e-09,
      -1.3467098936478336e-07
    ],
    [
      0.0015834117116806299,
      3.128841312236174e-06,
      -9.07585669516532e-06,
      1.7933976074499942e-08,
      0.0027866833905489975,
      5.506500214863229e-06,
      -1.6268757967480553e-05,
      3.2147214962753654e-08,
      -0.00017961594351502075,
