{
  "config": {
    "symbols": [
      "H",
      "H"
    ],
    "geometry": [
      [
        0.0,
        0.0,
        0.0
      ],
      [
        0.0,
        0.0,
        0.7414
      ]
    ],
    "basis": "STO-3G",
    "ansatz": "RY-CZ",
    "optimizer": {
      "name": "GradientDescent",
      "stepsize": 0.1,
      "iterations_planned": 50
    },
    "seed": 2,
    "noisy": true,
    "depolarizing_prob": 0.1,
    "amplitude_damping_prob": 0.0
  },
  "energies": [
    1.1543292728957035,
    1.1543292728957035,
    1.154328585903809,
    1.154327816687194,
    1.154326955318428,
    1.1543259906785663,
    1.1543249103053979,
    1.1543237002363431,
    1.154322344825484,
    1.1543208265326257,
    1.1543191257075884,
    1.1543172203226593,
    1.1543150856993771,
    1.1543126941747586,
    1.1543100147673946,
    1.1543070127408492,
    1.1543036491707688,
    1.1542998804426263,
    1.1542956576662724,
    1.1542909260630934,
    1.1542856242666166,
    1.1542796834824889,
    1.1542730266300956,
    1.154265567322948,
    1.1542572087685352,
    1.1542478425062916,
    1.1542373469631437,
    1.1542255859367867,
    1.1542124067810022,
    1.1541976384724189,
    1.154181089344828,
    1.1541625446464472,
    1.1541417636973366,
    1.1541184768470947,
    1.1540923819300217,
    1.1540631404183634,
    1.1540303729353165,
    1.1539936544404383,
    1.153952508682685,
    1.1539064020723921,
    1.1538547367936283,
    1.1537968430946386,
    1.1537319706111973,
    1.1536592788080078,
    1.153577826011,
    1.1534865574434006,
    1.153384291595239,
    1.1532697051507874,
    1.1531413160395085,
    1.1529974644163803,
    1.1528362916486592
  ],
  "final_params": [
    -0.05151422303304718,
    -0.05548090938016759,
    -0.00851783712175191,
    -0.014149443884312525
  ],
  "final_state_real": [
    [
      0.7577774497114389,
      -0.004978183912676638,
      -0.0029964533388602116,
      -1.968525340659815e-05,
      -0.019521617675983517,
      0.00012824702918396978,
      -7.720235320815096e-05,
      -5.071822299980242e-07,
      -0.018125160097825846,
      0.00011907240106979282,
      7.168746598362237e-05,
      4.709520804689974e-07,
      -0.0004670301560439495,
      3.0681489129688506e-06,
      -1.8469692247953682e-06,
      -1.213369711210481e-08
    ],
    [
      -0.004978183912676638,
      0.054164696349934406,
      1.968525340659815e-05,
      -0.0002138831634710193,
      0.00012824702918396978,
      -0.0013953733963471859,
      5.071822299980241e-07,
      -5.510609265101135e-06,
      0.00011907240106979282,
      -0.0012955568859518473,
      -4.709520804689974e-07,
      5.116963380324317e-06,
      3.0681489129688506e-06,
      -3.338255393851574e-05,
      1.2133697112104813e-08,
      -1.3183439752247655e-07
    ],
    [
      -0.002996453338860213,
      1.9685253406598153e-05,
      0.054140635575367545,
      -0.00035549472845571213,
      7.720235320815094e-05,
      -5.071822299980241e-07,
      -0.0013940489737769908,
      9.162816435507374e-06,
      7.168746598362237e-05,
      -4.709520804689974e-07,
      -0.0012949813800546103,
      8.50302271418416e-06,
      1.8469692247953682e-06,
      -1.213369711210481e-08,
      -3.335086879387799e-05,
      2.1920886171957462e-07
    ],
    [
      -1.968525340659815e-05,
      -0.00021388316347101935,
      -0.00035549472845571213,
      0.003869884340381121,
      5.071822299980241e-07,
      5.510609265101135e-06,
      9.162816435507374e-06,
      -9.964434728207057e-05,
      4.709520804689974e-07,
      5.116963380324317e-06,
      8.50302271418416e-06,
      -9.256315723856273e-05,
      1.2133697112104813e-08,
      1.3183439752247655e-07,
      2.1920886171957462e-07,
      -2.383865714023021e-06
    ],
    [
      -0.019521617675983517,
      0.00012824702918396978,
      7.720235320815096e-05,
      5.071822299980242e-07,
      0.05470738598364794,
      -0.0003593976422920684,
      -0.0002117369731040767,
      -1.391009803838715e-06,
      0.0004670301560439495,
      -3.0681489129688506e-06,
      -1.8469692247953682e-06,
      -1.213369711210481e-08,
      -0.0012807696640456416,
      8.413957079118964e-06,
      5.175442833841378e-06,
      3.4000163578146324e-08
    ],
    [
      0.00012824702918396978,
      -0.0013953733963471859,
      -5.071822299980241e-07,
      5.510609265101135e-06,
      -0.0003593976422920684,
      0.003910394735329399,
      1.391009803838715e-06,
      -1.5113525394827026e-05,
      -3.0681489129688506e-06,
      3.338255393851574e-05,
      1.2133697112104813e-08,
      -1.3183439752247655e-07,
      8.413957079118964e-06,
      -9.154732695418249e-05,
      -3.4000163578146324e-08,
      3.6941676057817975e-07
    ],
    [
      -7.720235320815094e-05,
      5.071822299980241e-07,
      -0.0013940489737769908,
      9.162816435507374e-06,
      -0.00021173697310407675,
      1.3910098038387155e-06,
      0.003908657679044872,
      -2.566477444292465e-05,
      1.8469692247953682e-06,
      -1.213369711210481e-08,
      3.335086879387799e-05,
      -2.1920886171957462e-07,
      5.175442833841378e-06,
      -3.4000163578146324e-08,
      -9.150666025161646e-05,
      6.008450952289484e-07
    ],
    [
      -5.071822299980241e-07,
      -5.510609265101135e-06,
      9.162816435507374e-06,
      -9.964434728207057e-05,
      -1.391009803838715e-06,
      -1.5113525394827031e-05,
      -2.566477444292465e-05,
      0.0002793844768037428,
      1.2133697112104813e-08,
      1.3183439752247655e-07,
      -2.1920886171957462e-07,
      2.383865714023021e-06,
      3.4000163578146324e-08,
      3.6941676057817975e-07,
      6.008450952289484e-07,
      -6.540746849108302e-06
    ],
    [
      -0.018125160097825846,
      0.00011907240106979282,
      7.168746598362237e-05,
      4.709520804689974e-07,
      0.0004670301560439495,
      -3.0681489129688506e-06,
      1.8469692247953682e-06,
      1.213369711210481e-08,
      0.054627324695114374,
      -0.0003588716833594586,
      -0.00021601095352996952,
      -1.4190877941239036e-06,
      -0.0013815098246540394,
      9.075811940437529e-06,
      -5.4634718911991214e-06,
      -3.5892375583926314e-08
    ],
    [
      0.00011907240106979282,
      -0.0012955568859518473,
      -4.709520804689974e-07,
      5.116963380324317e-06,
      -3.0681489129688506e-06,
      3.338255393851574e-05,
      -1.2133697112104813e-08,
      1.3183439752247655e-07,
      -0.0003588716833594586,
      0.003904672084986006,
      1.4190877941239036e-06,
      -1.5418596874582112e-05,
      9.075811940437529e-06,
      -9.874806935114266e-05,
      3.589237558392631e-08,
      -3.8997592135679656e-07
    ],
    [
      7.168746598362237e-05,
      -4.709520804689974e-07,
      -0.0012949813800546103,
      8.50302271418416e-06,
      -1.8469692247953682e-06,
      1.213369711210481e-08,
      3.335086879387799e-05,
      -2.1920886171957462e-07,
      -0.00021601095352996962,
      1.4190877941239036e-06,
      0.003902937570789024,
      -2.5627215439238417e-05,
      5.463471891199121e-06,
      -3.589237558392631e-08,
      -9.865434234433981e-05,
      6.484360639194414e-07
    ],
    [
      4.709520804689974e-07,
      5.116963380324317e-06,
      8.50302271418416e-06,
      -9.256315723856273e-05,
      -1.2133697112104813e-08,
      -1.3183439752247655e-07,
      -2.1920886171957462e-07,
      2.383865714023021e-06,
      -1.4190877941239036e-06,
      -1.5418596874582125e-05,
      -2.5627215439238417e-05,
      0.00027897561279375583,
      3.589237558392631e-08,
      3.8997592135679656e-07,
      6.484360639194414e-07,
      -7.051651508920562e-06
    ],
    [
      -0.0004670301560439495,
      3.0681489129688506e-06,
      1.8469692247953682e-06,
      1.213369711210481e-08,
      -0.0012807696640456416,
      8.413957079118964e-06,
      5.175442833841378e-06,
      3.4000163578146324e-08,
      -0.0013815098246540394,
      9.075811940437529e-06,
