{
  "config": {
    "symbols": [
      "H",
      "H"
    ],
    "geometry": [
      [
        0.0,
        0.0,
        0.0
      ],
      [
        0.0,
        0.0,
        0.7414
      ]
    ],
    "basis": "STO-3G",
    "ansatz": "TwoQubit-RY-CNOT",
    "optimizer": {
      "name": "Adam",
      "stepsize": 0.1,
      "iterations_planned": 50
    },
    "seed": 3,
    "noisy": true,
    "depolarizing_prob": 0.04,
    "amplitude_damping_prob": 0.0
  },
  "energies": [
    1.2664369202609909,
    1.2664369202609909,
    1.2572245934561954,
    1.2392548397298069,
    1.210558325083166,
    1.1709211048315535,
    1.120371196953072,
    1.059145154616126,
    0.9876943775832058,
    0.9066918200480507,
    0.8170326404031995,
    0.7198265448711646,
    0.6163805377820587,
    0.5081713788066966,
    0.3968077189475125,
    0.2839827152904043,
    0.17141888398134647,
    0.06080796036959753,
    -0.04625053850339095,
    -0.14830768405095868,
    -0.24411585043742595,
    -0.3326675649636799,
    -0.4132193372501347,
    -0.48529894940032814,
    -0.5486966664132955,
    -0.6034427585771911,
    -0.6497751988604513,
    -0.6881020939834085,
    -0.7189632193669615,
    -0.7429940905120707,
    -0.7608946366255331,
    -0.7734031323775594,
    -0.7812749200131851,
    -0.7852648047409675,
    -0.7861118583473149,
    -0.7845256195762464,
    -0.7811731611333342,
    -0.7766670192559968,
    -0.7715544037927253,
    -0.7663083367192312,
    -0.7613213840636825,
    -0.7569024842173198,
    -0.7532771024724063,
    -0.7505906334858544,
    -0.7489146955141257,
    -0.7482557549863726,
    -0.7485654029355073,
    -0.7497515733620856,
    -0.7516900310088639,
    -0.7542355394921367,
    -0.7572322322190793
  ],
  "final_params": [
    -3.412735623546379
  ],
  "final_state_real": [
    [
      0.0018307659893015582,
      0.0,
      0.0,
      0.0,
      0.0010087897155014887,
      0.0,
      0.0,
      0.0,
      -0.0010087897155014892,
      0.0,
      0.0,
      0.0,
      0.01522597007240459,
      0.0,
      0.0,
      0.0
    ],
    [
      0.0,
      5.015797230966881e-05,
      0.0,
      0.0,
      0.0,
      2.763807439732149e-05,
      0.0,
      0.0,
      0.0,
      -2.7638074397321503e-05,
      0.0,
      0.0,
      0.0,
      0.00041714986499769447,
      0.0,
      0.0
    ],
    [
      0.0,
      0.0,
      5.015797230966881e-05,
      0.0,
      0.0,
      0.0,
      2.7638074397321486e-05,
      0.0,
      0.0,
      0.0,
      -2.76380743973215e-05,
      0.0,
      0.0,
      0.0,
      0.0004171498649976944,
      0.0
    ],
    [
      0.0,
      0.0,
      0.0,
      1.374191022183723e-06,
      0.0,
      0.0,
      0.0,
      7.572075177353949e-07,
      0.0,
      0.0,
      0.0,
      -7.572075177353954e-07,
      0.0,
      0.0,
      0.0,
      1.1428763424602816e-05
    ],
    [
      0.0010087897155014887,
      0.0,
      0.0,
      0.0,
      0.039815686615643345,
      0.0,
      0.0,
      0.0,
      -0.015225970072404586,
      0.0,
      0.0,
      0.0,
      -0.11470635582402834,
      0.0,
      0.0,
      0.0
    ],
    [
      0.0,
      2.763807439732149e-05,
      0.0,
      0.0,
      0.0,
      0.0010908407291965144,
      0.0,
      0.0,
      0.0,
      -0.00041714986499769436,
      0.0,
      0.0,
      0.0,
      -0.00314263988559214,
      0.0,
      0.0
    ],
    [
      0.0,
      0.0,
      2.7638074397321486e-05,
      0.0,
      0.0,
      0.0,
      0.001090840729196514,
      0.0,
      0.0,
      0.0,
      -0.00041714986499769436,
      0.0,
      0.0,
      0.0,
      -0.0031426398855921404,
      0.0
    ],
    [
      0.0,
      0.0,
      0.0,
      7.572075177353949e-07,
      0.0,
      0.0,
      0.0,
      2.988604737526905e-05,
      0.0,
      0.0,
      0.0,
      -1.1428763424602814e-05,
      0.0,
      0.0,
      0.0,
      -8.609972289299899e-05
    ],
    [
      -0.0010087897155014892,
      0.0,
      0.0,
      0.0,
      -0.01522597007240459,
      0.0,
      0.0,
      0.0,
      0.03981568661564334,
      0.0,
      0.0,
      0.0,
      0.11470635582402841,
      0.0,
      0.0,
      0.0
    ],
    [
      0.0,
      -2.7638074397321503e-05,
      0.0,
      0.0,
      0.0,
      -0.00041714986499769447,
      0.0,
      0.0,
      0.0,
      0.0010908407291965142,
      0.0,
      0.0,
      0.0,
      0.003142639885592142,
      0.0,
      0.0
    ],
    [
      0.0,
      0.0,
      -2.76380743973215e-05,
      0.0,
      0.0,
      0.0,
      -0.0004171498649976944,
      0.0,
      0.0,
      0.0,
      0.0010908407291965138,
      0.0,
      0.0,
      0.0,
      0.003142639885592142,
      0.0
    ],
    [
      0.0,
      0.0,
      0.0,
      -7.572075177353954e-07,
      0.0,
      0.0,
      0.0,
      -1.1428763424602816e-05,
      0.0,
      0.0,
      0.0,
      2.9886047375269043e-05,
      0.0,
      0.0,
      0.0,
      8.609972289299905e-05
    ],
    [
      0.015225970072404586,
      0.0,
      0.0,
      0.0,
      -0.11470635582402834,
      0.0,
      0.0,
      0.0,
      0.11470635582402841,
      0.0,
      0.0,
      0.0,
      0.86591563855734,
      0.0,
      0.0,
      0.0
    ],
    [
      0.0,
      0.00041714986499769436,
      0.0,
      0.0,
      0.0,
      -0.00314263988559214,
      0.0,
      0.0,
      0.0,
      0.003142639885592142,
      0.0,
      0.0,
      0.0,
      0.023723716124876164,
      0.0,
      0.0
    ],
    [
      0.0,
      0.0,
      0.00041714986499769436,
      0.0,
      0.0,
      0.0,
      -0.0031426398855921404,
      0.0,
      0.0,
      0.0,
      0.003142639885592142,
      0.0,
      0.0,
      0.0,
      0.023723716124876167,
      0.0
    ],
    [
      0.0,
      0.0,
      0.0,
      1.1428763424602814e-05,
      0.0,
      0.0,
      0.0,
      -8.609972289299899e-05,
      0.0,
      0.0,
      0.0,
      8.609972289299905e-05,
      0.0,
      0.0,
      0.0,
      0.0006499648253395534
    ]
  ],