{
  "config": {
    "symbols": [
      "H",
      "H"
    ],
    "geometry": [
      [
        0.0,
        0.0,
        0.0
      ],
      [
        0.0,
        0.0,
        0.7414
      ]
    ],
    "basis": "STO-3G",
    "ansatz": "TwoQubit-RY-CNOT",
    "optimizer": {
      "name": "Adagrad",
      "stepsize": 0.1,
      "iterations_planned": 50
    },
    "seed": 4,
    "noisy": true,
    "depolarizing_prob": 0.0,
    "amplitude_damping_prob": 0.0
  },
  "energies": [
    1.3486029206297698,
    1.3486029206297698,
    1.3387654998838272,
    1.314554943876776,
    1.2814611712129833,
    1.243542528213142,
    1.2030402490913839,
    1.1612266816460552,
    1.1188668287871575,
    1.0764437807910747,
    1.0342738902258453,
    0.9925694568318402,
    0.9514749171895224,
    0.9110888365205931,
    0.8714778667421199,
    0.8326859348266128,
    0.7947404859999808,
    0.7576568372497513,
    0.7214412849252376,
    0.6860933639224993,
    0.6516075215106623,
    0.617974370954198,
    0.5851816448738643,
    0.5532149270779895,
    0.5220582181810924,
    0.4916943781126626,
    0.462105471305679,
    0.4332730402596182,
    0.4051783205617145,
    0.37780241167818135,
    0.3511264117505052,
    0.3251315243679259,
    0.2997991427467525,
    0.2751109154581791,
    0.25104879746370173,
    0.2275950896829194,
    0.20473246856220864,
    0.18244400739938596,
    0.16071319239680634,
    0.13952393208252437,
    0.11886056361950167,
    0.09870785510270515,
    0.0790510049639297,
    0.05987563972389484,
    0.041167808849547904,
    0.022913979494363135,
    0.005101028785308742,
    -0.012283763970182576,
    -0.02925272591624961,
    -0.04581780004461436,
    -0.06199055481581833
  ],
  "final_params": [
    1.6834705426376781
  ],
  "final_state_real": [
    [
      0.19694248203972073,
      0.0,
      0.0,
      0.0,
      -0.22048399361643461,
      0.0,
      0.0,
      0.0,
      0.2204839936164346,
      0.0,
      0.0,
      0.0,
      0.2468395388215664,
      0.0,
      0.0,
      0.0
    ],
    [
      0.0,
      3.938849640794374e-15,
      0.0,
      0.0,
      0.0,
      -4.4096798723286475e-15,
      0.0,
      0.0,
      0.0,
      4.409679872328647e-15,
      0.0,
      0.0,
      0.0,
      4.9367907764312794e-15,
      0.0,
      0.0
    ],
    [
      0.0,
      0.0,
      3.9388496407943724e-15,
      0.0,
      0.0,
      0.0,
      -4.409679872328647e-15,
      0.0,
      0.0,
      0.0,
      4.409679872328647e-15,
      0.0,
      0.0,
      0.0,
      4.936790776431281e-15,
      0.0
    ],
    [
      0.0,
      0.0,
      0.0,
      7.877699281588666e-29,
      0.0,
      0.0,
      0.0,
      -8.819359744657204e-29,
      0.0,
      0.0,
      0.0,
      8.819359744657204e-29,
      0.0,
      0.0,
      0.0,
      9.87358155286246e-29
    ],
    [
      -0.2204839936164346,
      0.0,
      0.0,
      0.0,
      0.24683953882158946,
      0.0,
      0.0,
      0.0,
      -0.2468395388215664,
      0.0,
      0.0,
      0.0,
      -0.2763454930503451,
      0.0,
      0.0,
      0.0
    ],
    [
      0.0,
      -4.409679872328647e-15,
      0.0,
      0.0,
      0.0,
      4.936790776431741e-15,
      0.0,
      0.0,
      0.0,
      -4.9367907764312794e-15,
      0.0,
      0.0,
      0.0,
      -5.5269098610068466e-15,
      0.0,
      0.0
    ],
    [
      0.0,
      0.0,
      -4.409679872328647e-15,
      0.0,
      0.0,
      0.0,
      4.936790776431742e-15,
      0.0,
      0.0,
      0.0,
      -4.936790776431281e-15,
      0.0,
      0.0,
      0.0,
      -5.5269098610068466e-15,
      0.0
    ],
    [
      0.0,
      0.0,
      0.0,
      -8.819359744657204e-29,
      0.0,
      0.0,
      0.0,
      9.873581552863382e-29,
      0.0,
      0.0,
      0.0,
      -9.87358155286246e-29,
      0.0,
      0.0,
      0.0,
      -1.1053819722013582e-28
    ],
    [
      0.2204839936164346,
      0.0,
      0.0,
      0.0,
      -0.2468395388215664,
      0.0,
      0.0,
      0.0,
      0.2468395388215895,
      0.0,
      0.0,
      0.0,
      0.27634549305034517,
      0.0,
      0.0,
      0.0
    ],
    [
      0.0,
      4.409679872328647e-15,
      0.0,
      0.0,
      0.0,
      -4.9367907764312794e-15,
      0.0,
      0.0,
      0.0,
      4.936790776431742e-15,
      0.0,
      0.0,
      0.0,
      5.526909861006848e-15,
      0.0,
      0.0
    ],
    [
      0.0,
      0.0,
      4.409679872328647e-15,
      0.0,
      0.0,
      0.0,
      -4.936790776431281e-15,
      0.0,
      0.0,
      0.0,
      4.9367907764317425e-15,
      0.0,
      0.0,
      0.0,
      5.526909861006847e-15,
      0.0
    ],
    [
      0.0,
      0.0,
      0.0,
      8.819359744657204e-29,
      0.0,
      0.0,
      0.0,
      -9.87358155286246e-29,
      0.0,
      0.0,
      0.0,
      9.873581552863383e-29,
      0.0,
      0.0,
      0.0,
      1.1053819722013584e-28
    ],
    [
      0.2468395388215664,
      0.0,
      0.0,
      0.0,
      -0.2763454930503451,
      0.0,
      0.0,
      0.0,
      0.27634549305034517,
      0.0,
      0.0,
      0.0,
      0.309378440317241,
      0.0,
      0.0,
      0.0
    ],
    [
      0.0,
      4.9367907764312794e-15,
      0.0,
      0.0,
      0.0,
      -5.5269098610068466e-15,
      0.0,
      0.0,
      0.0,
      5.526909861006848e-15,
      0.0,
      0.0,
      0.0,
      6.187568806344757e-15,
      0.0,
      0.0
    ],
    [
      0.0,
      0.0,
      4.936790776431281e-15,
      0.0,
      0.0,
      0.0,
      -5.5269098610068466e-15,
      0.0,
      0.0,
      0.0,
      5.526909861006847e-15,
      0.0,
      0.0,
      0.0,
      6.187568806344757e-15,
      0.0
    ],
    [
      0.0,
      0.0,
      0.0,
      9.87358155286246e-29,
      0.0,
      0.0,
      0.0,
      -1.1053819722013582e-28,
      0.0,
      0.0,
      0.0,
      1.1053819722013584e-28,
      0.0,
      0.0,
      0.0,
      1.237513761268939e-28
    ]
  ],