{
  "config": {
    "symbols": [
      "H",
      "H"
    ],
    "geometry": [
      [
        0.0,
        0.0,
        0.0
      ],
      [
        0.0,
        0.0,
        0.7414
      ]
    ],
    "basis": "STO-3G",
    "ansatz": "TwoQubit-RY-CNOT",
    "optimizer": {
      "name": "Adam",
      "stepsize": 0.1,
      "iterations_planned": 50
    },
    "seed": 1,
    "noisy": true,
    "depolarizing_prob": 0.06,
    "amplitude_damping_prob": 0.0
  },
  "energies": [
    1.2277559414763688,
    1.2277559414763688,
    1.2208421861644636,
    1.2069008555328171,
    1.1828938381198526,
    1.148543543269263,
    1.1037894526514063,
    1.0487649308629232,
    0.9838076327918645,
    0.9094691592960843,
    0.8265185218400551,
    0.7359377328295689,
    0.638908380069321,
    0.5367884043094711,
    0.4310788337736918,
    0.3233809579561979,
    0.2153453104906577,
    0.10861480288573702,
    0.004765291163264379,
    -0.09475239144185454,
    -0.1886645241222151,
    -0.2759164596355332,
    -0.3557010063810473,
    -0.4274711909640725,
    -0.4909371922549308,
    -0.546049153462252,
    -0.592969176754724,
    -0.6320367360148811,
    -0.663731832458485,
    -0.6886395227745166,
    -0.7074182312869566,
    -0.720772883552628,
    -0.7294327146157739,
    -0.7341328403694632,
    -0.7355984080903352,
    -0.7345302957231986,
    -0.7315917546276758,
    -0.7273959039400724,
    -0.7224944273661962,
    -0.7173680907814429,
    -0.7124197552644436,
    -0.7079704272540904,
    -0.7042586290046035,
    -0.7014430646481377,
    -0.6996082689171239,
    -0.6987727053484699,
    -0.6988986482202405,
    -0.699903138337714,
    -0.7016693298088248,
    -0.7040576240080457,
    -0.7069160944021322
  ],
  "final_params": [
    -3.417350709418542
  ],
  "final_state_real": [
    [
      0.0030342533570373057,
      0.0,
      0.0,
      0.0,
      0.002436626978319437,
      0.0,
      0.0,
      0.0,
      -0.002436626978319438,
      0.0,
      0.0,
      0.0,
      0.014457001549922997,
      0.0,
      0.0,
      0.0
    ],
    [
      0.0,
      0.00012642722320994952,
      0.0,
      0.0,
      0.0,
      0.00010152612409669285,
      0.0,
      0.0,
      0.0,
      -0.00010152612409669287,
      0.0,
      0.0,
      0.0,
      0.0006023750645804192,
      0.0,
      0.0
    ],
    [
      0.0,
      0.0,
      0.00012642722320994952,
      0.0,
      0.0,
      0.0,
      0.00010152612409669283,
      0.0,
      0.0,
      0.0,
      -0.00010152612409669287,
      0.0,
      0.0,
      0.0,
      0.0006023750645804191,
      0.0
    ],
    [
      0.0,
      0.0,
      0.0,
      5.267800967083803e-06,
      0.0,
      0.0,
      0.0,
      4.230255170697601e-06,
      0.0,
      0.0,
      0.0,
      -4.2302551706976025e-06,
      0.0,
      0.0,
      0.0,
      2.5098961024196392e-05
    ],
    [
      0.0024366269783194375,
      0.0,
      0.0,
      0.0,
      0.049846441549951465,
      0.0,
      0.0,
      0.0,
      -0.014457001549923,
      0.0,
      0.0,
      0.0,
      -0.10863018550559488,
      0.0,
      0.0,
      0.0
    ],
    [
      0.0,
      0.00010152612409669286,
      0.0,
      0.0,
      0.0,
      0.0020769350645823254,
      0.0,
      0.0,
      0.0,
      -0.0006023750645804193,
      0.0,
      0.0,
      0.0,
      -0.004526257729401998,
      0.0,
      0.0
    ],
    [
      0.0,
      0.0,
      0.00010152612409669285,
      0.0,
      0.0,
      0.0,
      0.0020769350645823254,
      0.0,
      0.0,
      0.0,
      -0.0006023750645804192,
      0.0,
      0.0,
      0.0,
      -0.004526257729401998,
      0.0
    ],
    [
      0.0,
      0.0,
      0.0,
      4.230255170697601e-06,
      0.0,
      0.0,
      0.0,
      8.653896102430582e-05,
      0.0,
      0.0,
      0.0,
      -2.5098961024196395e-05,
      0.0,
      0.0,
      0.0,
      -0.00018859407205850873
    ],
    [
      -0.002436626978319438,
      0.0,
      0.0,
      0.0,
      -0.014457001549922997,
      0.0,
      0.0,
      0.0,
      0.04984644154995147,
      0.0,
      0.0,
      0.0,
      0.10863018550559489,
      0.0,
      0.0,
      0.0
    ],
    [
      0.0,
      -0.00010152612409669287,
      0.0,
      0.0,
      0.0,
      -0.0006023750645804192,
      0.0,
      0.0,
      0.0,
      0.0020769350645823254,
      0.0,
      0.0,
      0.0,
      0.004526257729401998,
      0.0,
      0.0
    ],
    [
      0.0,
      0.0,
      -0.00010152612409669287,
      0.0,
      0.0,
      0.0,
      -0.0006023750645804191,
      0.0,
      0.0,
      0.0,
      0.002076935064582326,
      0.0,
      0.0,
      0.0,
      0.0045262577294019985,
      0.0
    ],
    [
      0.0,
      0.0,
      0.0,
      -4.2302551706976025e-06,
      0.0,
      0.0,
      0.0,
      -2.5098961024196392e-05,
      0.0,
      0.0,
      0.0,
      8.653896102430583e-05,
      0.0,
      0.0,
      0.0,
      0.00018859407205850878
    ],
    [
      0.014457001549923,
      0.0,
      0.0,
      0.0,
      -0.10863018550559488,
      0.0,
      0.0,
      0.0,
      0.10863018550559492,
      0.0,
      0.0,
      0.0,
      0.8188728635432069,
      0.0,
      0.0,
      0.0
    ],
    [
      0.0,
      0.0006023750645804193,
      0.0,
      0.0,
      0.0,
      -0.004526257729401998,
      0.0,
      0.0,
      0.0,
      0.0045262577294019985,
      0.0,
      0.0,
      0.0,
      0.034119702647650296,
      0.0,
      0.0
    ],
    [
      0.0,
      0.0,
      0.0006023750645804192,
      0.0,
      0.0,
      0.0,
      -0.004526257729401998,
      0.0,
      0.0,
      0.0,
      0.004526257729401999,
      0.0,
      0.0,
      0.0,
      0.034119702647650296,
      0.0
    ],
    [
      0.0,
      0.0,
      0.0,
      2.5098961024196395e-05,
      0.0,
      0.0,
      0.0,
      -0.00018859407205850873,
      0.0,
      0.0,
      0.0,
      0.0001885940720585088,
      0.0,
      0.0,
      0.0,
      0.0014216542769861236
    ]
  ],