{
  "config": {
    "symbols": [
      "H",
      "H"
    ],
    "geometry": [
      [
        0.0,
        0.0,
        0.0
      ],
      [
        0.0,
        0.0,
        0.7414
      ]
    ],
    "basis": "STO-3G",
    "ansatz": "RY-CZ",
    "optimizer": {
      "name": "Momentum",
      "stepsize": 0.1,
      "iterations_planned": 50
    },
    "seed": 4,
    "noisy": true,
    "depolarizing_prob": 0.0,
    "amplitude_damping_prob": 0.0
  },
  "energies": [
    1.34875109868989,
    1.34875109868989,
    1.3487444991777964,
    1.3487300970495864,
    1.3487047429215155,
    1.348662796958483,
    1.3485949718437888,
    1.3484863465028862,
    1.3483131375445028,
    1.348037538830057,
    1.3475995210799268,
    1.3469038363784875,
    1.3457994700306646,
    1.3440472462391042,
    1.3412689863816007,
    1.3368682853878633,
    1.3299084910370305,
    1.3189283497886388,
    1.301672436587228,
    1.2747193188473782,
    1.2330242943396432,
    1.1694967293947172,
    1.0749766443671103,
    0.9394312458027115,
    0.7557337598471157,
    0.5271761323030295,
    0.27692202079439066,
    0.050938835500803664,
    -0.09738304083722521,
    -0.13826479808848094,
    -0.08530718797086603,
    0.01676356488176453,
    0.12090245523679,
    0.19599174782190745,
    0.2284700654745933,
    0.21684883172794672,
    0.1671413974819234,
    0.09100091947008979,
    0.004765796834996672,
    -0.07305910824704875,
    -0.12679238375572593,
    -0.14906049709234276,
    -0.143163900283005,
    -0.12058562955044536,
    -0.09557357829822741,
    -0.080230459609967,
    -0.08201093633435508,
    -0.10342863543698244,
    -0.14298626630230085,
    -0.19663050479723806,
    -0.2594355368425254
  ],
  "final_params": [
    -2.9200078144006474,
    -1.0979675421393895,
    0.00505622440294663,
    0.002948235681673953
  ],
  "final_state_real": [
    [
      0.008895963377318778,
      1.3113707824737182e-05,
      2.2490041471997538e-05,
      -3.315299538911638e-08,
      -0.005441730685301648,
      -8.021758098723274e-06,
      1.3757335051975553e-05,
      -2.027994773209126e-08,
      -0.07996516719604581,
      -0.00011787816499321736,
      -0.00020216134557608852,
      2.980098621021502e-07,
      -0.048915320986772204,
      -7.210699958694081e-05,
      0.00012366368328510066,
      -1.8229497383794536e-07
    ],
    [
      1.3113707824737182e-05,
      1.9331164844248104e-08,
      3.315299538911638e-08,
      -4.8871456930095034e-11,
      -8.021758098723274e-06,
      -1.1825025402394893e-08,
      2.027994773209126e-08,
      -2.989505414219198e-11,
      -0.00011787816499321736,
      -1.7376643352712714e-07,
      -2.980098621021502e-07,
      4.3930196863146763e-10,
      -7.210699958694083e-05,
      -1.0629429251198204e-07,
      1.8229497383794536e-07,
      -2.687244654043723e-10
    ],
    [
      2.2490041471997538e-05,
      3.315299538911638e-08,
      5.685746956699183e-08,
      -8.381467045942137e-11,
      -1.3757335051975551e-05,
      -2.0279947732091258e-08,
      3.478016059326223e-08,
      -5.127009269561489e-11,
      -0.00020216134557608852,
      -2.980098621021502e-07,
      -5.11087654863855e-07,
      7.534039712727725e-10,
      -0.00012366368328510066,
      -1.8229497383794536e-07,
      3.1263633167039085e-07,
      -4.6086313091559266e-10
    ],
    [
      -3.315299538911638e-08,
      -4.8871456930095034e-11,
      -8.381467045942137e-11,
      1.2355279245288557e-13,
      2.0279947732091258e-08,
      2.9895054142191975e-11,
      -5.127009269561489e-11,
      7.557821331099215e-14,
      2.980098621021502e-07,
      4.3930196863146763e-10,
      7.534039712727725e-10,
      -1.110607057041542e-12,
      1.8229497383794536e-07,
      2.687244654043723e-10,
      -4.608631309155927e-10,
      6.793670575612101e-13
    ],
    [
      -0.005441730685301648,
      -8.021758098723274e-06,
      -1.3757335051975553e-05,
      2.027994773209126e-08,
      0.0033287494109006583,
      4.906972448606675e-06,
      -8.415469930093243e-06,
      1.2405403348722638e-08,
      0.0489153209867722,
      7.210699958694081e-05,
      0.00012366368328510066,
      -1.8229497383794536e-07,
      0.029921886130405254,
      4.410841812586855e-05,
      -7.564604657760103e-05,
      1.1151126762103492e-07
    ],
    [
      -8.021758098723274e-06,
      -1.1825025402394893e-08,
      -2.027994773209126e-08,
      2.989505414219198e-11,
      4.906972448606674e-06,
      7.2334609370558e-09,
      -1.2405403348722638e-08,
      1.8287039476878867e-11,
      7.210699958694081e-05,
      1.0629429251198202e-07,
      1.8229497383794536e-07,
      -2.687244654043723e-10,
      4.410841812586854e-05,
      6.502105378630958e-08,
      -1.1151126762103492e-07,
      1.6438086660943943e-10
    ],
    [
      1.3757335051975551e-05,
      2.0279947732091258e-08,
      3.478016059326223e-08,
      -5.127009269561489e-11,
      -8.415469930093243e-06,
      -1.2405403348722638e-08,
      2.1275297603964497e-08,
      -3.1362318287861615e-11,
      -0.00012366368328510063,
      -1.8229497383794533e-07,
      -3.126363316703908e-07,
      4.608631309155926e-10,
      -7.564604657760103e-05,
      -1.1151126762103492e-07,
      1.9124210137646423e-07,
      -2.8191359599550427e-10
    ],
    [
      -2.0279947732091258e-08,
      -2.9895054142191975e-11,
      -5.127009269561489e-11,
      7.557821331099215e-14,
      1.2405403348722638e-08,
      1.8287039476878867e-11,
      -3.136231828786161e-11,
      4.6231787120579626e-14,
      1.822949738379453e-07,
      2.687244654043722e-10,
      4.6086313091559266e-10,
      -6.7936705756121e-13,
      1.1151126762103492e-07,
      1.6438086660943943e-10,
      -2.8191359599550427e-10,
      4.1557416887467895e-13
    ],
    [
      -0.07996516719604581,
      -0.00011787816499321736,
      -0.00020216134557608852,
      2.980098621021502e-07,
      0.048915320986772204,
      7.210699958694081e-05,
      -0.00012366368328510066,
      1.8229497383794536e-07,
      0.7188010666737794,
      0.0010595982439071578,
      0.001817213618575139,
      -2.678788956110809e-06,
      0.43969625944482493,
      0.0006481645700892191,
      -0.001111603846662528,
      1.6386362492400339e-06
    ],
    [
      -0.00011787816499321736,
      -1.7376643352712714e-07,
      -2.980098621021502e-07,
      4.3930196863146763e-10,
      7.210699958694083e-05,
      1.0629429251198204e-07,
      -1.8229497383794536e-07,
      2.687244654043723e-10,
      0.001059598243907158,
      1.5619738212411776e-06,
      2.6787889561108095e-06,
      -3.948853416013237e-09,
      0.0006481645700892191,
      9.554716574484158e-07,
      -1.6386362492400339e-06,
      2.4155446570935357e-09
    ],
    [
      -0.00020216134557608852,
      -2.980098621021502e-07,
      -5.11087654863855e-07,
      7.534039712727725e-10,
      0.00012366368328510066,
      1.8229497383794536e-07,
      -3.1263633167039085e-07,
      4.6086313091559266e-10,
      0.001817213618575139,
      2.678788956110809e-06,
      4.594129723749321e-06,
      -6.772293451965778e-09,
      0.001111603846662528,
      1.6386362492400339e-06,
      -2.810265226291694e-06,
      4.1426651341900525e-09
    ],
    [
      2.980098621021502e-07,
      4.3930196863146763e-10,
      7.534039712727725e-10,
      -1.110607057041542e-12,
      -1.8229497383794536e-07,
      -2.687244654043723e-10,
      4.608631309155927e-10,
      -6.793670575612101e-13,
      -2.6787889561108095e-06,
      -3.948853416013237e-09,
      -6.772293451965777e-09,
      9.983165986506708e-12,
      -1.6386362492400339e-06,
      -2.4155446570935357e-09,
      4.142665134190052e-09,
      -6.106781024302796e-12
    ],
    [
      -0.0489153209867722,
      -7.210699958694081e-05,
      -0.00012366368328510066,
      1.8229497383794536e-07,
      0.029921886130405254,
      4.410841812586855e-05,
      -7.564604657760103e-05,
      1.1151126762103492e-07,
