{
  "config": {
    "symbols": [
      "H",
      "H"
    ],
    "geometry": [
      [
        0.0,
        0.0,
        0.0
      ],
      [
        0.0,
        0.0,
        0.7414
      ]
    ],
    "basis": "STO-3G",
    "ansatz": "TwoQubit-RY-CNOT",
    "optimizer": {
      "name": "GradientDescent",
      "stepsize": 0.1,
      "iterations_planned": 50
    },
    "seed": 1,
    "noisy": true,
    "depolarizing_prob": 0.1,
    "amplitude_damping_prob": 0.0
  },
  "energies": [
    1.1541992666197904,
    1.1541992666197904,
    1.1541661075778151,
    1.1541247212521646,
    1.1540730669137818,
    1.154008598032151,
    1.153928137049134,
    1.1538277193849693,
    1.153702398838044,
    1.1535460053709787,
    1.1533508435006259,
    1.153107316773243,
    1.1528034611917546,
    1.152424364980781,
    1.1519514496077672,
    1.1513615781699242,
    1.150625953355163,
    1.1497087575268925,
    1.1485654808921866,
    1.1471408724155836,
    1.1453664428264578,
    1.1431574363054375,
    1.1404091946974653,
    1.1369928301474488,
    1.1327501506116187,
    1.1274878165846305,
    1.1209707865855512,
    1.1129152298354628,
    1.1029812844911249,
    1.0907663396503984,
    1.0757999209206164,
    1.0575418183905354,
    1.035385729399983,
    1.0086713649099934,
    0.9767084451077015,
    0.9388159738460873,
    0.8943791399717196,
    0.8429235848126604,
    0.7842022927849306,
    0.7182843029866257,
    0.6456282415907909,
    0.5671200514332961,
    0.4840563710867453,
    0.3980647737575096,
    0.31096789462129665,
    0.22461504622091263,
    0.14071489849384913,
    0.06070153079227822,
    -0.014345581361960097,
    -0.0837234692909711,
    -0.14707935347468354
  ],
  "final_params": [
    -1.9674911928867418
  ],
  "final_state_real": [
    [
      0.09634857062246895,
      0.0,
      0.0,
      0.0,
      0.0836114784219241,
      0.0,
      0.0,
      0.0,
      -0.08361147842192414,
      0.0,
      0.0,
      0.0,
      0.13915624425251233,
      0.0,
      0.0,
      0.0
    ],
    [
      0.0,
      0.006882040758749762,
      0.0,
      0.0,
      0.0,
      0.005972248458710583,
      0.0,
      0.0,
      0.0,
      -0.0059722484587105855,
      0.0,
      0.0,
      0.0,
      0.009939731732325168,
      0.0,
      0.0
    ],
    [
      0.0,
      0.0,
      0.0068820407587497625,
      0.0,
      0.0,
      0.0,
      0.005972248458710581,
      0.0,
      0.0,
      0.0,
      -0.005972248458710584,
      0.0,
      0.0,
      0.0,
      0.009939731732325168,
      0.0
    ],
    [
      0.0,
      0.0,
      0.0,
      0.0004915743399108386,
      0.0,
      0.0,
      0.0,
      0.0004265891756223069,
      0.0,
      0.0,
      0.0,
      -0.0004265891756223072,
      0.0,
      0.0,
      0.0,
      0.0007099808380234303
    ],
    [
      0.08361147842192411,
      0.0,
      0.0,
      0.0,
      0.19335871338833904,
      0.0,
      0.0,
      0.0,
      -0.13915624425251233,
      0.0,
      0.0,
      0.0,
      0.21813361667036607,
      0.0,
      0.0,
      0.0
    ],
    [
      0.0,
      0.005972248458710584,
      0.0,
      0.0,
      0.0,
      0.01381133667059962,
      0.0,
      0.0,
      0.0,
      -0.009939731732325168,
      0.0,
      0.0,
      0.0,
      0.015580972619316341,
      0.0,
      0.0
    ],
    [
      0.0,
      0.0,
      0.005972248458710583,
      0.0,
      0.0,
      0.0,
      0.013811336670599618,
      0.0,
      0.0,
      0.0,
      -0.009939731732325168,
      0.0,
      0.0,
      0.0,
      0.015580972619316345,
      0.0
    ],
    [
      0.0,
      0.0,
      0.0,
      0.00042658917562230707,
      0.0,
      0.0,
      0.0,
      0.0009865240479002564,
      0.0,
      0.0,
      0.0,
      -0.0007099808380234303,
      0.0,
      0.0,
      0.0,
      0.0011129266156657733
    ],
    [
      -0.08361147842192414,
      0.0,
      0.0,
      0.0,
      -0.13915624425251233,
      0.0,
      0.0,
      0.0,
      0.193358713388339,
      0.0,
      0.0,
      0.0,
      -0.21813361667036607,
      0.0,
      0.0,
      0.0
    ],
    [
      0.0,
      -0.0059722484587105855,
      0.0,
      0.0,
      0.0,
      -0.009939731732325168,
      0.0,
      0.0,
      0.0,
      0.013811336670599614,
      0.0,
      0.0,
      0.0,
      -0.015580972619316341,
      0.0,
      0.0
    ],
    [
      0.0,
      0.0,
      -0.005972248458710584,
      0.0,
      0.0,
      0.0,
      -0.009939731732325168,
      0.0,
      0.0,
      0.0,
      0.013811336670599616,
      0.0,
      0.0,
      0.0,
      -0.015580972619316345,
      0.0
    ],
    [
      0.0,
      0.0,
      0.0,
      -0.0004265891756223072,
      0.0,
      0.0,
      0.0,
      -0.0007099808380234303,
      0.0,
      0.0,
      0.0,
      0.0009865240479002562,
      0.0,
      0.0,
      0.0,
      -0.0011129266156657733
    ],
    [
      0.13915624425251233,
      0.0,
      0.0,
      0.0,
      0.21813361667036607,
      0.0,
      0.0,
      0.0,
      -0.21813361667036607,
      0.0,
      0.0,
      0.0,
      0.3880451137120956,
      0.0,
      0.0,
      0.0
    ],
    [
      0.0,
      0.009939731732325168,
      0.0,
      0.0,
      0.0,
      0.015580972619316341,
      0.0,
      0.0,
      0.0,
      -0.015580972619316341,
      0.0,
      0.0,
      0.0,
      0.027717508122300512,
      0.0,
      0.0
    ],
    [
      0.0,
      0.0,
      0.009939731732325168,
      0.0,
      0.0,
      0.0,
      0.015580972619316345,
      0.0,
      0.0,
      0.0,
      -0.015580972619316345,
      0.0,
      0.0,
      0.0,
      0.027717508122300515,
      0.0
    ],
    [
      0.0,
      0.0,
      0.0,
      0.0007099808380234303,
      0.0,
      0.0,
      0.0,
      0.0011129266156657733,
      0.0,
      0.0,
      0.0,
      -0.0011129266156657733,
      0.0,
      0.0,
      0.0,
      0.0019798220087363203
    ]
  ],