{
  "config": {
    "symbols": [
      "H",
      "H"
    ],
    "geometry": [
      [
        0.0,
        0.0,
        0.0
      ],
      [
        0.0,
        0.0,
        0.7414
      ]
    ],
    "basis": "STO-3G",
    "ansatz": "TwoQubit-RY-CNOT",
    "optimizer": {
      "name": "Momentum",
      "stepsize": 0.1,
      "iterations_planned": 50
    },
    "seed": 4,
    "noisy": true,
    "depolarizing_prob": 0.02,
    "amplitude_damping_prob": 0.0
  },
  "energies": [
    1.3069954232772334,
    1.3069954232772334,
    1.306993276626585,
    1.3069880077294553,
    1.3069770945475923,
    1.3069553472555073,
    1.3069125052548398,
    1.306828450221181,
    1.3066638086577211,
    1.3063415663583688,
    1.3057111488125819,
    1.304478360973828,
    1.3020691460657723,
    1.2973661939022612,
    1.2882056094650585,
    1.2704372665009713,
    1.2362534742913407,
    1.1715185996258648,
    1.052565402360513,
    0.8459246286414668,
    0.5212876697158948,
    0.0899526025128739,
    -0.35590109665750447,
    -0.6845548140842488,
    -0.8287515575452125,
    -0.8037329811245691,
    -0.6620681855194277,
    -0.4761372568259269,
    -0.31972208318900547,
    -0.24060710817099795,
    -0.25292347426352246,
    -0.34479370686707483,
    -0.48572492853862115,
    -0.6347250554931313,
    -0.7540429245982798,
    -0.8220204984375474,
    -0.8359351333067739,
    -0.8071430305309808,
    -0.7552081775258974,
    -0.7021584325648506,
    -0.6663077258046426,
    -0.6575343862820443,
    -0.6759059099986209,
    -0.7135214329589651,
    -0.7583342176271952,
    -0.7984898517972784,
    -0.8257034890057333,
    -0.8367587596952687,
    -0.8332248008148511,
    -0.8200682368421497,
    -0.8037643586328309
  ],
  "final_params": [
    -3.500529837071543
  ],
  "final_state_real": [
    [
      0.0019146706924488342,
      0.0,
      0.0,
      0.0,
      -0.00308412117908758,
      0.0,
      0.0,
      0.0,
      0.00308412117908758,
      0.0,
      0.0,
      0.0,
      0.028451774017216158,
      0.0,
      0.0,
      0.0
    ],
    [
      0.0,
      2.587392827637413e-05,
      0.0,
      0.0,
      0.0,
      -4.167731323097531e-05,
      0.0,
      0.0,
      0.0,
      4.167731323097531e-05,
      0.0,
      0.0,
      0.0,
      0.00038448343266565593,
      0.0,
      0.0
    ],
    [
      0.0,
      0.0,
      2.5873928276374138e-05,
      0.0,
      0.0,
      0.0,
      -4.1677313230975304e-05,
      0.0,
      0.0,
      0.0,
      4.1677313230975304e-05,
      0.0,
      0.0,
      0.0,
      0.0003844834326656558,
      0.0
    ],
    [
      0.0,
      0.0,
      0.0,
      3.4964767941098204e-07,
      0.0,
      0.0,
      0.0,
      -5.632069355545591e-07,
      0.0,
      0.0,
      0.0,
      5.632069355545591e-07,
      0.0,
      0.0,
      0.0,
      5.195722063057141e-06
    ],
    [
      -0.00308412117908758,
      0.0,
      0.0,
      0.0,
      0.04125885352341802,
      0.0,
      0.0,
      0.0,
      -0.028451774017216155,
      0.0,
      0.0,
      0.0,
      -0.15890532788739578,
      0.0,
      0.0,
      0.0
    ],
    [
      0.0,
      -4.167731323097531e-05,
      0.0,
      0.0,
      0.0,
      0.0005575520746416144,
      0.0,
      0.0,
      0.0,
      -0.0003844834326656558,
      0.0,
      0.0,
      0.0,
      -0.002147369295778816,
      0.0,
      0.0
    ],
    [
      0.0,
      0.0,
      -4.1677313230975304e-05,
      0.0,
      0.0,
      0.0,
      0.0005575520746416143,
      0.0,
      0.0,
      0.0,
      -0.0003844834326656558,
      0.0,
      0.0,
      0.0,
      -0.002147369295778817,
      0.0
    ],
    [
      0.0,
      0.0,
      0.0,
      -5.632069355545591e-07,
      0.0,
      0.0,
      0.0,
      7.53448749516817e-06,
      0.0,
      0.0,
      0.0,
      -5.195722063057141e-06,
      0.0,
      0.0,
      0.0,
      -2.9018503997054258e-05
    ],
    [
      0.00308412117908758,
      0.0,
      0.0,
      0.0,
      -0.028451774017216158,
      0.0,
      0.0,
      0.0,
      0.04125885352341801,
      0.0,
      0.0,
      0.0,
      0.1589053278873958,
      0.0,
      0.0,
      0.0
    ],
    [
      0.0,
      4.167731323097531e-05,
      0.0,
      0.0,
      0.0,
      -0.00038448343266565593,
      0.0,
      0.0,
      0.0,
      0.0005575520746416142,
      0.0,
      0.0,
      0.0,
      0.002147369295778817,
      0.0,
      0.0
    ],
    [
      0.0,
      0.0,
      4.1677313230975304e-05,
      0.0,
      0.0,
      0.0,
      -0.0003844834326656558,
      0.0,
      0.0,
      0.0,
      0.0005575520746416141,
      0.0,
      0.0,
      0.0,
      0.0021473692957788178,
      0.0
    ],
    [
      0.0,
      0.0,
      0.0,
      5.632069355545591e-07,
      0.0,
      0.0,
      0.0,
      -5.195722063057141e-06,
      0.0,
      0.0,
      0.0,
      7.534487495168167e-06,
      0.0,
      0.0,
      0.0,
      2.9018503997054268e-05
    ],
    [
      0.028451774017216155,
      0.0,
      0.0,
      0.0,
      -0.15890532788739578,
      0.0,
      0.0,
      0.0,
      0.1589053278873958,
      0.0,
      0.0,
      0.0,
      0.8890787333719806,
      0.0,
      0.0,
      0.0
    ],
    [
      0.0,
      0.0003844834326656558,
      0.0,
      0.0,
      0.0,
      -0.002147369295778816,
      0.0,
      0.0,
      0.0,
      0.002147369295778817,
      0.0,
      0.0,
      0.0,
      0.012014577478017631,
      0.0,
      0.0
    ],
    [
      0.0,
      0.0,
      0.0003844834326656558,
      0.0,
      0.0,
      0.0,
      -0.002147369295778817,
      0.0,
      0.0,
      0.0,
      0.0021473692957788178,
      0.0,
      0.0,
      0.0,
      0.01201457747801763,
      0.0
    ],
    [
      0.0,
      0.0,
      0.0,
      5.195722063057141e-06,
      0.0,
      0.0,
      0.0,
      -2.9018503997054258e-05,
      0.0,
      0.0,
      0.0,
      2.9018503997054268e-05,
      0.0,
      0.0,
      0.0,
      0.00016235915510858813
    ]
  ],