{
  "config": {
    "symbols": [
      "H",
      "H"
    ],
    "geometry": [
      [
        0.0,
        0.0,
        0.0
      ],
      [
        0.0,
        0.0,
        0.7414
      ]
    ],
    "basis": "STO-3G",
    "ansatz": "TwoQubit-RY-CNOT",
    "optimizer": {
      "name": "GradientDescent",
      "stepsize": 0.1,
      "iterations_planned": 50
    },
    "seed": 9,
    "noisy": true,
    "depolarizing_prob": 0.04,
    "amplitude_damping_prob": 0.0
  },
  "energies": [
    1.2666142053005558,
    1.2666142053005558,
    1.2666017274939285,
    1.2665856332592769,
    1.2665648745620446,
    1.2665380996643059,
    1.2665035652657188,
    1.2664590230952186,
    1.2664015737024341,
    1.2663274781423524,
    1.2662319151202601,
    1.2661086684483338,
    1.265949724029475,
    1.2657447517489862,
    1.265480438220532,
    1.2651396298278053,
    1.2647002316503937,
    1.2641337953875447,
    1.2634037120605872,
    1.2624629019456053,
    1.261250872423902,
    1.2596899839887445,
    1.2576807329653725,
    1.255095833128731,
    1.251772850172246,
    1.247505142659156,
    1.2420308940367968,
    1.2350201150071725,
    1.2260597220131013,
    1.2146371886102478,
    1.2001239609449241,
    1.1817608927712198,
    1.1586495219276112,
    1.1297550773108689,
    1.0939294211759363,
    1.0499641119778895,
    0.9966839302303624,
    0.9330875362459877,
    0.8585318856478933,
    0.772939556334934,
    0.6769860738628467,
    0.5722067811300559,
    0.4609639860621163,
    0.34624569907232244,
    0.23132273648677204,
    0.11934638815049903,
    0.012992473856969972,
    -0.08576521681726929,
    -0.17572329080081195,
    -0.2563837855944471,
    -0.32780974969672727
  ],
  "final_params": [
    2.085674307170757
  ],
  "final_state_real": [
    [
      0.0674956840714215,
      0.0,
      0.0,
      0.0,
      -0.088641909327928,
      0.0,
      0.0,
      0.0,
      0.08864190932792798,
      0.0,
      0.0,
      0.0,
      0.16078593264631993,
      0.0,
      0.0,
      0.0
    ],
    [
      0.0,
      0.0018491968238759286,
      0.0,
      0.0,
      0.0,
      -0.002428545461040918,
      0.0,
      0.0,
      0.0,
      0.0024285454610409175,
      0.0,
      0.0,
      0.0,
      0.004405094045107912,
      0.0,
      0.0
    ],
    [
      0.0,
      0.0,
      0.0018491968238759289,
      0.0,
      0.0,
      0.0,
      -0.0024285454610409184,
      0.0,
      0.0,
      0.0,
      0.002428545461040918,
      0.0,
      0.0,
      0.0,
      0.0044050940451079105,
      0.0
    ],
    [
      0.0,
      0.0,
      0.0,
      5.0662926681569754e-05,
      0.0,
      0.0,
      0.0,
      -6.653549208336201e-05,
      0.0,
      0.0,
      0.0,
      6.6535492083362e-05,
      0.0,
      0.0,
      0.0,
      0.00012068750808523746
    ],
    [
      -0.088641909327928,
      0.0,
      0.0,
      0.0,
      0.18537564918955501,
      0.0,
      0.0,
      0.0,
      -0.16078593264631993,
      0.0,
      0.0,
      0.0,
      -0.2808310904119299,
      0.0,
      0.0,
      0.0
    ],
    [
      0.0,
      -0.002428545461040918,
      0.0,
      0.0,
      0.0,
      0.005078784909306632,
      0.0,
      0.0,
      0.0,
      -0.004405094045107912,
      0.0,
      0.0,
      0.0,
      -0.007694002477044862,
      0.0,
      0.0
    ],
    [
      0.0,
      0.0,
      -0.0024285454610409184,
      0.0,
      0.0,
      0.0,
      0.005078784909306631,
      0.0,
      0.0,
      0.0,
      -0.0044050940451079105,
      0.0,
      0.0,
      0.0,
      -0.007694002477044862,
      0.0
    ],
    [
      0.0,
      0.0,
      0.0,
      -6.653549208336201e-05,
      0.0,
      0.0,
      0.0,
      0.00013914479203590096,
      0.0,
      0.0,
      0.0,
      -0.00012068750808523746,
      0.0,
      0.0,
      0.0,
      -0.00021079458841234382
    ],
    [
      0.08864190932792798,
      0.0,
      0.0,
      0.0,
      -0.16078593264631993,
      0.0,
      0.0,
      0.0,
      0.18537564918955507,
      0.0,
      0.0,
      0.0,
      0.28083109041193,
      0.0,
      0.0,
      0.0
    ],
    [
      0.0,
      0.0024285454610409175,
      0.0,
      0.0,
      0.0,
      -0.004405094045107912,
      0.0,
      0.0,
      0.0,
      0.005078784909306633,
      0.0,
      0.0,
      0.0,
      0.0076940024770448655,
      0.0,
      0.0
    ],
    [
      0.0,
      0.0,
      0.002428545461040918,
      0.0,
      0.0,
      0.0,
      -0.0044050940451079105,
      0.0,
      0.0,
      0.0,
      0.005078784909306633,
      0.0,
      0.0,
      0.0,
      0.0076940024770448655,
      0.0
    ],
    [
      0.0,
      0.0,
      0.0,
      6.6535492083362e-05,
      0.0,
      0.0,
      0.0,
      -0.00012068750808523746,
      0.0,
      0.0,
      0.0,
      0.00013914479203590098,
      0.0,
      0.0,
      0.0,
      0.0002107945884123439
    ],
    [
      0.16078593264631993,
      0.0,
      0.0,
      0.0,
      -0.2808310904119299,
      0.0,
      0.0,
      0.0,
      0.28083109041193,
      0.0,
      0.0,
      0.0,
      0.5091307953273885,
      0.0,
      0.0,
      0.0
    ],
    [
      0.0,
      0.004405094045107912,
      0.0,
      0.0,
      0.0,
      -0.007694002477044862,
      0.0,
      0.0,
      0.0,
      0.0076940024770448655,
      0.0,
      0.0,
      0.0,
      0.013948788913089446,
      0.0,
      0.0
    ],
    [
      0.0,
      0.0,
      0.0044050940451079105,
      0.0,
      0.0,
      0.0,
      -0.007694002477044862,
      0.0,
      0.0,
      0.0,
      0.0076940024770448655,
      0.0,
      0.0,
      0.0,
      0.013948788913089446,
      0.0
    ],
    [
      0.0,
      0.0,
      0.0,
      0.00012068750808523746,
      0.0,
      0.0,
      0.0,
      -0.00021079458841234382,
      0.0,
      0.0,
      0.0,
      0.0002107945884123439,
      0.0,
      0.0,
      0.0,
      0.0003821586003588974
    ]
  ],