{
  "config": {
    "symbols": [
      "H",
      "H"
    ],
    "geometry": [
      [
        0.0,
        0.0,
        0.0
      ],
      [
        0.0,
        0.0,
        0.7414
      ]
    ],
    "basis": "STO-3G",
    "ansatz": "RY-CZ",
    "optimizer": {
      "name": "GradientDescent",
      "stepsize": 0.1,
      "iterations_planned": 50
    },
    "seed": 7,
    "noisy": true,
    "depolarizing_prob": 0.06,
    "amplitude_damping_prob": 0.0
  },
  "energies": [
    1.227709227584476,
    1.227709227584476,
    1.227702071021088,
    1.227693958845855,
    1.2276847634215593,
    1.2276743400913204,
    1.227662524853557,
    1.2276491318078313,
    1.2276339502442672,
    1.2276167413531374,
    1.2275972344056263,
    1.2275751225626323,
    1.2275500580100587,
    1.2275216465722503,
    1.2274894414382402,
    1.227452936219555,
    1.2274115569638024,
    1.227364653260527,
    1.2273114879255518,
    1.227251225579773,
    1.227182919577919,
    1.2271054971620894,
    1.2270177428304267,
    1.2269182793038016,
    1.226805546233677,
    1.226677775891814,
    1.2265329657567299,
    1.2263688476927581,
    1.2261828527850265,
    1.2259720719433824,
    1.2257332112701693,
    1.2254625418352154,
    1.2251558426528273,
    1.2248083370181586,
    1.2244146205888677,
    1.2239685801925422,
    1.2234633030455029,
    1.2228909747678558,
    1.2222427649711018,
    1.2215086995412416,
    1.2206775179337928,
    1.2197365141840428,
    1.218671360174254,
    1.2174659101744312,
    1.2161019843979688,
    1.2145591320837572,
    1.2128143710404415,
    1.2108419052421724,
    1.2086128186979672,
    1.2060947481333348,
    1.2032515345258572
  ],
  "final_params": [
    -0.2927261456510915,
    0.024763628644825588,
    0.013187626188140138,
    -0.00698207594046096
  ],
  "final_state_real": [
    [
      0.8318673888733938,
      -0.0027830770896570068,
      0.005256623152266146,
      1.758652343558438e-05,
      0.009853404807522528,
      -3.296557151361581e-05,
      -6.226531537122848e-05,
      -2.0831442473255695e-07,
      -0.1174141286089133,
      0.0003928181050300085,
      -0.0007419663366827969,
      -2.4823176382467904e-06,
      0.0013932999971165508,
      -4.661427353497203e-06,
      -8.804496052061283e-06,
      -2.9456263398172967e-08
    ],
    [
      -0.0027830770896570068,
      0.03467126193481241,
      -1.758652343558438e-05,
      0.000218962011062765,
      -3.296557151361581e-05,
      0.00041067841293072714,
      2.0831442473255695e-07,
      -2.593630602426567e-06,
      0.0003928181050300085,
      -0.004893683851894519,
      2.4823176382467904e-06,
      -3.0906237048950285e-05,
      -4.661427353497203e-06,
      5.807111782471072e-05,
      2.9456263398172964e-08,
      -3.667468840946706e-07
    ],
    [
      0.005256623152266146,
      -1.758652343558438e-05,
      0.03469724763119984,
      -0.0001158407480994687,
      6.226531537122848e-05,
      -2.0831442473255695e-07,
      0.0004101308542520404,
      -1.3749963196189666e-06,
      -0.0007419663366827968,
      2.48231763824679e-06,
      -0.004897351609446309,
      1.6350371077683634e-05,
      8.804496052061283e-06,
      -2.9456263398172967e-08,
      5.799369144059902e-05,
      -1.9442846463567397e-07
    ],
    [
      1.758652343558438e-05,
      0.000218962011062765,
      -0.0001158407480994687,
      0.001446140787737347,
      2.0831442473255695e-07,
      2.593630602426567e-06,
      -1.3749963196189666e-06,
      1.7093775360732457e-05,
      -2.48231763824679e-06,
      -3.0906237048950285e-05,
      1.6350371077683634e-05,
      -0.00020411589961225236,
      2.9456263398172964e-08,
      3.667468840946706e-07,
      -1.9442846463567397e-07,
      2.417109377525699e-06
    ],
    [
      0.00985340480752253,
      -3.296557151361582e-05,
      6.22653153712285e-05,
      2.0831442473255695e-07,
      0.0347884650199614,
      -0.00011638751714081694,
      0.00021822138706813454,
      7.300800203197011e-07,
      -0.0013932999971165508,
      4.661427353497203e-06,
      -8.804496052061283e-06,
      -2.9456263398172967e-08,
      -0.0048742839774214295,
      1.6307296388208838e-05,
      -3.1028827785442645e-05,
      -1.0380983974324861e-07
    ],
    [
      -3.296557151361582e-05,
      0.00041067841293072725,
      -2.0831442473255695e-07,
      2.5936306024265678e-06,
      -0.00011638751714081694,
      0.0014499426220453899,
      -7.300800203197011e-07,
      9.089902849274208e-06,
      4.661427353497203e-06,
      -5.807111782471072e-05,
      2.9456263398172964e-08,
      -3.667468840946706e-07,
      1.6307296388208838e-05,
      -0.0002031544676306073,
      1.0380983974324861e-07,
      -1.2924903185977394e-06
    ],
    [
      -6.22653153712285e-05,
      2.0831442473255695e-07,
      0.0004101308542520405,
      -1.3749963196189666e-06,
      0.00021822138706813454,
      -7.300800203197011e-07,
      0.0014510293367091525,
      -4.844428170939947e-06,
      8.804496052061283e-06,
      -2.9456263398172967e-08,
      -5.799369144059902e-05,
      1.9442846463567397e-07,
      -3.1028827785442624e-05,
      1.0380983974324861e-07,
      -0.0002033067294757495,
      6.7876287728799e-07
    ],
    [
      -2.0831442473255695e-07,
      -2.5936306024265678e-06,
      -1.3749963196189666e-06,
      1.7093775360732464e-05,
      7.300800203197011e-07,
      9.089902849274208e-06,
      -4.844428170939947e-06,
      6.047720932572453e-05,
      2.9456263398172964e-08,
      3.667468840946706e-07,
      1.9442846463567397e-07,
      -2.417109377525699e-06,
      -1.0380983974324861e-07,
      -1.2924903185977386e-06,
      6.7876287728799e-07,
      -8.473587214796523e-06
    ],
    [
      -0.1174141286089133,
      0.0003928181050300085,
      -0.0007419663366827969,
      -2.4823176382467904e-06,
      -0.0013932999971165508,
      4.661427353497203e-06,
      8.804496052061283e-06,
      2.9456263398172967e-08,
      0.05269144162210079,
      -0.00017628331866461337,
      0.0003329605844173439,
      1.1139507153860008e-06,
      0.0001966039027986574,
      -6.577584240340059e-07,
      -1.2423729918846903e-06,
      -4.156474813702028e-09
    ],
    [
      0.0003928181050300085,
      -0.004893683851894519,
      2.4823176382467904e-06,
      -3.0906237048950285e-05,
      4.661427353497203e-06,
      -5.807111782471072e-05,
      -2.9456263398172964e-08,
      3.667468840946706e-07,
      -0.0001762833186646134,
      0.0021961177930978804,
      -1.1139507153860008e-06,
      1.386930678818497e-05,
      -6.57758424034006e-07,
      8.194221221450107e-06,
      4.156474813702028e-09,
      -5.175042625527798e-08
    ],
    [
      -0.0007419663366827968,
      2.48231763824679e-06,
      -0.004897351609446309,
      1.6350371077683634e-05,
      -8.804496052061283e-06,
      2.9456263398172967e-08,
      -5.799369144059902e-05,
      1.9442846463567397e-07,
      0.0003329605844173439,
      -1.1139507153860008e-06,
      0.002197763757133162,
      -7.3374868369465624e-06,
      1.2423729918846903e-06,
      -4.156474813702028e-09,
      8.183295843335237e-06,
      -2.7435150392329083e-08
    ],
    [
      -2.48231763824679e-06,
      -3.0906237048950285e-05,
      1.6350371077683634e-05,
      -0.00020411589961225236,
      -2.9456263398172964e-08,
      -3.667468840946706e-07,
      1.9442846463567397e-07,
      -2.417109377525699e-06,
      1.1139507153860008e-06,
      1.386930678818497e-05,
      -7.3374868369465624e-06,
      9.160022849026293e-05,
      4.156474813702028e-09,
      5.175042625527798e-08,
      -2.743515039232909e-08,
      3.4107022040927624e-07
    ],
    [
      0.0013932999971165508,
      -4.661427353497203e-06,
      8.804496052061283e-06,
      2.9456263398172967e-08,
      -0.0048742839774214295,
      1.6307296388208838e-05,
      -3.1028827785442645e-05,
      -1.0380983974324861e-07,
      0.00019660390279865742,
      -6.577584240340059e-07,
