{
  "config": {
    "symbols": [
      "H",
      "H"
    ],
    "geometry": [
      [
        0.0,
        0.0,
        0.0
      ],
      [
        0.0,
        0.0,
        0.7414
      ]
    ],
    "basis": "STO-3G",
    "ansatz": "RY-CZ",
    "optimizer": {
      "name": "Adam",
      "stepsize": 0.1,
      "iterations_planned": 50
    },
    "seed": 3,
    "noisy": true,
    "depolarizing_prob": 0.04,
    "amplitude_damping_prob": 0.0
  },
  "energies": [
    1.266649308230846,
    1.266649308230846,
    1.2592786983770778,
    1.2445479458116318,
    1.2194985660208795,
    1.1846215271001266,
    1.1398569864538826,
    1.0836967774108208,
    1.016078740559528,
    0.9375796050039207,
    0.849302225607993,
    0.7529552886950339,
    0.6508232766553372,
    0.5451519638665434,
    0.4364471372846914,
    0.32432823607683503,
    0.21023428020147836,
    0.09685518456634332,
    -0.01282905115183558,
    -0.11642417345420539,
    -0.21326961671162256,
    -0.3039745950004924,
    -0.3881838985701601,
    -0.464394182058411,
    -0.5311194364840743,
    -0.5879876697999991,
    -0.6361338272634399,
    -0.6769340401419347,
    -0.7107354362275922,
    -0.7372721384811171,
    -0.7566739446888017,
    -0.7700202844794224,
    -0.778834869968521,
    -0.7840850916072134,
    -0.7860583489755371,
    -0.7850007850429218,
    -0.7816376457999845,
    -0.777048857251078,
    -0.7720716165277332,
    -0.7670215311963899,
    -0.7619850813258073,
    -0.7572149078897499,
    -0.7531834648185761,
    -0.7502741079556927,
    -0.7485315507051231,
    -0.7477691408961973,
    -0.7478468377170796,
    -0.7487857169100153,
    -0.7506180921918185,
    -0.7532032278400721,
    -0.7562574291542008
  ],
  "final_params": [
    -3.4180464467210494,
    -3.4173793730991955,
    0.00916339820473355,
    0.0055889026355682055
  ],
  "final_state_real": [
    [
      0.0018841249811202077,
      5.120852687214764e-06,
      -1.4646834481169213e-06,
      3.980861186590781e-09,
      -0.0009379298767594592,
      -2.549200200289865e-06,
      4.179607747596336e-06,
      -1.1359750312582342e-08,
      -0.0009512708042643789,
      -2.5854535676237096e-06,
      2.4299616175999915e-05,
      -6.60438943366619e-08,
      -0.01577521146123584,
      -4.287545712429695e-05,
      7.029757519949565e-05,
      -1.9106168570615256e-07
    ],
    [
      5.120852687214764e-06,
      5.163456457927226e-05,
      -3.980861186590781e-09,
      -4.0116884518563117e-08,
      -2.549200200289864e-06,
      -2.570402774638195e-05,
      1.135975031258234e-08,
      1.1447718724396287e-07,
      -2.5854535676237113e-06,
      -2.6069636710597587e-05,
      6.604389433666189e-08,
      6.655532956498458e-07,
      -4.287545712429695e-05,
      -0.00043232067039553236,
      1.910616857061526e-07,
      1.9254124226220193e-06
    ],
    [
      -1.4646834481169213e-06,
      -3.9808611865907825e-09,
      5.1659384827909625e-05,
      1.4018991625058297e-07,
      -4.179607747596336e-06,
      -1.1359750312582342e-08,
      -2.5677034451726216e-05,
      -6.989457465388623e-08,
      2.429961617599992e-05,
      6.604389433666189e-08,
      -2.6082168139308475e-05,
      -7.078011051164962e-08,
      -7.029757519949567e-05,
      -1.9106168570615262e-07,
      -0.00043186666531287005,
      -1.1755694348576142e-06
    ],
    [
      3.9808611865907825e-09,
      -4.0116884518563117e-08,
      1.4018991625058297e-07,
      1.4157287169114801e-06,
      1.135975031258234e-08,
      -1.1447718724396287e-07,
      -6.989457465388622e-08,
      -7.036807573208796e-07,
      -6.604389433666189e-08,
      6.655532956498459e-07,
      -7.078011051164965e-08,
      -7.1478347171845e-07,
      1.9106168570615262e-07,
      -1.9254124226220193e-06,
      -1.1755694348576142e-06,
      -1.1835333347405815e-05
    ],
    [
      -0.0009379298767594592,
      -2.549200200289863e-06,
      -4.179607747596333e-06,
      1.1359750312582334e-08,
      0.04040507896589142,
      0.00010981673682633945,
      -0.00017986320516116916,
      4.888499649821646e-07,
      0.01577521146123584,
      4.287545712429695e-05,
      7.029757519949565e-05,
      -1.9106168570615256e-07,
      -0.11681610524868605,
      -0.00031749383531714414,
      0.0005211055106590549,
      -1.4163119711417696e-06
    ],
    [
      -2.549200200289862e-06,
      -2.570402774638195e-05,
      -1.1359750312582327e-08,
      -1.144771872439628e-07,
      0.00010981673682633945,
      0.00110730375113147,
      -4.888499649821646e-07,
      -4.9263555479280954e-06,
      4.287545712429695e-05,
      0.00043232067039553236,
      1.910616857061526e-07,
      1.9254124226220193e-06,
      -0.00031749383531714414,
      -0.0032013527716065653,
      1.4163119711417696e-06,
      1.4272797047015841e-05
    ],
    [
      4.179607747596333e-06,
      1.1359750312582334e-08,
      -2.5677034451726216e-05,
      -6.989457465388622e-08,
      -0.00017986320516116916,
      -4.888499649821646e-07,
      0.0011078360216104427,
      3.00637414878855e-06,
      -7.029757519949567e-05,
      -1.9106168570615262e-07,
      0.00043186666531287005,
      1.1755694348576142e-06,
      0.000521105510659055,
      1.4163119711417698e-06,
      -0.0032028916317173198,
      -8.691801327211297e-06
    ],
    [
      -1.1359750312582327e-08,
      1.144771872439628e-07,
      -6.989457465388619e-08,
      -7.036807573208796e-07,
      4.888499649821646e-07,
      -4.9263555479280954e-06,
      3.00637414878855e-06,
      3.0360316419709377e-05,
      1.9106168570615262e-07,
      -1.9254124226220193e-06,
      1.1755694348576142e-06,
      1.1835333347405815e-05,
      -1.41631197114177e-06,
      1.4272797047015841e-05,
      -8.691801327211299e-06,
      -8.777544826139501e-05
    ],
    [
      -0.0009512708042643789,
      -2.5854535676237096e-06,
      2.4299616175999915e-05,
      -6.60438943366619e-08,
      0.01577521146123584,
      4.287545712429695e-05,
      -7.029757519949565e-05,
      1.9106168570615256e-07,
      0.0403235301905947,
      0.00010959509586870567,
      -3.134675662794518e-05,
      8.519730795492192e-08,
      -0.11653018664843004,
      -0.0003167174673764831,
      0.0005192823930797267,
      -1.411356922308883e-06
    ],
    [
      -2.5854535676237113e-06,
      -2.6069636710597587e-05,
      6.604389433666189e-08,
      6.655532956498458e-07,
      4.287545712429695e-05,
      0.00043232067039553236,
      -1.910616857061526e-07,
      -1.9254124226220193e-06,
      0.00010959509586870567,
      0.0011050689017734858,
      -8.519730795492192e-08,
      -8.585706469828248e-07,
      -0.0003167174673764831,
      -0.0031935171542365566,
      1.411356922308883e-06,
      1.4222862846224734e-05
    ],
    [
      2.429961617599992e-05,
      6.604389433666189e-08,
      -2.6082168139308475e-05,
      -7.078011051164962e-08,
      7.029757519949567e-05,
      1.9106168570615262e-07,
      0.00043186666531287005,
      1.1755694348576142e-06,
      -3.1346756627945195e-05,
      -8.519730795492195e-08,
      0.001105600097981431,
      3.000306443039866e-06,
      -0.0005192823930797267,
      -1.411356922308883e-06,
      -0.003190163456116441,
      -8.683834508258018e-06
    ],
    [
      -6.604389433666189e-08,
      6.655532956498459e-07,
      -7.078011051164965e-08,
      -7.1478347171845e-07,
      -1.9106168570615262e-07,
      1.9254124226220193e-06,
      1.1755694348576142e-06,
      1.1835333347405815e-05,
      8.519730795492198e-08,
      -8.585706469828251e-07,
      3.000306443039866e-06,
      3.0299040790877223e-05,
      1.411356922308883e-06,
      -1.4222862846224734e-05,
      -8.683834508258018e-06,
      -8.742663180196402e-05
    ],
    [
      -0.01577521146123584,
      -4.287545712429695e-05,
      -7.029757519949565e-05,
      1.9106168570615256e-07,
      -0.11681610524868605,
      -0.00031749383531714414,
      0.0005211055106590549,
      -1.4163119711417696e-06,
