{
  "config": {
    "symbols": [
      "H",
      "H"
    ],
    "geometry": [
      [
        0.0,
        0.0,
        0.0
      ],
      [
        0.0,
        0.0,
        0.7414
      ]
    ],
    "basis": "STO-3G",
    "ansatz": "RY-CZ",
    "optimizer": {
      "name": "Momentum",
      "stepsize": 0.1,
      "iterations_planned": 50
    },
    "seed": 3,
    "noisy": true,
    "depolarizing_prob": 0.06,
    "amplitude_damping_prob": 0.0
  },
  "energies": [
    1.2277474186823694,
    1.2277474186823694,
    1.227745216178339,
    1.2277404869069475,
    1.227732355619205,
    1.2277192800129715,
    1.2276987901612044,
    1.2276670457465404,
    1.2276181351892854,
    1.227542990638616,
    1.2274277213091809,
    1.2272510607120815,
    1.226980461767308,
    1.2265661298880355,
    1.2259319163258657,
    1.224961443769196,
    1.2234770235317283,
    1.2212077494811335,
    1.2177415151975826,
    1.2124535614681933,
    1.2044017274388545,
    1.1921767306840483,
    1.1736970906767112,
    1.1459489064197386,
    1.104703753877929,
    1.0443272865983535,
    0.9579479804583453,
    0.8384947167802113,
    0.6812988142064371,
    0.48861035595038504,
    0.27467857477089136,
    0.06699948355883902,
    -0.10169958150297037,
    -0.20969250328415248,
    -0.2588374910561371,
    -0.2719042697151754,
    -0.2778081783998132,
    -0.2976483697245048,
    -0.33904044330944194,
    -0.3976024750526922,
    -0.46194276089478514,
    -0.5196133550145791,
    -0.5621706498853718,
    -0.5876162134337095,
    -0.5995354419541022,
    -0.6040505813017387,
    -0.6066709904397767,
    -0.6105495591075345,
    -0.6163993549490374,
    -0.6234511238107395,
    -0.6306303966824489
  ],
  "final_params": [
    -3.1803690248631082,
    -3.9267094803486424,
    -0.0001698908039401184,
    -0.0001850602410647835
  ],
  "final_state_real": [
    [
      0.006493559621684975,
      -5.758144449671709e-07,
      -3.2190149489003126e-07,
      -2.8544518208306476e-11,
      -0.011874709225173587,
      1.0529862676595686e-06,
      -9.666727024855196e-07,
      -8.57194110483929e-11,
      0.001747770866147564,
      -1.5498305549697998e-07,
      -2.3364542207280645e-07,
      -2.0718437504998404e-11,
      -0.005344157295039287,
      4.738915401784766e-07,
      -4.350465242510233e-07,
      -3.857761964474913e-11
    ],
    [
      -5.758144449671709e-07,
      0.0002705650397371938,
      2.8544518208306483e-11,
      -1.3412559535812314e-08,
      1.0529862676595686e-06,
      -0.0004947796525417938,
      8.571941104839288e-11,
      -4.027802100813772e-08,
      -1.5498305549697998e-07,
      7.282380102764331e-05,
      2.0718437504998404e-11,
      -9.735223922747185e-09,
      4.738915401784766e-07,
      -0.00022267326630303887,
      3.857761964474913e-11,
      -1.8126934792143362e-08
    ],
    [
      -3.2190149489003116e-07,
      2.854451820830647e-11,
      0.00027056503101137615,
      -2.3992264392607324e-08,
      9.666727024855196e-07,
      -8.57194110483929e-11,
      -0.0004947794655133062,
      4.3874435404034566e-08,
      -2.336454220728065e-07,
      2.0718437504998407e-11,
      7.282379867905013e-05,
      -6.457626196004294e-09,
      4.350465242510233e-07,
      -3.857761964474913e-11,
      -0.00022267318213174363,
      1.9745484254312227e-08
    ],
    [
      -2.8544518208306476e-11,
      -1.3412559535812307e-08,
      -2.3992264392607324e-08,
      1.1273545271321071e-05,
      8.571941104839288e-11,
      4.027802100813772e-08,
      4.3874435404034566e-08,
      -2.0615815291924292e-05,
      -2.0718437504998407e-11,
      -9.735223922747187e-09,
      -6.457626196004294e-09,
      3.034325567383924e-06,
      3.857761964474913e-11,
      1.8126934792143362e-08,
      1.9745484254312227e-08,
      -9.278051158672405e-06
    ],
    [
      -0.011874709225173587,
      1.0529862676595686e-06,
      9.666727024855196e-07,
      8.57194110483929e-11,
      0.03068911644480133,
      -2.721348163676481e-06,
      2.4628403522736287e-06,
      2.1839162723876997e-10,
      0.005344157295039288,
      -4.738915401784766e-07,
      -4.350465242510233e-07,
      -3.857761964474913e-11,
      -0.013372042951049231,
      1.1857618838552532e-06,
      -1.1042281864698612e-06,
      -9.791710220414478e-11
    ],
    [
      1.0529862676595686e-06,
      -0.0004947796525417938,
      -8.571941104839288e-11,
      4.027802100813772e-08,
      -2.721348163676481e-06,
      0.0012787134474992995,
      -2.1839162723876997e-10,
      1.0261832696165587e-07,
      -4.738915401784766e-07,
      0.0002226732663030389,
      3.857761964474913e-11,
      -1.8126934792143362e-08,
      1.1857618838552535e-06,
      -0.0005571685705842926,
      9.791710220414478e-11,
      -4.600949833180702e-08
    ],
    [
      -9.666727024855196e-07,
      8.57194110483929e-11,
      -0.0004947794655133062,
      4.3874435404034566e-08,
      2.4628403522736287e-06,
      -2.1839162723876997e-10,
      0.001278713406260341,
      -1.1338948721750989e-07,
      4.3504652425102336e-07,
      -3.857761964474913e-11,
      0.00022267318213174363,
      -1.9745484254312234e-08,
      -1.1042281864698612e-06,
      9.791710220414478e-11,
      -0.0005571685526154104,
      4.940673661938673e-08
    ],
    [
      -8.571941104839288e-11,
      -4.027802100813772e-08,
      4.3874435404034566e-08,
      -2.0615815291924292e-05,
      2.1839162723876997e-10,
      1.0261832696165587e-07,
      -1.1338948721750989e-07,
      5.32797361899846e-05,
      3.857761964474913e-11,
      1.8126934792143366e-08,
      -1.974548425431223e-08,
      9.278051158672405e-06,
      -9.791710220414478e-11,
      -4.600949833180702e-08,
      4.9406736619386744e-08,
      -2.3215361121083534e-05
    ],
    [
      0.001747770866147564,
      -1.5498305549697998e-07,
      -2.3364542207280645e-07,
      -2.0718437504998404e-11,
      0.005344157295039287,
      -4.738915401784766e-07,
      4.350465242510233e-07,
      3.857761964474913e-11,
      0.15445409369296673,
      -1.3696170269342238e-05,
      -7.65666391752473e-06,
      -6.789523692126115e-10,
      -0.2875836838663013,
      2.550139663817656e-05,
      -2.341104035494519e-05,
      -2.075966959754014e-09
    ],
    [
      -1.5498305549697998e-07,
      7.282380102764331e-05,
      2.0718437504998404e-11,
      -9.735223922747185e-09,
      -4.738915401784766e-07,
      0.00022267326630303887,
      -3.857761964474913e-11,
      1.8126934792143362e-08,
      -1.3696170269342238e-05,
      0.0064355885573228935,
      6.789523692126117e-10,
      -3.1902759778916046e-07,
      2.550139663817656e-05,
      -0.011982655952401023,
      2.0759669597540138e-09,
      -9.754598146966583e-07
    ],
    [
      -2.336454220728065e-07,
      2.0718437504998407e-11,
      7.282379867905013e-05,
      -6.457626196004294e-09,
      -4.350465242510233e-07,
      3.857761964474913e-11,
      0.00022267318213174363,
      -1.9745484254312227e-08,
      -7.65666391752473e-06,
      6.789523692126113e-10,
      0.006435588349772903,
      -5.706736625666997e-07,
      2.341104035494519e-05,
      -2.075966959754014e-09,
      -0.011982651422913992,
      1.0625583769493848e-06
    ],
    [
      -2.0718437504998407e-11,
      -9.735223922747187e-09,
      -6.457626196004294e-09,
      3.034325567383924e-06,
      -3.857761964474913e-11,
      -1.8126934792143362e-08,
      -1.9745484254312227e-08,
      9.278051158672405e-06,
      -6.789523692126115e-10,
      -3.1902759778916046e-07,
      -5.706736625666997e-07,
      0.00026814956957871153,
      2.0759669597540138e-09,
      9.754598146966583e-07,
      1.0625583769493848e-06,
      -0.0004992772450368904
    ],
    [
      -0.005344157295039288,
      4.738915401784766e-07,
      4.350465242510233e-07,
      3.857761964474913e-11,
      -0.013372042951049231,
      1.1857618838552532e-06,
      -1.1042281864698612e-06,
      -9.791710220414478e-11,
