{
  "config": {
    "symbols": [
      "H",
      "H"
    ],
    "geometry": [
      [
        0.0,
        0.0,
        0.0
      ],
      [
        0.0,
        0.0,
        0.7414
      ]
    ],
    "basis": "STO-3G",
    "ansatz": "RY-CZ",
    "optimizer": {
      "name": "GradientDescent",
      "stepsize": 0.1,
      "iterations_planned": 50
    },
    "seed": 7,
    "noisy": true,
    "depolarizing_prob": 0.0,
    "amplitude_damping_prob": 0.0
  },
  "energies": [
    1.348772398864099,
    1.348772398864099,
    1.348768477595721,
    1.3487639542052234,
    1.348758735832558,
    1.348752715275084,
    1.3487457688050797,
    1.3487377536113532,
    1.3487285048521762,
    1.3487178322390674,
    1.3487055161561647,
    1.3486913031192012,
    1.3486749005427363,
    1.3486559707096641,
    1.348634123840469,
    1.34860891007077,
    1.348579810165384,
    1.3485462248595,
    1.348507462528214,
    1.3484627249934096,
    1.3484110910835665,
    1.3483514977821296,
    1.3482827183335786,
    1.348203337214812,
    1.3481117210672302,
    1.3480059852768818,
    1.347883955543928,
    1.3477431235423911,
    1.3475805957758578,
    1.347393034781184,
    1.347176591518884,
    1.3469268275566548,
    1.3466386255798095,
    1.3463060866207215,
    1.3459224120324773,
    1.3454797682878188,
    1.3449691317853392,
    1.3443801115343472,
    1.3437007462608055,
    1.3429172730586405,
    1.3420138638042765,
    1.3409723257442452,
    1.3397717620110714,
    1.3383881876915222,
    1.3367940984548428,
    1.3349579857675213,
    1.3328437968714835,
    1.330410336002331,
    1.3276106054024595,
    1.324391086542788,
    1.3206909658025658
  ],
  "final_params": [
    -0.04418682799660177,
    0.2927024895863628,
    0.010499689439644992,
    -0.0029669342104996312
  ],
  "final_state_real": [
    [
      0.9782270222666821,
      -0.001451168673515942,
      0.005135587148136904,
      7.618480189004261e-06,
      0.14419570968221387,
      -0.00021390974894699082,
      -0.0007570120397456952,
      -1.1230032830291958e-06,
      -0.02161589174378703,
      3.20664878751878e-05,
      -0.00011348111768338395,
      -1.68345628641618e-07,
      0.0031862939578043664,
      -4.726765741417307e-06,
      -1.6727702187136478e-05,
      -2.4815014144292217e-08
    ],
    [
      -0.001451168673515942,
      2.15276259007141e-06,
      -7.61848018900426e-06,
      -1.1301772940183453e-08,
      -0.00021390974894699082,
      3.1732831171785175e-07,
      1.1230032830291956e-06,
      1.6659396363850602e-09,
      3.20664878751878e-05,
      -4.756961527113916e-08,
      1.68345628641618e-07,
      2.4973538332829686e-10,
      -4.726765741417307e-06,
      7.012006699056228e-09,
      2.481501414429222e-08,
      3.681228386877082e-11
    ],
    [
      0.005135587148136903,
      -7.618480189004259e-06,
      2.6961282784987844e-05,
      3.999620540836974e-08,
      0.0007570120397456951,
      -1.1230032830291956e-06,
      -3.974232167982451e-06,
      -5.895647023184875e-09,
      -0.00011348111768338395,
      1.68345628641618e-07,
      -5.9576372016745e-07,
      -8.837965284032988e-10,
      1.6727702187136478e-05,
      -2.4815014144292217e-08,
      -8.781864572574144e-08,
      -1.3027616791596109e-10
    ],
    [
      7.618480189004259e-06,
      -1.1301772940183451e-08,
      3.999620540836974e-08,
      5.933309920775723e-11,
      1.1230032830291956e-06,
      -1.6659396363850602e-09,
      -5.8956470231848745e-09,
      -8.746004905555138e-12,
      -1.68345628641618e-07,
      2.4973538332829686e-10,
      -8.837965284032988e-10,
      -1.3110840531949823e-12,
      2.481501414429222e-08,
      -3.681228386877082e-11,
      -1.3027616791596109e-10,
      -1.9326055294511328e-13
    ],
    [
      0.14419570968221387,
      -0.00021390974894699082,
      0.0007570120397456952,
      1.1230032830291958e-06,
      0.021255191502069278,
      -3.1531400539226115e-05,
      -0.00011158748002695884,
      -1.6553647740837308e-07,
      -0.0031862939578043664,
      4.726765741417307e-06,
      -1.6727702187136478e-05,
      -2.4815014144292217e-08,
      0.0004696761672323669,
      -6.967496553155271e-07,
      -2.4657495993518075e-06,
      -3.657861103675731e-09
    ],
    [
      -0.00021390974894699082,
      3.1732831171785175e-07,
      -1.1230032830291956e-06,
      -1.6659396363850602e-09,
      -3.1531400539226115e-05,
      4.677583022030259e-08,
      1.6553647740837308e-07,
      2.4556809686103024e-10,
      4.726765741417307e-06,
      -7.012006699056228e-09,
      2.481501414429222e-08,
      3.681228386877082e-11,
      -6.96749655315527e-07,
      1.0336059618585316e-09,
      3.657861103675731e-09,
      5.426320554083532e-12
    ],
    [
      -0.0007570120397456951,
      1.1230032830291956e-06,
      -3.974232167982451e-06,
      -5.895647023184875e-09,
      -0.00011158748002695884,
      1.6553647740837308e-07,
      5.858223251781438e-07,
      8.690487851594406e-10,
      1.6727702187136478e-05,
      -2.4815014144292217e-08,
      8.781864572574144e-08,
      1.3027616791596109e-10,
      -2.4657495993518075e-06,
      3.657861103675731e-09,
      1.2944921448580566e-08,
      1.9203379207940502e-11
    ],
    [
      -1.1230032830291956e-06,
      1.6659396363850602e-09,
      -5.8956470231848745e-09,
      -8.746004905555138e-12,
      -1.6553647740837308e-07,
      2.4556809686103024e-10,
      8.690487851594405e-10,
      1.2892062449368194e-12,
      2.481501414429222e-08,
      -3.681228386877082e-11,
      1.3027616791596109e-10,
      1.9326055294511328e-13,
      -3.657861103675731e-09,
      5.426320554083532e-12,
      1.9203379207940505e-11,
      2.8487602562179184e-14
    ],
    [
      -0.02161589174378703,
      3.20664878751878e-05,
      -0.00011348111768338395,
      -1.68345628641618e-07,
      -0.0031862939578043664,
      4.726765741417307e-06,
      1.6727702187136478e-05,
      2.4815014144292217e-08,
      0.0004776465638984358,
      -7.085734852589023e-07,
      2.5075933286167483e-06,
      3.719934945136028e-09,
      -7.04075676557902e-05,
      1.0444738719626464e-07,
      3.696321930944184e-07,
      5.483376017345225e-10
    ],
    [
      3.20664878751878e-05,
      -4.756961527113916e-08,
      1.68345628641618e-07,
      2.4973538332829686e-10,
      4.726765741417307e-06,
      -7.012006699056228e-09,
      -2.481501414429222e-08,
      -3.681228386877082e-11,
      -7.085734852589023e-07,
      1.051146237663821e-09,
      -3.719934945136028e-09,
      -5.5184051226988976e-12,
      1.0444738719626464e-07,
      -1.549443782038419e-10,
      -5.483376017345226e-10,
      -8.134413840588188e-13
    ],
    [
      -0.00011348111768338395,
      1.68345628641618e-07,
      -5.9576372016745e-07,
      -8.837965284032988e-10,
      -1.6727702187136478e-05,
      2.4815014144292217e-08,
      8.781864572574144e-08,
      1.3027616791596109e-10,
      2.507593328616748e-06,
      -3.7199349451360274e-09,
      1.3164596548052347e-08,
      1.9529260230429143e-11,
      -3.6963219309441836e-07,
      5.483376017345225e-10,
      1.9405294433774447e-09,
      2.8787137119014327e-12
    ],
    [
      -1.68345628641618e-07,
      2.4973538332829686e-10,
      -8.837965284032988e-10,
      -1.3110840531949823e-12,
      -2.481501414429222e-08,
      3.681228386877082e-11,
      1.3027616791596109e-10,
      1.9326055294511328e-13,
      3.7199349451360278e-09,
      -5.518405122698897e-12,
      1.9529260230429146e-11,
      2.897103669898846e-14,
      -5.483376017345225e-10,
      8.134413840588187e-13,
      2.878713711901433e-12,
      4.270480262296608e-15
    ],
    [
      0.0031862939578043664,
      -4.726765741417307e-06,
      1.6727702187136478e-05,
      2.4815014144292217e-08,
      0.0004696761672323669,
      -6.967496553155271e-07,
      -2.4657495993518075e-06,
      -3.657861103675731e-09,
      -7.040756765579019e-05,
      1.0444738719626461e-07,
