{
  "config": {
    "symbols": [
      "H",
      "H"
    ],
    "geometry": [
      [
        0.0,
        0.0,
        0.0
      ],
      [
        0.0,
        0.0,
        0.7414
      ]
    ],
    "basis": "STO-3G",
    "ansatz": "TwoQubit-RY-CNOT",
    "optimizer": {
      "name": "GradientDescent",
      "stepsize": 0.1,
      "iterations_planned": 50
    },
    "seed": 7,
    "noisy": true,
    "depolarizing_prob": 0.06,
    "amplitude_damping_prob": 0.0
  },
  "energies": [
    1.2277548223487893,
    1.2277548223487893,
    1.2277523152956007,
    1.2277491174196333,
    1.2277450383603359,
    1.2277398353163373,
    1.2277331985946416,
    1.227724733138932,
    1.227713935092644,
    1.2277001617684764,
    1.2276825934322217,
    1.2276601845445267,
    1.2276316016112279,
    1.227595143847124,
    1.227548642160302,
    1.2274893303316612,
    1.2274136807307767,
    1.2273171951867587,
    1.227194138327037,
    1.2270371982888717,
    1.2268370546221166,
    1.2265818287172219,
    1.2262563853793988,
    1.2258414457563651,
    1.225312462286401,
    1.2246381943925957,
    1.2237789083624515,
    1.2226841088640932,
    1.221289690245891,
    1.21951437376665,
    1.2172552795066294,
    1.2143824634525582,
    1.2107322447929882,
    1.2060991681553945,
    1.2002264952708668,
    1.1927952460987041,
    1.183412036236835,
    1.1715963388181392,
    1.1567684150303068,
    1.1382400516329871,
    1.115211474128656,
    1.0867793060178292,
    1.0519619677570875,
    1.0097498798980025,
    0.959187222251733,
    0.8994883409110289,
    0.8301838399307405,
    0.7512786965571651,
    0.6633899164111563,
    0.567820751443484,
    0.46653104995492556
  ],
  "final_params": [
    1.30164135101473
  ],
  "final_state_real": [
    [
      0.3569213109689995,
      0.0,
      0.0,
      0.0,
      -0.2423258694657184,
      0.0,
      0.0,
      0.0,
      0.24232586946571846,
      0.0,
      0.0,
      0.0,
      0.18122100943233213,
      0.0,
      0.0,
      0.0
    ],
    [
      0.0,
      0.014871721290382243,
      0.0,
      0.0,
      0.0,
      -0.0100969112277432,
      0.0,
      0.0,
      0.0,
      0.010096911227743201,
      0.0,
      0.0,
      0.0,
      0.007550875393017528,
      0.0,
      0.0
    ],
    [
      0.0,
      0.0,
      0.014871721290382243,
      0.0,
      0.0,
      0.0,
      -0.010096911227743201,
      0.0,
      0.0,
      0.0,
      0.010096911227743203,
      0.0,
      0.0,
      0.0,
      0.007550875393017528,
      0.0
    ],
    [
      0.0,
      0.0,
      0.0,
      0.0006196550537662295,
      0.0,
      0.0,
      0.0,
      -0.0004207046344895056,
      0.0,
      0.0,
      0.0,
      0.00042070463448950563,
      0.0,
      0.0,
      0.0,
      0.00031461980804255055
    ],
    [
      -0.2423258694657184,
      0.0,
      0.0,
      0.0,
      0.21661044943235364,
      0.0,
      0.0,
      0.0,
      -0.1812210094323321,
      0.0,
      0.0,
      0.0,
      -0.13365290936716134,
      0.0,
      0.0,
      0.0
    ],
    [
      0.0,
      -0.0100969112277432,
      0.0,
      0.0,
      0.0,
      0.009025435393019143,
      0.0,
      0.0,
      0.0,
      -0.007550875393017527,
      0.0,
      0.0,
      0.0,
      -0.005568871223634444,
      0.0,
      0.0
    ],
    [
      0.0,
      0.0,
      -0.010096911227743201,
      0.0,
      0.0,
      0.0,
      0.009025435393019145,
      0.0,
      0.0,
      0.0,
      -0.007550875393017526,
      0.0,
      0.0,
      0.0,
      -0.005568871223634446,
      0.0
    ],
    [
      0.0,
      0.0,
      0.0,
      -0.0004207046344895056,
      0.0,
      0.0,
      0.0,
      0.00037605980804264813,
      0.0,
      0.0,
      0.0,
      -0.0003146198080425505,
      0.0,
      0.0,
      0.0,
      -0.00023203630098488193
    ],
    [
      0.24232586946571846,
      0.0,
      0.0,
      0.0,
      -0.18122100943233213,
      0.0,
      0.0,
      0.0,
      0.2166104494323536,
      0.0,
      0.0,
      0.0,
      0.1336529093671614,
      0.0,
      0.0,
      0.0
    ],
    [
      0.0,
      0.010096911227743201,
      0.0,
      0.0,
      0.0,
      -0.007550875393017528,
      0.0,
      0.0,
      0.0,
      0.009025435393019143,
      0.0,
      0.0,
      0.0,
      0.005568871223634446,
      0.0,
      0.0
    ],
    [
      0.0,
      0.0,
      0.010096911227743203,
      0.0,
      0.0,
      0.0,
      -0.007550875393017528,
      0.0,
      0.0,
      0.0,
      0.009025435393019143,
      0.0,
      0.0,
      0.0,
      0.005568871223634447,
      0.0
    ],
    [
      0.0,
      0.0,
      0.0,
      0.00042070463448950563,
      0.0,
      0.0,
      0.0,
      -0.00031461980804255055,
      0.0,
      0.0,
      0.0,
      0.000376059808042648,
      0.0,
      0.0,
      0.0,
      0.000232036300984882
    ],
    [
      0.1812210094323321,
      0.0,
      0.0,
      0.0,
      -0.13365290936716134,
      0.0,
      0.0,
      0.0,
      0.1336529093671614,
      0.0,
      0.0,
      0.0,
      0.13145779016641992,
      0.0,
      0.0,
      0.0
    ],
    [
      0.0,
      0.007550875393017527,
      0.0,
      0.0,
      0.0,
      -0.005568871223634444,
      0.0,
      0.0,
      0.0,
      0.005568871223634446,
      0.0,
      0.0,
      0.0,
      0.005477407923603505,
      0.0,
      0.0
    ],
    [
      0.0,
      0.0,
      0.007550875393017526,
      0.0,
      0.0,
      0.0,
      -0.005568871223634446,
      0.0,
      0.0,
      0.0,
      0.005568871223634447,
      0.0,
      0.0,
      0.0,
      0.005477407923603507,
      0.0
    ],
    [
      0.0,
      0.0,
      0.0,
      0.0003146198080425505,
      0.0,
      0.0,
      0.0,
      -0.00023203630098488193,
      0.0,
      0.0,
      0.0,
      0.000232036300984882,
      0.0,
      0.0,
      0.0,
      0.0002282253301502576
    ]
  ],