{
  "config": {
    "symbols": [
      "H",
      "H"
    ],
    "geometry": [
      [
        0.0,
        0.0,
        0.0
      ],
      [
        0.0,
        0.0,
        0.7414
      ]
    ],
    "basis": "STO-3G",
    "ansatz": "TwoQubit-RY-CNOT",
    "optimizer": {
      "name": "Adagrad",
      "stepsize": 0.1,
      "iterations_planned": 50
    },
    "seed": 4,
    "noisy": true,
    "depolarizing_prob": 0.08,
    "amplitude_damping_prob": 0.0
  },
  "energies": [
    1.1903219048246623,
    1.1903219048246623,
    1.184096025219795,
    1.16567111292506,
    1.1391809257920882,
    1.1082684927092346,
    1.0749692454423367,
    1.0404310812069535,
    1.005339042174784,
    0.9701233306220405,
    0.9350647391158928,
    0.9003515056788232,
    0.8661118631411181,
    0.8324336720685077,
    0.799376806498983,
    0.7669812604629652,
    0.7352726341359589,
    0.7042659437424883,
    0.6739683325191248,
    0.6443810380559931,
    0.6155008443047849,
    0.5873211693619367,
    0.5598328913732682,
    0.5330249808222721,
    0.5068849910358976,
    0.4813994399986044,
    0.4565541096573579,
    0.4323342825767039,
    0.4087249290431606,
    0.38571085495820934,
    0.36327681965663694,
    0.34140762930819624,
    0.32008821093968276,
    0.2993036699864071,
    0.27903933670646797,
    0.2592808006335051,
    0.24001393822679357,
    0.22122493263213255,
    0.20290028856631154,
    0.18502684209965195,
    0.16759176753421576,
    0.15058258046969447,
    0.13398713860220607,
    0.11779364107040266,
    0.10199062549939872,
    0.08656696402852816,
    0.07151185822718728,
    0.05681483358764422,
    0.04246573254919167,
    0.028454707902347276,
    0.014772215087341334
  ],
  "final_params": [
    1.6836800726502845
  ],
  "final_state_real": [
    [
      0.1812225140120813,
      0.0,
      0.0,
      0.0,
      -0.15525762172320082,
      0.0,
      0.0,
      0.0,
      0.15525762172320084,
      0.0,
      0.0,
      0.0,
      0.17652871622189029,
      0.0,
      0.0,
      0.0
    ],
    [
      0.0,
      0.010209719099275894,
      0.0,
      0.0,
      0.0,
      -0.008746908266098998,
      0.0,
      0.0,
      0.0,
      0.008746908266099,
      0.0,
      0.0,
      0.0,
      0.009945279787152358,
      0.0,
      0.0
    ],
    [
      0.0,
      0.0,
      0.01020971909927589,
      0.0,
      0.0,
      0.0,
      -0.008746908266098998,
      0.0,
      0.0,
      0.0,
      0.008746908266098998,
      0.0,
      0.0,
      0.0,
      0.00994527978715236,
      0.0
    ],
    [
      0.0,
      0.0,
      0.0,
      0.0005751954422129351,
      0.0,
      0.0,
      0.0,
      -0.0004927835642874464,
      0.0,
      0.0,
      0.0,
      0.0004927835642874464,
      0.0,
      0.0,
      0.0,
      0.0005602974527975195
    ],
    [
      -0.15525762172320082,
      0.0,
      0.0,
      0.0,
      0.22177573646882692,
      0.0,
      0.0,
      0.0,
      -0.17652871622189029,
      0.0,
      0.0,
      0.0,
      -0.20006127593000442,
      0.0,
      0.0,
      0.0
    ],
    [
      0.0,
      -0.008746908266098998,
      0.0,
      0.0,
      0.0,
      0.01249440768838915,
      0.0,
      0.0,
      0.0,
      -0.009945279787152358,
      0.0,
      0.0,
      0.0,
      -0.011271057798877581,
      0.0,
      0.0
    ],
    [
      0.0,
      0.0,
      -0.008746908266098998,
      0.0,
      0.0,
      0.0,
      0.012494407688389152,
      0.0,
      0.0,
      0.0,
      -0.00994527978715236,
      0.0,
      0.0,
      0.0,
      -0.01127105779887758,
      0.0
    ],
    [
      0.0,
      0.0,
      0.0,
      -0.0004927835642874464,
      0.0,
      0.0,
      0.0,
      0.0007039102923038698,
      0.0,
      0.0,
      0.0,
      -0.0005602974527975195,
      0.0,
      0.0,
      0.0,
      -0.0006349891717679815
    ],
    [
      0.15525762172320084,
      0.0,
      0.0,
      0.0,
      -0.17652871622189029,
      0.0,
      0.0,
      0.0,
      0.2217757364688269,
      0.0,
      0.0,
      0.0,
      0.2000612759300044,
      0.0,
      0.0,
      0.0
    ],
    [
      0.0,
      0.008746908266099,
      0.0,
      0.0,
      0.0,
      -0.009945279787152358,
      0.0,
      0.0,
      0.0,
      0.012494407688389149,
      0.0,
      0.0,
      0.0,
      0.011271057798877578,
      0.0,
      0.0
    ],
    [
      0.0,
      0.0,
      0.008746908266098998,
      0.0,
      0.0,
      0.0,
      -0.00994527978715236,
      0.0,
      0.0,
      0.0,
      0.012494407688389152,
      0.0,
      0.0,
      0.0,
      0.01127105779887758,
      0.0
    ],
    [
      0.0,
      0.0,
      0.0,
      0.0004927835642874464,
      0.0,
      0.0,
      0.0,
      -0.0005602974527975195,
      0.0,
      0.0,
      0.0,
      0.0007039102923038698,
      0.0,
      0.0,
      0.0,
      0.0006349891717679815
    ],
    [
      0.17652871622189029,
      0.0,
      0.0,
      0.0,
      -0.20006127593000442,
      0.0,
      0.0,
      0.0,
      0.2000612759300044,
      0.0,
      0.0,
      0.0,
      0.271403790828173,
      0.0,
      0.0,
      0.0
    ],
    [
      0.0,
      0.009945279787152358,
      0.0,
      0.0,
      0.0,
      -0.011271057798877581,
      0.0,
      0.0,
      0.0,
      0.011271057798877578,
      0.0,
      0.0,
      0.0,
      0.01529035441286037,
      0.0,
      0.0
    ],
    [
      0.0,
      0.0,
      0.00994527978715236,
      0.0,
      0.0,
      0.0,
      -0.01127105779887758,
      0.0,
      0.0,
      0.0,
      0.01127105779887758,
      0.0,
      0.0,
      0.0,
      0.015290354412860372,
      0.0
    ],
    [
      0.0,
      0.0,
      0.0,
      0.0005602974527975195,
      0.0,
      0.0,
      0.0,
      -0.0006349891717679815,
      0.0,
      0.0,
      0.0,
      0.0006349891717679815,
      0.0,
      0.0,
      0.0,
      0.0008614284176262492
    ]
  ],