{
  "config": {
    "symbols": [
      "H",
      "H"
    ],
    "geometry": [
      [
        0.0,
        0.0,
        0.0
      ],
      [
        0.0,
        0.0,
        0.7414
      ]
    ],
    "basis": "STO-3G",
    "ansatz": "TwoQubit-RY-CNOT",
    "optimizer": {
      "name": "GradientDescent",
      "stepsize": 0.1,
      "iterations_planned": 50
    },
    "seed": 5,
    "noisy": true,
    "depolarizing_prob": 0.08,
    "amplitude_damping_prob": 0.0
  },
  "energies": [
    1.1902920798312808,
    1.1902920798312808,
    1.1902841290175388,
    1.1902740978392017,
    1.1902614419907254,
    1.190245474800389,
    1.1902253299530774,
    1.1901999145508717,
    1.1901678499046726,
    1.1901273967745656,
    1.1900763612593184,
    1.1900119760119099,
    1.1899307505151786,
    1.1898282826170066,
    1.1896990207348346,
    1.1895359648076929,
    1.1893302894825482,
    1.1890708705608755,
    1.1887436894123053,
    1.1883310853614555,
    1.1878108180982891,
    1.187154894005498,
    1.186328099290579,
    1.1852861728591275,
    1.1839735362339048,
    1.1823204868204007,
    1.1802397463049044,
    1.1776222463755506,
    1.174332031718746,
    1.170200172062328,
    1.1650176120748608,
    1.1585269667732236,
    1.1504134118453717,
    1.1402950610096254,
    1.127713595296869,
    1.1121264626737364,
    1.0929027180610285,
    1.0693255275248719,
    1.0406053898038226,
    1.0059089703802768,
    0.9644086115458917,
    0.9153562327227782,
    0.8581816394869283,
    0.7926085210439753,
    0.7187721597850996,
    0.6373134421005344,
    0.5494188237289261,
    0.45678064442377686,
    0.3614692013901245,
    0.26573347667225666,
    0.17177107236146874
  ],
  "final_params": [
    1.5961359250913454
  ],
  "final_state_real": [
    [
      0.21401705305333027,
      0.0,
      0.0,
      0.0,
      -0.17367056685591337,
      0.0,
      0.0,
      0.0,
      0.17367056685591334,
      0.0,
      0.0,
      0.0,
      0.17868264379201845,
      0.0,
      0.0,
      0.0
    ],
    [
      0.0,
      0.012057298763572283,
      0.0,
      0.0,
      0.0,
      -0.009784257287660645,
      0.0,
      0.0,
      0.0,
      0.009784257287660643,
      0.0,
      0.0,
      0.0,
      0.010066627819272297,
      0.0,
      0.0
    ],
    [
      0.0,
      0.0,
      0.012057298763572281,
      0.0,
      0.0,
      0.0,
      -0.009784257287660641,
      0.0,
      0.0,
      0.0,
      0.009784257287660641,
      0.0,
      0.0,
      0.0,
      0.0100666278192723,
      0.0
    ],
    [
      0.0,
      0.0,
      0.0,
      0.0006792844373846006,
      0.0,
      0.0,
      0.0,
      -0.0005512257626853068,
      0.0,
      0.0,
      0.0,
      0.0005512257626853068,
      0.0,
      0.0,
      0.0,
      0.0005671339616493496
    ],
    [
      -0.1736705668559134,
      0.0,
      0.0,
      0.0,
      0.22392966403895465,
      0.0,
      0.0,
      0.0,
      -0.17868264379201845,
      0.0,
      0.0,
      0.0,
      -0.18380948270668368,
      0.0,
      0.0,
      0.0
    ],
    [
      0.0,
      -0.009784257287660646,
      0.0,
      0.0,
      0.0,
      0.012615755720509068,
      0.0,
      0.0,
      0.0,
      -0.0100666278192723,
      0.0,
      0.0,
      0.0,
      -0.010355463814464812,
      0.0,
      0.0
    ],
    [
      0.0,
      0.0,
      -0.009784257287660645,
      0.0,
      0.0,
      0.0,
      0.012615755720509068,
      0.0,
      0.0,
      0.0,
      -0.0100666278192723,
      0.0,
      0.0,
      0.0,
      -0.01035546381446481,
      0.0
    ],
    [
      0.0,
      0.0,
      0.0,
      -0.0005512257626853069,
      0.0,
      0.0,
      0.0,
      0.0007107468011556985,
      0.0,
      0.0,
      0.0,
      -0.0005671339616493496,
      0.0,
      0.0,
      0.0,
      -0.0005834064120827364
    ],
    [
      0.17367056685591334,
      0.0,
      0.0,
      0.0,
      -0.17868264379201845,
      0.0,
      0.0,
      0.0,
      0.22392966403895473,
      0.0,
      0.0,
      0.0,
      0.18380948270668368,
      0.0,
      0.0,
      0.0
    ],
    [
      0.0,
      0.009784257287660643,
      0.0,
      0.0,
      0.0,
      -0.010066627819272297,
      0.0,
      0.0,
      0.0,
      0.012615755720509072,
      0.0,
      0.0,
      0.0,
      0.010355463814464812,
      0.0,
      0.0
    ],
    [
      0.0,
      0.0,
      0.009784257287660641,
      0.0,
      0.0,
      0.0,
      -0.0100666278192723,
      0.0,
      0.0,
      0.0,
      0.012615755720509074,
      0.0,
      0.0,
      0.0,
      0.01035546381446481,
      0.0
    ],
    [
      0.0,
      0.0,
      0.0,
      0.0005512257626853068,
      0.0,
      0.0,
      0.0,
      -0.0005671339616493496,
      0.0,
      0.0,
      0.0,
      0.0007107468011556988,
      0.0,
      0.0,
      0.0,
      0.0005834064120827364
    ],
    [
      0.17868264379201845,
      0.0,
      0.0,
      0.0,
      -0.18380948270668368,
      0.0,
      0.0,
      0.0,
      0.18380948270668365,
      0.0,
      0.0,
      0.0,
      0.234301396646667,
      0.0,
      0.0,
      0.0
    ],
    [
      0.0,
      0.0100666278192723,
      0.0,
      0.0,
      0.0,
      -0.010355463814464812,
      0.0,
      0.0,
      0.0,
      0.01035546381446481,
      0.0,
      0.0,
      0.0,
      0.01320007868432406,
      0.0,
      0.0
    ],
    [
      0.0,
      0.0,
      0.0100666278192723,
      0.0,
      0.0,
      0.0,
      -0.01035546381446481,
      0.0,
      0.0,
      0.0,
      0.010355463814464809,
      0.0,
      0.0,
      0.0,
      0.01320007868432406,
      0.0
    ],
    [
      0.0,
      0.0,
      0.0,
      0.0005671339616493496,
      0.0,
      0.0,
      0.0,
      -0.0005834064120827364,
      0.0,
      0.0,
      0.0,
      0.0005834064120827363,
      0.0,
      0.0,
      0.0,
      0.0007436664047509214
    ]
  ],