{
  "config": {
    "symbols": [
      "H",
      "H"
    ],
    "geometry": [
      [
        0.0,
        0.0,
        0.0
      ],
      [
        0.0,
        0.0,
        0.7414
      ]
    ],
    "basis": "STO-3G",
    "ansatz": "RY-CZ",
    "optimizer": {
      "name": "GradientDescent",
      "stepsize": 0.1,
      "iterations_planned": 50
    },
    "seed": 9,
    "noisy": true,
    "depolarizing_prob": 0.02,
    "amplitude_damping_prob": 0.0
  },
  "energies": [
    1.3068229063219847,
    1.3068229063219847,
    1.3067967957600988,
    1.3067668446503458,
    1.3067324879256046,
    1.306693077440135,
    1.3066478697188355,
    1.3065960119725768,
    1.306536526122657,
    1.3064682904202776,
    1.306390018312296,
    1.3063002342817305,
    1.306197246334353,
    1.3060791141944812,
    1.30594361305644,
    1.3057881921045964,
    1.3056099269767447,
    1.3054054652636427,
    1.3051709645474623,
    1.3049020210492857,
    1.304593588579954,
    1.304239885751392,
    1.3038342901821658,
    1.3033692177728267,
    1.302835985421025,
    1.3022246546209268,
    1.3015238539047878,
    1.3007205772415864,
    1.299799955726371,
    1.298744999642885,
    1.297536307652441,
    1.296151738583139,
    1.294566045433462,
    1.2927504647278973,
    1.2906722605463687,
    1.2882942209251662,
    1.285574102022454,
    1.2824640241264744,
    1.278909817397688,
    1.274850322211552,
    1.2702166540733413,
    1.2649314415209807,
    1.2589080583858703,
    1.2520498756221516,
    1.2442495662752833,
    1.235388515028657,
    1.2253363884792892,
    1.2139509427976445,
    1.201078165171211,
    1.1865528553048688,
    1.170199769457517
  ],
  "final_params": [
    -0.4780423513323095,
    -0.47167775096811304,
    0.00813386334806207,
    0.009967336585619482
  ],
  "final_state_real": [
    [
      0.8470652059633168,
      0.004164476037891303,
      0.0033931184599036786,
      -1.6681804686197817e-05,
      -0.20032972266188837,
      -0.0009848935710216186,
      0.0008037215373368696,
      -3.951387452687079e-06,
      -0.2031425029883246,
      -0.000998721326311656,
      -0.0008162790776145641,
      4.013124888832327e-06,
      -0.04819524252887641,
      -0.0002369452914415102,
      0.00019335899787076884,
      -9.506231730237533e-07
    ],
    [
      0.004164476037891303,
      0.01146786212278911,
      1.6681804686197817e-05,
      4.576869141494099e-05,
      -0.0009848935710216186,
      -0.0027121331656758036,
      3.951387452687079e-06,
      1.0841143172748937e-05,
      -0.000998721326311656,
      -0.0027502135598865196,
      -4.013124888832327e-06,
      -1.101052782368058e-05,
      -0.0002369452914415102,
      -0.000652483884835038,
      9.506231730237533e-07,
      2.608157778877155e-06
    ],
    [
      0.003393118459903679,
      1.668180468619782e-05,
      0.011460835102406476,
      5.620783486295562e-05,
      -0.0008037215373368696,
      -3.951387452687079e-06,
      -0.002703845541928658,
      -1.3325659856447767e-05,
      -0.0008162790776145641,
      -4.013124888832327e-06,
      -0.002748528345455529,
      -1.3479718186075151e-05,
      -0.00019335899787076884,
      -9.506231730237533e-07,
      -0.0006504900517124516,
      -3.205881783816763e-06
    ],
    [
      -1.6681804686197817e-05,
      4.576869141494099e-05,
      5.620783486295562e-05,
      0.00015516075485233764,
      3.951387452687079e-06,
      -1.0841143172748937e-05,
      -1.3325659856447767e-05,
      -3.66055973706216e-05,
      4.013124888832327e-06,
      -1.101052782368058e-05,
      -1.3479718186075151e-05,
      -3.7210528639782995e-05,
      9.506231730237533e-07,
      -2.608157778877155e-06,
      -3.205881783816763e-06,
      -8.806559604583033e-06
    ],
    [
      -0.20032972266188837,
      -0.0009848935710216188,
      -0.0008037215373368697,
      3.95138745268708e-06,
      0.06031718042046835,
      0.00029654086930479474,
      -0.00015021449811237708,
      7.3850911724934e-07,
      0.04819524252887641,
      0.0002369452914415102,
      0.00019335899787076884,
      -9.506231730237533e-07,
      0.008993187090953933,
      4.4213729806029755e-05,
      -5.81249850086079e-05,
      2.857635708154138e-07
    ],
    [
      -0.0009848935710216188,
      -0.0027121331656758036,
      -3.95138745268708e-06,
      -1.0841143172748939e-05,
      0.0002965408693047947,
      0.0008165948782073825,
      -7.385091172493402e-07,
      -2.026195398539309e-06,
      0.0002369452914415102,
      0.000652483884835038,
      9.506231730237533e-07,
      2.608157778877155e-06,
      4.421372980602974e-05,
      0.00012175288145169413,
      -2.857635708154138e-07,
      -7.840293623089612e-07
    ],
    [
      0.0008037215373368697,
      3.95138745268708e-06,
      -0.002703845541928658,
      -1.3325659856447769e-05,
      -0.00015021449811237708,
      -7.3850911724934e-07,
      0.000816094503439001,
      4.002405118998131e-06,
      -0.00019335899787076884,
      -9.506231730237533e-07,
      0.0006504900517124516,
      3.205881783816763e-06,
      -5.81249850086079e-05,
      -2.857635708154138e-07,
      0.00012167827644071251,
      5.967516683974072e-07
    ],
    [
      -3.95138745268708e-06,
      1.0841143172748939e-05,
      -1.3325659856447769e-05,
      -3.66055973706216e-05,
      7.385091172493402e-07,
      -2.026195398539309e-06,
      4.002405118998131e-06,
      1.104857002591817e-05,
      9.506231730237533e-07,
      -2.608157778877155e-06,
      3.205881783816763e-06,
      8.806559604583033e-06,
      2.857635708154138e-07,
      -7.840293623089612e-07,
      5.96751668397407e-07,
      1.6473226473442691e-06
    ],
    [
      -0.2031425029883246,
      -0.000998721326311656,
      -0.0008162790776145641,
      4.013124888832327e-06,
      0.04819524252887641,
      0.0002369452914415102,
      -0.00019335899787076884,
      9.506231730237533e-07,
      0.06169580082175588,
      0.0003033186611277757,
      0.0002471370080993578,
      -1.215015434492613e-06,
      0.009195739901265028,
      4.5209592411949723e-05,
      -3.689324835171241e-05,
      1.813806297997997e-07
    ],
    [
      -0.000998721326311656,
      -0.0027502135598865196,
      -4.013124888832327e-06,
      -1.101052782368058e-05,
      0.0002369452914415102,
      0.000652483884835038,
      -9.506231730237533e-07,
      -2.608157778877155e-06,
      0.00030331866112777575,
      0.0008352591186582104,
      1.215015434492613e-06,
      3.3335521864545722e-06,
      4.5209592411949723e-05,
      0.00012449511154788778,
      -1.813806297997997e-07,
      -4.97641246262955e-07
    ],
    [
      -0.0008162790776145641,
      -4.013124888832327e-06,
      -0.002748528345455529,
      -1.3479718186075151e-05,
      0.00019335899787076884,
      9.506231730237533e-07,
      0.0006504900517124516,
      3.205881783816763e-06,
      0.00024713700809935786,
      1.215015434492613e-06,
      0.0008347473072334869,
      4.0938848153765734e-06,
      3.6893248351712406e-05,
      1.8138062979979967e-07,
      0.00012411468456298685,
      6.116880731644657e-07
    ],
    [
      4.013124888832327e-06,
      -1.101052782368058e-05,
      -1.3479718186075151e-05,
      -3.7210528639782995e-05,
      -9.506231730237533e-07,
      2.608157778877155e-06,
      3.205881783816763e-06,
      8.806559604583033e-06,
      -1.215015434492613e-06,
      3.333552186454573e-06,
      4.093884815376574e-06,
      1.13010981437215e-05,
      -1.8138062979979967e-07,
      4.97641246262955e-07,
      6.116880731644657e-07,
      1.6803075843058935e-06
    ],
    [
      -0.04819524252887641,
      -0.0002369452914415102,
      -0.00019335899787076884,
      9.506231730237533e-07,
      0.008993187090953933,
      4.4213729806029755e-05,
      -5.81249850086079e-05,
      2.857635708154138e-07,
      0.009195739901265024,
      4.5209592411949723e-05,
      3.689324835171241e-05,
      -1.813806297997997e-07,
