{
  "config": {
    "symbols": [
      "H",
      "H"
    ],
    "geometry": [
      [
        0.0,
        0.0,
        0.0
      ],
      [
        0.0,
        0.0,
        0.7414
      ]
    ],
    "basis": "STO-3G",
    "ansatz": "RY-CZ",
    "optimizer": {
      "name": "Adam",
      "stepsize": 0.1,
      "iterations_planned": 50
    },
    "seed": 1,
    "noisy": true,
    "depolarizing_prob": 0.08,
    "amplitude_damping_prob": 0.0
  },
  "energies": [
    1.1903218338173236,
    1.1903218338173236,
    1.1840704312529142,
    1.1713332135116874,
    1.1491062809841714,
    1.1169970661564885,
    1.0749869570340012,
    1.0232224885056884,
    0.9618887883082937,
    0.8916625988437368,
    0.8130459318458083,
    0.7271823988186068,
    0.6349508573359717,
    0.5378506150686713,
    0.43709996285718444,
    0.33439744784213055,
    0.23115463112089982,
    0.12908614588258988,
    0.029563710899309037,
    -0.06587438801104673,
    -0.15614359110916343,
    -0.24005431904922228,
    -0.31698333830888475,
    -0.3862016294157241,
    -0.44758635589650975,
    -0.5008944729580472,
    -0.5464090773551594,
    -0.5843161609090614,
    -0.6151446009395146,
    -0.6394000138162103,
    -0.6577139833760253,
    -0.670785802278081,
    -0.6792654208315119,
    -0.6839266128507433,
    -0.6854006122434653,
    -0.6844334631767233,
    -0.6816131221327439,
    -0.6775781766600706,
    -0.67284001396022,
    -0.6678776708155274,
    -0.6630876207405083,
    -0.658769226020572,
    -0.6551763059722242,
    -0.6524401872170495,
    -0.6506666145896227,
    -0.6498546591134289,
    -0.6499808692304367,
    -0.6509584785085796,
    -0.6526729022232037,
    -0.6549944682033052,
    -0.657765956172679
  ],
  "final_params": [
    3.4176663644824012,
    -3.4176894508599465,
    0.0021145650263789486,
    0.00022806966758428127
  ],
  "final_state_real": [
    [
      0.004422516090176847,
      4.7590838470359294e-07,
      -2.160466960570462e-06,
      2.3248857696763045e-10,
      -0.0037537353389166693,
      -4.0394077383593343e-07,
      3.7451683175639735e-06,
      -4.0301882349767396e-10,
      0.00375308662309218,
      4.038708635601683e-07,
      -7.647608636832876e-06,
      8.229617400458497e-10,
      0.013285703928355553,
      1.4296792504619838e-06,
      -1.3255382422185469e-05,
      1.4264161649951485e-09
    ],
    [
      4.7590838470359305e-07,
      0.0002491558933940049,
      -2.3248857696763045e-10,
      -1.217164204774684e-07,
      -4.0394077383593343e-07,
      -0.0002114780959214174,
      4.0301882349767365e-10,
      2.1099534962531658e-07,
      4.038708635601683e-07,
      0.0002114415485426145,
      -8.229617400458497e-10,
      -4.308510916742209e-07,
      1.4296792504619838e-06,
      0.000748490534379334,
      -1.4264161649951485e-09,
      -7.467819364672719e-07
    ],
    [
      -2.160466960570462e-06,
      -2.3248857696763042e-10,
      0.00024916076407190704,
      2.6811209678978968e-08,
      -3.7451683175639735e-06,
      -4.0301882349767396e-10,
      -0.0002114738644787071,
      -2.2757676805814385e-08,
      -7.647608636832876e-06,
      -8.229617400458497e-10,
      0.00021144568195348424,
      2.2752838054925395e-08,
      1.3255382422185467e-05,
      1.426416164995148e-09,
      0.0007484755579119054,
      8.05469029754541e-08
    ],
    [
      2.3248857696763042e-10,
      -1.217164204774684e-07,
      2.6811209678978975e-08,
      1.4037229374689838e-05,
      4.0301882349767365e-10,
      -2.1099534962531658e-07,
      -2.2757676805814385e-08,
      -1.1914023275281752e-05,
      8.229617400458497e-10,
      -4.308510916742209e-07,
      2.2752838054925395e-08,
      1.1912435527016556e-05,
      -1.426416164995148e-09,
      7.467819364672719e-07,
      8.05469029754541e-08,
      4.216764676771585e-05
    ],
    [
      -0.0037537353389166693,
      -4.0394077383593343e-07,
      -3.7451683175639735e-06,
      4.0301882349767396e-10,
      0.0585314180627357,
      6.298584800294843e-06,
      -5.827095574389225e-05,
      6.2705571650418425e-09,
      -0.013285703928355558,
      -1.4296792504619842e-06,
      -1.3255382422185472e-05,
      1.4264161649951485e-09,
      0.10122623882174656,
      1.0892988250349401e-05,
      -0.00010121509321286696,
      1.0891790255608515e-08
    ],
    [
      -4.0394077383593343e-07,
      -0.0002114780959214174,
      -4.0301882349767365e-10,
      -2.1099534962531658e-07,
      6.298584800294845e-06,
      0.0032975454383153534,
      -6.2705571650418425e-09,
      -3.2828699907888394e-06,
      -1.4296792504619842e-06,
      -0.0007484905343793344,
      -1.4264161649951489e-09,
      -7.467819364672721e-07,
      1.0892988250349401e-05,
      0.005702888006347229,
      -1.0891790255608515e-08,
      -5.7022574605401765e-06
    ],
    [
      3.7451683175639735e-06,
      4.0301882349767396e-10,
      -0.0002114738644787071,
      -2.2757676805814385e-08,
      -5.827095574389225e-05,
      -6.270557165041842e-09,
      0.0032976099010959773,
      3.5484282939606716e-07,
      1.3255382422185469e-05,
      1.4264161649951485e-09,
      -0.0007484755579119057,
      -8.054690297545413e-08,
      -0.00010121509321286696,
      -1.0891790255608515e-08,
      0.005702999490487586,
      6.13677340845067e-07
    ],
    [
      -4.0301882349767365e-10,
      2.1099534962531658e-07,
      -2.2757676805814385e-08,
      -1.1914023275281752e-05,
      6.270557165041842e-09,
      -3.2828699907888394e-06,
      3.548428293960672e-07,
      0.00018578088224425882,
      -1.4264161649951485e-09,
      7.467819364672719e-07,
      -8.054690297545413e-08,
      -4.2167646767715866e-05,
      1.0891790255608515e-08,
      -5.7022574605401765e-06,
      6.13677340845067e-07,
      0.00032129581986917546
    ],
    [
      0.00375308662309218,
      4.038708635601683e-07,
      -7.647608636832876e-06,
      8.229617400458497e-10,
      -0.013285703928355553,
      -1.4296792504619838e-06,
      1.3255382422185469e-05,
      -1.4264161649951485e-09,
      0.058533937160137516,
      6.298855881179785e-06,
      -2.8594726334060176e-05,
      3.0770881274801422e-09,
      -0.10123481818160793,
      -1.0893914222311806e-05,
      0.00010100377342999563,
      -1.0869050062631031e-08
    ],
    [
      4.038708635601683e-07,
      0.0002114415485426145,
      -8.229617400458497e-10,
      -4.308510916742209e-07,
      -1.4296792504619838e-06,
      -0.000748490534379334,
      1.4264161649951485e-09,
      7.467819364672719e-07,
      6.298855881179785e-06,
      0.003297687359328392,
      -3.0770881274801422e-09,
      -1.6109701270301352e-06,
      -1.0893914222311806e-05,
      -0.005703371350675982,
      1.086905006263103e-08,
      5.690352123399368e-06
    ],
    [
      -7.647608636832876e-06,
      -8.229617400458497e-10,
      0.00021144568195348424,
      2.2752838054925395e-08,
      -1.3255382422185467e-05,
      -1.426416164995148e-09,
      -0.0007484755579119054,
      -8.05469029754541e-08,
      -2.859472633406017e-05,
      -3.0770881274801414e-09,
      0.003297751824883389,
      3.5485810125653386e-07,
      -0.00010100377342999563,
      -1.0869050062631031e-08,
      -0.005703257232525726,
      -6.137537854060094e-07
    ],
    [
      8.229617400458497e-10,
      -4.308510916742209e-07,
      2.2752838054925395e-08,
      1.1912435527016556e-05,
      1.426416164995148e-09,
      -7.467819364672719e-07,
      -8.05469029754541e-08,
      -4.216764676771585e-05,
      3.0770881274801414e-09,
      -1.6109701270301352e-06,
      3.5485810125653386e-07,
      0.00018578887795243158,
      1.086905006263103e-08,
      -5.690352123399368e-06,
      -6.137537854060094e-07,
      -0.0003213103405507215
    ],
    [
      0.013285703928355558,
      1.4296792504619842e-06,
      1.3255382422185472e-05,
      -1.4264161649951485e-09,
      0.10122623882174656,
      1.0892988250349401e-05,
      -0.00010121509321286696,
