{
  "config": {
    "symbols": [
      "H",
      "H"
    ],
    "geometry": [
      [
        0.0,
        0.0,
        0.0
      ],
      [
        0.0,
        0.0,
        0.7414
      ]
    ],
    "basis": "STO-3G",
    "ansatz": "TwoQubit-RY-CNOT",
    "optimizer": {
      "name": "Nesterov",
      "stepsize": 0.1,
      "iterations_planned": 50
    },
    "seed": 4,
    "noisy": true,
    "depolarizing_prob": 0.04,
    "amplitude_damping_prob": 0.0
  },
  "energies": [
    1.2665248764780805,
    1.2665248764780805,
    1.2664478121351475,
    1.2662782529319105,
    1.2659165927863418,
    1.265150023575314,
    1.2635274990514835,
    1.2600965669031898,
    1.2528556324708733,
    1.2376381338379165,
    1.2059436522231624,
    1.1411638940471645,
    1.0137896482173998,
    0.7818616813217016,
    0.4157629114869126,
    -0.040527022961464404,
    -0.4502314632079719,
    -0.7002009211064764,
    -0.7848614390740372,
    -0.7534303501563719,
    -0.6628561168671627,
    -0.5660349904332536,
    -0.5009640673671982,
    -0.4839696469124137,
    -0.5123811413704739,
    -0.5714315751786476,
    -0.6416582905004901,
    -0.7056457005553438,
    -0.7524393508658797,
    -0.7785086585742695,
    -0.7861581070800592,
    -0.7810795550012111,
    -0.7700347018674284,
    -0.7589983982988266,
    -0.751960533669539,
    -0.7505220214159494,
    -0.7542128323669655,
    -0.7612575709714045,
    -0.7694505959789648,
    -0.7768705366750337,
    -0.7822951526024382,
    -0.7853062058382616,
    -0.7861591617227996,
    -0.7855252491285029,
    -0.7842078435882559,
    -0.7829093406305859,
    -0.7820907526242695,
    -0.7819321449939347,
    -0.7823747263686183,
    -0.7832101092929478,
    -0.7841801603727149
  ],
  "final_params": [
    3.211768162781965
  ],
  "final_state_real": [
    [
      0.0007338409852999865,
      0.0,
      0.0,
      0.0,
      -0.0007997762856592236,
      0.0,
      0.0,
      0.0,
      0.0007997762856592237,
      0.0,
      0.0,
      0.0,
      0.0010435553565659157,
      0.0,
      0.0,
      0.0
    ],
    [
      0.0,
      2.0105232473987094e-05,
      0.0,
      0.0,
      0.0,
      -2.191167905917301e-05,
      0.0,
      0.0,
      0.0,
      2.1911679059173012e-05,
      0.0,
      0.0,
      0.0,
      2.8590557714155812e-05,
      0.0,
      0.0
    ],
    [
      0.0,
      0.0,
      2.0105232473987094e-05,
      0.0,
      0.0,
      0.0,
      -2.191167905917301e-05,
      0.0,
      0.0,
      0.0,
      2.1911679059173012e-05,
      0.0,
      0.0,
      0.0,
      2.8590557714155812e-05,
      0.0
    ],
    [
      0.0,
      0.0,
      0.0,
      5.508282869589575e-07,
      0.0,
      0.0,
      0.0,
      -6.003199742243618e-07,
      0.0,
      0.0,
      0.0,
      6.003199742243619e-07,
      0.0,
      0.0,
      0.0,
      7.833029510733409e-07
    ],
    [
      -0.0007997762856592236,
      0.0,
      0.0,
      0.0,
      0.025633271899804955,
      0.0,
      0.0,
      0.0,
      -0.0010435553565659157,
      0.0,
      0.0,
      0.0,
      0.030565498736678836,
      0.0,
      0.0,
      0.0
    ],
    [
      0.0,
      -2.191167905917301e-05,
      0.0,
      0.0,
      0.0,
      0.0007022814219129836,
      0.0,
      0.0,
      0.0,
      -2.8590557714155812e-05,
      0.0,
      0.0,
      0.0,
      0.0008374109242931899,
      0.0,
      0.0
    ],
    [
      0.0,
      0.0,
      -2.191167905917301e-05,
      0.0,
      0.0,
      0.0,
      0.0007022814219129837,
      0.0,
      0.0,
      0.0,
      -2.8590557714155812e-05,
      0.0,
      0.0,
      0.0,
      0.0008374109242931902,
      0.0
    ],
    [
      0.0,
      0.0,
      0.0,
      -6.003199742243618e-07,
      0.0,
      0.0,
      0.0,
      1.9240586901739805e-05,
      0.0,
      0.0,
      0.0,
      -7.833029510733409e-07,
      0.0,
      0.0,
      0.0,
      2.2942765049145456e-05
    ],
    [
      0.0007997762856592237,
      0.0,
      0.0,
      0.0,
      -0.0010435553565659157,
      0.0,
      0.0,
      0.0,
      0.02563327189980496,
      0.0,
      0.0,
      0.0,
      -0.03056549873667883,
      0.0,
      0.0,
      0.0
    ],
    [
      0.0,
      2.1911679059173012e-05,
      0.0,
      0.0,
      0.0,
      -2.8590557714155812e-05,
      0.0,
      0.0,
      0.0,
      0.0007022814219129837,
      0.0,
      0.0,
      0.0,
      -0.0008374109242931897,
      0.0,
      0.0
    ],
    [
      0.0,
      0.0,
      2.1911679059173012e-05,
      0.0,
      0.0,
      0.0,
      -2.8590557714155812e-05,
      0.0,
      0.0,
      0.0,
      0.0007022814219129837,
      0.0,
      0.0,
      0.0,
      -0.00083741092429319,
      0.0
    ],
    [
      0.0,
      0.0,
      0.0,
      6.003199742243619e-07,
      0.0,
      0.0,
      0.0,
      -7.833029510733409e-07,
      0.0,
      0.0,
      0.0,
      1.9240586901739805e-05,
      0.0,
      0.0,
      0.0,
      -2.2942765049145452e-05
    ],
    [
      0.0010435553565659157,
      0.0,
      0.0,
      0.0,
      0.030565498736678836,
      0.0,
      0.0,
      0.0,
      -0.03056549873667883,
      0.0,
      0.0,
      0.0,
      0.8953773929930195,
      0.0,
      0.0,
      0.0
    ],
    [
      0.0,
      2.8590557714155812e-05,
      0.0,
      0.0,
      0.0,
      0.0008374109242931899,
      0.0,
      0.0,
      0.0,
      -0.0008374109242931897,
      0.0,
      0.0,
      0.0,
      0.024530887479278944,
      0.0,
      0.0
    ],
    [
      0.0,
      0.0,
      2.8590557714155812e-05,
      0.0,
      0.0,
      0.0,
      0.0008374109242931902,
      0.0,
      0.0,
      0.0,
      -0.00083741092429319,
      0.0,
      0.0,
      0.0,
      0.024530887479278937,
      0.0
    ],
    [
      0.0,
      0.0,
      0.0,
      7.833029510733409e-07,
      0.0,
      0.0,
      0.0,
      2.2942765049145456e-05,
      0.0,
      0.0,
      0.0,
      -2.2942765049145452e-05,
      0.0,
      0.0,
      0.0,
      0.0006720791090218375
    ]
  ],