{
  "config": {
    "symbols": [
      "H",
      "H"
    ],
    "geometry": [
      [
        0.0,
        0.0,
        0.0
      ],
      [
        0.0,
        0.0,
        0.7414
      ]
    ],
    "basis": "STO-3G",
    "ansatz": "TwoQubit-RY-CNOT",
    "optimizer": {
      "name": "Adam",
      "stepsize": 0.1,
      "iterations_planned": 50
    },
    "seed": 2,
    "noisy": true,
    "depolarizing_prob": 0.08,
    "amplitude_damping_prob": 0.0
  },
  "energies": [
    1.190255839695703,
    1.190255839695703,
    1.1828255327491168,
    1.168051676593479,
    1.1436109587269496,
    1.1092700794754788,
    1.0650090760144066,
    1.0109945264886786,
    0.9475871393402268,
    0.8753493435334163,
    0.795047352723973,
    0.7076458391567799,
    0.6142940711778154,
    0.516302813873998,
    0.4151118467130679,
    0.3122486627372635,
    0.20927975605501747,
    0.10775680893163977,
    0.00916094430902653,
    -0.08515113474143898,
    -0.17399500835608564,
    -0.2563965222060454,
    -0.33161682320474006,
    -0.39916274855139644,
    -0.4587825856438094,
    -0.5104489702283462,
    -0.5543321031897062,
    -0.5907672363746788,
    -0.620220371335323,
    -0.6432554060217996,
    -0.6605048128646384,
    -0.672644675406165,
    -0.6803738612617942,
    -0.6843964617611861,
    -0.6854064361605885,
    -0.6840735858891387,
    -0.6810304021105378,
    -0.6768598066741476,
    -0.6720841973429441,
    -0.6671564233707422,
    -0.6624533313756152,
    -0.6582723634175968,
    -0.654831423196735,
    -0.652271926816343,
    -0.6506646851486738,
    -0.6500180664895598,
    -0.6502877769729865,
    -0.6513875688319867,
    -0.6532002241608418,
    -0.655588245685671,
    -0.6584037936931761
  ],
  "final_params": [
    3.4140082950016786
  ],
  "final_state_real": [
    [
      0.004366804707349207,
      0.0,
      0.0,
      0.0,
      -0.00375829379600198,
      0.0,
      0.0,
      0.0,
      0.003758293796001982,
      0.0,
      0.0,
      0.0,
      0.012943615359570892,
      0.0,
      0.0,
      0.0
    ],
    [
      0.0,
      0.00024601716661131227,
      0.0,
      0.0,
      0.0,
      -0.00021173486174666729,
      0.0,
      0.0,
      0.0,
      0.00021173486174666742,
      0.0,
      0.0,
      0.0,
      0.0007292177667366532,
      0.0,
      0.0
    ],
    [
      0.0,
      0.0,
      0.0002460171666113122,
      0.0,
      0.0,
      0.0,
      -0.00021173486174666723,
      0.0,
      0.0,
      0.0,
      0.00021173486174666734,
      0.0,
      0.0,
      0.0,
      0.0007292177667366532,
      0.0
    ],
    [
      0.0,
      0.0,
      0.0,
      1.386012206261417e-05,
      0.0,
      0.0,
      0.0,
      -1.1928724605450373e-05,
      0.0,
      0.0,
      0.0,
      1.192872460545038e-05,
      0.0,
      0.0,
      0.0,
      4.1082691083770035e-05
    ],
    [
      -0.00375829379600198,
      0.0,
      0.0,
      0.0,
      0.058190635606512595,
      0.0,
      0.0,
      0.0,
      -0.012943615359570892,
      0.0,
      0.0,
      0.0,
      0.09997232782628206,
      0.0,
      0.0,
      0.0
    ],
    [
      0.0,
      -0.00021173486174666729,
      0.0,
      0.0,
      0.0,
      0.003278345667973731,
      0.0,
      0.0,
      0.0,
      -0.0007292177667366532,
      0.0,
      0.0,
      0.0,
      0.005632243821201035,
      0.0,
      0.0
    ],
    [
      0.0,
      0.0,
      -0.00021173486174666723,
      0.0,
      0.0,
      0.0,
      0.0032783456679737304,
      0.0,
      0.0,
      0.0,
      -0.0007292177667366532,
      0.0,
      0.0,
      0.0,
      0.005632243821201036,
      0.0
    ],
    [
      0.0,
      0.0,
      0.0,
      -1.1928724605450373e-05,
      0.0,
      0.0,
      0.0,
      0.00018469553059013638,
      0.0,
      0.0,
      0.0,
      -4.1082691083770035e-05,
      0.0,
      0.0,
      0.0,
      0.00031730951105369475
    ],
    [
      0.003758293796001982,
      0.0,
      0.0,
      0.0,
      -0.012943615359570892,
      0.0,
      0.0,
      0.0,
      0.05819063560651257,
      0.0,
      0.0,
      0.0,
      -0.09997232782628203,
      0.0,
      0.0,
      0.0
    ],
    [
      0.0,
      0.00021173486174666742,
      0.0,
      0.0,
      0.0,
      -0.0007292177667366532,
      0.0,
      0.0,
      0.0,
      0.0032783456679737295,
      0.0,
      0.0,
      0.0,
      -0.005632243821201033,
      0.0,
      0.0
    ],
    [
      0.0,
      0.0,
      0.00021173486174666734,
      0.0,
      0.0,
      0.0,
      -0.0007292177667366532,
      0.0,
      0.0,
      0.0,
      0.003278345667973729,
      0.0,
      0.0,
      0.0,
      -0.005632243821201034,
      0.0
    ],
    [
      0.0,
      0.0,
      0.0,
      1.192872460545038e-05,
      0.0,
      0.0,
      0.0,
      -4.1082691083770035e-05,
      0.0,
      0.0,
      0.0,
      0.00018469553059013627,
      0.0,
      0.0,
      0.0,
      -0.00031730951105369464
    ],
    [
      0.012943615359570892,
      0.0,
      0.0,
      0.0,
      0.09997232782628206,
      0.0,
      0.0,
      0.0,
      -0.09997232782628203,
      0.0,
      0.0,
      0.0,
      0.7754297018575471,
      0.0,
      0.0,
      0.0
    ],
    [
      0.0,
      0.0007292177667366532,
      0.0,
      0.0,
      0.0,
      0.005632243821201035,
      0.0,
      0.0,
      0.0,
      -0.005632243821201033,
      0.0,
      0.0,
      0.0,
      0.04368618038635655,
      0.0,
      0.0
    ],
    [
      0.0,
      0.0,
      0.0007292177667366532,
      0.0,
      0.0,
      0.0,
      0.005632243821201036,
      0.0,
      0.0,
      0.0,
      -0.005632243821201034,
      0.0,
      0.0,
      0.0,
      0.04368618038635654,
      0.0
    ],
    [
      0.0,
      0.0,
      0.0,
      4.1082691083770035e-05,
      0.0,
      0.0,
      0.0,
      0.00031730951105369475,
      0.0,
      0.0,
      0.0,
      -0.00031730951105369464,
      0.0,
      0.0,
      0.0,
      0.002461193261204079
    ]
  ],