{
  "config": {
    "symbols": [
      "H",
      "H"
    ],
    "geometry": [
      [
        0.0,
        0.0,
        0.0
      ],
      [
        0.0,
        0.0,
        0.7414
      ]
    ],
    "basis": "STO-3G",
    "ansatz": "RY-CZ",
    "optimizer": {
      "name": "Adagrad",
      "stepsize": 0.1,
      "iterations_planned": 50
    },
    "seed": 1,
    "noisy": true,
    "depolarizing_prob": 0.1,
    "amplitude_damping_prob": 0.0
  },
  "energies": [
    1.1542954020821674,
    1.1542954020821674,
    1.1475869451389666,
    1.1292218245154555,
    1.1035573360166662,
    1.0738879811761166,
    1.0420603266628858,
    1.0091242071123057,
    0.9757137183296392,
    0.9422120850561841,
    0.908862832816156,
    0.8758238262872701,
    0.8432363534343006,
    0.8111947016981595,
    0.7797517277276987,
    0.748944084448929,
    0.7188061362616462,
    0.6893821305752912,
    0.6606161273091677,
    0.6324393071737661,
    0.6049228787573776,
    0.5780879266468251,
    0.5519216856989478,
    0.5264071497466641,
    0.501529055295751,
    0.47727310397998157,
    0.45362518953323766,
    0.43057113891493826,
    0.40809670126897574,
    0.3861876334057984,
    0.3648298205857218,
    0.344009402590975,
    0.3237128478497799,
    0.3039268123087656,
    0.28463749807014244,
    0.26582946852414435,
    0.24748514828015705,
    0.22958711024522965,
    0.2121218551695221,
    0.19508017510613418,
    0.1784539271988465,
    0.16223365368702602,
    0.14640852446830355,
    0.1309671601844191,
    0.11589825695095626,
    0.10119085833510638,
    0.0868344234883434,
    0.0728188159886306,
    0.05913427378985042,
    0.04577137983505328,
    0.03272103868046582
  ],
  "final_params": [
    -1.686000001096033,
    1.685381634590183,
    -0.0039054978521089224,
    0.0038856345908944486
  ],
  "final_state_real": [
    [
      0.17665116544346593,
      0.000318686728104274,
      -0.0002674893959238737,
      4.82563545951968e-07,
      0.1409482693657372,
      0.0002542773585544779,
      0.0002555770824603327,
      -4.6107316796669026e-07,
      -0.14105346038408667,
      -0.0002544668508964717,
      0.00030627921800266194,
      -5.525422231422712e-07,
      0.16142423673509132,
      0.00029121697420181054,
      0.00029270551280120686,
      -5.280546157322751e-07
    ],
    [
      0.0003186867281042741,
      0.012618603765112061,
      -4.82563545951968e-07,
      -1.910538092244345e-05,
      0.00025427735855447785,
      0.010068262827701069,
      4.6107316796669015e-07,
      1.825454612354447e-05,
      -0.0002544668508964717,
      -0.010075776866891633,
      5.525422231422712e-07,
      2.1875936832405464e-05,
      0.00029121697420181054,
      0.011530908818700393,
      5.280546157322751e-07,
      2.0906437434094528e-05
    ],
    [
      -0.0002674893959238737,
      -4.82563545951968e-07,
      0.012618610564787103,
      2.2762128693194325e-05,
      -0.0002555770824603328,
      -4.6107316796669037e-07,
      0.010067198798866138,
      1.8163633140980083e-05,
      0.00030627921800266194,
      5.525422231422712e-07,
      -0.010075782296336107,
      -1.8175238243251144e-05,
      -0.00029270551280120686,
      -5.280546157322751e-07,
      0.011529690215284301,
      2.0802317256629362e-05
    ],
    [
      4.82563545951968e-07,
      -1.910538092244345e-05,
      2.2762128693194332e-05,
      0.0009013767125938601,
      4.6107316796669026e-07,
      -1.825454612354447e-05,
      1.8163633140980076e-05,
      0.0007191234337378817,
      -5.525422231422712e-07,
      2.1875936832405464e-05,
      -1.8175238243251144e-05,
      -0.0007197365729335417,
      5.280546157322751e-07,
      -2.0906437434094528e-05,
      2.0802317256629362e-05,
      0.000823592598418057
    ],
    [
      0.1409482693657372,
      0.0002542773585544779,
      -0.0002555770824603328,
      4.6107316796669037e-07,
      0.21551050253733256,
      0.0003887907376852844,
      0.000348792142685198,
      -6.292375538589779e-07,
      -0.16142423673509132,
      -0.00029121697420181054,
      0.00029270551280120686,
      -5.280546157322751e-07,
      0.18392631420248495,
      0.0003318114269912772,
      0.00037365385064283134,
      -6.740892531535254e-07
    ],
    [
      0.0002542773585544779,
      0.010068262827701069,
      -4.6107316796669026e-07,
      -1.825454612354447e-05,
      0.0003887907376852844,
      0.0153944166284546,
      6.292375538589779e-07,
      2.4912414661299124e-05,
      -0.00029121697420181054,
      -0.011530908818700393,
      5.280546157322751e-07,
      2.0906437434094528e-05,
      0.0003318114269912772,
      0.013138284568189962,
      6.740892531535254e-07,
      2.6688157581023347e-05
    ],
    [
      0.0002555770824603328,
      4.610731679666906e-07,
      0.010067198798866141,
      1.8163633140980083e-05,
      0.000348792142685198,
      6.292375538589779e-07,
      0.015394424923907288,
      2.776929198952642e-05,
      -0.00029270551280120686,
      -5.280546157322751e-07,
      -0.011529690215284301,
      -2.0802317256629362e-05,
      0.00037365385064283134,
      6.740892531535254e-07,
      0.013138291647900787,
      2.369955739285338e-05
    ],
    [
      -4.6107316796669037e-07,
      1.825454612354447e-05,
      1.8163633140980083e-05,
      0.0007191234337378821,
      -6.292375538589779e-07,
      2.4912414661299124e-05,
      2.776929198952642e-05,
      0.0010996595908036606,
      5.280546157322751e-07,
      -2.0906437434094528e-05,
      -2.0802317256629362e-05,
      -0.000823592598418057,
      -6.740892531535254e-07,
      2.6688157581023347e-05,
      2.369955739285338e-05,
      0.0009384987415121149
    ],
    [
      -0.14105346038408667,
      -0.0002544668508964717,
      0.00030627921800266194,
      -5.525422231422712e-07,
      -0.16142423673509132,
      -0.00029121697420181054,
      -0.00029270551280120686,
      5.280546157322751e-07,
      0.21574238382724858,
      0.00038920906206716115,
      -0.00032668224848817016,
      5.893502569906676e-07,
      -0.18405451994728828,
      -0.00033204307773916983,
      -0.0003337402965885577,
      6.020833102283816e-07
    ],
    [
      -0.0002544668508964717,
      -0.010075776866891633,
      5.525422231422712e-07,
      2.1875936832405464e-05,
      -0.00029121697420181054,
      -0.011530908818700393,
      -5.280546157322751e-07,
      -2.0906437434094528e-05,
      0.00038920906206716126,
      0.015410980448515722,
      -5.893502569906676e-07,
      -2.333321953346925e-05,
      -0.0003320430777391698,
      -0.013147442602839909,
      -6.020833102283816e-07,
      -2.38373393213251e-05
    ],
    [
      0.00030627921800266194,
      5.525422231422712e-07,
      -0.010075782296336107,
      -1.8175238243251144e-05,
      0.00029270551280120686,
      5.280546157322751e-07,
      -0.011529690215284301,
      -2.0802317256629362e-05,
      -0.00032668224848817016,
      -5.893502569906676e-07,
      0.015410988752894011,
      2.7799170715485354e-05,
      0.0003337402965885576,
      6.020833102283815e-07,
      -0.013146053161754153,
      -2.3718622394624526e-05
    ],
    [
      -5.525422231422712e-07,
      2.1875936832405464e-05,
      -1.8175238243251144e-05,
      -0.0007197365729335417,
      -5.280546157322751e-07,
      2.0906437434094528e-05,
      -2.0802317256629362e-05,
      -0.000823592598418057,
      5.893502569906676e-07,
      -2.333321953346925e-05,
      2.779917071548536e-05,
      0.0011008427836475447,
      -6.020833102283815e-07,
      2.383733932132509e-05,
      -2.3718622394624522e-05,
      -0.0009390531645055169
    ],
    [
      0.16142423673509132,
      0.00029121697420181054,
      -0.00029270551280120686,
      5.280546157322751e-07,
      0.18392631420248495,
      0.0003318114269912772,
      0.00037365385064283134,
      -6.740892531535254e-07,
      -0.18405451994728828,
      -0.00033204307773916983,
      0.0003337402965885577,
