{
  "config": {
    "symbols": [
      "H",
      "H"
    ],
    "geometry": [
      [
        0.0,
        0.0,
        0.0
      ],
      [
        0.0,
        0.0,
        0.7414
      ]
    ],
    "basis": "STO-3G",
    "ansatz": "RY-CZ",
    "optimizer": {
      "name": "Momentum",
      "stepsize": 0.1,
      "iterations_planned": 50
    },
    "seed": 0,
    "noisy": true,
    "depolarizing_prob": 0.04,
    "amplitude_damping_prob": 0.0
  },
  "energies": [
    1.2666068557994552,
    1.2666068557994552,
    1.2666003434818571,
    1.2665862853518093,
    1.266561925470341,
    1.266522383658068,
    1.2664597735736935,
    1.2663617009792176,
    1.2662088671476663,
    1.2659713217649422,
    1.265602646503611,
    1.2650309554357255,
    1.2641450013841609,
    1.2627727835979519,
    1.260648733667745,
    1.25736367537748,
    1.252289215212842,
    1.2444651713895292,
    1.2324359640818705,
    1.2140223297186044,
    1.186025381662598,
    1.1438968201716546,
    1.0815024204066432,
    0.9912995014756383,
    0.8655603955290841,
    0.6995453250964988,
    0.49712650976541384,
    0.27712668092479303,
    0.07448538018293167,
    -0.07091682592095824,
    -0.13554663853043822,
    -0.12682709791902408,
    -0.07707433702860414,
    -0.024195302715710437,
    0.00341440825070749,
    -0.008940266645490608,
    -0.06447895134573559,
    -0.15805780937610736,
    -0.2783450189675668,
    -0.40985753990014584,
    -0.5358952258592857,
    -0.6421477595134991,
    -0.7195872474649547,
    -0.7654349403397345,
    -0.7822176027667957,
    -0.7758822970494083,
    -0.7539376000611527,
    -0.7240542524034211,
    -0.6931247827491712,
    -0.666658211127483,
    -0.6484353354910278
  ],
  "final_params": [
    2.7084217788092846,
    3.9549580031547276,
    0.0013522091684950097,
    0.0002681271816285908
  ],
  "final_state_real": [
    [
      0.011655240805542331,
      1.5197339953310393e-06,
      5.691640114653227e-06,
      -7.421364638377417e-10,
      -0.006358085725524906,
      -8.290347378977406e-07,
      4.180958141891453e-06,
      -5.451577099698586e-10,
      0.024432759036505637,
      3.185802432314612e-06,
      2.1634914842216196e-05,
      -2.820989885691542e-09,
      0.06473606318124132,
      8.44097539555607e-06,
      -4.256922320896605e-05,
      5.55062726107489e-09
    ],
    [
      1.5197339953310393e-06,
      0.00031932187522845353,
      7.421364638377419e-10,
      1.5593524338772444e-07,
      -8.290347378977401e-07,
      -0.00017419424365496013,
      5.451577099698586e-10,
      1.1454672331991838e-07,
      3.185802432314612e-06,
      0.0006693910973363961,
      2.820989885691542e-09,
      5.927370043844065e-07,
      8.44097539555607e-06,
      0.0017735919347210561,
      -5.5506272610748894e-09,
      -1.1662793233933983e-06
    ],
    [
      5.691640114653227e-06,
      7.421364638377417e-10,
      0.0003193269897214283,
      4.1635853641679536e-08,
      -4.180958141891453e-06,
      -5.451577099698586e-10,
      -0.00017419122525553737,
      -2.271365917223196e-08,
      2.1634914842216193e-05,
      2.820989885691542e-09,
      0.0006694018187943678,
      8.728080322653077e-08,
      4.256922320896605e-05,
      5.55062726107489e-09,
      0.001773561202311306,
      2.3126345550010626e-07
    ],
    [
      -7.421364638377419e-10,
      1.5593524338772444e-07,
      4.1635853641679536e-08,
      8.748690384879514e-06,
      5.451577099698586e-10,
      -1.1454672331991838e-07,
      -2.2713659172231945e-08,
      -4.7723654641687115e-06,
      -2.8209898856915416e-09,
      5.927370043844062e-07,
      8.728080322653077e-08,
      1.8339787879552837e-05,
      -5.5506272610748894e-09,
      1.1662793233933983e-06,
      2.3126345550010626e-07,
      4.859074972395e-05
    ],
    [
      -0.0063580857255249035,
      -8.290347378977402e-07,
      -4.180958141891453e-06,
      5.451577099698586e-10,
      0.055025010474139525,
      7.17474485565596e-06,
      -3.581750055561399e-05,
      4.670265981402311e-09,
      -0.06473606318124132,
      -8.44097539555607e-06,
      -4.256922320896605e-05,
      5.55062726107489e-09,
      -0.15375539259979046,
      -2.0048259919971622e-05,
      0.00010213958129753709,
      -1.3318042981471964e-08
    ],
    [
      -8.290347378977399e-07,
      -0.00017419424365496008,
      -5.451577099698586e-10,
      -1.1454672331991838e-07,
      7.17474485565596e-06,
      0.001507535521763932,
      -4.670265981402311e-09,
      -9.813007418196383e-07,
      -8.44097539555607e-06,
      -0.0017735919347210561,
      -5.5506272610748894e-09,
      -1.1662793233933983e-06,
      -2.0048259919971622e-05,
      -0.004212479270964973,
      1.3318042981471964e-08,
      2.7983428587037605e-06
    ],
    [
      4.180958141891453e-06,
      5.451577099698586e-10,
      -0.0001741912252555373,
      -2.2713659172231945e-08,
      -3.581750055561399e-05,
      -4.670265981402311e-09,
      0.0015075596675567296,
      1.9656507496985613e-07,
      4.256922320896605e-05,
      5.55062726107489e-09,
      -0.001773561202311306,
      -2.3126345550010626e-07,
      0.00010213958129753709,
      1.3318042981471964e-08,
      -0.00421254674111753,
      -5.492582375354852e-07
    ],
    [
      -5.451577099698586e-10,
      1.1454672331991838e-07,
      -2.2713659172231935e-08,
      -4.77236546416871e-06,
      4.670265981402311e-09,
      -9.813007418196383e-07,
      1.9656507496985613e-07,
      4.13030316657279e-05,
      -5.5506272610748894e-09,
      1.1662793233933983e-06,
      -2.3126345550010626e-07,
      -4.859074972395e-05,
      -1.3318042981471964e-08,
      2.7983428587037605e-06,
      -5.492582375354852e-07,
      -0.00011541231513822582
    ],
    [
      0.024432759036505637,
      3.185802432314612e-06,
      2.1634914842216196e-05,
      -2.820989885691542e-09,
      -0.06473606318124132,
      -8.44097539555607e-06,
      4.256922320896605e-05,
      -5.55062726107489e-09,
      0.15393968152495102,
      2.0072289465924585e-05,
      7.517384507300056e-05,
      -9.801964008921169e-09,
      0.3020918084028166,
      3.93899381058766e-05,
      -0.00019864991767411206,
      2.590208524688252e-08
    ],
    [
      3.185802432314612e-06,
      0.0006693910973363961,
      2.820989885691542e-09,
      5.927370043844065e-07,
      -8.44097539555607e-06,
      -0.0017735919347210561,
      5.5506272610748894e-09,
      1.1662793233933983e-06,
      2.0072289465924585e-05,
      0.00421752828592296,
      9.801964008921169e-09,
      2.059556049172942e-06,
      3.938993810587661e-05,
      0.00827649332688785,
      -2.590208524688252e-08,
      -5.442459930260607e-06
    ],
    [
      2.1634914842216193e-05,
      2.820989885691542e-09,
      0.0006694018187943678,
      8.728080322653077e-08,
      -4.256922320896605e-05,
      -5.55062726107489e-09,
      -0.001773561202311306,
      -2.3126345550010626e-07,
      7.517384507300056e-05,
      9.801964008921169e-09,
      0.004217595836944238,
      5.499165702841423e-07,
      0.00019864991767411206,
      2.590208524688252e-08,
      0.008276349913637463,
      1.0791943787795178e-06
    ],
    [
      -2.8209898856915416e-09,
      5.927370043844062e-07,
      8.728080322653077e-08,
      1.8339787879552837e-05,
      5.5506272610748894e-09,
      -1.1662793233933983e-06,
      -2.3126345550010626e-07,
      -4.859074972395e-05,
      -9.801964008921169e-09,
      2.059556049172942e-06,
      5.499165702841423e-07,
      0.000115550646621418,
      -2.590208524688252e-08,
      5.442459930260607e-06,
      1.079194378779518e-06,
      0.00022674946134213235
    ],
    [
      0.06473606318124132,
      8.44097539555607e-06,
      4.256922320896605e-05,
      -5.55062726107489e-09,
      -0.15375539259979046,
      -2.0048259919971622e-05,
      0.00010213958129753709,
      -1.3318042981471964e-08,
      0.30209180840281663,
      3.9389938105876616e-05,
      0.00019864991767411212,
