{
  "config": {
    "symbols": [
      "H",
      "H"
    ],
    "geometry": [
      [
        0.0,
        0.0,
        0.0
      ],
      [
        0.0,
        0.0,
        0.7414
      ]
    ],
    "basis": "STO-3G",
    "ansatz": "TwoQubit-RY-CNOT",
    "optimizer": {
      "name": "Momentum",
      "stepsize": 0.1,
      "iterations_planned": 50
    },
    "seed": 1,
    "noisy": true,
    "depolarizing_prob": 0.04,
    "amplitude_damping_prob": 0.0
  },
  "energies": [
    1.266643860460939,
    1.266643860460939,
    1.2666399778298614,
    1.2666305492222039,
    1.2666112978892987,
    1.266573542914166,
    1.2665003975566809,
    1.2663593106695623,
    1.2660876713715243,
    1.2655651404961732,
    1.2645605797755861,
    1.2626305296506752,
    1.258925951507928,
    1.2518278119694441,
    1.2382726078804598,
    1.2125499910789148,
    1.1643230492441343,
    1.075934930929014,
    0.9206246021555293,
    0.6676172240757735,
    0.3052525659946669,
    -0.11931745215820966,
    -0.49527310061998886,
    -0.7243882547866553,
    -0.7854004493933444,
    -0.7108623501427277,
    -0.5563564719141572,
    -0.38959221518250803,
    -0.2689498340473229,
    -0.22530698888718623,
    -0.26221111412961506,
    -0.363128192942929,
    -0.49745677973735836,
    -0.6288720976311348,
    -0.727461525552556,
    -0.778519353704915,
    -0.7828483973097095,
    -0.752213911817125,
    -0.7044328657765183,
    -0.658393547530032,
    -0.6289939273854502,
    -0.6236540927112172,
    -0.6416090219462978,
    -0.6756800252701162,
    -0.7155048569510788,
    -0.7510643532405017,
    -0.7753767089318462,
    -0.7856911973868337,
    -0.7832638165889543,
    -0.7722274703591159,
    -0.7580401768112406
  ],
  "final_params": [
    -3.4812159454136213
  ],
  "final_state_real": [
    [
      0.0027322856805846126,
      0.0,
      0.0,
      0.0,
      -0.00028281842793884045,
      0.0,
      0.0,
      0.0,
      0.0002828184279388391,
      0.0,
      0.0,
      0.0,
      0.023555367365481493,
      0.0,
      0.0,
      0.0
    ],
    [
      0.0,
      7.485714193388033e-05,
      0.0,
      0.0,
      0.0,
      -7.748450080521905e-06,
      0.0,
      0.0,
      0.0,
      7.748450080521866e-06,
      0.0,
      0.0,
      0.0,
      0.0006453525305616138,
      0.0,
      0.0
    ],
    [
      0.0,
      0.0,
      7.485714193388036e-05,
      0.0,
      0.0,
      0.0,
      -7.748450080521907e-06,
      0.0,
      0.0,
      0.0,
      7.748450080521868e-06,
      0.0,
      0.0,
      0.0,
      0.000645352530561614,
      0.0
    ],
    [
      0.0,
      0.0,
      0.0,
      2.050880600929745e-06,
      0.0,
      0.0,
      0.0,
      -2.1228630357609957e-07,
      0.0,
      0.0,
      0.0,
      2.1228630357609846e-07,
      0.0,
      0.0,
      0.0,
      1.768089124827646e-05
    ],
    [
      -0.00028281842793884045,
      0.0,
      0.0,
      0.0,
      0.04814508390872006,
      0.0,
      0.0,
      0.0,
      -0.023555367365481493,
      0.0,
      0.0,
      0.0,
      -0.14113483380507058,
      0.0,
      0.0,
      0.0
    ],
    [
      0.0,
      -7.748450080521905e-06,
      0.0,
      0.0,
      0.0,
      0.0013190433947604288,
      0.0,
      0.0,
      0.0,
      -0.0006453525305616138,
      0.0,
      0.0,
      0.0,
      -0.0038667077754842446,
      0.0,
      0.0
    ],
    [
      0.0,
      0.0,
      -7.748450080521907e-06,
      0.0,
      0.0,
      0.0,
      0.0013190433947604292,
      0.0,
      0.0,
      0.0,
      -0.000645352530561614,
      0.0,
      0.0,
      0.0,
      -0.0038667077754842437,
      0.0
    ],
    [
      0.0,
      0.0,
      0.0,
      -2.1228630357609957e-07,
      0.0,
      0.0,
      0.0,
      3.613817519894258e-05,
      0.0,
      0.0,
      0.0,
      -1.768089124827646e-05,
      0.0,
      0.0,
      0.0,
      -0.00010593719932841376
    ],
    [
      0.0002828184279388391,
      0.0,
      0.0,
      0.0,
      -0.023555367365481493,
      0.0,
      0.0,
      0.0,
      0.04814508390872006,
      0.0,
      0.0,
      0.0,
      0.14113483380507064,
      0.0,
      0.0,
      0.0
    ],
    [
      0.0,
      7.748450080521866e-06,
      0.0,
      0.0,
      0.0,
      -0.0006453525305616138,
      0.0,
      0.0,
      0.0,
      0.0013190433947604288,
      0.0,
      0.0,
      0.0,
      0.0038667077754842463,
      0.0,
      0.0
    ],
    [
      0.0,
      0.0,
      7.748450080521868e-06,
      0.0,
      0.0,
      0.0,
      -0.000645352530561614,
      0.0,
      0.0,
      0.0,
      0.0013190433947604292,
      0.0,
      0.0,
      0.0,
      0.0038667077754842437,
      0.0
    ],
    [
      0.0,
      0.0,
      0.0,
      2.1228630357609846e-07,
      0.0,
      0.0,
      0.0,
      -1.768089124827646e-05,
      0.0,
      0.0,
      0.0,
      3.613817519894258e-05,
      0.0,
      0.0,
      0.0,
      0.00010593719932841376
    ],
    [
      0.023555367365481493,
      0.0,
      0.0,
      0.0,
      -0.14113483380507058,
      0.0,
      0.0,
      0.0,
      0.14113483380507064,
      0.0,
      0.0,
      0.0,
      0.8483553242799031,
      0.0,
      0.0,
      0.0
    ],
    [
      0.0,
      0.0006453525305616138,
      0.0,
      0.0,
      0.0,
      -0.0038667077754842446,
      0.0,
      0.0,
      0.0,
      0.0038667077754842463,
      0.0,
      0.0,
      0.0,
      0.023242611624124117,
      0.0,
      0.0
    ],
    [
      0.0,
      0.0,
      0.000645352530561614,
      0.0,
      0.0,
      0.0,
      -0.0038667077754842437,
      0.0,
      0.0,
      0.0,
      0.0038667077754842437,
      0.0,
      0.0,
      0.0,
      0.02324261162412412,
      0.0
    ],
    [
      0.0,
      0.0,
      0.0,
      1.768089124827646e-05,
      0.0,
      0.0,
      0.0,
      -0.00010593719932841376,
      0.0,
      0.0,
      0.0,
      0.00010593719932841376,
      0.0,
      0.0,
      0.0,
      0.0006367838801134603
    ]
  ],