{
  "config": {
    "symbols": [
      "H",
      "H"
    ],
    "geometry": [
      [
        0.0,
        0.0,
        0.0
      ],
      [
        0.0,
        0.0,
        0.7414
      ]
    ],
    "basis": "STO-3G",
    "ansatz": "TwoQubit-RY-CNOT",
    "optimizer": {
      "name": "Adam",
      "stepsize": 0.1,
      "iterations_planned": 50
    },
    "seed": 1,
    "noisy": true,
    "depolarizing_prob": 0.0,
    "amplitude_damping_prob": 0.0
  },
  "energies": [
    1.3487169547514273,
    1.3487169547514273,
    1.3397269872290172,
    1.3218592318434996,
    1.2923256886323784,
    1.2508516437146358,
    1.1974229779814853,
    1.1322538757429779,
    1.0557959326512536,
    0.9687470661505855,
    0.872053501254964,
    0.7669025357255449,
    0.6547046736421853,
    0.5370642804810506,
    0.4157386182009918,
    0.2925860238802372,
    0.16950506758289968,
    0.04836767462311026,
    -0.06904972212905008,
    -0.181132118246267,
    -0.286483748714627,
    -0.38397290512716165,
    -0.47276000608231616,
    -0.5523069843295131,
    -0.6223683034366444,
    -0.6829661661489411,
    -0.7343542412660967,
    -0.7769751294402425,
    -0.8114166598330821,
    -0.8383710891453233,
    -0.8585997192137351,
    -0.8729038047687085,
    -0.8821012785250851,
    -0.8870080065219463,
    -0.888422050167149,
    -0.8871096478067152,
    -0.8837921490973899,
    -0.8791337343812461,
    -0.873730257438502,
    -0.8680998577473316,
    -0.862676063715747,
    -0.857803979095565,
    -0.8537398786141611,
    -0.8506542163463144,
    -0.8486377457322087,
    -0.8477102115133793,
    -0.8478309273563662,
    -0.8489104973965624,
    -0.8508229617211553,
    -0.8534177237412474,
    -0.8565307279651111
  ],
  "final_params": [
    -3.4166113142442187
  ],
  "final_state_real": [
    [
      0.00035306165322569695,
      0.0,
      0.0,
      0.0,
      -0.0025513433610074056,
      0.0,
      0.0,
      0.0,
      0.0025513433610074056,
      0.0,
      0.0,
      0.0,
      0.018436873238216564,
      0.0,
      0.0,
      0.0
    ],
    [
      0.0,
      7.061233064513866e-18,
      0.0,
      0.0,
      0.0,
      -5.102686722014758e-17,
      0.0,
      0.0,
      0.0,
      5.102686722014758e-17,
      0.0,
      0.0,
      0.0,
      3.687374647643276e-16,
      0.0,
      0.0
    ],
    [
      0.0,
      0.0,
      7.061233064513866e-18,
      0.0,
      0.0,
      0.0,
      -5.102686722014757e-17,
      0.0,
      0.0,
      0.0,
      5.102686722014757e-17,
      0.0,
      0.0,
      0.0,
      3.6873746476432767e-16,
      0.0
    ],
    [
      0.0,
      0.0,
      0.0,
      1.4122466129027595e-31,
      0.0,
      0.0,
      0.0,
      -1.020537344402941e-30,
      0.0,
      0.0,
      0.0,
      1.020537344402941e-30,
      0.0,
      0.0,
      0.0,
      7.374749295286478e-30
    ],
    [
      -0.0025513433610074056,
      0.0,
      0.0,
      0.0,
      0.01843687323824619,
      0.0,
      0.0,
      0.0,
      -0.018436873238216567,
      0.0,
      0.0,
      0.0,
      -0.13323110483542644,
      0.0,
      0.0,
      0.0
    ],
    [
      0.0,
      -5.102686722014758e-17,
      0.0,
      0.0,
      0.0,
      3.687374647649201e-16,
      0.0,
      0.0,
      0.0,
      -3.6873746476432767e-16,
      0.0,
      0.0,
      0.0,
      -2.6646220967085026e-15,
      0.0,
      0.0
    ],
    [
      0.0,
      0.0,
      -5.102686722014757e-17,
      0.0,
      0.0,
      0.0,
      3.6873746476492016e-16,
      0.0,
      0.0,
      0.0,
      -3.6873746476432777e-16,
      0.0,
      0.0,
      0.0,
      -2.664622096708503e-15,
      0.0
    ],
    [
      0.0,
      0.0,
      0.0,
      -1.020537344402941e-30,
      0.0,
      0.0,
      0.0,
      7.374749295298329e-30,
      0.0,
      0.0,
      0.0,
      -7.374749295286481e-30,
      0.0,
      0.0,
      0.0,
      -5.329244193416951e-29
    ],
    [
      0.0025513433610074056,
      0.0,
      0.0,
      0.0,
      -0.018436873238216564,
      0.0,
      0.0,
      0.0,
      0.018436873238246193,
      0.0,
      0.0,
      0.0,
      0.13323110483542644,
      0.0,
      0.0,
      0.0
    ],
    [
      0.0,
      5.102686722014758e-17,
      0.0,
      0.0,
      0.0,
      -3.687374647643276e-16,
      0.0,
      0.0,
      0.0,
      3.687374647649202e-16,
      0.0,
      0.0,
      0.0,
      2.6646220967085026e-15,
      0.0,
      0.0
    ],
    [
      0.0,
      0.0,
      5.102686722014757e-17,
      0.0,
      0.0,
      0.0,
      -3.6873746476432767e-16,
      0.0,
      0.0,
      0.0,
      3.6873746476492025e-16,
      0.0,
      0.0,
      0.0,
      2.664622096708503e-15,
      0.0
    ],
    [
      0.0,
      0.0,
      0.0,
      1.020537344402941e-30,
      0.0,
      0.0,
      0.0,
      -7.374749295286478e-30,
      0.0,
      0.0,
      0.0,
      7.37474929529833e-30,
      0.0,
      0.0,
      0.0,
      5.329244193416951e-29
    ],
    [
      0.018436873238216567,
      0.0,
      0.0,
      0.0,
      -0.13323110483542644,
      0.0,
      0.0,
      0.0,
      0.13323110483542644,
      0.0,
      0.0,
      0.0,
      0.9627731918704396,
      0.0,
      0.0,
      0.0
    ],
    [
      0.0,
      3.6873746476432767e-16,
      0.0,
      0.0,
      0.0,
      -2.6646220967085026e-15,
      0.0,
      0.0,
      0.0,
      2.6646220967085026e-15,
      0.0,
      0.0,
      0.0,
      1.92554638374086e-14,
      0.0,
      0.0
    ],
    [
      0.0,
      0.0,
      3.6873746476432777e-16,
      0.0,
      0.0,
      0.0,
      -2.664622096708503e-15,
      0.0,
      0.0,
      0.0,
      2.664622096708503e-15,
      0.0,
      0.0,
      0.0,
      1.9255463837408602e-14,
      0.0
    ],
    [
      0.0,
      0.0,
      0.0,
      7.374749295286481e-30,
      0.0,
      0.0,
      0.0,
      -5.329244193416951e-29,
      0.0,
      0.0,
      0.0,
      5.329244193416951e-29,
      0.0,
      0.0,
      0.0,
      3.8510927674816816e-28
    ]
  ],