{
  "config": {
    "symbols": [
      "H",
      "H"
    ],
    "geometry": [
      [
        0.0,
        0.0,
        0.0
      ],
      [
        0.0,
        0.0,
        0.7414
      ]
    ],
    "basis": "STO-3G",
    "ansatz": "RY-CZ",
    "optimizer": {
      "name": "GradientDescent",
      "stepsize": 0.1,
      "iterations_planned": 50
    },
    "seed": 9,
    "noisy": true,
    "depolarizing_prob": 0.06,
    "amplitude_damping_prob": 0.0
  },
  "energies": [
    1.2277608867716876,
    1.2277608867716876,
    1.2277605472537048,
    1.227760162530071,
    1.227759726562782,
    1.2277592325037068,
    1.2277586725953245,
    1.2277580380402935,
    1.2277573188695283,
    1.2277565037753093,
    1.2277555799457431,
    1.2277545328552602,
    1.2277533460355137,
    1.2277520008242522,
    1.2277504760618345,
    1.2277487477645102,
    1.2277467887447933,
    1.227744568175952,
    1.227742051122749,
    1.2277391979805259,
    1.2277359638563068,
    1.2277322978610856,
    1.2277281422896027,
    1.2277234317631764,
    1.227718092143332,
    1.2277120394079024,
    1.227705178286096,
    1.2276974008189558,
    1.2276885845966805,
    1.2276785908975494,
    1.2276672624502756,
    1.227654420975163,
    1.227639864418618,
    1.2276233637349347,
    1.2276046592749492,
    1.227583456778374,
    1.2275594226706512,
    1.22753217887776,
    1.227501296860054,
    1.2274662908892136,
    1.2274266104755174,
    1.227381631714961,
    1.227330647455447,
    1.2272728563110495,
    1.2272073500291303,
    1.22713309943234,
    1.2270489382128176,
    1.2269535447958435,
    1.226845421734719,
    1.2267228724252621,
    1.2265839747049683
  ],
  "final_params": [
    -0.0495508916048465,
    -0.040965003916220634,
    -0.009647195446794814,
    0.002379252173469981
  ],
  "final_state_real": [
    [
      0.8484857333497623,
      0.0009673217545267017,
      -0.003922111434004332,
      4.47143819677557e-06,
      -0.016656134661831995,
      -1.898900977567264e-05,
      -7.699555207033006e-05,
      8.777946733593903e-08,
      -0.020148614590230967,
      -2.2970560907086337e-05,
      9.314315598015751e-05,
      -1.0618868750312029e-07,
      -0.0003955599199490098,
      -4.509624435246894e-07,
      -1.8285367542783607e-06,
      2.084639670459515e-09
    ],
    [
      0.0009673217545267017,
      0.03535477092497357,
      -4.471438196775569e-06,
      -0.00016341576876897546,
      -1.898900977567264e-05,
      -0.0006940291419394288,
      -8.777946733593903e-08,
      -3.208039227105441e-06,
      -2.2970560907086337e-05,
      -0.0008395540729729064,
      1.0618868750312029e-07,
      3.880833244078915e-06,
      -4.509624435246894e-07,
      -1.6482222160279115e-05,
      -2.084639670459515e-09,
      -7.618644815444464e-08
    ],
    [
      -0.003922111434004332,
      -4.47143819677557e-06,
      0.03537328003371946,
      4.028260504209991e-05,
      7.699555207033005e-05,
      8.777946733593902e-08,
      -0.0006936187374788209,
      -7.916497991145545e-07,
      9.314315598015749e-05,
      1.0618868750312029e-07,
      -0.0008399936005735142,
      -9.565731653253297e-07,
      1.8285367542783607e-06,
      2.084639670459515e-09,
      -1.647247562791246e-05,
      -1.8800576335575824e-08
    ],
    [
      4.471438196775569e-06,
      -0.00016341576876897546,
      4.028260504209991e-05,
      0.0014739366418333939,
      -8.777946733593902e-08,
      3.208039227105441e-06,
      -7.916497991145545e-07,
      -2.8901760641300434e-05,
      -1.0618868750312029e-07,
      3.880833244078914e-06,
      -9.5657316532533e-07,
      -3.5000920061997486e-05,
      -2.084639670459515e-09,
      7.618644815444464e-08,
      -1.8800576335575824e-08,
      -6.863764227276488e-07
    ],
    [
      -0.016656134661831995,
      -1.898900977567264e-05,
      7.699555207033006e-05,
      -8.777946733593903e-08,
      0.035709015088145724,
      4.071029808729463e-05,
      -0.0001617782234563202,
      1.844367096501738e-07,
      0.00039555991994900995,
      4.509624435246895e-07,
      -1.8285367542783611e-06,
      2.084639670459516e-09,
      -0.000831084768589994,
      -9.474836699245913e-07,
      3.919983838881938e-06,
      -4.469012612939508e-09
    ],
    [
      -1.898900977567264e-05,
      -0.0006940291419394288,
      8.777946733593903e-08,
      3.208039227105441e-06,
      4.071029808729463e-05,
      0.001487926076745709,
      -1.8443670965017376e-07,
      -6.740530757740952e-06,
      4.509624435246895e-07,
      1.648222216027912e-05,
      -2.0846396704595157e-09,
      -7.618644815444465e-08,
      -9.474836699245913e-07,
      -3.462970614335803e-05,
      4.469012612939508e-09,
      1.6332712197797898e-07
    ],
    [
      -7.699555207033005e-05,
      -8.777946733593902e-08,
      -0.0006936187374788209,
      -7.916497991145545e-07,
      -0.0001617782234563202,
      -1.844367096501738e-07,
      0.0014887050433417244,
      1.695316838810304e-06,
      1.8285367542783611e-06,
      2.084639670459516e-09,
      1.6472475627912466e-05,
      1.8800576335575824e-08,
      3.919983838881937e-06,
      4.469012612939508e-09,
      -3.464783566251701e-05,
      -3.945647896452649e-08
    ],
    [
      8.777946733593902e-08,
      -3.208039227105441e-06,
      -7.916497991145545e-07,
      -2.8901760641300434e-05,
      1.8443670965017376e-07,
      -6.740530757740952e-06,
      1.695316838810304e-06,
      6.203147998070491e-05,
      -2.0846396704595157e-09,
      7.618644815444465e-08,
      1.8800576335575824e-08,
      6.86376422727649e-07,
      -4.469012612939508e-09,
      1.6332712197797895e-07,
      -3.945647896452649e-08,
      -1.4437087681584668e-06
    ],
    [
      -0.020148614590230967,
      -2.2970560907086337e-05,
      9.314315598015751e-05,
      -1.0618868750312029e-07,
      0.0003955599199490098,
      4.509624435246894e-07,
      1.8285367542783607e-06,
      -2.084639670459515e-09,
      0.03587368736157876,
      4.0898033798336356e-05,
      -0.0001658255334774679,
      1.8905088161526648e-07,
      -0.0006837950077428868,
      -7.795680300508363e-07,
      -3.160947914569053e-06,
      3.603666923046057e-09
    ],
    [
      -2.2970560907086337e-05,
      -0.0008395540729729064,
      1.0618868750312029e-07,
      3.880833244078915e-06,
      4.509624435246894e-07,
      1.6482222160279115e-05,
      2.084639670459515e-09,
      7.618644815444464e-08,
      4.0898033798336356e-05,
      0.0014947876541135865,
      -1.8905088161526648e-07,
      -6.909162957432681e-06,
      -7.795680300508363e-07,
      -2.8492424690451125e-05,
      -3.603666923046057e-09,
      -1.3170169746314788e-07
    ],
    [
      9.314315598015749e-05,
      1.0618868750312029e-07,
      -0.0008399936005735142,
      -9.565731653253297e-07,
      -1.8285367542783607e-06,
      -2.084639670459515e-09,
      1.647247562791246e-05,
      1.8800576335575824e-08,
      -0.0001658255334774679,
      -1.8905088161526648e-07,
      0.0014955702129173395,
      1.7031347995506694e-06,
      3.1609479145690525e-06,
      3.6036669230460564e-09,
      -2.8475576092200878e-05,
      -3.25001083087816e-08
    ],
    [
      -1.0618868750312029e-07,
      3.880833244078914e-06,
      -9.5657316532533e-07,
      -3.5000920061997486e-05,
      2.084639670459515e-09,
      -7.618644815444464e-08,
      1.8800576335575824e-08,
      6.863764227276488e-07,
      1.8905088161526648e-07,
      -6.909162957432681e-06,
      1.7031347995506694e-06,
      6.231753841182167e-05,
      -3.6036669230460564e-09,
      1.3170169746314783e-07,
      -3.25001083087816e-08,
      -1.1865225661742685e-06
    ],
    [
      -0.00039555991994900995,
      -4.509624435246895e-07,
      1.8285367542783611e-06,
      -2.084639670459516e-09,
      -0.000831084768589994,
      -9.474836699245913e-07,
      3.919983838881938e-06,
      -4.469012612939508e-09,
      -0.0006837950077428868,
      -7.795680300508363e-07,
