{
  "config": {
    "symbols": [
      "H",
      "H"
    ],
    "geometry": [
      [
        0.0,
        0.0,
        0.0
      ],
      [
        0.0,
        0.0,
        0.7414
      ]
    ],
    "basis": "STO-3G",
    "ansatz": "TwoQubit-RY-CNOT",
    "optimizer": {
      "name": "Adam",
      "stepsize": 0.1,
      "iterations_planned": 50
    },
    "seed": 4,
    "noisy": true,
    "depolarizing_prob": 0.06,
    "amplitude_damping_prob": 0.0
  },
  "energies": [
    1.2277170710988718,
    1.2277170710988718,
    1.2201586425746618,
    1.2050665849459625,
    1.1798466765049245,
    1.1442462316210835,
    1.0982352209872994,
    1.0419795627222672,
    0.9758497105365715,
    0.9004290091619969,
    0.8165161168752538,
    0.7251195936938283,
    0.6274434584031947,
    0.5248629645016604,
    0.41889042145816396,
    0.31113163792027043,
    0.20323445805999485,
    0.09683182808898119,
    -0.006517252617856156,
    -0.10538483185176331,
    -0.19852477117526088,
    -0.28491302255156775,
    -0.363774123258255,
    -0.4345920736134332,
    -0.49710560247780977,
    -0.5512897090998878,
    -0.5973268937534211,
    -0.6355723275269942,
    -0.6665172097602927,
    -0.6907538032218908,
    -0.7089443972134011,
    -0.7217950918604823,
    -0.730034158913318,
    -0.7343940254305434,
    -0.7355957043110273,
    -0.7343346823869512,
    -0.7312677147408789,
    -0.727000482356179,
    -0.7220764955328853,
    -0.7169678713718568,
    -0.7120686497356775,
    -0.7076911658448934,
    -0.7040657332146797,
    -0.7013435845801512,
    -0.6996027373886246,
    -0.6988562388273989,
    -0.6990621221112376,
    -0.7001343685381793,
    -0.7019542024883123,
    -0.7043811275694016,
    -0.7072632207967371
  ],
  "final_params": [
    -3.415421578100717
  ],
  "final_state_real": [
    [
      0.0030088400376724667,
      0.0,
      0.0,
      0.0,
      0.002450015977711439,
      0.0,
      0.0,
      0.0,
      -0.002450015977711438,
      0.0,
      0.0,
      0.0,
      0.014260498705443008,
      0.0,
      0.0,
      0.0
    ],
    [
      0.0,
      0.00012536833490308071,
      0.0,
      0.0,
      0.0,
      0.00010208399907135984,
      0.0,
      0.0,
      0.0,
      -0.0001020839990713598,
      0.0,
      0.0,
      0.0,
      0.0005941874460604156,
      0.0,
      0.0
    ],
    [
      0.0,
      0.0,
      0.00012536833490308071,
      0.0,
      0.0,
      0.0,
      0.00010208399907135981,
      0.0,
      0.0,
      0.0,
      -0.00010208399907135979,
      0.0,
      0.0,
      0.0,
      0.0005941874460604155,
      0.0
    ],
    [
      0.0,
      0.0,
      0.0,
      5.223680620964248e-06,
      0.0,
      0.0,
      0.0,
      4.253499961308738e-06,
      0.0,
      0.0,
      0.0,
      -4.253499961308737e-06,
      0.0,
      0.0,
      0.0,
      2.4757810252529415e-05
    ],
    [
      0.0024500159777114394,
      0.0,
      0.0,
      0.0,
      0.04964993870547148,
      0.0,
      0.0,
      0.0,
      -0.014260498705443008,
      0.0,
      0.0,
      0.0,
      -0.10791940183783355,
      0.0,
      0.0,
      0.0
    ],
    [
      0.0,
      0.00010208399907135985,
      0.0,
      0.0,
      0.0,
      0.0020687474460623217,
      0.0,
      0.0,
      0.0,
      -0.0005941874460604156,
      0.0,
      0.0,
      0.0,
      -0.004496641743245261,
      0.0,
      0.0
    ],
    [
      0.0,
      0.0,
      0.00010208399907135984,
      0.0,
      0.0,
      0.0,
      0.0020687474460623217,
      0.0,
      0.0,
      0.0,
      -0.0005941874460604155,
      0.0,
      0.0,
      0.0,
      -0.00449664174324526,
      0.0
    ],
    [
      0.0,
      0.0,
      0.0,
      4.2534999613087395e-06,
      0.0,
      0.0,
      0.0,
      8.619781025263886e-05,
      0.0,
      0.0,
      0.0,
      -2.4757810252529415e-05,
      0.0,
      0.0,
      0.0,
      -0.00018736007263531074
    ],
    [
      -0.002450015977711438,
      0.0,
      0.0,
      0.0,
      -0.014260498705443008,
      0.0,
      0.0,
      0.0,
      0.04964993870547147,
      0.0,
      0.0,
      0.0,
      0.10791940183783351,
      0.0,
      0.0,
      0.0
    ],
    [
      0.0,
      -0.0001020839990713598,
      0.0,
      0.0,
      0.0,
      -0.0005941874460604156,
      0.0,
      0.0,
      0.0,
      0.0020687474460623217,
      0.0,
      0.0,
      0.0,
      0.00449664174324526,
      0.0,
      0.0
    ],
    [
      0.0,
      0.0,
      -0.00010208399907135979,
      0.0,
      0.0,
      0.0,
      -0.0005941874460604155,
      0.0,
      0.0,
      0.0,
      0.0020687474460623213,
      0.0,
      0.0,
      0.0,
      0.004496641743245258,
      0.0
    ],
    [
      0.0,
      0.0,
      0.0,
      -4.253499961308737e-06,
      0.0,
      0.0,
      0.0,
      -2.4757810252529415e-05,
      0.0,
      0.0,
      0.0,
      8.619781025263883e-05,
      0.0,
      0.0,
      0.0,
      0.00018736007263531066
    ],
    [
      0.014260498705443008,
      0.0,
      0.0,
      0.0,
      -0.10791940183783355,
      0.0,
      0.0,
      0.0,
      0.10791940183783351,
      0.0,
      0.0,
      0.0,
      0.8192912825515315,
      0.0,
      0.0,
      0.0
    ],
    [
      0.0,
      0.0005941874460604156,
      0.0,
      0.0,
      0.0,
      -0.004496641743245261,
      0.0,
      0.0,
      0.0,
      0.00449664174324526,
      0.0,
      0.0,
      0.0,
      0.03413713677299716,
      0.0,
      0.0
    ],
    [
      0.0,
      0.0,
      0.0005941874460604155,
      0.0,
      0.0,
      0.0,
      -0.00449664174324526,
      0.0,
      0.0,
      0.0,
      0.004496641743245258,
      0.0,
      0.0,
      0.0,
      0.034137136772997165,
      0.0
    ],
    [
      0.0,
      0.0,
      0.0,
      2.4757810252529415e-05,
      0.0,
      0.0,
      0.0,
      -0.00018736007263531074,
      0.0,
      0.0,
      0.0,
      0.00018736007263531066,
      0.0,
      0.0,
      0.0,
      0.0014223806988755765
    ]
  ],