{
  "config": {
    "symbols": [
      "H",
      "H"
    ],
    "geometry": [
      [
        0.0,
        0.0,
        0.0
      ],
      [
        0.0,
        0.0,
        0.7414
      ]
    ],
    "basis": "STO-3G",
    "ansatz": "TwoQubit-RY-CNOT",
    "optimizer": {
      "name": "GradientDescent",
      "stepsize": 0.1,
      "iterations_planned": 50
    },
    "seed": 9,
    "noisy": true,
    "depolarizing_prob": 0.08,
    "amplitude_damping_prob": 0.0
  },
  "energies": [
    1.1902402528798572,
    1.1902402528798572,
    1.1902187417941468,
    1.1901916027602346,
    1.1901573636210927,
    1.1901141672528044,
    1.1900596710908173,
    1.1899909202899284,
    1.189904187975045,
    1.1897947739106787,
    1.1896567509368312,
    1.1894826455326228,
    1.1892630360931604,
    1.1889860473979144,
    1.1886367157560047,
    1.1881961916999217,
    1.187640741017212,
    1.1869404942772521,
    1.1860578859763844,
    1.1849457108287278,
    1.1835447126887348,
    1.1817806070139487,
    1.1795604261430683,
    1.1767680677931573,
    1.1732589280252805,
    1.168853519150262,
    1.1633300143154404,
    1.1564157661489174,
    1.147777997446785,
    1.1370141533106513,
    1.1236428103615967,
    1.107096656568608,
    1.0867198626436678,
    1.0617731581014447,
    1.031450938972059,
    0.994915449632862,
    0.9513529120422527,
    0.9000545485065338,
    0.8405209327940855,
    0.7725805247524906,
    0.6965036076607023,
    0.6130841291934719,
    0.523659260461154,
    0.43004465191876884,
    0.334383481976806,
    0.23893361696807017,
    0.1458380438187239,
    0.05692869488481182,
    -0.026399697095055324,
    -0.10323342971363231,
    -0.17311237625563822
  ],
  "final_params": [
    -1.9684896351108732
  ],
  "final_state_real": [
    [
      0.09583282019260544,
      0.0,
      0.0,
      0.0,
      0.0933778096205255,
      0.0,
      0.0,
      0.0,
      -0.0933778096205255,
      0.0,
      0.0,
      0.0,
      0.15197859031855537,
      0.0,
      0.0,
      0.0
    ],
    [
      0.0,
      0.005399032123529028,
      0.0,
      0.0,
      0.0,
      0.00526072166876391,
      0.0,
      0.0,
      0.0,
      -0.00526072166876391,
      0.0,
      0.0,
      0.0,
      0.008562174102456932,
      0.0,
      0.0
    ],
    [
      0.0,
      0.0,
      0.005399032123529029,
      0.0,
      0.0,
      0.0,
      0.005260721668763908,
      0.0,
      0.0,
      0.0,
      -0.005260721668763908,
      0.0,
      0.0,
      0.0,
      0.008562174102456934,
      0.0
    ],
    [
      0.0,
      0.0,
      0.0,
      0.00030417082386090076,
      0.0,
      0.0,
      0.0,
      0.0002963786855642715,
      0.0,
      0.0,
      0.0,
      -0.0002963786855642715,
      0.0,
      0.0,
      0.0,
      0.00048237600577239663
    ],
    [
      0.0933778096205255,
      0.0,
      0.0,
      0.0,
      0.19722561056549331,
      0.0,
      0.0,
      0.0,
      -0.1519785903185554,
      0.0,
      0.0,
      0.0,
      0.23630919638444695,
      0.0,
      0.0,
      0.0
    ],
    [
      0.0,
      0.00526072166876391,
      0.0,
      0.0,
      0.0,
      0.011111302003693797,
      0.0,
      0.0,
      0.0,
      -0.008562174102456934,
      0.0,
      0.0,
      0.0,
      0.013313194162508885,
      0.0,
      0.0
    ],
    [
      0.0,
      0.0,
      0.005260721668763908,
      0.0,
      0.0,
      0.0,
      0.011111302003693799,
      0.0,
      0.0,
      0.0,
      -0.008562174102456936,
      0.0,
      0.0,
      0.0,
      0.013313194162508889,
      0.0
    ],
    [
      0.0,
      0.0,
      0.0,
      0.0002963786855642715,
      0.0,
      0.0,
      0.0,
      0.0006259888452787511,
      0.0,
      0.0,
      0.0,
      -0.0004823760057723968,
      0.0,
      0.0,
      0.0,
      0.0007500391077472521
    ],
    [
      -0.0933778096205255,
      0.0,
      0.0,
      0.0,
      -0.15197859031855537,
      0.0,
      0.0,
      0.0,
      0.19722561056549334,
      0.0,
      0.0,
      0.0,
      -0.23630919638444695,
      0.0,
      0.0,
      0.0
    ],
    [
      0.0,
      -0.00526072166876391,
      0.0,
      0.0,
      0.0,
      -0.008562174102456932,
      0.0,
      0.0,
      0.0,
      0.0111113020036938,
      0.0,
      0.0,
      0.0,
      -0.013313194162508885,
      0.0,
      0.0
    ],
    [
      0.0,
      0.0,
      -0.005260721668763908,
      0.0,
      0.0,
      0.0,
      -0.008562174102456934,
      0.0,
      0.0,
      0.0,
      0.0111113020036938,
      0.0,
      0.0,
      0.0,
      -0.013313194162508889,
      0.0
    ],
    [
      0.0,
      0.0,
      0.0,
      -0.0002963786855642715,
      0.0,
      0.0,
      0.0,
      -0.00048237600577239663,
      0.0,
      0.0,
      0.0,
      0.0006259888452787512,
      0.0,
      0.0,
      0.0,
      -0.0007500391077472521
    ],
    [
      0.1519785903185554,
      0.0,
      0.0,
      0.0,
      0.23630919638444695,
      0.0,
      0.0,
      0.0,
      -0.236309196384447,
      0.0,
      0.0,
      0.0,
      0.40589373645432036,
      0.0,
      0.0,
      0.0
    ],
    [
      0.0,
      0.008562174102456934,
      0.0,
      0.0,
      0.0,
      0.013313194162508885,
      0.0,
      0.0,
      0.0,
      -0.01331319416250889,
      0.0,
      0.0,
      0.0,
      0.022867252757998183,
      0.0,
      0.0
    ],
    [
      0.0,
      0.0,
      0.008562174102456936,
      0.0,
      0.0,
      0.0,
      0.013313194162508889,
      0.0,
      0.0,
      0.0,
      -0.01331319416250889,
      0.0,
      0.0,
      0.0,
      0.022867252757998183,
      0.0
    ],
    [
      0.0,
      0.0,
      0.0,
      0.0004823760057723968,
      0.0,
      0.0,
      0.0,
      0.0007500391077472521,
      0.0,
      0.0,
      0.0,
      -0.0007500391077472521,
      0.0,
      0.0,
      0.0,
      0.0012882959300285347
    ]
  ],