{
  "config": {
    "symbols": [
      "H",
      "H"
    ],
    "geometry": [
      [
        0.0,
        0.0,
        0.0
      ],
      [
        0.0,
        0.0,
        0.7414
      ]
    ],
    "basis": "STO-3G",
    "ansatz": "TwoQubit-RY-CNOT",
    "optimizer": {
      "name": "GradientDescent",
      "stepsize": 0.1,
      "iterations_planned": 50
    },
    "seed": 9,
    "noisy": true,
    "depolarizing_prob": 0.06,
    "amplitude_damping_prob": 0.0
  },
  "energies": [
    1.2277494572918368,
    1.2277494572918368,
    1.227745471881423,
    1.2277403882910396,
    1.2277339039320099,
    1.2277256328313892,
    1.2277150826876098,
    1.2277016255621866,
    1.227684460549294,
    1.227662566100686,
    1.2276346393051034,
    1.2275990184283634,
    1.2275535841436056,
    1.2274956336706648,
    1.2274217203111133,
    1.2273274489979378,
    1.2272072157695444,
    1.2270538762670156,
    1.2268583233657975,
    1.2266089501396946,
    1.2262909671296809,
    1.2258855353391724,
    1.2253686662488956,
    1.2247098291793952,
    1.2238701907261351,
    1.2228003954525508,
    1.2214377779448522,
    1.2197028748028296,
    1.2174950855355178,
    1.2146873166129128,
    1.2111194316126839,
    1.2065903486695182,
    1.2008486741492401,
    1.1935818780712006,
    1.1844042237566417,
    1.1728440451736888,
    1.158331536677934,
    1.1401890995481843,
    1.117627479685452,
    1.0897524203068514,
    1.0555880846817236,
    1.0141245749236891,
    0.9643964577154662,
    0.9055959143492107,
    0.8372165351165525,
    0.7592114582557099,
    0.6721347386321634,
    0.5772235411604474,
    0.4763796988314457,
    0.3720290141822517,
    0.26687292299891896
  ],
  "final_params": [
    1.4965383338857667
  ],
  "final_state_real": [
    [
      0.2629250742229038,
      0.0,
      0.0,
      0.0,
      -0.2101556565765683,
      0.0,
      0.0,
      0.0,
      0.21015565657656818,
      0.0,
      0.0,
      0.0,
      0.19393719822088284,
      0.0,
      0.0,
      0.0
    ],
    [
      0.0,
      0.010955211425959677,
      0.0,
      0.0,
      0.0,
      -0.008756485690694624,
      0.0,
      0.0,
      0.0,
      0.008756485690694621,
      0.0,
      0.0,
      0.0,
      0.008080716592540732,
      0.0,
      0.0
    ],
    [
      0.0,
      0.0,
      0.010955211425959675,
      0.0,
      0.0,
      0.0,
      -0.008756485690694624,
      0.0,
      0.0,
      0.0,
      0.00875648569069462,
      0.0,
      0.0,
      0.0,
      0.008080716592540733,
      0.0
    ],
    [
      0.0,
      0.0,
      0.0,
      0.0004564671427485428,
      0.0,
      0.0,
      0.0,
      -0.00036485357044578766,
      0.0,
      0.0,
      0.0,
      0.00036485357044578745,
      0.0,
      0.0,
      0.0,
      0.00033669652468936166
    ],
    [
      -0.21015565657656823,
      0.0,
      0.0,
      0.0,
      0.22932663822090513,
      0.0,
      0.0,
      0.0,
      -0.19393719822088287,
      0.0,
      0.0,
      0.0,
      -0.17879062058719097,
      0.0,
      0.0,
      0.0
    ],
    [
      0.0,
      -0.008756485690694623,
      0.0,
      0.0,
      0.0,
      0.009555276592542383,
      0.0,
      0.0,
      0.0,
      -0.008080716592540733,
      0.0,
      0.0,
      0.0,
      -0.007449609191136596,
      0.0,
      0.0
    ],
    [
      0.0,
      0.0,
      -0.008756485690694623,
      0.0,
      0.0,
      0.0,
      0.009555276592542378,
      0.0,
      0.0,
      0.0,
      -0.008080716592540735,
      0.0,
      0.0,
      0.0,
      -0.007449609191136597,
      0.0
    ],
    [
      0.0,
      0.0,
      0.0,
      -0.0003648535704457876,
      0.0,
      0.0,
      0.0,
      0.0003981365246894604,
      0.0,
      0.0,
      0.0,
      -0.0003366965246893617,
      0.0,
      0.0,
      0.0,
      -0.00031040038296417655
    ],
    [
      0.21015565657656818,
      0.0,
      0.0,
      0.0,
      -0.19393719822088284,
      0.0,
      0.0,
      0.0,
      0.22932663822090504,
      0.0,
      0.0,
      0.0,
      0.1787906205871909,
      0.0,
      0.0,
      0.0
    ],
    [
      0.0,
      0.008756485690694621,
      0.0,
      0.0,
      0.0,
      -0.008080716592540732,
      0.0,
      0.0,
      0.0,
      0.009555276592542378,
      0.0,
      0.0,
      0.0,
      0.007449609191136594,
      0.0,
      0.0
    ],
    [
      0.0,
      0.0,
      0.00875648569069462,
      0.0,
      0.0,
      0.0,
      -0.008080716592540733,
      0.0,
      0.0,
      0.0,
      0.009555276592542376,
      0.0,
      0.0,
      0.0,
      0.007449609191136593,
      0.0
    ],
    [
      0.0,
      0.0,
      0.0,
      0.00036485357044578745,
      0.0,
      0.0,
      0.0,
      -0.00033669652468936166,
      0.0,
      0.0,
      0.0,
      0.00039813652468946033,
      0.0,
      0.0,
      0.0,
      0.00031040038296417633
    ],
    [
      0.19393719822088287,
      0.0,
      0.0,
      0.0,
      -0.17879062058719097,
      0.0,
      0.0,
      0.0,
      0.17879062058719095,
      0.0,
      0.0,
      0.0,
      0.2000216493354159,
      0.0,
      0.0,
      0.0
    ],
    [
      0.0,
      0.008080716592540733,
      0.0,
      0.0,
      0.0,
      -0.007449609191136596,
      0.0,
      0.0,
      0.0,
      0.0074496091911365955,
      0.0,
      0.0,
      0.0,
      0.008334235388979734,
      0.0,
      0.0
    ],
    [
      0.0,
      0.0,
      0.008080716592540735,
      0.0,
      0.0,
      0.0,
      -0.007449609191136597,
      0.0,
      0.0,
      0.0,
      0.007449609191136596,
      0.0,
      0.0,
      0.0,
      0.008334235388979733,
      0.0
    ],
    [
      0.0,
      0.0,
      0.0,
      0.0003366965246893617,
      0.0,
      0.0,
      0.0,
      -0.00031040038296417655,
      0.0,
      0.0,
      0.0,
      0.0003104003829641765,
      0.0,
      0.0,
      0.0,
      0.0003472598078743252
    ]
  ],