{
  "config": {
    "symbols": [
      "H",
      "H"
    ],
    "geometry": [
      [
        0.0,
        0.0,
        0.0
      ],
      [
        0.0,
        0.0,
        0.7414
      ]
    ],
    "basis": "STO-3G",
    "ansatz": "TwoQubit-RY-CNOT",
    "optimizer": {
      "name": "Momentum",
      "stepsize": 0.1,
      "iterations_planned": 50
    },
    "seed": 4,
    "noisy": true,
    "depolarizing_prob": 0.04,
    "amplitude_damping_prob": 0.0
  },
  "energies": [
    1.2666528294331094,
    1.2666528294331094,
    1.2666515464167198,
    1.266648430718959,
    1.2666420690392983,
    1.2666295925911584,
    1.2666054204824102,
    1.2665587937051308,
    1.2664690133256207,
    1.2662962794043235,
    1.2659640872071647,
    1.2653254335816673,
    1.2640980499270575,
    1.2617406554957495,
    1.2572179277549016,
    1.248559278436713,
    1.2320493808280106,
    1.2008111092114755,
    1.142565240438006,
    1.036910205138569,
    0.854719315200517,
    0.5675094898631934,
    0.17748194899518588,
    -0.2454358838076486,
    -0.583645301213771,
    -0.7600689395813067,
    -0.7747451118644941,
    -0.6689786594692457,
    -0.5034310781666738,
    -0.34568789662296684,
    -0.2467595912361841,
    -0.22848642498457217,
    -0.28752956698649007,
    -0.40241395008390135,
    -0.5396599263660845,
    -0.6635883715486122,
    -0.7483921837111395,
    -0.7844358537084428,
    -0.776427125504759,
    -0.7384925359127085,
    -0.6893295278809575,
    -0.6471074165436178,
    -0.624683295437747,
    -0.6269127723587373,
    -0.650787577998982,
    -0.6877729737963921,
    -0.7272553795909368,
    -0.7599232306872202,
    -0.7800379273228764,
    -0.7861534258056347,
    -0.7805549873214517
  ],
  "final_params": [
    -3.3701533389140814
  ],
  "final_state_real": [
    [
      0.0014392183126455773,
      0.0,
      0.0,
      0.0,
      0.0013882367737929465,
      0.0,
      0.0,
      0.0,
      -0.0013882367737929478,
      0.0,
      0.0,
      0.0,
      0.010896441875727511,
      0.0,
      0.0,
      0.0
    ],
    [
      0.0,
      3.9430638702647696e-05,
      0.0,
      0.0,
      0.0,
      3.8033884213533494e-05,
      0.0,
      0.0,
      0.0,
      -3.803388421353352e-05,
      0.0,
      0.0,
      0.0,
      0.0002985326541297416,
      0.0,
      0.0
    ],
    [
      0.0,
      0.0,
      3.94306387026477e-05,
      0.0,
      0.0,
      0.0,
      3.8033884213533514e-05,
      0.0,
      0.0,
      0.0,
      -3.803388421353354e-05,
      0.0,
      0.0,
      0.0,
      0.00029853265412974154,
      0.0
    ],
    [
      0.0,
      0.0,
      0.0,
      1.080291471306215e-06,
      0.0,
      0.0,
      0.0,
      1.0420242250290855e-06,
      0.0,
      0.0,
      0.0,
      -1.042024225029086e-06,
      0.0,
      0.0,
      0.0,
      8.178976825478419e-06
    ],
    [
      0.0013882367737929465,
      0.0,
      0.0,
      0.0,
      0.03548615841896634,
      0.0,
      0.0,
      0.0,
      -0.010896441875727511,
      0.0,
      0.0,
      0.0,
      -0.0975718383995224,
      0.0,
      0.0,
      0.0
    ],
    [
      0.0,
      3.8033884213533494e-05,
      0.0,
      0.0,
      0.0,
      0.0009722235183285636,
      0.0,
      0.0,
      0.0,
      -0.0002985326541297416,
      0.0,
      0.0,
      0.0,
      -0.002673201052043685,
      0.0,
      0.0
    ],
    [
      0.0,
      0.0,
      3.8033884213533514e-05,
      0.0,
      0.0,
      0.0,
      0.0009722235183285637,
      0.0,
      0.0,
      0.0,
      -0.00029853265412974154,
      0.0,
      0.0,
      0.0,
      -0.002673201052043686,
      0.0
    ],
    [
      0.0,
      0.0,
      0.0,
      1.0420242250290855e-06,
      0.0,
      0.0,
      0.0,
      2.663626077614472e-05,
      0.0,
      0.0,
      0.0,
      -8.178976825478419e-06,
      0.0,
      0.0,
      0.0,
      -7.323838498755236e-05
    ],
    [
      -0.0013882367737929478,
      0.0,
      0.0,
      0.0,
      -0.010896441875727511,
      0.0,
      0.0,
      0.0,
      0.03548615841896634,
      0.0,
      0.0,
      0.0,
      0.09757183839952237,
      0.0,
      0.0,
      0.0
    ],
    [
      0.0,
      -3.803388421353352e-05,
      0.0,
      0.0,
      0.0,
      -0.0002985326541297416,
      0.0,
      0.0,
      0.0,
      0.0009722235183285636,
      0.0,
      0.0,
      0.0,
      0.002673201052043684,
      0.0,
      0.0
    ],
    [
      0.0,
      0.0,
      -3.803388421353354e-05,
      0.0,
      0.0,
      0.0,
      -0.00029853265412974154,
      0.0,
      0.0,
      0.0,
      0.0009722235183285637,
      0.0,
      0.0,
      0.0,
      0.002673201052043685,
      0.0
    ],
    [
      0.0,
      0.0,
      0.0,
      -1.042024225029086e-06,
      0.0,
      0.0,
      0.0,
      -8.178976825478419e-06,
      0.0,
      0.0,
      0.0,
      2.663626077614472e-05,
      0.0,
      0.0,
      0.0,
      7.323838498755233e-05
    ],
    [
      0.010896441875727511,
      0.0,
      0.0,
      0.0,
      -0.0975718383995224,
      0.0,
      0.0,
      0.0,
      0.09757183839952237,
      0.0,
      0.0,
      0.0,
      0.8749662426273503,
      0.0,
      0.0,
      0.0
    ],
    [
      0.0,
      0.0002985326541297416,
      0.0,
      0.0,
      0.0,
      -0.002673201052043685,
      0.0,
      0.0,
      0.0,
      0.002673201052043684,
      0.0,
      0.0,
      0.0,
      0.0239716778802191,
      0.0,
      0.0
    ],
    [
      0.0,
      0.0,
      0.00029853265412974154,
      0.0,
      0.0,
      0.0,
      -0.002673201052043686,
      0.0,
      0.0,
      0.0,
      0.002673201052043685,
      0.0,
      0.0,
      0.0,
      0.0239716778802191,
      0.0
    ],
    [
      0.0,
      0.0,
      0.0,
      8.178976825478419e-06,
      0.0,
      0.0,
      0.0,
      -7.323838498755236e-05,
      0.0,
      0.0,
      0.0,
      7.323838498755233e-05,
      0.0,
      0.0,
      0.0,
      0.0006567582980886801
    ]
  ],