{
  "config": {
    "symbols": [
      "H",
      "H"
    ],
    "geometry": [
      [
        0.0,
        0.0,
        0.0
      ],
      [
        0.0,
        0.0,
        0.7414
      ]
    ],
    "basis": "STO-3G",
    "ansatz": "RY-CZ",
    "optimizer": {
      "name": "GradientDescent",
      "stepsize": 0.1,
      "iterations_planned": 50
    },
    "seed": 0,
    "noisy": true,
    "depolarizing_prob": 0.08,
    "amplitude_damping_prob": 0.0
  },
  "energies": [
    1.1902833934990966,
    1.1902833934990966,
    1.1902784226296843,
    1.1902728203239301,
    1.1902665063842441,
    1.1902593904286651,
    1.1902513705832982,
    1.1902423320404134,
    1.1902321454323208,
    1.190220664949221,
    1.1902077262676856,
    1.190193144222653,
    1.1901767101227436,
    1.190158188800599,
    1.1901373152273438,
    1.1901137907585262,
    1.1900872788544816,
    1.1900574002654256,
    1.1900237276660515,
    1.189985779536018,
    1.1899430132497002,
    1.189894817472538,
    1.1898405033543833,
    1.1897792948353783,
    1.1897103174837245,
    1.1896325862398622,
    1.1895449914515568,
    1.1894462830240926,
    1.1893350529886177,
    1.1892097154352412,
    1.189068484330289,
    1.188909348382393,
    1.1887300429155074,
    1.1885280182143096,
    1.1883004040268692,
    1.1880439697804306,
    1.1877550799016976,
    1.1874296438321124,
    1.187063060243263,
    1.186650154247851,
    1.1861851075890812,
    1.185661380832556,
    1.1850716263160115,
    1.184407591562559,
    1.183660011927182,
    1.182818491668127,
    1.1818713726747627,
    1.1808055888387683,
    1.1796065073887638,
    1.1782577534221066,
    1.1767410201391946
  ],
  "final_params": [
    -0.004467125458245355,
    0.2231655650980126,
    -0.005074232409625594,
    -0.008298217067390508
  ],
  "final_state_real": [
    [
      0.7937160106097532,
      -0.003107693262074175,
      -0.0018976124540363473,
      -7.429878035635508e-06,
      0.08386462904193524,
      -0.0003283616774473652,
      0.00020078713847668564,
      7.86158389102487e-07,
      -0.0016705750272525102,
      6.540922302919981e-06,
      4.005318846420045e-06,
      1.5682354138978074e-08,
      0.00017676418801204188,
      -6.920985158025577e-07,
      4.232055385154749e-07,
      1.657011434809648e-09
    ],
    [
      -0.003107693262074175,
      0.04473001563997888,
      7.42987803563551e-06,
      -0.0001068751795789225,
      -0.0003283616774473652,
      0.004726207004196593,
      -7.86158389102487e-07,
      1.1308505820663596e-05,
      6.540922302919981e-06,
      -9.41455710832359e-05,
      -1.5682354138978074e-08,
      2.2558303202081843e-07,
      -6.920985158025579e-07,
      9.961579190386619e-06,
      -1.657011434809648e-09,
      2.38353030574965e-08
    ],
    [
      -0.0018976124540363473,
      7.429878035635508e-06,
      0.04472148788488198,
      -0.00017506136984612658,
      -0.00020078713847668564,
      7.86158389102487e-07,
      0.004724229711113624,
      -1.8501356383803576e-05,
      4.005318846420045e-06,
      -1.5682354138978074e-08,
      -9.412762227722343e-05,
      3.684606947475892e-07,
      -4.232055385154749e-07,
      1.657011434809648e-09,
      9.957411585876043e-06,
      -3.8995906565915196e-08
    ],
    [
      -7.42987803563551e-06,
      -0.0001068751795789225,
      -0.00017506136984612658,
      0.002520287893647431,
      -7.86158389102487e-07,
      -1.1308505820663596e-05,
      -1.8501356383803576e-05,
      0.00026623485735487146,
      1.5682354138978074e-08,
      2.2558303202081843e-07,
      3.684606947475892e-07,
      -5.3045799257340726e-06,
      -1.657011434809648e-09,
      -2.38353030574965e-08,
      -3.8995906565915196e-08,
      5.611518099877793e-07
    ],
    [
      0.08386462904193523,
      -0.0003283616774473651,
      -0.00020078713847668564,
      -7.86158389102487e-07,
      0.05464268983073589,
      -0.00021394644525077997,
      -8.314241017024961e-05,
      -3.255343133102687e-07,
      -0.00017676418801204188,
      6.920985158025577e-07,
      4.232055385154749e-07,
      1.657011434809648e-09,
      -7.319494232901135e-05,
      2.8658541096963636e-07,
      2.7574269949524693e-07,
      1.0796380589244053e-09
    ],
    [
      -0.00032836167744736513,
      0.0047262070041965915,
      7.86158389102487e-07,
      -1.1308505820663596e-05,
      -0.00021394644525077992,
      0.0030793991025349974,
      3.255343133102688e-07,
      -4.6826526663381916e-06,
      6.920985158025579e-07,
      -9.961579190386619e-06,
      -1.657011434809648e-09,
      2.38353030574965e-08,
      2.8658541096963636e-07,
      -4.124914794938873e-06,
      -1.0796380589244053e-09,
      1.553006804073542e-08
    ],
    [
      0.0002007871384766856,
      -7.861583891024868e-07,
      0.004724229711113622,
      -1.8501356383803573e-05,
      -8.314241017024961e-05,
      3.2553431331026865e-07,
      0.0030788120166371645,
      -1.2051948059479015e-05,
      -4.232055385154749e-07,
      1.657011434809648e-09,
      -9.957411585876043e-06,
      3.8995906565915196e-08,
      2.7574269949524693e-07,
      -1.0796380589244053e-09,
      -4.124128381997505e-06,
      1.6143818064198073e-08
    ],
    [
      7.861583891024868e-07,
      1.1308505820663592e-05,
      -1.8501356383803573e-05,
      0.00026623485735487136,
      -3.255343133102687e-07,
      -4.6826526663381916e-06,
      -1.2051948059479011e-05,
      0.0001735070325102033,
      -1.657011434809648e-09,
      -2.38353030574965e-08,
      3.8995906565915196e-08,
      -5.611518099877793e-07,
      1.0796380589244053e-09,
      1.553006804073542e-08,
      1.6143818064198073e-08,
      -2.324160336469877e-07
    ],
    [
      -0.0016705750272525102,
      6.540922302919981e-06,
      4.005318846420045e-06,
      1.5682354138978074e-08,
      -0.00017676418801204188,
      6.920985158025577e-07,
      -4.232055385154749e-07,
      -1.657011434809648e-09,
      0.044720342100396056,
      -0.00017509676504608632,
      -0.0001069171806844168,
      -4.186216267233703e-07,
      0.00472435077571771,
      -1.8497616495611345e-05,
      1.1310952951835523e-05,
      4.428670391585644e-08
    ],
    [
      6.540922302919981e-06,
      -9.41455710832359e-05,
      -1.5682354138978074e-08,
      2.2558303202081843e-07,
      6.920985158025579e-07,
      -9.961579190386619e-06,
      1.657011434809648e-09,
      -2.38353030574965e-08,
      -0.00017509676504608632,
      0.0025202233227463906,
      4.186216267233703e-07,
      -6.021668366169082e-06,
      -1.8497616495611345e-05,
      0.00026624167997349316,
      -4.428670391585644e-08,
      6.37042682432253e-07
    ],
    [
      4.005318846420045e-06,
      -1.5682354138978074e-08,
      -9.412762227722343e-05,
      3.684606947475892e-07,
      4.232055385154749e-07,
      -1.657011434809648e-09,
      -9.957411585876043e-06,
      3.8995906565915196e-08,
      -0.0001069171806844168,
      4.186216267233703e-07,
      0.0025197428434311393,
      -9.863482962966122e-06,
      -1.1310952951835523e-05,
      4.428670391585644e-08,
      0.0002661302930131374,
      -1.0422379301283944e-06
    ],
    [
      1.5682354138978074e-08,
      2.2558303202081843e-07,
      3.684606947475892e-07,
      -5.3045799257340726e-06,
      1.657011434809648e-09,
      2.38353030574965e-08,
      3.8995906565915196e-08,
      -5.611518099877793e-07,
      -4.186216267233703e-07,
      -6.021668366169082e-06,
      -9.863482962966122e-06,
      0.00014200058369594242,
      -4.428670391585644e-08,
      -6.37042682432253e-07,
      -1.0422379301283944e-06,
      1.4997822910999142e-05
    ],
    [
      0.00017676418801204188,
      -6.920985158025577e-07,
      -4.232055385154749e-07,
      -1.657011434809648e-09,
      -7.319494232901135e-05,
      2.8658541096963636e-07,
      2.7574269949524693e-07,
      1.0796380589244053e-09,
      0.00472435077571771,
      -1.8497616495611345e-05,
