{
  "config": {
    "symbols": [
      "H",
      "H"
    ],
    "geometry": [
      [
        0.0,
        0.0,
        0.0
      ],
      [
        0.0,
        0.0,
        0.7414
      ]
    ],
    "basis": "STO-3G",
    "ansatz": "RY-CZ",
    "optimizer": {
      "name": "GradientDescent",
      "stepsize": 0.1,
      "iterations_planned": 50
    },
    "seed": 7,
    "noisy": true,
    "depolarizing_prob": 0.02,
    "amplitude_damping_prob": 0.0
  },
  "energies": [
    1.3069751990521348,
    1.3069751990521348,
    1.3069713609680809,
    1.30696695922811,
    1.3069619108661903,
    1.3069561207243114,
    1.3069494796043049,
    1.3069418622599782,
    1.306933124999366,
    1.3069231029753974,
    1.3069116071007458,
    1.3068984204552196,
    1.3068832942206645,
    1.3068659429194915,
    1.3068460390869447,
    1.3068232071001722,
    1.3067970160915412,
    1.3067669717689814,
    1.3067325072271943,
    1.3066929721537983,
    1.3066476206613968,
    1.3065955971836392,
    1.3065359204817633,
    1.3064674651459902,
    1.3063889405916105,
    1.3062988666315298,
    1.3061955459029044,
    1.30607703214643,
    1.3059410938138114,
    1.3057851724792027,
    1.305606335126505,
    1.3054012197780627,
    1.30516597323395,
    1.3048961798311294,
    1.304586780337015,
    1.3042319789879986,
    1.3038251378151675,
    1.3033586562030015,
    1.302823833673615,
    1.302210713818458,
    1.30150790745701,
    1.300702391973191,
    1.29977928409439,
    1.2987215838965351,
    1.2975098862057892,
    1.296122056694184,
    1.2945328698950362,
    1.2927136051935122,
    1.2906316002371563,
    1.2882497570769045,
    1.2855260042021692
  ],
  "final_params": [
    -0.24710938886732176,
    -0.09217574425477268,
    -0.005036474810060142,
    0.008395628864573755
  ],
  "final_state_real": [
    [
      0.9315474111290192,
      0.003857640149501859,
      -0.0023140273134647647,
      9.582647481248554e-06,
      -0.042363986893202865,
      -0.00017543398306908183,
      -0.00010524110134157029,
      4.3581524246774154e-07,
      -0.11409266796668367,
      -0.00047247026984771016,
      0.00028344655830765035,
      -1.1737840915838159e-06,
      -0.005191054508586789,
      -2.1496734267855494e-05,
      -1.2895677051950258e-05,
      5.340244970394886e-08
    ],
    [
      0.0038576401495018582,
      0.012604891118711522,
      -9.582647481248553e-06,
      -3.122986935884565e-05,
      -0.0001754339830690818,
      -0.0005732327048133317,
      -4.358152424677416e-07,
      -1.4203228401644021e-06,
      -0.00047247026984771005,
      -0.0015438029669583547,
      1.1737840915838159e-06,
      3.825364953410318e-06,
      -2.1496734267855494e-05,
      -7.024084452419846e-05,
      -5.340244970394885e-08,
      -1.7403870182641327e-07
    ],
    [
      -0.0023140273134647647,
      -9.582647481248554e-06,
      0.012594384900660614,
      5.2105813351783395e-05,
      0.0001052411013415703,
      4.358152424677416e-07,
      -0.0005722177052153694,
      -2.3718418204288053e-06,
      0.0002834465583076504,
      1.173784091583816e-06,
      -0.0015425162021266918,
      -6.381737731066113e-06,
      1.2895677051950258e-05,
      5.340244970394886e-08,
      -7.011647194678979e-05,
      -2.9063270665790703e-07
    ],
    [
      9.582647481248553e-06,
      -3.122986935884565e-05,
      5.2105813351783395e-05,
      0.00017041628636761308,
      -4.358152424677416e-07,
      1.4203228401644021e-06,
      -2.371841820428805e-06,
      -7.742753384604418e-06,
      -1.173784091583816e-06,
      3.825364953410318e-06,
      -6.381737731066112e-06,
      -2.0871990565773227e-05,
      -5.340244970394885e-08,
      1.7403870182641327e-07,
      -2.9063270665790703e-07,
      -9.487552474074436e-07
    ],
    [
      -0.042363986893202865,
      -0.00017543398306908183,
      0.00010524110134157029,
      -4.3581524246774154e-07,
      0.014569557421850475,
      6.033413758606747e-05,
      -2.6349221343611677e-05,
      1.0911509041920635e-07,
      0.005191054508586789,
      2.1496734267855494e-05,
      -1.2895677051950258e-05,
      5.340244970394886e-08,
      -0.0012991432488478776,
      -5.379894889768253e-06,
      4.433151611987293e-06,
      -1.8358179646979292e-08
    ],
    [
      -0.0001754339830690818,
      -0.0005732327048133317,
      4.358152424677416e-07,
      1.4203228401644021e-06,
      6.033413758606746e-05,
      0.00019714260675971705,
      -1.0911509041920635e-07,
      -3.556063212738002e-07,
      2.1496734267855494e-05,
      7.024084452419846e-05,
      -5.340244970394885e-08,
      -1.7403870182641327e-07,
      -5.379894889768252e-06,
      -1.75788789745975e-05,
      1.8358179646979292e-08,
      5.982934811734116e-08
    ],
    [
      -0.0001052411013415703,
      -4.358152424677416e-07,
      -0.0005722177052153694,
      -2.3718418204288053e-06,
      -2.6349221343611677e-05,
      -1.0911509041920635e-07,
      0.0001969782877509897,
      8.149436416992933e-07,
      1.2895677051950258e-05,
      5.340244970394886e-08,
      7.011647194678979e-05,
      2.9063270665790703e-07,
      4.433151611987293e-06,
      1.8358179646979292e-08,
      -1.7564226921370044e-05,
      -7.266717166832593e-08
    ],
    [
      4.358152424677416e-07,
      -1.4203228401644021e-06,
      -2.371841820428805e-06,
      -7.742753384604418e-06,
      1.0911509041920635e-07,
      -3.556063212738002e-07,
      8.149436416992932e-07,
      2.6653392411259395e-06,
      -5.340244970394885e-08,
      1.7403870182641327e-07,
      2.9063270665790703e-07,
      9.487552474074436e-07,
      -1.8358179646979292e-08,
      5.982934811734116e-08,
      -7.26671716683259e-08,
      -2.3766387548636314e-07
    ],
    [
      -0.11409266796668367,
      -0.00047247026984771016,
      0.00028344655830765035,
      -1.1737840915838159e-06,
      0.005191054508586789,
      2.1496734267855494e-05,
      1.2895677051950258e-05,
      -5.340244970394886e-08,
      0.026949632850945746,
      0.0001116013897501389,
      -6.694472633373953e-05,
      2.7722564442178596e-07,
      8.088827240817925e-05,
      3.3496733553235603e-07,
      2.0094357255170415e-07,
      -8.321299442669662e-10
    ],
    [
      -0.00047247026984771005,
      -0.0015438029669583547,
      1.1737840915838159e-06,
      3.825364953410318e-06,
      2.1496734267855494e-05,
      7.024084452419846e-05,
      5.340244970394885e-08,
      1.7403870182641327e-07,
      0.00011160138975013889,
      0.0003646590433477941,
      -2.772256444217859e-07,
      -9.034789889908504e-07,
      3.3496733553235603e-07,
      1.094509902883048e-06,
      8.321299442669657e-10,
      2.711913330829834e-09
    ],
    [
      0.0002834465583076504,
      1.173784091583816e-06,
      -0.0015425162021266918,
      -6.381737731066113e-06,
      -1.2895677051950258e-05,
      -5.340244970394886e-08,
      7.011647194678979e-05,
      2.9063270665790703e-07,
      -6.694472633373953e-05,
      -2.7722564442178596e-07,
      0.00036435509884025604,
      1.5074192923026475e-06,
      -2.0094357255170375e-07,
      -8.321299442669657e-10,
      1.0925718991682148e-06,
      4.5287094381274945e-09
    ],
    [
      -1.173784091583816e-06,
      3.825364953410318e-06,
      -6.381737731066112e-06,
      -2.0871990565773227e-05,
      5.340244970394885e-08,
      -1.7403870182641327e-07,
      2.9063270665790703e-07,
      9.487552474074436e-07,
      2.772256444217859e-07,
      -9.034789889908504e-07,
      1.5074192923026475e-06,
      4.930136989874281e-06,
      8.321299442669657e-10,
      -2.711913330829828e-09,
      4.5287094381274945e-09,
      1.4783734744845772e-08
    ],
    [
      -0.005191054508586789,
      -2.1496734267855494e-05,
      1.2895677051950258e-05,
      -5.340244970394886e-08,
      -0.0012991432488478776,
      -5.379894889768253e-06,
      4.433151611987293e-06,
      -1.8358179646979292e-08,
      8.088827240817915e-05,
