{
  "config": {
    "symbols": [
      "H",
      "H"
    ],
    "geometry": [
      [
        0.0,
        0.0,
        0.0
      ],
      [
        0.0,
        0.0,
        0.7414
      ]
    ],
    "basis": "STO-3G",
    "ansatz": "TwoQubit-RY-CNOT",
    "optimizer": {
      "name": "Nesterov",
      "stepsize": 0.1,
      "iterations_planned": 50
    },
    "seed": 1,
    "noisy": true,
    "depolarizing_prob": 0.1,
    "amplitude_damping_prob": 0.0
  },
  "energies": [
    1.1542694045165647,
    1.1542694045165647,
    1.1542379782292915,
    1.154172402926865,
    1.154040646977852,
    1.1537783298167819,
    1.1532572948175073,
    1.1522232177181644,
    1.1501724308133077,
    1.1461104834190208,
    1.1380852053959951,
    1.12230792370485,
    1.091592140174807,
    1.0329231548706137,
    0.9248903482461268,
    0.739055079256353,
    0.4554149063914909,
    0.09756879125099187,
    -0.24964962233077648,
    -0.4965904717492188,
    -0.6159973285122766,
    -0.6315908109094885,
    -0.5818490387415776,
    -0.505832157878018,
    -0.43670195178930005,
    -0.39549846457448745,
    -0.38945990402159825,
    -0.41477735547727235,
    -0.4608463325002069,
    -0.5145983472671873,
    -0.5643579368198237,
    -0.6023995560358516,
    -0.6256698521502138,
    -0.6350433355870486,
    -0.6339283802320028,
    -0.6268191914673129,
    -0.6180634657606348,
    -0.6109849604232488,
    -0.6074494799978483,
    -0.6078709358306769,
    -0.6115474173498918,
    -0.6171583289928321,
    -0.6232585284628898,
    -0.6286537298383195,
    -0.6326054692440272,
    -0.634870862653834,
    -0.6356189135006888,
    -0.6352792147161781,
    -0.6343760634843134,
    -0.6333883846713368,
    -0.6326589550880972
  ],
  "final_params": [
    3.2335230312173295
  ],
  "final_state_real": [
    [
      0.004087049791252589,
      0.0,
      0.0,
      0.0,
      -0.0022370468662110963,
      0.0,
      0.0,
      0.0,
      0.0022370468662110963,
      0.0,
      0.0,
      0.0,
      0.0013785167773463414,
      0.0,
      0.0,
      0.0
    ],
    [
      0.0,
      0.0002919321279466974,
      0.0,
      0.0,
      0.0,
      -0.00015978906187226707,
      0.0,
      0.0,
      0.0,
      0.00015978906187226707,
      0.0,
      0.0,
      0.0,
      9.846548409619553e-05,
      0.0,
      0.0
    ],
    [
      0.0,
      0.0,
      0.0002919321279466974,
      0.0,
      0.0,
      0.0,
      -0.00015978906187226707,
      0.0,
      0.0,
      0.0,
      0.00015978906187226705,
      0.0,
      0.0,
      0.0,
      9.846548409619552e-05,
      0.0
    ],
    [
      0.0,
      0.0,
      0.0,
      2.0852294853341524e-05,
      0.0,
      0.0,
      0.0,
      -1.1413504419450932e-05,
      0.0,
      0.0,
      0.0,
      1.141350441945093e-05,
      0.0,
      0.0,
      0.0,
      7.033248864015989e-06
    ],
    [
      -0.0022370468662110963,
      0.0,
      0.0,
      0.0,
      0.055580985913176714,
      0.0,
      0.0,
      0.0,
      -0.0013785167773463414,
      0.0,
      0.0,
      0.0,
      0.03226978282699754,
      0.0,
      0.0,
      0.0
    ],
    [
      0.0,
      -0.00015978906187226707,
      0.0,
      0.0,
      0.0,
      0.0039700704223709065,
      0.0,
      0.0,
      0.0,
      -9.846548409619553e-05,
      0.0,
      0.0,
      0.0,
      0.0023049844876433445,
      0.0,
      0.0
    ],
    [
      0.0,
      0.0,
      -0.00015978906187226707,
      0.0,
      0.0,
      0.0,
      0.0039700704223709065,
      0.0,
      0.0,
      0.0,
      -9.846548409619552e-05,
      0.0,
      0.0,
      0.0,
      0.0023049844876433445,
      0.0
    ],
    [
      0.0,
      0.0,
      0.0,
      -1.1413504419450932e-05,
      0.0,
      0.0,
      0.0,
      0.00028357645874086063,
      0.0,
      0.0,
      0.0,
      -7.033248864015989e-06,
      0.0,
      0.0,
      0.0,
      0.0001646417491174291
    ],
    [
      0.0022370468662110963,
      0.0,
      0.0,
      0.0,
      -0.0013785167773463414,
      0.0,
      0.0,
      0.0,
      0.055580985913176735,
      0.0,
      0.0,
      0.0,
      -0.03226978282699754,
      0.0,
      0.0,
      0.0
    ],
    [
      0.0,
      0.00015978906187226707,
      0.0,
      0.0,
      0.0,
      -9.846548409619553e-05,
      0.0,
      0.0,
      0.0,
      0.003970070422370907,
      0.0,
      0.0,
      0.0,
      -0.002304984487643344,
      0.0,
      0.0
    ],
    [
      0.0,
      0.0,
      0.00015978906187226705,
      0.0,
      0.0,
      0.0,
      -9.846548409619552e-05,
      0.0,
      0.0,
      0.0,
      0.003970070422370908,
      0.0,
      0.0,
      0.0,
      -0.0023049844876433436,
      0.0
    ],
    [
      0.0,
      0.0,
      0.0,
      1.141350441945093e-05,
      0.0,
      0.0,
      0.0,
      -7.033248864015989e-06,
      0.0,
      0.0,
      0.0,
      0.00028357645874086074,
      0.0,
      0.0,
      0.0,
      -0.00016464174911742907
    ],
    [
      0.0013785167773463414,
      0.0,
      0.0,
      0.0,
      0.03226978282699754,
      0.0,
      0.0,
      0.0,
      -0.03226978282699754,
      0.0,
      0.0,
      0.0,
      0.7558620894936456,
      0.0,
      0.0,
      0.0
    ],
    [
      0.0,
      9.846548409619553e-05,
      0.0,
      0.0,
      0.0,
      0.0023049844876433445,
      0.0,
      0.0,
      0.0,
      -0.002304984487643344,
      0.0,
      0.0,
      0.0,
      0.05399014924956163,
      0.0,
      0.0
    ],
    [
      0.0,
      0.0,
      9.846548409619552e-05,
      0.0,
      0.0,
      0.0,
      0.0023049844876433445,
      0.0,
      0.0,
      0.0,
      -0.0023049844876433436,
      0.0,
      0.0,
      0.0,
      0.05399014924956165,
      0.0
    ],
    [
      0.0,
      0.0,
      0.0,
      7.033248864015989e-06,
      0.0,
      0.0,
      0.0,
      0.0001646417491174291,
      0.0,
      0.0,
      0.0,
      -0.00016464174911742907,
      0.0,
      0.0,
      0.0,
      0.0038564392321126548
    ]
  ],