{
  "config": {
    "symbols": [
      "H",
      "H"
    ],
    "geometry": [
      [
        0.0,
        0.0,
        0.0
      ],
      [
        0.0,
        0.0,
        0.7414
      ]
    ],
    "basis": "STO-3G",
    "ansatz": "TwoQubit-RY-CNOT",
    "optimizer": {
      "name": "Momentum",
      "stepsize": 0.1,
      "iterations_planned": 50
    },
    "seed": 0,
    "noisy": true,
    "depolarizing_prob": 0.1,
    "amplitude_damping_prob": 0.0
  },
  "energies": [
    1.154227063541626,
    1.154227063541626,
    1.154200801742967,
    1.154138978951285,
    1.1540179637099552,
    1.1537916556430272,
    1.1533746112708614,
    1.1526104166106848,
    1.1512138285599,
    1.1486659033405475,
    1.1440255444777525,
    1.1355955595090053,
    1.1203460558239882,
    1.0929679684309532,
    1.0444762684433746,
    0.9606363944051108,
    0.821680976091969,
    0.6073323421552468,
    0.31285445003011025,
    -0.02743254281213428,
    -0.3384202195989756,
    -0.5483898971472128,
    -0.6327482162181881,
    -0.6078937498053303,
    -0.5091873019137672,
    -0.3815893341519927,
    -0.26920717805091826,
    -0.20235034431502472,
    -0.19290487223098945,
    -0.23736231439012664,
    -0.32106360114930776,
    -0.42222209775171604,
    -0.5175807019691717,
    -0.5890591887973488,
    -0.6278924331871629,
    -0.6345857875871245,
    -0.6164416303911028,
    -0.5846295334411397,
    -0.5512216718916033,
    -0.5263297807576699,
    -0.5160161906582033,
    -0.5215600773538098,
    -0.5400585586587325,
    -0.5659348605710753,
    -0.592816133956884,
    -0.6152452088904983,
    -0.6298036781173675,
    -0.6354851225407745,
    -0.633428223972976,
    -0.6262429574639932,
    -0.6171568129782964
  ],
  "final_params": [
    -3.4338668638380034
  ],
  "final_state_real": [
    [
      0.006300275258094343,
      0.0,
      0.0,
      0.0,
      0.004944652289610073,
      0.0,
      0.0,
      0.0,
      -0.004944652289610074,
      0.0,
      0.0,
      0.0,
      0.013579910663688634,
      0.0,
      0.0,
      0.0
    ],
    [
      0.0,
      0.00045001966129258245,
      0.0,
      0.0,
      0.0,
      0.0003531894492579639,
      0.0,
      0.0,
      0.0,
      -0.000353189449257964,
      0.0,
      0.0,
      0.0,
      0.0009699936188351813,
      0.0,
      0.0
    ],
    [
      0.0,
      0.0,
      0.0004500196612925824,
      0.0,
      0.0,
      0.0,
      0.00035318944925796396,
      0.0,
      0.0,
      0.0,
      -0.00035318944925796406,
      0.0,
      0.0,
      0.0,
      0.0009699936188351811,
      0.0
    ],
    [
      0.0,
      0.0,
      0.0,
      3.214426152090798e-05,
      0.0,
      0.0,
      0.0,
      2.5227817804147533e-05,
      0.0,
      0.0,
      0.0,
      -2.522781780414754e-05,
      0.0,
      0.0,
      0.0,
      6.928525848824714e-05
    ],
    [
      0.004944652289610073,
      0.0,
      0.0,
      0.0,
      0.06778237979951873,
      0.0,
      0.0,
      0.0,
      -0.013579910663688638,
      0.0,
      0.0,
      0.0,
      -0.09920679905369388,
      0.0,
      0.0,
      0.0
    ],
    [
      0.0,
      0.0003531894492579639,
      0.0,
      0.0,
      0.0,
      0.004841598557109873,
      0.0,
      0.0,
      0.0,
      -0.0009699936188351816,
      0.0,
      0.0,
      0.0,
      -0.0070861999324087445,
      0.0,
      0.0
    ],
    [
      0.0,
      0.0,
      0.00035318944925796396,
      0.0,
      0.0,
      0.0,
      0.004841598557109873,
      0.0,
      0.0,
      0.0,
      -0.0009699936188351813,
      0.0,
      0.0,
      0.0,
      -0.007086199932408744,
      0.0
    ],
    [
      0.0,
      0.0,
      0.0,
      2.5227817804147533e-05,
      0.0,
      0.0,
      0.0,
      0.00034582846836509027,
      0.0,
      0.0,
      0.0,
      -6.928525848824715e-05,
      0.0,
      0.0,
      0.0,
      -0.0005061571380293416
    ],
    [
      -0.004944652289610074,
      0.0,
      0.0,
      0.0,
      -0.013579910663688634,
      0.0,
      0.0,
      0.0,
      0.06778237979951873,
      0.0,
      0.0,
      0.0,
      0.09920679905369387,
      0.0,
      0.0,
      0.0
    ],
    [
      0.0,
      -0.000353189449257964,
      0.0,
      0.0,
      0.0,
      -0.0009699936188351813,
      0.0,
      0.0,
      0.0,
      0.004841598557109873,
      0.0,
      0.0,
      0.0,
      0.007086199932408743,
      0.0,
      0.0
    ],
    [
      0.0,
      0.0,
      -0.00035318944925796406,
      0.0,
      0.0,
      0.0,
      -0.0009699936188351811,
      0.0,
      0.0,
      0.0,
      0.004841598557109875,
      0.0,
      0.0,
      0.0,
      0.007086199932408742,
      0.0
    ],
    [
      0.0,
      0.0,
      0.0,
      -2.522781780414754e-05,
      0.0,
      0.0,
      0.0,
      -6.928525848824714e-05,
      0.0,
      0.0,
      0.0,
      0.0003458284683650904,
      0.0,
      0.0,
      0.0,
      0.0005061571380293415
    ],
    [
      0.013579910663688638,
      0.0,
      0.0,
      0.0,
      -0.09920679905369388,
      0.0,
      0.0,
      0.0,
      0.09920679905369387,
      0.0,
      0.0,
      0.0,
      0.7292460762541195,
      0.0,
      0.0,
      0.0
    ],
    [
      0.0,
      0.0009699936188351816,
      0.0,
      0.0,
      0.0,
      -0.0070861999324087445,
      0.0,
      0.0,
      0.0,
      0.007086199932408743,
      0.0,
      0.0,
      0.0,
      0.0520890054467378,
      0.0,
      0.0
    ],
    [
      0.0,
      0.0,
      0.0009699936188351813,
      0.0,
      0.0,
      0.0,
      -0.007086199932408744,
      0.0,
      0.0,
      0.0,
      0.007086199932408742,
      0.0,
      0.0,
      0.0,
      0.05208900544673777,
      0.0
    ],
    [
      0.0,
      0.0,
      0.0,
      6.928525848824715e-05,
      0.0,
      0.0,
      0.0,
      -0.0005061571380293416,
      0.0,
      0.0,
      0.0,
      0.0005061571380293415,
      0.0,
      0.0,
      0.0,
      0.0037206432461966256
    ]
  ],