{
  "config": {
    "symbols": [
      "H",
      "H"
    ],
    "geometry": [
      [
        0.0,
        0.0,
        0.0
      ],
      [
        0.0,
        0.0,
        0.7414
      ]
    ],
    "basis": "STO-3G",
    "ansatz": "TwoQubit-RY-CNOT",
    "optimizer": {
      "name": "Adam",
      "stepsize": 0.1,
      "iterations_planned": 50
    },
    "seed": 1,
    "noisy": true,
    "depolarizing_prob": 0.06,
    "amplitude_damping_prob": 0.0
  },
  "energies": [
    1.2277491274353884,
    1.2277491274353884,
    1.2206715007097886,
    1.2064323550330127,
    1.1821107963729924,
    1.1474357827478276,
    1.1023547035562038,
    1.0470094028909138,
    0.9817461070866882,
    0.9071247291792728,
    0.8239220573821612,
    0.7331270830493355,
    0.6359273095179965,
    0.5336852676479938,
    0.42790501043550466,
    0.32018909343277435,
    0.21218743726413714,
    0.10554043906210099,
    0.0018196342508713104,
    -0.09753004967751128,
    -0.1912420419068569,
    -0.2782696527343179,
    -0.3578139639818916,
    -0.4293360981181989,
    -0.49255371329066794,
    -0.5474234788756851,
    -0.5941128650410185,
    -0.6329654869061278,
    -0.6644643090288401,
    -0.6891963036673447,
    -0.7078209321718875,
    -0.7210434490557482,
    -0.7295928557288379,
    -0.7342035809399282,
    -0.7355997054697213,
    -0.7344807113822994,
    -0.7315081644509012,
    -0.727293250891234,
    -0.7223855276418277,
    -0.7172635073660136,
    -0.7123277502370517,
    -0.7078969982612313,
    -0.7042076275165838,
    -0.701416386315069,
    -0.6996061010199933,
    -0.6987938131792378,
    -0.6989406814777668,
    -0.6999629395565936,
    -0.7017432297331299,
    -0.7041417117280144,
    -0.7070064535993443
  ],
  "final_params": [
    -3.4168492743535075
  ],
  "final_state_real": [
    [
      0.0030276207049817513,
      0.0,
      0.0,
      0.0,
      0.002440167504249644,
      0.0,
      0.0,
      0.0,
      -0.0024401675042496434,
      0.0,
      0.0,
      0.0,
      0.01440580595055503,
      0.0,
      0.0,
      0.0
    ],
    [
      0.0,
      0.0001261508627076346,
      0.0,
      0.0,
      0.0,
      0.0001016736460104515,
      0.0,
      0.0,
      0.0,
      -0.00010167364601045149,
      0.0,
      0.0,
      0.0,
      0.0006002419146067528,
      0.0,
      0.0
    ],
    [
      0.0,
      0.0,
      0.0001261508627076346,
      0.0,
      0.0,
      0.0,
      0.0001016736460104515,
      0.0,
      0.0,
      0.0,
      -0.00010167364601045146,
      0.0,
      0.0,
      0.0,
      0.0006002419146067528,
      0.0
    ],
    [
      0.0,
      0.0,
      0.0,
      5.2562859461540105e-06,
      0.0,
      0.0,
      0.0,
      4.2364019171042146e-06,
      0.0,
      0.0,
      0.0,
      -4.236401917104214e-06,
      0.0,
      0.0,
      0.0,
      2.501007977529359e-05
    ],
    [
      0.002440167504249644,
      0.0,
      0.0,
      0.0,
      0.049795245950583496,
      0.0,
      0.0,
      0.0,
      -0.014405805950555031,
      0.0,
      0.0,
      0.0,
      -0.10844553124909394,
      0.0,
      0.0,
      0.0
    ],
    [
      0.0,
      0.0001016736460104515,
      0.0,
      0.0,
      0.0,
      0.002074801914608659,
      0.0,
      0.0,
      0.0,
      -0.0006002419146067529,
      0.0,
      0.0,
      0.0,
      -0.004518563802047788,
      0.0,
      0.0
    ],
    [
      0.0,
      0.0,
      0.0001016736460104515,
      0.0,
      0.0,
      0.0,
      0.0020748019146086595,
      0.0,
      0.0,
      0.0,
      -0.0006002419146067529,
      0.0,
      0.0,
      0.0,
      -0.004518563802047788,
      0.0
    ],
    [
      0.0,
      0.0,
      0.0,
      4.2364019171042146e-06,
      0.0,
      0.0,
      0.0,
      8.645007977540303e-05,
      0.0,
      0.0,
      0.0,
      -2.5010079775293592e-05,
      0.0,
      0.0,
      0.0,
      -0.00018827349175208318
    ],
    [
      -0.0024401675042496434,
      0.0,
      0.0,
      0.0,
      -0.01440580595055503,
      0.0,
      0.0,
      0.0,
      0.04979524595058352,
      0.0,
      0.0,
      0.0,
      0.10844553124909394,
      0.0,
      0.0,
      0.0
    ],
    [
      0.0,
      -0.00010167364601045149,
      0.0,
      0.0,
      0.0,
      -0.0006002419146067528,
      0.0,
      0.0,
      0.0,
      0.00207480191460866,
      0.0,
      0.0,
      0.0,
      0.004518563802047788,
      0.0,
      0.0
    ],
    [
      0.0,
      0.0,
      -0.00010167364601045146,
      0.0,
      0.0,
      0.0,
      -0.0006002419146067528,
      0.0,
      0.0,
      0.0,
      0.0020748019146086608,
      0.0,
      0.0,
      0.0,
      0.004518563802047789,
      0.0
    ],
    [
      0.0,
      0.0,
      0.0,
      -4.236401917104214e-06,
      0.0,
      0.0,
      0.0,
      -2.501007977529359e-05,
      0.0,
      0.0,
      0.0,
      8.645007977540308e-05,
      0.0,
      0.0,
      0.0,
      0.00018827349175208323
    ],
    [
      0.014405805950555031,
      0.0,
      0.0,
      0.0,
      -0.10844553124909394,
      0.0,
      0.0,
      0.0,
      0.10844553124909394,
      0.0,
      0.0,
      0.0,
      0.8189818873939989,
      0.0,
      0.0,
      0.0
    ],
    [
      0.0,
      0.0006002419146067529,
      0.0,
      0.0,
      0.0,
      -0.004518563802047788,
      0.0,
      0.0,
      0.0,
      0.004518563802047788,
      0.0,
      0.0,
      0.0,
      0.03412424530809996,
      0.0,
      0.0
    ],
    [
      0.0,
      0.0,
      0.0006002419146067529,
      0.0,
      0.0,
      0.0,
      -0.004518563802047788,
      0.0,
      0.0,
      0.0,
      0.004518563802047789,
      0.0,
      0.0,
      0.0,
      0.03412424530809996,
      0.0
    ],
    [
      0.0,
      0.0,
      0.0,
      2.5010079775293592e-05,
      0.0,
      0.0,
      0.0,
      -0.00018827349175208318,
      0.0,
      0.0,
      0.0,
      0.00018827349175208323,
      0.0,
      0.0,
      0.0,
      0.0014218435545048595
    ]
  ],