{
  "config": {
    "symbols": [
      "H",
      "H"
    ],
    "geometry": [
      [
        0.0,
        0.0,
        0.0
      ],
      [
        0.0,
        0.0,
        0.7414
      ]
    ],
    "basis": "STO-3G",
    "ansatz": "TwoQubit-RY-CNOT",
    "optimizer": {
      "name": "Momentum",
      "stepsize": 0.1,
      "iterations_planned": 50
    },
    "seed": 2,
    "noisy": true,
    "depolarizing_prob": 0.06,
    "amplitude_damping_prob": 0.0
  },
  "energies": [
    1.2276753983588522,
    1.2276753983588522,
    1.2276510070822442,
    1.2275923963838744,
    1.227474416872928,
    1.2272467132875142,
    1.2268129364962623,
    1.2259906388495725,
    1.2244354350934261,
    1.221498740530855,
    1.2159632202784931,
    1.2055582569765397,
    1.1860983062000068,
    1.1500399533957972,
    1.084368144247946,
    0.9684906875714936,
    0.775318182820871,
    0.4832912649153628,
    0.1060370690050497,
    -0.2815991592729844,
    -0.5758781128404733,
    -0.7195523389570877,
    -0.7198215709401392,
    -0.6161254311733876,
    -0.46367829683636463,
    -0.3216518160309163,
    -0.2335255820224607,
    -0.21761306442581874,
    -0.27067464763131976,
    -0.3738974493821088,
    -0.49824356825678906,
    -0.6126001288252955,
    -0.6937450464113393,
    -0.7319854206850909,
    -0.7301819221376054,
    -0.6997650388443526,
    -0.6565968871583499,
    -0.6167171748322646,
    -0.5922699882978976,
    -0.5889323014415581,
    -0.6055949932715877,
    -0.6359534882656317,
    -0.6711867221976023,
    -0.7028127996077621,
    -0.7248616398819255,
    -0.7348639980406968,
    -0.7337079493547701,
    -0.7247442543491028,
    -0.7125271253202925,
    -0.701500294371039,
    -0.694916548197985
  ],
  "final_params": [
    3.4925132955443536
  ],
  "final_state_real": [
    [
      0.004265734774592271,
      0.0,
      0.0,
      0.0,
      -0.0013885926363958073,
      0.0,
      0.0,
      0.0,
      0.0013885926363958084,
      0.0,
      0.0,
      0.0,
      0.0230449142864395,
      0.0,
      0.0,
      0.0
    ],
    [
      0.0,
      0.00017773894894143147,
      0.0,
      0.0,
      0.0,
      -5.785802651652025e-05,
      0.0,
      0.0,
      0.0,
      5.785802651652028e-05,
      0.0,
      0.0,
      0.0,
      0.0009602047619354483,
      0.0,
      0.0
    ],
    [
      0.0,
      0.0,
      0.0001777389489414315,
      0.0,
      0.0,
      0.0,
      -5.7858026516520236e-05,
      0.0,
      0.0,
      0.0,
      5.785802651652026e-05,
      0.0,
      0.0,
      0.0,
      0.0009602047619354484,
      0.0
    ],
    [
      0.0,
      0.0,
      0.0,
      7.40578953922993e-06,
      0.0,
      0.0,
      0.0,
      -2.4107511048561876e-06,
      0.0,
      0.0,
      0.0,
      2.4107511048561885e-06,
      0.0,
      0.0,
      0.0,
      4.00085317473299e-05
    ],
    [
      -0.0013885926363958073,
      0.0,
      0.0,
      0.0,
      0.05843435428646778,
      0.0,
      0.0,
      0.0,
      -0.0230449142864395,
      0.0,
      0.0,
      0.0,
      0.13546322319938875,
      0.0,
      0.0,
      0.0
    ],
    [
      0.0,
      -5.785802651652025e-05,
      0.0,
      0.0,
      0.0,
      0.0024347647619373464,
      0.0,
      0.0,
      0.0,
      -0.0009602047619354483,
      0.0,
      0.0,
      0.0,
      0.005644300966643955,
      0.0,
      0.0
    ],
    [
      0.0,
      0.0,
      -5.7858026516520236e-05,
      0.0,
      0.0,
      0.0,
      0.0024347647619373473,
      0.0,
      0.0,
      0.0,
      -0.0009602047619354484,
      0.0,
      0.0,
      0.0,
      0.005644300966643955,
      0.0
    ],
    [
      0.0,
      0.0,
      0.0,
      -2.4107511048561876e-06,
      0.0,
      0.0,
      0.0,
      0.00010144853174743904,
      0.0,
      0.0,
      0.0,
      -4.00085317473299e-05,
      0.0,
      0.0,
      0.0,
      0.00023517920694361298
    ],
    [
      0.0013885926363958084,
      0.0,
      0.0,
      0.0,
      -0.0230449142864395,
      0.0,
      0.0,
      0.0,
      0.058434354286467795,
      0.0,
      0.0,
      0.0,
      -0.13546322319938875,
      0.0,
      0.0,
      0.0
    ],
    [
      0.0,
      5.785802651652028e-05,
      0.0,
      0.0,
      0.0,
      -0.0009602047619354483,
      0.0,
      0.0,
      0.0,
      0.002434764761937347,
      0.0,
      0.0,
      0.0,
      -0.005644300966643955,
      0.0,
      0.0
    ],
    [
      0.0,
      0.0,
      5.785802651652026e-05,
      0.0,
      0.0,
      0.0,
      -0.0009602047619354484,
      0.0,
      0.0,
      0.0,
      0.0024347647619373477,
      0.0,
      0.0,
      0.0,
      -0.005644300966643955,
      0.0
    ],
    [
      0.0,
      0.0,
      0.0,
      2.4107511048561885e-06,
      0.0,
      0.0,
      0.0,
      -4.00085317473299e-05,
      0.0,
      0.0,
      0.0,
      0.00010144853174743906,
      0.0,
      0.0,
      0.0,
      -0.00023517920694361298
    ],
    [
      0.0230449142864395,
      0.0,
      0.0,
      0.0,
      0.13546322319938875,
      0.0,
      0.0,
      0.0,
      -0.13546322319938875,
      0.0,
      0.0,
      0.0,
      0.8004655566526191,
      0.0,
      0.0,
      0.0
    ],
    [
      0.0,
      0.0009602047619354483,
      0.0,
      0.0,
      0.0,
      0.005644300966643955,
      0.0,
      0.0,
      0.0,
      -0.005644300966643955,
      0.0,
      0.0,
      0.0,
      0.03335273152720875,
      0.0,
      0.0
    ],
    [
      0.0,
      0.0,
      0.0009602047619354484,
      0.0,
      0.0,
      0.0,
      0.005644300966643955,
      0.0,
      0.0,
      0.0,
      -0.005644300966643955,
      0.0,
      0.0,
      0.0,
      0.03335273152720875,
      0.0
    ],
    [
      0.0,
      0.0,
      0.0,
      4.00085317473299e-05,
      0.0,
      0.0,
      0.0,
      0.00023517920694361298,
      0.0,
      0.0,
      0.0,
      -0.00023517920694361298,
      0.0,
      0.0,
      0.0,
      0.00138969714696771
    ]
  ],