{
  "config": {
    "symbols": [
      "H",
      "H"
    ],
    "geometry": [
      [
        0.0,
        0.0,
        0.0
      ],
      [
        0.0,
        0.0,
        0.7414
      ]
    ],
    "basis": "STO-3G",
    "ansatz": "TwoQubit-RY-CNOT",
    "optimizer": {
      "name": "Momentum",
      "stepsize": 0.1,
      "iterations_planned": 50
    },
    "seed": 1,
    "noisy": true,
    "depolarizing_prob": 0.08,
    "amplitude_damping_prob": 0.0
  },
  "energies": [
    1.1901041506870913,
    1.1901041506870913,
    1.1900470343919882,
    1.1899112071751983,
    1.189641634259849,
    1.1891296039071084,
    1.1881705524184745,
    1.1863841272961633,
    1.183066389905479,
    1.1769202996527328,
    1.1655733112676634,
    1.1447430889583092,
    1.1068914172550393,
    1.0393677301176842,
    0.9228459863841115,
    0.7331631320146843,
    0.4532714132832756,
    0.09940612397587337,
    -0.25929755637606533,
    -0.5316836819092893,
    -0.6678779014473533,
    -0.6737427076929379,
    -0.5838758465879689,
    -0.4467063864990624,
    -0.31453389198904813,
    -0.22725283544241998,
    -0.20338198116428968,
    -0.2422794423405772,
    -0.3292867882296262,
    -0.4402839793410944,
    -0.548016113072326,
    -0.6303178484002876,
    -0.675842629959578,
    -0.684449062054714,
    -0.664268721034517,
    -0.6282009928634106,
    -0.590380865761809,
    -0.5626751302144904,
    -0.5520788962649636,
    -0.5598163625873975,
    -0.5821274700356777,
    -0.6121803069622918,
    -0.6424129382811959,
    -0.6666072988364697,
    -0.6811624504696974,
    -0.685409183452226,
    -0.6811598798047439,
    -0.6718081365230778,
    -0.661255520734771,
    -0.6529045910100527,
    -0.6489325480381842
  ],
  "final_params": [
    3.4729655132363266
  ],
  "final_state_real": [
    [
      0.005401231341882136,
      0.0,
      0.0,
      0.0,
      -0.003403169896319786,
      0.0,
      0.0,
      0.0,
      0.0034031698963197868,
      0.0,
      0.0,
      0.0,
      0.018925188036024467,
      0.0,
      0.0,
      0.0
    ],
    [
      0.0,
      0.0003042947234864279,
      0.0,
      0.0,
      0.0,
      -0.00019172788148287447,
      0.0,
      0.0,
      0.0,
      0.00019172788148287453,
      0.0,
      0.0,
      0.0,
      0.0010662077766778219,
      0.0,
      0.0
    ],
    [
      0.0,
      0.0,
      0.0003042947234864279,
      0.0,
      0.0,
      0.0,
      -0.0001917278814828745,
      0.0,
      0.0,
      0.0,
      0.00019172788148287453,
      0.0,
      0.0,
      0.0,
      0.0010662077766778217,
      0.0
    ],
    [
      0.0,
      0.0,
      0.0,
      1.7143364703466955e-05,
      0.0,
      0.0,
      0.0,
      -1.0801570787771498e-05,
      0.0,
      0.0,
      0.0,
      1.08015707877715e-05,
      0.0,
      0.0,
      0.0,
      6.006804375651881e-05
    ],
    [
      -0.003403169896319786,
      0.0,
      0.0,
      0.0,
      0.06417220828296603,
      0.0,
      0.0,
      0.0,
      -0.018925188036024467,
      0.0,
      0.0,
      0.0,
      0.11974361640217182,
      0.0,
      0.0,
      0.0
    ],
    [
      0.0,
      -0.00019172788148287447,
      0.0,
      0.0,
      0.0,
      0.0036153356779148917,
      0.0,
      0.0,
      0.0,
      -0.0010662077766778219,
      0.0,
      0.0,
      0.0,
      0.006746119233927621,
      0.0,
      0.0
    ],
    [
      0.0,
      0.0,
      -0.0001917278814828745,
      0.0,
      0.0,
      0.0,
      0.0036153356779148917,
      0.0,
      0.0,
      0.0,
      -0.0010662077766778217,
      0.0,
      0.0,
      0.0,
      0.0067461192339276195,
      0.0
    ],
    [
      0.0,
      0.0,
      0.0,
      -1.0801570787771498e-05,
      0.0,
      0.0,
      0.0,
      0.0002036808832628848,
      0.0,
      0.0,
      0.0,
      -6.006804375651881e-05,
      0.0,
      0.0,
      0.0,
      0.00038006305543267997
    ],
    [
      0.0034031698963197868,
      0.0,
      0.0,
      0.0,
      -0.018925188036024467,
      0.0,
      0.0,
      0.0,
      0.06417220828296602,
      0.0,
      0.0,
      0.0,
      -0.11974361640217177,
      0.0,
      0.0,
      0.0
    ],
    [
      0.0,
      0.00019172788148287453,
      0.0,
      0.0,
      0.0,
      -0.0010662077766778219,
      0.0,
      0.0,
      0.0,
      0.0036153356779148912,
      0.0,
      0.0,
      0.0,
      -0.0067461192339276195,
      0.0,
      0.0
    ],
    [
      0.0,
      0.0,
      0.00019172788148287453,
      0.0,
      0.0,
      0.0,
      -0.0010662077766778217,
      0.0,
      0.0,
      0.0,
      0.003615335677914891,
      0.0,
      0.0,
      0.0,
      -0.006746119233927618,
      0.0
    ],
    [
      0.0,
      0.0,
      0.0,
      1.08015707877715e-05,
      0.0,
      0.0,
      0.0,
      -6.006804375651881e-05,
      0.0,
      0.0,
      0.0,
      0.0002036808832628847,
      0.0,
      0.0,
      0.0,
      -0.0003800630554326798
    ],
    [
      0.018925188036024467,
      0.0,
      0.0,
      0.0,
      0.11974361640217182,
      0.0,
      0.0,
      0.0,
      -0.11974361640217177,
      0.0,
      0.0,
      0.0,
      0.762432129870107,
      0.0,
      0.0,
      0.0
    ],
    [
      0.0,
      0.0010662077766778219,
      0.0,
      0.0,
      0.0,
      0.006746119233927621,
      0.0,
      0.0,
      0.0,
      -0.0067461192339276195,
      0.0,
      0.0,
      0.0,
      0.04295392280959909,
      0.0,
      0.0
    ],
    [
      0.0,
      0.0,
      0.0010662077766778217,
      0.0,
      0.0,
      0.0,
      0.0067461192339276195,
      0.0,
      0.0,
      0.0,
      -0.006746119233927618,
      0.0,
      0.0,
      0.0,
      0.04295392280959909,
      0.0
    ],
    [
      0.0,
      0.0,
      0.0,
      6.006804375651881e-05,
      0.0,
      0.0,
      0.0,
      0.00038006305543267997,
      0.0,
      0.0,
      0.0,
      -0.0003800630554326798,
      0.0,
      0.0,
      0.0,
      0.0024199393132177285
    ]
  ],