{
  "config": {
    "symbols": [
      "H",
      "H"
    ],
    "geometry": [
      [
        0.0,
        0.0,
        0.0
      ],
      [
        0.0,
        0.0,
        0.7414
      ]
    ],
    "basis": "STO-3G",
    "ansatz": "RY-CZ",
    "optimizer": {
      "name": "Nesterov",
      "stepsize": 0.1,
      "iterations_planned": 50
    },
    "seed": 0,
    "noisy": true,
    "depolarizing_prob": 0.0,
    "amplitude_damping_prob": 0.0
  },
  "energies": [
    1.348760581008637,
    1.348760581008637,
    1.3487492549489448,
    1.348728504081961,
    1.3486926256823593,
    1.348631787696444,
    1.3485293676153787,
    1.348357443572237,
    1.3480692200032218,
    1.3475863471999996,
    1.3467777374120242,
    1.3454242587969236,
    1.3431601002746762,
    1.3393759636916451,
    1.3330608161889719,
    1.3225476075036182,
    1.305116830767186,
    1.2764117469443668,
    1.2296659264461942,
    1.1549239555692032,
    1.0389079993631718,
    0.8670629758225884,
    0.6300633537650369,
    0.33524447259408563,
    0.015729541726715673,
    -0.27770557262288764,
    -0.5043038398017908,
    -0.6543504192689639,
    -0.7423718677105823,
    -0.7871557151113071,
    -0.8010440740554036,
    -0.791434054579268,
    -0.7657522596016939,
    -0.7334095214585855,
    -0.7042304461802746,
    -0.6858766543669201,
    -0.6822774091655903,
    -0.6935050683487185,
    -0.7166493173880568,
    -0.7471293458913025,
    -0.7800212054351325,
    -0.8111042523877848,
    -0.8374554240620081,
    -0.8575787888962709,
    -0.8712012550584646,
    -0.8789215483155026,
    -0.88185969692263,
    -0.8813734458638971,
    -0.8788461051272701,
    -0.8755291270206202,
    -0.8724290300337679
  ],
  "final_params": [
    -2.875737967474068,
    3.0481597415070265,
    -0.0006869930833090893,
    -0.0012869402163067157
  ],
  "final_state_real": [
    [
      3.830829102200224e-05,
      -2.4650243569273285e-08,
      -1.3158765999925883e-08,
      -8.467273749772508e-12,
      0.000819420432469221,
      -5.272726270771093e-07,
      2.8146809578437296e-07,
      1.8111633103338852e-10,
      -0.00028649028994540994,
      1.8434796329938128e-07,
      9.840842768695538e-08,
      6.332289034662045e-11,
      0.0061280728278299244,
      -3.943232229532066e-06,
      2.1049719061551876e-06,
      1.3544866870568886e-09
    ],
    [
      -2.4650243569273288e-08,
      1.5861697850891717e-11,
      8.46727374977251e-12,
      5.448438044337199e-15,
      -5.272726270771094e-07,
      3.3928423758733605e-10,
      -1.811163310333885e-10,
      -1.1654295557405335e-13,
      1.8434796329938128e-07,
      -1.1862242598393374e-10,
      -6.332289034662047e-11,
      -4.0746390755488356e-14,
      -3.943232229532066e-06,
      2.537352541972453e-09,
      -1.3544866870568886e-09,
      -8.715717732059008e-13
    ],
    [
      -1.3158765999925883e-08,
      8.467273749772508e-12,
      4.519991557477008e-12,
      2.908478871754581e-15,
      -2.8146809578437296e-07,
      1.8111633103338852e-10,
      -9.668330490216706e-11,
      -6.221284633941098e-14,
      9.84084276869554e-08,
      -6.332289034662047e-11,
      -3.380296163847808e-11,
      -2.1751191009551817e-14,
      -2.1049719061551876e-06,
      1.3544866870568886e-09,
      -7.230504759203934e-10,
      -4.652615898845352e-13
    ],
    [
      -8.46727374977251e-12,
      5.448438044337199e-15,
      2.9084788717545814e-15,
      1.8715201973406843e-18,
      -1.811163310333885e-10,
      1.1654295557405335e-13,
      -6.221284633941096e-14,
      -4.0032100849996594e-17,
      6.332289034662047e-11,
      -4.0746390755488356e-14,
      -2.175119100955182e-14,
      -1.399624858406954e-17,
      -1.3544866870568886e-09,
      8.715717732059008e-13,
      -4.652615898845353e-13,
      -2.9938187984960456e-16
    ],
    [
      0.000819420432469221,
      -5.272726270771093e-07,
      -2.8146809578437296e-07,
      -1.8111633103338852e-10,
      0.017527533263651748,
      -1.1278445281451078e-05,
      6.020647296591083e-06,
      3.8741071017868705e-09,
      -0.006128072827829924,
      3.943232229532065e-06,
      2.1049719061551876e-06,
      1.3544866870568886e-09,
      0.1310804515916722,
      -8.434636400379357e-05,
      4.502568357111291e-05,
      2.8972685475932573e-08
    ],
    [
      -5.272726270771094e-07,
      3.3928423758733605e-10,
      1.811163310333885e-10,
      1.1654295557405335e-13,
      -1.1278445281451078e-05,
      7.257343757251411e-09,
      -3.874107101786871e-09,
      -2.492872339432703e-12,
      3.943232229532065e-06,
      -2.5373525419724526e-09,
      -1.3544866870568886e-09,
      -8.715717732059008e-13,
      -8.434636400379357e-05,
      5.4274374080310384e-08,
      -2.897268547593257e-08,
      -1.864305872925484e-11
    ],
    [
      2.8146809578437296e-07,
      -1.8111633103338852e-10,
      -9.668330490216706e-11,
      -6.221284633941098e-14,
      6.020647296591083e-06,
      -3.8741071017868705e-09,
      2.0680719567887053e-09,
      1.3307422182322727e-12,
      -2.1049719061551876e-06,
      1.3544866870568886e-09,
      7.230504759203934e-10,
      4.652615898845352e-13,
      4.502568357111291e-05,
      -2.8972685475932573e-08,
      1.5466169822202284e-08,
      9.952015967913096e-12
    ],
    [
      1.811163310333885e-10,
      -1.1654295557405335e-13,
      -6.221284633941096e-14,
      -4.0032100849996594e-17,
      3.874107101786871e-09,
      -2.492872339432703e-12,
      1.3307422182322727e-12,
      8.562932889291384e-16,
      -1.3544866870568886e-09,
      8.715717732059008e-13,
      4.652615898845353e-13,
      2.9938187984960456e-16,
      2.897268547593257e-08,
      -1.864305872925484e-11,
      9.952015967913096e-12,
      6.403828155358171e-15
    ],
    [
      -0.00028649028994540994,
      1.8434796329938128e-07,
      9.840842768695538e-08,
      6.332289034662045e-11,
      -0.0061280728278299244,
      3.943232229532066e-06,
      -2.1049719061551876e-06,
      -1.3544866870568886e-09,
      0.002142530612772884,
      -1.378654595401882e-06,
      -7.359518848012208e-07,
      -4.735631042689012e-10,
      -0.04582907027344165,
      2.948964087551812e-05,
      -1.574212776530731e-05,
      -1.012959005377117e-08
    ],
    [
      1.8434796329938128e-07,
      -1.1862242598393374e-10,
      -6.332289034662047e-11,
      -4.0746390755488356e-14,
      3.943232229532066e-06,
      -2.537352541972453e-09,
      1.3544866870568886e-09,
      8.715717732059008e-13,
      -1.378654595401882e-06,
      8.871231868989077e-10,
      4.735631042689012e-10,
      3.047237292596599e-13,
      2.948964087551812e-05,
      -1.8975705939142727e-08,
      1.012959005377117e-08,
      6.5180889922201094e-12
    ],
    [
      9.84084276869554e-08,
      -6.332289034662047e-11,
      -3.380296163847808e-11,
      -2.1751191009551817e-14,
      2.1049719061551876e-06,
      -1.3544866870568886e-09,
      7.230504759203934e-10,
      4.652615898845352e-13,
      -7.359518848012208e-07,
      4.735631042689012e-10,
      2.527969800534147e-10,
      1.6266726740063362e-13,
      1.574212776530731e-05,
      -1.012959005377117e-08,
      5.407365741757278e-09,
      3.479479878489348e-12
    ],
    [
      6.332289034662047e-11,
      -4.0746390755488356e-14,
      -2.175119100955182e-14,
      -1.399624858406954e-17,
      1.3544866870568886e-09,
      -8.715717732059008e-13,
      4.652615898845353e-13,
      2.9938187984960456e-16,
      -4.735631042689012e-10,
      3.047237292596599e-13,
      1.6266726740063362e-13,
      1.0467157913471407e-16,
      1.012959005377117e-08,
      -6.5180889922201094e-12,
      3.4794798784893483e-12,
      2.238940951862232e-15
    ],
    [
      0.006128072827829924,
      -3.943232229532065e-06,
      -2.1049719061551876e-06,
      -1.3544866870568886e-09,
      0.1310804515916722,
      -8.434636400379357e-05,
      4.502568357111291e-05,
      2.8972685475932573e-08,
