{
  "config": {
    "symbols": [
      "H",
      "H"
    ],
    "geometry": [
      [
        0.0,
        0.0,
        0.0
      ],
      [
        0.0,
        0.0,
        0.7414
      ]
    ],
    "basis": "STO-3G",
    "ansatz": "RY-CZ",
    "optimizer": {
      "name": "GradientDescent",
      "stepsize": 0.1,
      "iterations_planned": 50
    },
    "seed": 3,
    "noisy": true,
    "depolarizing_prob": 0.0,
    "amplitude_damping_prob": 0.0
  },
  "energies": [
    1.3487223025820134,
    1.3487223025820134,
    1.3487116114112436,
    1.3486992840055485,
    1.3486850680982223,
    1.3486686725093495,
    1.3486497611645534,
    1.3486279461799404,
    1.348602779858668,
    1.3485737454673146,
    1.3485402466342615,
    1.3485015950687818,
    1.3484569964306106,
    1.348405533949658,
    1.348346149682564,
    1.3482776227396032,
    1.348198544274684,
    1.348107288631847,
    1.3480019799884102,
    1.3478804541213023,
    1.3477402141715449,
    1.3475783797491327,
    1.3473916282737934,
    1.3471761276275935,
    1.346927458425734,
    1.3466405248469993,
    1.3463094519147312,
    1.3459274677849633,
    1.3454867684797245,
    1.3449783627247962,
    1.344391894536368,
    1.3437154398579996,
    1.3429352745647143,
    1.3420356098330033,
    1.3409982906076197,
    1.3398024538523532,
    1.3384241408496285,
    1.3368358599594092,
    1.3350060946331859,
    1.332898752625883,
    1.3304725528552293,
    1.327680346594113,
    1.3244683725719666,
    1.3207754468540318,
    1.316532093308332,
    1.3116596220016516,
    1.3060691750668254,
    1.2996607618623874,
    1.2923223202263516,
    1.2839288547580527,
    1.2743417154768049
  ],
  "final_params": [
    0.24815923246655014,
    -0.414783354212788,
    6.555335891549047e-05,
    0.023103137134947584
  ],
  "final_state_real": [
    [
      0.9428085101357884,
      0.010891401600096454,
      3.09021323378207e-05,
      -3.5698397921976566e-07,
      -0.19838306564888708,
      -0.0022917375218952313,
      6.502338154946817e-06,
      -7.51155461833454e-08,
      0.11758738711580055,
      0.001358379185609747,
      3.8541240971485236e-06,
      -4.452315916474703e-08,
      0.024742401120578895,
      0.00028582625661290344,
      -8.109737508345705e-07,
      9.368435596963099e-09
    ],
    [
      0.010891401600096454,
      0.00012581836879609973,
      3.569839792197656e-07,
      -4.123908344166759e-09,
      -0.0022917375218952317,
      -2.6474340704792325e-05,
      7.51155461833454e-08,
      -8.677409791867497e-10,
      0.001358379185609747,
      1.5692108290128544e-05,
      4.452315916474704e-08,
      -5.143352034717829e-10,
      0.00028582625661290344,
      3.301888470058108e-06,
      -9.368435596963099e-09,
      1.082249399946346e-10
    ],
    [
      3.09021323378207e-05,
      3.5698397921976566e-07,
      1.0128881427305153e-09,
      -1.1700531634595035e-11,
      -6.502338154946817e-06,
      -7.51155461833454e-08,
      2.1312108584557133e-10,
      -2.462084015177135e-12,
      3.854124097148523e-06,
      4.4523159164747024e-08,
      1.2632774191559164e-10,
      -1.4592941493279922e-12,
      8.109737508345705e-07,
      9.368435596963099e-09,
      -2.6580531841247087e-11,
      3.07071927217291e-13
    ],
    [
      -3.569839792197656e-07,
      -4.123908344166759e-09,
      -1.1700531634595035e-11,
      1.3517053836617336e-13,
      7.51155461833454e-08,
      8.677409791867497e-10,
      -2.4620840151771348e-12,
      2.8441138459050745e-14,
      -4.4523159164747024e-08,
      -5.143352034717828e-10,
      -1.4592941493279924e-12,
      1.685851395128499e-14,
      -9.368435596963099e-09,
      -1.082249399946346e-10,
      3.07071927217291e-13,
      -3.547188132102063e-15
    ],
    [
      -0.1983830656488871,
      -0.0022917375218952317,
      -6.502338154946818e-06,
      7.511554618334542e-08,
      0.0417431963258391,
      0.0004822208437542677,
      -1.3682033660024609e-06,
      1.5805598029222604e-08,
      -0.024742401120578895,
      -0.00028582625661290344,
      -8.109737508345705e-07,
      9.368435596963099e-09,
      -0.005206225159238263,
      -6.014274205227878e-05,
      1.7064277329046051e-07,
      -1.9712793786650694e-09
    ],
    [
      -0.0022917375218952317,
      -2.6474340704792325e-05,
      -7.511554618334542e-08,
      8.677409791867499e-10,
      0.0004822208437542677,
      5.570654924716354e-06,
      -1.5805598029222604e-08,
      1.8258757084762745e-10,
      -0.00028582625661290344,
      -3.301888470058108e-06,
      -9.368435596963099e-09,
      1.082249399946346e-10,
      -6.0142742052278776e-05,
      -6.94773912282814e-07,
      1.971279378665069e-09,
      -2.2772381819846765e-11
    ],
    [
      6.502338154946818e-06,
      7.511554618334542e-08,
      2.1312108584557135e-10,
      -2.462084015177135e-12,
      -1.368203366002461e-06,
      -1.5805598029222604e-08,
      4.484599804049804e-11,
      -5.180453760109225e-13,
      8.109737508345705e-07,
      9.368435596963099e-09,
      2.6580531841247087e-11,
      -3.07071927217291e-13,
      1.7064277329046054e-07,
      1.97127937866507e-09,
      -5.5932076084233025e-12,
      6.461078948440818e-14
    ],
    [
      -7.511554618334542e-08,
      -8.677409791867499e-10,
      -2.462084015177135e-12,
      2.844113845905075e-14,
      1.5805598029222607e-08,
      1.825875708476275e-10,
      -5.180453760109225e-13,
      5.984725699681994e-15,
      -9.368435596963099e-09,
      -1.082249399946346e-10,
      -3.07071927217291e-13,
      3.547188132102063e-15,
      -1.9712793786650694e-09,
      -2.2772381819846768e-11,
      6.461078948440818e-14,
      -7.464169553671069e-16
    ],
    [
      0.11758738711580055,
      0.001358379185609747,
      3.8541240971485236e-06,
      -4.452315916474703e-08,
      -0.024742401120578895,
      -0.00028582625661290344,
      8.109737508345705e-07,
      -9.368435596963099e-09,
      0.014665537550937194,
      0.00016941749828451068,
      4.806876235547217e-07,
      -5.552943037792936e-09,
      0.003085880396133979,
      3.564834462442351e-05,
      -1.0114491262524205e-07,
      1.168434365372368e-09
    ],
    [
      0.001358379185609747,
      1.5692108290128544e-05,
      4.452315916474704e-08,
      -5.143352034717829e-10,
      -0.00028582625661290344,
      -3.301888470058108e-06,
      9.368435596963099e-09,
      -1.082249399946346e-10,
      0.0001694174982845107,
      1.9571249011224038e-06,
      5.552943037792935e-09,
      -6.414805554660326e-11,
      3.5648344624423516e-05,
      4.118126147222827e-07,
      -1.168434365372368e-09,
      1.3497850070195828e-11
    ],
    [
      3.854124097148523e-06,
      4.4523159164747024e-08,
      1.2632774191559164e-10,
      -1.4592941493279922e-12,
      -8.109737508345705e-07,
      -9.368435596963099e-09,
      2.6580531841247087e-11,
      -3.07071927217291e-13,
      4.806876235547217e-07,
      5.552943037792936e-09,
      1.5755637472951932e-11,
      -1.8200364571207361e-13,
      1.0114491262524205e-07,
      1.168434365372368e-09,
      -3.315132663478551e-12,
      3.829811164183195e-14
    ],
    [
      -4.4523159164747024e-08,
      -5.143352034717828e-10,
      -1.4592941493279924e-12,
      1.685851395128499e-14,
      9.368435596963099e-09,
      1.082249399946346e-10,
      -3.07071927217291e-13,
      3.547188132102063e-15,
      -5.552943037792935e-09,
      -6.414805554660326e-11,
      -1.820036457120736e-13,
      2.102599398369879e-15,
      -1.168434365372368e-09,
      -1.3497850070195828e-11,
      3.829811164183195e-14,
      -4.4240646915826724e-16
    ],
    [
      0.024742401120578895,
      0.00028582625661290344,
      8.109737508345705e-07,
      -9.368435596963099e-09,
      -0.005206225159238263,
      -6.014274205227878e-05,
      1.7064277329046051e-07,
      -1.9712793786650694e-09,
      0.0030858803961339794,
      3.5648344624423516e-05,
      1.0114491262524206e-07,
