{
  "config": {
    "symbols": [
      "H",
      "H"
    ],
    "geometry": [
      [
        0.0,
        0.0,
        0.0
      ],
      [
        0.0,
        0.0,
        0.7414
      ]
    ],
    "basis": "STO-3G",
    "ansatz": "RY-CZ",
    "optimizer": {
      "name": "Nesterov",
      "stepsize": 0.1,
      "iterations_planned": 50
    },
    "seed": 4,
    "noisy": true,
    "depolarizing_prob": 0.08,
    "amplitude_damping_prob": 0.0
  },
  "energies": [
    1.1899875255184746,
    1.1899875255184746,
    1.1899045044751944,
    1.1897583671595744,
    1.189517456324619,
    1.1891297940132932,
    1.1885122093933551,
    1.1875329020796568,
    1.185983929578118,
    1.183538218884821,
    1.1796830603212043,
    1.1736186391229393,
    1.1641066254247434,
    1.1492525490274357,
    1.1262133437852644,
    1.0908540818867944,
    1.0374677326017077,
    0.958867122010663,
    0.8474792044785244,
    0.6983365978348963,
    0.5143530638437023,
    0.3118147302860612,
    0.12016519679732698,
    -0.029279897577509956,
    -0.12045721159358802,
    -0.16054558070707603,
    -0.17235252772873216,
    -0.18053103832603282,
    -0.2024027703895969,
    -0.24539656443431904,
    -0.3082189158651889,
    -0.3834164649132495,
    -0.4605565827623123,
    -0.5296305083268846,
    -0.5838338169789651,
    -0.6207701771056239,
    -0.6418603238031382,
    -0.6506907331302465,
    -0.6513505940279386,
    -0.647399873357537,
    -0.6415253603258128,
    -0.6356127188538809,
    -0.630940367851559,
    -0.6283285078596452,
    -0.628207498103175,
    -0.6306415440262378,
    -0.6353573088090735,
    -0.6418080705187134,
    -0.6492767751917042,
    -0.6570003614261336,
    -0.6642886272434099
  ],
  "final_params": [
    -3.424590452480303,
    2.9345195393149885,
    0.00043748880538784033,
    -0.0007413497694464728
  ],
  "final_state_real": [
    [
      0.0040063483586869645,
      -1.4013878200500085e-06,
      -5.609929796698822e-07,
      -1.9623075051576211e-10,
      -0.002752453826295533,
      9.62785799854201e-07,
      5.681636520477447e-07,
      1.9873899299544253e-10,
      -0.004767439627940992,
      1.667611308171386e-06,
      1.4507189658763289e-06,
      5.074496148398867e-10,
      -0.010264724537519313,
      3.5905165528024605e-06,
      2.1188523944651562e-06,
      7.411572170523173e-10
    ],
    [
      -1.4013878200500085e-06,
      0.00022571031541127916,
      1.9623075051576211e-10,
      -3.1605161455553244e-08,
      9.627857998542007e-07,
      -0.00015506819818627977,
      -1.9873899299544253e-10,
      3.20091420158458e-08,
      1.6676113081713855e-06,
      -0.0002685888010196545,
      -5.074496148398868e-10,
      8.173044726893963e-08,
      3.5905165528024605e-06,
      -0.0005782957460375972,
      -7.41157217052317e-10,
      1.1937167567937056e-07
    ],
    [
      -5.609929796698819e-07,
      1.9623075051576211e-10,
      0.00022570995777844376,
      -7.895135963938312e-08,
      -5.681636520477446e-07,
      1.987389929954425e-10,
      -0.0001550676899153441,
      5.4241499435160946e-08,
      1.4507189658763287e-06,
      -5.074496148398868e-10,
      -0.00026858837544683903,
      9.39498533142974e-08,
      -2.1188523944651562e-06,
      7.411572170523173e-10,
      -0.0005782938505430772,
      2.022827939509114e-07
    ],
    [
      -1.9623075051576211e-10,
      -3.160516145555323e-08,
      -7.895135963938312e-08,
      1.2716084873442138e-05,
      -1.987389929954425e-10,
      -3.20091420158458e-08,
      5.4241499435160946e-08,
      -8.736229121214442e-06,
      5.074496148398868e-10,
      8.173044726893962e-08,
      9.394985331429737e-08,
      -1.5131776248677902e-05,
      -7.41157217052317e-10,
      -1.1937167567937056e-07,
      2.022827939509114e-07,
      -3.258001444718595e-05
    ],
    [
      -0.002752453826295533,
      9.627857998542011e-07,
      -5.681636520477447e-07,
      -1.9873899299544253e-10,
      0.05971236810088335,
      -2.0886896962286593e-05,
      -1.231088728915159e-05,
      -4.3062475642506975e-09,
      0.010264724537519313,
      -3.5905165528024596e-06,
      2.118852394465156e-06,
      7.41157217052317e-10,
      -0.10462058179757165,
      3.6595422048050165e-05,
      2.1622149934493194e-05,
      7.563250990960168e-09
    ],
    [
      9.627857998542011e-07,
      -0.00015506819818627977,
      1.9873899299544253e-10,
      -3.20091420158458e-08,
      -2.0886896962286593e-05,
      0.0033640852545388615,
      4.306247564250699e-09,
      -6.935694287363705e-07,
      -3.5905165528024605e-06,
      0.0005782957460375972,
      -7.411572170523169e-10,
      1.193716756793705e-07,
      3.6595422048050145e-05,
      -0.005894131613602525,
      -7.563250990960168e-09,
      1.2181463306331738e-06
    ],
    [
      5.681636520477447e-07,
      -1.9873899299544253e-10,
      -0.0001550676899153441,
      5.4241499435160966e-08,
      -1.2310887289151587e-05,
      4.3062475642506975e-09,
      0.003364079924222674,
      -1.1767255931776125e-06,
      -2.118852394465156e-06,
      7.41157217052317e-10,
      0.0005782938505430772,
      -2.0228279395091135e-07,
      2.162214993449319e-05,
      -7.563250990960168e-09,
      -0.005894122274485717,
      2.061712172700001e-06
    ],
    [
      1.9873899299544253e-10,
      3.20091420158458e-08,
      5.4241499435160966e-08,
      -8.736229121214442e-06,
      -4.3062475642506975e-09,
      -6.935694287363703e-07,
      -1.1767255931776125e-06,
      0.00018952609029083693,
      -7.411572170523169e-10,
      -1.193716756793705e-07,
      -2.022827939509114e-07,
      3.258001444718595e-05,
      7.563250990960168e-09,
      1.2181463306331738e-06,
      2.0617121727e-06,
      -0.0003320640340129657
    ],
    [
      -0.004767439627940992,
      1.667611308171386e-06,
      1.4507189658763289e-06,
      5.074496148398867e-10,
      0.010264724537519313,
      -3.5905165528024605e-06,
      -2.1188523944651562e-06,
      -7.411572170523173e-10,
      0.052341298627012825,
      -1.8308557273221186e-05,
      -7.32914326156662e-06,
      -2.5636742971383925e-09,
      -0.07627266347392332,
      2.6679552844156193e-05,
      1.5744262307599537e-05,
      5.5072140310121366e-09
    ],
    [
      1.6676113081713855e-06,
      -0.0002685888010196545,
      -5.074496148398868e-10,
      8.173044726893963e-08,
      -3.5905165528024605e-06,
      0.0005782957460375972,
      7.41157217052317e-10,
      -1.1937167567937056e-07,
      -1.8308557273221186e-05,
      0.002948812725314509,
      2.5636742971383925e-09,
      -4.1290847569786296e-07,
      2.6679552844156193e-05,
      -0.0042970619099133404,
      -5.5072140310121366e-09,
      8.869985369925289e-07
    ],
    [
      1.4507189658763287e-06,
      -5.074496148398868e-10,
      -0.00026858837544683903,
      9.39498533142974e-08,
      2.1188523944651562e-06,
      -7.411572170523173e-10,
      0.0005782938505430772,
      -2.022827939509114e-07,
      -7.329143261566618e-06,
      2.563674297138392e-09,
      0.0029488080529881523,
      -1.0314671421254026e-06,
      -1.5744262307599537e-05,
      5.5072140310121366e-09,
      -0.00429704782532538,
      1.5030746722124402e-06
    ],
    [
      5.074496148398868e-10,
      8.173044726893962e-08,
      9.394985331429737e-08,
      -1.5131776248677902e-05,
      7.41157217052317e-10,
      1.1937167567937056e-07,
      -2.022827939509114e-07,
      3.258001444718595e-05,
      -2.563674297138392e-09,
      -4.1290847569786275e-07,
      -1.0314671421254026e-06,
      0.0001661304350342143,
      -5.5072140310121366e-09,
      -8.869985369925289e-07,
      1.5030746722124402e-06,
      -0.00024208778996677474
    ],
    [
      -0.010264724537519313,
      3.5905165528024596e-06,
      -2.118852394465156e-06,
      -7.41157217052317e-10,
      -0.10462058179757165,
      3.6595422048050165e-05,
      2.1622149934493194e-05,
      7.563250990960168e-09,
      -0.07627266347392332,
