{
  "config": {
    "symbols": [
      "H",
      "H"
    ],
    "geometry": [
      [
        0.0,
        0.0,
        0.0
      ],
      [
        0.0,
        0.0,
        0.7414
      ]
    ],
    "basis": "STO-3G",
    "ansatz": "TwoQubit-RY-CNOT",
    "optimizer": {
      "name": "Adagrad",
      "stepsize": 0.1,
      "iterations_planned": 50
    },
    "seed": 0,
    "noisy": true,
    "depolarizing_prob": 0.06,
    "amplitude_damping_prob": 0.0
  },
  "energies": [
    1.2277403005891947,
    1.2277403005891947,
    1.2205010159451595,
    1.2005074372354343,
    1.1723137207296355,
    1.1396435007812522,
    1.1045642482252775,
    1.068243987907077,
    1.0313815055110642,
    0.9944164906715841,
    0.9576362795544505,
    0.9212335894684759,
    0.8853396651921959,
    0.8500443237173925,
    0.8154086243134072,
    0.781473181144911,
    0.7482637942344316,
    0.715795367253448,
    0.6840746977200155,
    0.6531025036642142,
    0.622874921282655,
    0.593384626311079,
    0.5646216870615042,
    0.5365742173146613,
    0.5092288821616977,
    0.48257129312710095,
    0.45658631712786957,
    0.43125832091023536,
    0.40657136341292377,
    0.382509349168398,
    0.3590561492241646,
    0.3361956978246671,
    0.3139120679539982,
    0.2921895308738207,
    0.27101260320723275,
    0.25036608276957006,
    0.23023507616091937,
    0.21060501920386301,
    0.1914616912719369,
    0.17279122567321067,
    0.15458011577513384,
    0.13681521812930114,
    0.1194837528798937,
    0.1025733022517927,
    0.08607180785705572,
    0.06996756536057835,
    0.05424921969664846,
    0.038905758260271595,
    0.023926503978490443,
    0.009301107762993699,
    -0.0049804594197905006
  ],
  "final_params": [
    -1.6839181491599793
  ],
  "final_state_real": [
    [
      0.18503063655665986,
      0.0,
      0.0,
      0.0,
      0.1699899886086944,
      0.0,
      0.0,
      0.0,
      -0.16998998860869444,
      0.0,
      0.0,
      0.0,
      0.19252572454879188,
      0.0,
      0.0,
      0.0
    ],
    [
      0.0,
      0.00770960985653126,
      0.0,
      0.0,
      0.0,
      0.007082916192032393,
      0.0,
      0.0,
      0.0,
      -0.007082916192032394,
      0.0,
      0.0,
      0.0,
      0.008021905189536915,
      0.0,
      0.0
    ],
    [
      0.0,
      0.0,
      0.007709609856531262,
      0.0,
      0.0,
      0.0,
      0.007082916192032391,
      0.0,
      0.0,
      0.0,
      -0.007082916192032392,
      0.0,
      0.0,
      0.0,
      0.008021905189536917,
      0.0
    ],
    [
      0.0,
      0.0,
      0.0,
      0.0003212337440222928,
      0.0,
      0.0,
      0.0,
      0.0002951215080014939,
      0.0,
      0.0,
      0.0,
      -0.0002951215080014939,
      0.0,
      0.0,
      0.0,
      0.0003342460495642014
    ],
    [
      0.1699899886086944,
      0.0,
      0.0,
      0.0,
      0.22791516454881497,
      0.0,
      0.0,
      0.0,
      -0.19252572454879188,
      0.0,
      0.0,
      0.0,
      0.21753832962710756,
      0.0,
      0.0,
      0.0
    ],
    [
      0.0,
      0.007082916192032393,
      0.0,
      0.0,
      0.0,
      0.009496465189538597,
      0.0,
      0.0,
      0.0,
      -0.008021905189536915,
      0.0,
      0.0,
      0.0,
      0.00906409706780058,
      0.0,
      0.0
    ],
    [
      0.0,
      0.0,
      0.007082916192032391,
      0.0,
      0.0,
      0.0,
      0.009496465189538597,
      0.0,
      0.0,
      0.0,
      -0.008021905189536917,
      0.0,
      0.0,
      0.0,
      0.009064097067800578,
      0.0
    ],
    [
      0.0,
      0.0,
      0.0,
      0.0002951215080014939,
      0.0,
      0.0,
      0.0,
      0.0003956860495643016,
      0.0,
      0.0,
      0.0,
      -0.0003342460495642014,
      0.0,
      0.0,
      0.0,
      0.0003776707111585419
    ],
    [
      -0.16998998860869444,
      0.0,
      0.0,
      0.0,
      -0.19252572454879188,
      0.0,
      0.0,
      0.0,
      0.22791516454881497,
      0.0,
      0.0,
      0.0,
      -0.21753832962710762,
      0.0,
      0.0,
      0.0
    ],
    [
      0.0,
      -0.007082916192032394,
      0.0,
      0.0,
      0.0,
      -0.008021905189536915,
      0.0,
      0.0,
      0.0,
      0.009496465189538597,
      0.0,
      0.0,
      0.0,
      -0.009064097067800581,
      0.0,
      0.0
    ],
    [
      0.0,
      0.0,
      -0.007082916192032392,
      0.0,
      0.0,
      0.0,
      -0.008021905189536917,
      0.0,
      0.0,
      0.0,
      0.009496465189538597,
      0.0,
      0.0,
      0.0,
      -0.009064097067800583,
      0.0
    ],
    [
      0.0,
      0.0,
      0.0,
      -0.0002951215080014939,
      0.0,
      0.0,
      0.0,
      -0.0003342460495642014,
      0.0,
      0.0,
      0.0,
      0.0003956860495643016,
      0.0,
      0.0,
      0.0,
      -0.00037767071115854214
    ],
    [
      0.19252572454879188,
      0.0,
      0.0,
      0.0,
      0.21753832962710756,
      0.0,
      0.0,
      0.0,
      -0.21753832962710762,
      0.0,
      0.0,
      0.0,
      0.28073903434584335,
      0.0,
      0.0,
      0.0
    ],
    [
      0.0,
      0.008021905189536915,
      0.0,
      0.0,
      0.0,
      0.00906409706780058,
      0.0,
      0.0,
      0.0,
      -0.009064097067800581,
      0.0,
      0.0,
      0.0,
      0.011697459764415856,
      0.0,
      0.0
    ],
    [
      0.0,
      0.0,
      0.008021905189536917,
      0.0,
      0.0,
      0.0,
      0.009064097067800578,
      0.0,
      0.0,
      0.0,
      -0.009064097067800583,
      0.0,
      0.0,
      0.0,
      0.011697459764415857,
      0.0
    ],
    [
      0.0,
      0.0,
      0.0,
      0.0003342460495642014,
      0.0,
      0.0,
      0.0,
      0.0003776707111585419,
      0.0,
      0.0,
      0.0,
      -0.00037767071115854214,
      0.0,
      0.0,
      0.0,
      0.00048739415685089874
    ]
  ],