{
  "config": {
    "symbols": [
      "H",
      "H"
    ],
    "geometry": [
      [
        0.0,
        0.0,
        0.0
      ],
      [
        0.0,
        0.0,
        0.7414
      ]
    ],
    "basis": "STO-3G",
    "ansatz": "TwoQubit-RY-CNOT",
    "optimizer": {
      "name": "Adam",
      "stepsize": 0.1,
      "iterations_planned": 50
    },
    "seed": 4,
    "noisy": true,
    "depolarizing_prob": 0.08,
    "amplitude_damping_prob": 0.0
  },
  "energies": [
    1.190319262555241,
    1.190319262555241,
    1.1838863662882715,
    1.1708875540819108,
    1.1483178601742825,
    1.1159054091507048,
    1.0735832946092003,
    1.021468035282138,
    0.9598699238565013,
    0.8893025962752821,
    0.8104866857187079,
    0.7243460269135671,
    0.6319953482413279,
    0.5347187039829346,
    0.4339383894816923,
    0.3311747605127009,
    0.22799820925046088,
    0.1259754632619599,
    0.02661326369491368,
    -0.06869680374643902,
    -0.1587281751417561,
    -0.24245984640783297,
    -0.31910427788187756,
    -0.38812065665046513,
    -0.4492132094802743,
    -0.5023160584642345,
    -0.5475676323544336,
    -0.585278559455883,
    -0.6158970971279099,
    -0.6399755415712853,
    -0.6581399443341014,
    -0.6710641803620034,
    -0.6794482941357278,
    -0.6840003184124629,
    -0.6854204916650927,
    -0.6843869370907477,
    -0.6815422644898234,
    -0.6774810414776095,
    -0.6727384981219635,
    -0.667781078295239,
    -0.6629994957992318,
    -0.6587048155216,
    -0.6551278225985254,
    -0.6524216387569235,
    -0.6506672651929403,
    -0.6498815175537327,
    -0.6500266940672705,
    -0.651021278377729,
    -0.6527510091740425,
    -0.6550797282023737,
    -0.6578595252240859
  ],
  "final_params": [
    -3.417158378367589
  ],
  "final_state_real": [
    [
      0.004414567024678464,
      0.0,
      0.0,
      0.0,
      0.0037542372570261696,
      0.0,
      0.0,
      0.0,
      -0.0037542372570261687,
      0.0,
      0.0,
      0.0,
      0.013237036449634977,
      0.0,
      0.0,
      0.0
    ],
    [
      0.0,
      0.0002487080013904262,
      0.0,
      0.0,
      0.0,
      0.00021150632433957931,
      0.0,
      0.0,
      0.0,
      -0.00021150632433957926,
      0.0,
      0.0,
      0.0,
      0.0007457485323740724,
      0.0,
      0.0
    ],
    [
      0.0,
      0.0,
      0.00024870800139042634,
      0.0,
      0.0,
      0.0,
      0.00021150632433957923,
      0.0,
      0.0,
      0.0,
      -0.0002115063243395792,
      0.0,
      0.0,
      0.0,
      0.000745748532374072,
      0.0
    ],
    [
      0.0,
      0.0,
      0.0,
      1.4011718388198116e-05,
      0.0,
      0.0,
      0.0,
      1.191584925857217e-05,
      0.0,
      0.0,
      0.0,
      -1.191584925857217e-05,
      0.0,
      0.0,
      0.0,
      4.2014001823906634e-05
    ],
    [
      0.0037542372570261696,
      0.0,
      0.0,
      0.0,
      0.058484056696576664,
      0.0,
      0.0,
      0.0,
      -0.013237036449634977,
      0.0,
      0.0,
      0.0,
      -0.10105270633447189,
      0.0,
      0.0,
      0.0
    ],
    [
      0.0,
      0.00021150632433957931,
      0.0,
      0.0,
      0.0,
      0.003294876433611149,
      0.0,
      0.0,
      0.0,
      -0.0007457485323740724,
      0.0,
      0.0,
      0.0,
      -0.005693110216028653,
      0.0,
      0.0
    ],
    [
      0.0,
      0.0,
      0.00021150632433957923,
      0.0,
      0.0,
      0.0,
      0.0032948764336111487,
      0.0,
      0.0,
      0.0,
      -0.000745748532374072,
      0.0,
      0.0,
      0.0,
      -0.005693110216028653,
      0.0
    ],
    [
      0.0,
      0.0,
      0.0,
      1.191584925857217e-05,
      0.0,
      0.0,
      0.0,
      0.00018562684133027293,
      0.0,
      0.0,
      0.0,
      -4.2014001823906634e-05,
      0.0,
      0.0,
      0.0,
      -0.0003207386037200406
    ],
    [
      -0.0037542372570261687,
      0.0,
      0.0,
      0.0,
      -0.013237036449634977,
      0.0,
      0.0,
      0.0,
      0.05848405669657665,
      0.0,
      0.0,
      0.0,
      0.10105270633447186,
      0.0,
      0.0,
      0.0
    ],
    [
      0.0,
      -0.00021150632433957926,
      0.0,
      0.0,
      0.0,
      -0.0007457485323740724,
      0.0,
      0.0,
      0.0,
      0.003294876433611148,
      0.0,
      0.0,
      0.0,
      0.005693110216028652,
      0.0,
      0.0
    ],
    [
      0.0,
      0.0,
      -0.0002115063243395792,
      0.0,
      0.0,
      0.0,
      -0.000745748532374072,
      0.0,
      0.0,
      0.0,
      0.003294876433611148,
      0.0,
      0.0,
      0.0,
      0.005693110216028651,
      0.0
    ],
    [
      0.0,
      0.0,
      0.0,
      -1.191584925857217e-05,
      0.0,
      0.0,
      0.0,
      -4.2014001823906634e-05,
      0.0,
      0.0,
      0.0,
      0.00018562684133027288,
      0.0,
      0.0,
      0.0,
      0.00032073860372004053
    ],
    [
      0.013237036449634977,
      0.0,
      0.0,
      0.0,
      -0.10105270633447189,
      0.0,
      0.0,
      0.0,
      0.10105270633447186,
      0.0,
      0.0,
      0.0,
      0.7747950973600897,
      0.0,
      0.0,
      0.0
    ],
    [
      0.0,
      0.0007457485323740724,
      0.0,
      0.0,
      0.0,
      -0.005693110216028653,
      0.0,
      0.0,
      0.0,
      0.005693110216028652,
      0.0,
      0.0,
      0.0,
      0.0436504280203026,
      0.0,
      0.0
    ],
    [
      0.0,
      0.0,
      0.000745748532374072,
      0.0,
      0.0,
      0.0,
      -0.005693110216028653,
      0.0,
      0.0,
      0.0,
      0.005693110216028651,
      0.0,
      0.0,
      0.0,
      0.0436504280203026,
      0.0
    ],
    [
      0.0,
      0.0,
      0.0,
      4.2014001823906634e-05,
      0.0,
      0.0,
      0.0,
      -0.0003207386037200406,
      0.0,
      0.0,
      0.0,
      0.00032073860372004053,
      0.0,
      0.0,
      0.0,
      0.0024591790433982227
    ]
  ],