{
  "config": {
    "symbols": [
      "H",
      "H"
    ],
    "geometry": [
      [
        0.0,
        0.0,
        0.0
      ],
      [
        0.0,
        0.0,
        0.7414
      ]
    ],
    "basis": "STO-3G",
    "ansatz": "TwoQubit-RY-CNOT",
    "optimizer": {
      "name": "Adagrad",
      "stepsize": 0.1,
      "iterations_planned": 50
    },
    "seed": 0,
    "noisy": true,
    "depolarizing_prob": 0.0,
    "amplitude_damping_prob": 0.0
  },
  "energies": [
    1.3486276545041007,
    1.3486276545041007,
    1.3389467865575642,
    1.3148550646538932,
    1.2818265227489525,
    1.2439428596464985,
    1.2034588515588758,
    1.1616537934178697,
    1.1192964263130758,
    1.0768719878230824,
    1.0346981386093066,
    0.9929880122432275,
    0.9518866003862052,
    0.9114928487317477,
    0.8718736769513427,
    0.8330732047906435,
    0.7951190175466484,
    0.7580265360375523,
    0.7218021337327325,
    0.6864454041160406,
    0.6519508375840614,
    0.6183090802477769,
    0.5855078892175073,
    0.5535328661223561,
    0.5223680248280733,
    0.4919962341530557,
    0.46239956484339273,
    0.43355956316632416,
    0.40545746639818936,
    0.3780743743741739,
    0.3513913844830434,
    0.3253896985091942,
    0.30005070715019666,
    0.2753560559087642,
    0.25128769640970783,
    0.22782792560627507,
    0.20495941591323874,
    0.18266523646130922,
    0.16092886904543072,
    0.1397342178247079,
    0.11906561550924905,
    0.09890782567753777,
    0.0792460424504209,
    0.06006588781150993,
    0.0413534071150401,
    0.02309506309124007,
    0.00527772876160762,
    -0.01211132057016534,
    -0.029084416064963425,
    -0.04565350463575413,
    -0.06183015860905769
  ],
  "final_params": [
    1.6833242231340237
  ],
  "final_state_real": [
    [
      0.19700701007541607,
      0.0,
      0.0,
      0.0,
      -0.22052376004776086,
      0.0,
      0.0,
      0.0,
      0.22052376004776086,
      0.0,
      0.0,
      0.0,
      0.24684770723129823,
      0.0,
      0.0,
      0.0
    ],
    [
      0.0,
      3.940140201508281e-15,
      0.0,
      0.0,
      0.0,
      -4.4104752009551724e-15,
      0.0,
      0.0,
      0.0,
      4.4104752009551724e-15,
      0.0,
      0.0,
      0.0,
      4.936954144625916e-15,
      0.0,
      0.0
    ],
    [
      0.0,
      0.0,
      3.940140201508279e-15,
      0.0,
      0.0,
      0.0,
      -4.410475200955172e-15,
      0.0,
      0.0,
      0.0,
      4.410475200955172e-15,
      0.0,
      0.0,
      0.0,
      4.936954144625917e-15,
      0.0
    ],
    [
      0.0,
      0.0,
      0.0,
      7.88028040301648e-29,
      0.0,
      0.0,
      0.0,
      -8.820950401910254e-29,
      0.0,
      0.0,
      0.0,
      8.820950401910254e-29,
      0.0,
      0.0,
      0.0,
      9.873908289251733e-29
    ],
    [
      -0.22052376004776086,
      0.0,
      0.0,
      0.0,
      0.2468477072313213,
      0.0,
      0.0,
      0.0,
      -0.24684770723129823,
      0.0,
      0.0,
      0.0,
      -0.27631394708738377,
      0.0,
      0.0,
      0.0
    ],
    [
      0.0,
      -4.4104752009551724e-15,
      0.0,
      0.0,
      0.0,
      4.936954144626377e-15,
      0.0,
      0.0,
      0.0,
      -4.936954144625916e-15,
      0.0,
      0.0,
      0.0,
      -5.52627894174762e-15,
      0.0,
      0.0
    ],
    [
      0.0,
      0.0,
      -4.410475200955172e-15,
      0.0,
      0.0,
      0.0,
      4.936954144626379e-15,
      0.0,
      0.0,
      0.0,
      -4.936954144625917e-15,
      0.0,
      0.0,
      0.0,
      -5.526278941747619e-15,
      0.0
    ],
    [
      0.0,
      0.0,
      0.0,
      -8.820950401910254e-29,
      0.0,
      0.0,
      0.0,
      9.873908289252655e-29,
      0.0,
      0.0,
      0.0,
      -9.873908289251733e-29,
      0.0,
      0.0,
      0.0,
      -1.1052557883495127e-28
    ],
    [
      0.22052376004776086,
      0.0,
      0.0,
      0.0,
      -0.24684770723129823,
      0.0,
      0.0,
      0.0,
      0.2468477072313213,
      0.0,
      0.0,
      0.0,
      0.27631394708738377,
      0.0,
      0.0,
      0.0
    ],
    [
      0.0,
      4.4104752009551724e-15,
      0.0,
      0.0,
      0.0,
      -4.936954144625916e-15,
      0.0,
      0.0,
      0.0,
      4.936954144626377e-15,
      0.0,
      0.0,
      0.0,
      5.52627894174762e-15,
      0.0,
      0.0
    ],
    [
      0.0,
      0.0,
      4.410475200955172e-15,
      0.0,
      0.0,
      0.0,
      -4.936954144625917e-15,
      0.0,
      0.0,
      0.0,
      4.936954144626379e-15,
      0.0,
      0.0,
      0.0,
      5.526278941747619e-15,
      0.0
    ],
    [
      0.0,
      0.0,
      0.0,
      8.820950401910254e-29,
      0.0,
      0.0,
      0.0,
      -9.873908289251733e-29,
      0.0,
      0.0,
      0.0,
      9.873908289252655e-29,
      0.0,
      0.0,
      0.0,
      1.1052557883495127e-28
    ],
    [
      0.24684770723129823,
      0.0,
      0.0,
      0.0,
      -0.27631394708738377,
      0.0,
      0.0,
      0.0,
      0.27631394708738377,
      0.0,
      0.0,
      0.0,
      0.30929757546208214,
      0.0,
      0.0,
      0.0
    ],
    [
      0.0,
      4.936954144625916e-15,
      0.0,
      0.0,
      0.0,
      -5.52627894174762e-15,
      0.0,
      0.0,
      0.0,
      5.52627894174762e-15,
      0.0,
      0.0,
      0.0,
      6.18595150924158e-15,
      0.0,
      0.0
    ],
    [
      0.0,
      0.0,
      4.936954144625917e-15,
      0.0,
      0.0,
      0.0,
      -5.526278941747619e-15,
      0.0,
      0.0,
      0.0,
      5.526278941747619e-15,
      0.0,
      0.0,
      0.0,
      6.18595150924158e-15,
      0.0
    ],
    [
      0.0,
      0.0,
      0.0,
      9.873908289251733e-29,
      0.0,
      0.0,
      0.0,
      -1.1052557883495127e-28,
      0.0,
      0.0,
      0.0,
      1.1052557883495127e-28,
      0.0,
      0.0,
      0.0,
      1.2371903018483037e-28
    ]
  ],