{
  "config": {
    "symbols": [
      "H",
      "H"
    ],
    "geometry": [
      [
        0.0,
        0.0,
        0.0
      ],
      [
        0.0,
        0.0,
        0.7414
      ]
    ],
    "basis": "STO-3G",
    "ansatz": "TwoQubit-RY-CNOT",
    "optimizer": {
      "name": "Adam",
      "stepsize": 0.1,
      "iterations_planned": 50
    },
    "seed": 1,
    "noisy": true,
    "depolarizing_prob": 0.04,
    "amplitude_damping_prob": 0.0
  },
  "energies": [
    1.2666363052177965,
    1.2666363052177965,
    1.2591087650495205,
    1.2439870266501258,
    1.2182820210587884,
    1.1817149261524604,
    1.134237580317685,
    1.0760068209770193,
    1.0073945988240773,
    0.9289974759557383,
    0.8416396941702619,
    0.7463679384297057,
    0.6444365630455007,
    0.5372824724590671,
    0.42648943604787065,
    0.3137424010046057,
    0.20077331426755535,
    0.08930099472638485,
    -0.019031414451593176,
    -0.12271710719487686,
    -0.22043971352913141,
    -0.311116373182141,
    -0.393926216400393,
    -0.46832222231737214,
    -0.5340263918591222,
    -0.5910102010492009,
    -0.6394639617421753,
    -0.6797596471379022,
    -0.712411767249721,
    -0.7380400851391058,
    -0.7573366379042636,
    -0.7710380613567133,
    -0.779902975330535,
    -0.7846933996350166,
    -0.7861589048168492,
    -0.785022379665319,
    -0.7819667523426067,
    -0.7776225439686391,
    -0.7725565982314699,
    -0.767262613107357,
    -0.762154164762193,
    -0.757560783239535,
    -0.7537273786658225,
    -0.75081700441774,
    -0.7489166493356161,
    -0.7480455245465266,
    -0.7481651723091313,
    -0.7491906761143554,
    -0.7510022763383768,
    -0.7534567740859466,
    -0.7563982143636582
  ],
  "final_params": [
    -3.417210777285597
  ],
  "final_state_real": [
    [
      0.0018787109511993801,
      0.0,
      0.0,
      0.0,
      0.0009512955987885788,
      0.0,
      0.0,
      0.0,
      -0.0009512955987885791,
      0.0,
      0.0,
      0.0,
      0.01571982923695964,
      0.0,
      0.0,
      0.0
    ],
    [
      0.0,
      5.1471532909610106e-05,
      0.0,
      0.0,
      0.0,
      2.6062893117514578e-05,
      0.0,
      0.0,
      0.0,
      -2.6062893117514585e-05,
      0.0,
      0.0,
      0.0,
      0.0004306802530677057,
      0.0,
      0.0
    ],
    [
      0.0,
      0.0,
      5.1471532909610106e-05,
      0.0,
      0.0,
      0.0,
      2.6062893117514574e-05,
      0.0,
      0.0,
      0.0,
      -2.606289311751458e-05,
      0.0,
      0.0,
      0.0,
      0.00043068025306770564,
      0.0
    ],
    [
      0.0,
      0.0,
      0.0,
      1.4101789838259771e-06,
      0.0,
      0.0,
      0.0,
      7.140518662338039e-07,
      0.0,
      0.0,
      0.0,
      -7.140518662338039e-07,
      0.0,
      0.0,
      0.0,
      1.1799458988165043e-05
    ],
    [
      0.0009512955987885788,
      0.0,
      0.0,
      0.0,
      0.04030954578019837,
      0.0,
      0.0,
      0.0,
      -0.01571982923695964,
      0.0,
      0.0,
      0.0,
      -0.1164780557428327,
      0.0,
      0.0,
      0.0
    ],
    [
      0.0,
      2.6062893117514578e-05,
      0.0,
      0.0,
      0.0,
      0.001104371117266525,
      0.0,
      0.0,
      0.0,
      -0.0004306802530677058,
      0.0,
      0.0,
      0.0,
      -0.003191179609395036,
      0.0,
      0.0
    ],
    [
      0.0,
      0.0,
      2.6062893117514574e-05,
      0.0,
      0.0,
      0.0,
      0.0011043711172665253,
      0.0,
      0.0,
      0.0,
      -0.0004306802530677057,
      0.0,
      0.0,
      0.0,
      -0.0031911796093950363,
      0.0
    ],
    [
      0.0,
      0.0,
      0.0,
      7.140518662338039e-07,
      0.0,
      0.0,
      0.0,
      3.0256742938831277e-05,
      0.0,
      0.0,
      0.0,
      -1.1799458988165043e-05,
      0.0,
      0.0,
      0.0,
      -8.742957833965467e-05
    ],
    [
      -0.0009512955987885791,
      0.0,
      0.0,
      0.0,
      -0.01571982923695964,
      0.0,
      0.0,
      0.0,
      0.04030954578019837,
      0.0,
      0.0,
      0.0,
      0.11647805574283272,
      0.0,
      0.0,
      0.0
    ],
    [
      0.0,
      -2.6062893117514585e-05,
      0.0,
      0.0,
      0.0,
      -0.0004306802530677057,
      0.0,
      0.0,
      0.0,
      0.001104371117266525,
      0.0,
      0.0,
      0.0,
      0.0031911796093950368,
      0.0,
      0.0
    ],
    [
      0.0,
      0.0,
      -2.606289311751458e-05,
      0.0,
      0.0,
      0.0,
      -0.00043068025306770564,
      0.0,
      0.0,
      0.0,
      0.0011043711172665253,
      0.0,
      0.0,
      0.0,
      0.0031911796093950368,
      0.0
    ],
    [
      0.0,
      0.0,
      0.0,
      -7.140518662338039e-07,
      0.0,
      0.0,
      0.0,
      -1.1799458988165043e-05,
      0.0,
      0.0,
      0.0,
      3.0256742938831277e-05,
      0.0,
      0.0,
      0.0,
      8.742957833965467e-05
    ],
    [
      0.01571982923695964,
      0.0,
      0.0,
      0.0,
      -0.1164780557428327,
      0.0,
      0.0,
      0.0,
      0.11647805574283272,
      0.0,
      0.0,
      0.0,
      0.8648799752663324,
      0.0,
      0.0,
      0.0
    ],
    [
      0.0,
      0.0004306802530677058,
      0.0,
      0.0,
      0.0,
      -0.003191179609395036,
      0.0,
      0.0,
      0.0,
      0.0031911796093950368,
      0.0,
      0.0,
      0.0,
      0.023695341788136207,
      0.0,
      0.0
    ],
    [
      0.0,
      0.0,
      0.0004306802530677057,
      0.0,
      0.0,
      0.0,
      -0.0031911796093950363,
      0.0,
      0.0,
      0.0,
      0.0031911796093950368,
      0.0,
      0.0,
      0.0,
      0.02369534178813621,
      0.0
    ],
    [
      0.0,
      0.0,
      0.0,
      1.1799458988165043e-05,
      0.0,
      0.0,
      0.0,
      -8.742957833965467e-05,
      0.0,
      0.0,
      0.0,
      8.742957833965467e-05,
      0.0,
      0.0,
      0.0,
      0.0006491874462507868
    ]
  ],