{
  "config": {
    "symbols": [
      "H",
      "H"
    ],
    "geometry": [
      [
        0.0,
        0.0,
        0.0
      ],
      [
        0.0,
        0.0,
        0.7414
      ]
    ],
    "basis": "STO-3G",
    "ansatz": "TwoQubit-RY-CNOT",
    "optimizer": {
      "name": "Momentum",
      "stepsize": 0.1,
      "iterations_planned": 50
    },
    "seed": 0,
    "noisy": true,
    "depolarizing_prob": 0.02,
    "amplitude_damping_prob": 0.0
  },
  "energies": [
    1.3069763732473445,
    1.3069763732473445,
    1.3069684250338822,
    1.3069489164782322,
    1.306908510072082,
    1.3068279923831447,
    1.3066693821276678,
    1.3063582266025684,
    1.305748885780589,
    1.3045567608036377,
    1.3022264554548182,
    1.297676787256057,
    1.288813128728236,
    1.2716155718211126,
    1.2385116133714045,
    1.1757557976388935,
    1.0602102801170115,
    0.858755966854001,
    0.5402464820326133,
    0.11272194158936352,
    -0.3356240725070334,
    -0.6724811844432512,
    -0.825928215223131,
    -0.808237075416306,
    -0.6707709639706878,
    -0.48518259568300637,
    -0.3258961409861483,
    -0.24236971010195024,
    -0.25026170763898725,
    -0.3387835658244799,
    -0.4782109890337889,
    -0.6277893085482023,
    -0.7492481182435611,
    -0.8199724784289705,
    -0.8363863315352814,
    -0.8092930880414707,
    -0.7579809175753488,
    -0.7045016195947729,
    -0.6674865331656625,
    -0.6572938975752963,
    -0.6744555595383747,
    -0.7113857140589135,
    -0.7561388481577531,
    -0.7967584745678968,
    -0.8247311754180748,
    -0.8365841906826638,
    -0.833676223140831,
    -0.8208479315836831,
    -0.804546973222167,
    -0.7908750326832279,
    -0.7840076601529101
  ],
  "final_params": [
    -3.5190309611245714
  ],
  "final_state_real": [
    [
      0.0022047174291117983,
      0.0,
      0.0,
      0.0,
      -0.003817008889426676,
      0.0,
      0.0,
      0.0,
      0.0038170088894266757,
      0.0,
      0.0,
      0.0,
      0.03131656278204527,
      0.0,
      0.0,
      0.0
    ],
    [
      0.0,
      2.9793478771825426e-05,
      0.0,
      0.0,
      0.0,
      -5.1581201208545417e-05,
      0.0,
      0.0,
      0.0,
      5.158120120854541e-05,
      0.0,
      0.0,
      0.0,
      0.00042319679435259334,
      0.0,
      0.0
    ],
    [
      0.0,
      0.0,
      2.979347877182542e-05,
      0.0,
      0.0,
      0.0,
      -5.158120120854543e-05,
      0.0,
      0.0,
      0.0,
      5.1581201208545417e-05,
      0.0,
      0.0,
      0.0,
      0.0004231967943525933,
      0.0
    ],
    [
      0.0,
      0.0,
      0.0,
      4.0261457799824046e-07,
      0.0,
      0.0,
      0.0,
      -6.970432595759763e-07,
      0.0,
      0.0,
      0.0,
      6.970432595759761e-07,
      0.0,
      0.0,
      0.0,
      5.718875599367886e-06
    ],
    [
      -0.003817008889426676,
      0.0,
      0.0,
      0.0,
      0.044123642288247056,
      0.0,
      0.0,
      0.0,
      -0.03131656278204527,
      0.0,
      0.0,
      0.0,
      -0.16613218055404222,
      0.0,
      0.0,
      0.0
    ],
    [
      0.0,
      -5.1581201208545417e-05,
      0.0,
      0.0,
      0.0,
      0.000596265436328551,
      0.0,
      0.0,
      0.0,
      -0.00042319679435259334,
      0.0,
      0.0,
      0.0,
      -0.00224502946694986,
      0.0,
      0.0
    ],
    [
      0.0,
      0.0,
      -5.158120120854543e-05,
      0.0,
      0.0,
      0.0,
      0.000596265436328551,
      0.0,
      0.0,
      0.0,
      -0.0004231967943525933,
      0.0,
      0.0,
      0.0,
      -0.0022450294669498602,
      0.0
    ],
    [
      0.0,
      0.0,
      0.0,
      -6.970432595759763e-07,
      0.0,
      0.0,
      0.0,
      8.057641031478903e-06,
      0.0,
      0.0,
      0.0,
      -5.718875599367886e-06,
      0.0,
      0.0,
      0.0,
      -3.033823603990816e-05
    ],
    [
      0.0038170088894266757,
      0.0,
      0.0,
      0.0,
      -0.03131656278204527,
      0.0,
      0.0,
      0.0,
      0.04412364228824705,
      0.0,
      0.0,
      0.0,
      0.1661321805540423,
      0.0,
      0.0,
      0.0
    ],
    [
      0.0,
      5.158120120854541e-05,
      0.0,
      0.0,
      0.0,
      -0.00042319679435259334,
      0.0,
      0.0,
      0.0,
      0.0005962654363285509,
      0.0,
      0.0,
      0.0,
      0.002245029466949861,
      0.0,
      0.0
    ],
    [
      0.0,
      0.0,
      5.1581201208545417e-05,
      0.0,
      0.0,
      0.0,
      -0.0004231967943525933,
      0.0,
      0.0,
      0.0,
      0.0005962654363285509,
      0.0,
      0.0,
      0.0,
      0.0022450294669498615,
      0.0
    ],
    [
      0.0,
      0.0,
      0.0,
      6.970432595759761e-07,
      0.0,
      0.0,
      0.0,
      -5.718875599367886e-06,
      0.0,
      0.0,
      0.0,
      8.057641031478901e-06,
      0.0,
      0.0,
      0.0,
      3.0338236039908176e-05
    ],
    [
      0.03131656278204527,
      0.0,
      0.0,
      0.0,
      -0.16613218055404222,
      0.0,
      0.0,
      0.0,
      0.1661321805540423,
      0.0,
      0.0,
      0.0,
      0.8830591091056595,
      0.0,
      0.0,
      0.0
    ],
    [
      0.0,
      0.00042319679435259334,
      0.0,
      0.0,
      0.0,
      -0.00224502946694986,
      0.0,
      0.0,
      0.0,
      0.002245029466949861,
      0.0,
      0.0,
      0.0,
      0.011933231204148308,
      0.0,
      0.0
    ],
    [
      0.0,
      0.0,
      0.0004231967943525933,
      0.0,
      0.0,
      0.0,
      -0.0022450294669498602,
      0.0,
      0.0,
      0.0,
      0.0022450294669498615,
      0.0,
      0.0,
      0.0,
      0.011933231204148307,
      0.0
    ],
    [
      0.0,
      0.0,
      0.0,
      5.718875599367886e-06,
      0.0,
      0.0,
      0.0,
      -3.033823603990816e-05,
      0.0,
      0.0,
      0.0,
      3.0338236039908176e-05,
      0.0,
      0.0,
      0.0,
      0.00016125988113737942
    ]
  ],