{
  "config": {
    "symbols": [
      "H",
      "H"
    ],
    "geometry": [
      [
        0.0,
        0.0,
        0.0
      ],
      [
        0.0,
        0.0,
        0.7414
      ]
    ],
    "basis": "STO-3G",
    "ansatz": "TwoQubit-RY-CNOT",
    "optimizer": {
      "name": "Momentum",
      "stepsize": 0.1,
      "iterations_planned": 50
    },
    "seed": 0,
    "noisy": true,
    "depolarizing_prob": 0.04,
    "amplitude_damping_prob": 0.0
  },
  "energies": [
    1.26664589648812,
    1.26664589648812,
    1.2666426039874092,
    1.2666346084557438,
    1.2666182831499255,
    1.2665862664817589,
    1.2665242380007138,
    1.2664045926507275,
    1.266174230610305,
    1.265731083695996,
    1.2648790722267602,
    1.2632418705511705,
    1.2600984973085414,
    1.2540723608218953,
    1.242552290757434,
    1.2206478192712895,
    1.179423163753755,
    1.1033275228681834,
    0.9678501645166839,
    0.7419587812533859,
    0.4056883739885334,
    -0.01187779732292299,
    -0.411626869088664,
    -0.6829355528967207,
    -0.7845783186558337,
    -0.7396920215953037,
    -0.5991838376657195,
    -0.42919031541431707,
    -0.29280149458649685,
    -0.22845854855748038,
    -0.24593288049693512,
    -0.33314515878449896,
    -0.4624426988392545,
    -0.5978757998525571,
    -0.7067972112806589,
    -0.7703111336030228,
    -0.7856570229202353,
    -0.7623152896377736,
    -0.7170284150435455,
    -0.6689091274415118,
    -0.6342851071078099,
    -0.6226430097211898,
    -0.6351967942544277,
    -0.6661184364546893,
    -0.7055069356450248,
    -0.7429528301164285,
    -0.7705326160620558,
    -0.7844015648564806,
    -0.7848857978662734,
    -0.7755293459187527,
    -0.7616112536990111
  ],
  "final_params": [
    3.4699385763606547
  ],
  "final_state_real": [
    [
      0.00255713336608783,
      0.0,
      0.0,
      0.0,
      6.4802381786856795e-06,
      0.0,
      0.0,
      0.0,
      -6.480238178687548e-06,
      0.0,
      0.0,
      0.0,
      0.02207277347247203,
      0.0,
      0.0,
      0.0
    ],
    [
      0.0,
      7.005844838601972e-05,
      0.0,
      0.0,
      0.0,
      1.7754077201891695e-07,
      0.0,
      0.0,
      0.0,
      -1.7754077201896817e-07,
      0.0,
      0.0,
      0.0,
      0.0006047335197942012,
      0.0,
      0.0
    ],
    [
      0.0,
      0.0,
      7.005844838601972e-05,
      0.0,
      0.0,
      0.0,
      1.7754077201891695e-07,
      0.0,
      0.0,
      0.0,
      -1.7754077201896817e-07,
      0.0,
      0.0,
      0.0,
      0.0006047335197942013,
      0.0
    ],
    [
      0.0,
      0.0,
      0.0,
      1.9194095448238764e-06,
      0.0,
      0.0,
      0.0,
      4.864130740247896e-09,
      0.0,
      0.0,
      0.0,
      -4.864130740249299e-09,
      0.0,
      0.0,
      0.0,
      1.656804163820954e-05
    ],
    [
      6.4802381786856795e-06,
      0.0,
      0.0,
      0.0,
      0.046662490015710635,
      0.0,
      0.0,
      0.0,
      -0.022072773472472027,
      0.0,
      0.0,
      0.0,
      0.13688837762617384,
      0.0,
      0.0,
      0.0
    ],
    [
      0.0,
      1.7754077201891695e-07,
      0.0,
      0.0,
      0.0,
      0.001278424383993017,
      0.0,
      0.0,
      0.0,
      -0.000604733519794201,
      0.0,
      0.0,
      0.0,
      0.0037503665103089056,
      0.0,
      0.0
    ],
    [
      0.0,
      0.0,
      1.7754077201891695e-07,
      0.0,
      0.0,
      0.0,
      0.0012784243839930173,
      0.0,
      0.0,
      0.0,
      -0.0006047335197942012,
      0.0,
      0.0,
      0.0,
      0.0037503665103089056,
      0.0
    ],
    [
      0.0,
      0.0,
      0.0,
      4.864130740247896e-09,
      0.0,
      0.0,
      0.0,
      3.502532558887567e-05,
      0.0,
      0.0,
      0.0,
      -1.6568041638209537e-05,
      0.0,
      0.0,
      0.0,
      0.00010274976740579939
    ],
    [
      -6.480238178687548e-06,
      0.0,
      0.0,
      0.0,
      -0.02207277347247203,
      0.0,
      0.0,
      0.0,
      0.046662490015710635,
      0.0,
      0.0,
      0.0,
      -0.1368883776261739,
      0.0,
      0.0,
      0.0
    ],
    [
      0.0,
      -1.7754077201896817e-07,
      0.0,
      0.0,
      0.0,
      -0.0006047335197942012,
      0.0,
      0.0,
      0.0,
      0.001278424383993017,
      0.0,
      0.0,
      0.0,
      -0.0037503665103089064,
      0.0,
      0.0
    ],
    [
      0.0,
      0.0,
      -1.7754077201896817e-07,
      0.0,
      0.0,
      0.0,
      -0.0006047335197942013,
      0.0,
      0.0,
      0.0,
      0.0012784243839930175,
      0.0,
      0.0,
      0.0,
      -0.0037503665103089073,
      0.0
    ],
    [
      0.0,
      0.0,
      0.0,
      -4.864130740249299e-09,
      0.0,
      0.0,
      0.0,
      -1.656804163820954e-05,
      0.0,
      0.0,
      0.0,
      3.5025325588875675e-05,
      0.0,
      0.0,
      0.0,
      -0.00010274976740579944
    ],
    [
      0.022072773472472027,
      0.0,
      0.0,
      0.0,
      0.13688837762617384,
      0.0,
      0.0,
      0.0,
      -0.1368883776261739,
      0.0,
      0.0,
      0.0,
      0.8514956643804192,
      0.0,
      0.0,
      0.0
    ],
    [
      0.0,
      0.000604733519794201,
      0.0,
      0.0,
      0.0,
      0.0037503665103089056,
      0.0,
      0.0,
      0.0,
      -0.0037503665103089064,
      0.0,
      0.0,
      0.0,
      0.023328648339206816,
      0.0,
      0.0
    ],
    [
      0.0,
      0.0,
      0.0006047335197942012,
      0.0,
      0.0,
      0.0,
      0.0037503665103089056,
      0.0,
      0.0,
      0.0,
      -0.0037503665103089073,
      0.0,
      0.0,
      0.0,
      0.023328648339206816,
      0.0
    ],
    [
      0.0,
      0.0,
      0.0,
      1.6568041638209537e-05,
      0.0,
      0.0,
      0.0,
      0.00010274976740579939,
      0.0,
      0.0,
      0.0,
      -0.00010274976740579944,
      0.0,
      0.0,
      0.0,
      0.0006391410503897003
    ]
  ],