{
  "config": {
    "symbols": [
      "H",
      "H"
    ],
    "geometry": [
      [
        0.0,
        0.0,
        0.0
      ],
      [
        0.0,
        0.0,
        0.7414
      ]
    ],
    "basis": "STO-3G",
    "ansatz": "RY-CZ",
    "optimizer": {
      "name": "Nesterov",
      "stepsize": 0.1,
      "iterations_planned": 50
    },
    "seed": 4,
    "noisy": true,
    "depolarizing_prob": 0.0,
    "amplitude_damping_prob": 0.0
  },
  "energies": [
    1.3487817416998023,
    1.3487817416998023,
    1.3487795992342841,
    1.3487757607168924,
    1.3487692666742745,
    1.3487584581700383,
    1.348740527408949,
    1.348710755536386,
    1.3486612310550663,
    1.3485787007991918,
    1.3484409708528218,
    1.3482108827022703,
    1.3478262379437778,
    1.3471829629270138,
    1.3461070231048626,
    1.3443076943405463,
    1.3413001643246212,
    1.336278310231446,
    1.327908295238012,
    1.3140012172992381,
    1.2910146051859779,
    1.2533494596095394,
    1.192509584314291,
    1.0964969583671345,
    0.9504991997737622,
    0.7408836574104338,
    0.46439294214226545,
    0.13992869792009582,
    -0.18878975399241502,
    -0.4709945874209515,
    -0.6753820298514093,
    -0.7989748416573996,
    -0.855518424921209,
    -0.8623380519872554,
    -0.8356718099288472,
    -0.7908340809831773,
    -0.7420547466714739,
    -0.7009872719779983,
    -0.675236419417579,
    -0.6679077244706066,
    -0.6781662405308827,
    -0.7023600238731879,
    -0.7353223576787081,
    -0.7716031321444033,
    -0.8064476261138606,
    -0.8363985472526002,
    -0.8594962115424375,
    -0.8751590526466374,
    -0.8838818138962632,
    -0.8868757483776142,
    -0.8857269976283308
  ],
  "final_params": [
    -3.026160145020777,
    -3.145669811810704,
    0.0018910937722321928,
    0.0005717909447186774
  ],
  "final_state_real": [
    [
      1.3828278069328782e-08,
      3.953442198260118e-12,
      1.307528897671856e-11,
      -3.738166020081605e-15,
      6.783282896629023e-06,
      1.939309920716037e-09,
      -6.4139139320244755e-09,
      1.8337090032284e-12,
      -2.3932460390392944e-07,
      -6.842182254450496e-11,
      -2.2629270469912112e-10,
      6.469606146409713e-14,
      0.00011739758976007522,
      3.356344029275368e-08,
      -1.1100495851683194e-07,
      3.1735815914053214e-11
    ],
    [
      3.9534421982601175e-12,
      1.130271532077208e-15,
      3.738166020081605e-15,
      -1.0687245076809471e-18,
      1.9393099207160374e-09,
      5.54440076605877e-13,
      -1.8337090032283996e-12,
      5.242489876526708e-16,
      -6.842182254450498e-11,
      -1.9561494595501397e-14,
      -6.469606146409713e-14,
      1.849630703015275e-17,
      3.356344029275368e-08,
      9.595638225890309e-12,
      -3.1735815914053214e-11,
      9.073124108559335e-15
    ],
    [
      1.3075288976718562e-11,
      3.738166020081606e-15,
      1.2363302916573736e-14,
      -3.534612265419649e-18,
      6.413913932024476e-09,
      1.8337090032284004e-12,
      -6.064658017964219e-12,
      1.7338583935557768e-15,
      -2.2629270469912115e-10,
      -6.469606146409713e-14,
      -2.139704277437146e-13,
      6.117317544053334e-17,
      1.1100495851683194e-07,
      3.1735815914053214e-11,
      -1.0496042180135722e-10,
      3.000771153004386e-14
    ],
    [
      -3.738166020081606e-15,
      -1.0687245076809473e-18,
      -3.534612265419649e-18,
      1.010529963238489e-21,
      -1.8337090032284e-12,
      -5.242489876526709e-16,
      1.7338583935557768e-15,
      -4.95702377051018e-19,
      6.469606146409713e-14,
      1.849630703015275e-17,
      6.117317544053334e-17,
      -1.748913942665914e-20,
      -3.1735815914053214e-11,
      -9.073124108559335e-15,
      3.000771153004385e-14,
      -8.579070811428105e-18
    ],
    [
      6.783282896629023e-06,
      1.939309920716037e-09,
      6.4139139320244755e-09,
      -1.8337090032284e-12,
      0.0033274516869580893,
      9.513033977143957e-07,
      -3.146262518952998e-06,
      8.995022335298408e-10,
      -0.00011739758976007522,
      -3.356344029275368e-08,
      -1.1100495851683194e-07,
      3.1735815914053214e-11,
      0.05758786918338367,
      1.646411151092245e-05,
      -5.445204661218884e-05,
      1.5567594011269665e-08
    ],
    [
      1.9393099207160374e-09,
      5.54440076605877e-13,
      1.8337090032283996e-12,
      -5.242489876526708e-16,
      9.513033977143957e-07,
      2.7197340820566605e-10,
      -8.995022335298407e-10,
      2.57163560024578e-13,
      -3.356344029275368e-08,
      -9.595638225890309e-12,
      -3.1735815914053214e-11,
      9.073124108559335e-15,
      1.6464111510922448e-05,
      4.707016217394041e-09,
      -1.5567594011269665e-08,
      4.4507036755707955e-12
    ],
    [
      -6.413913932024476e-09,
      -1.8337090032284004e-12,
      -6.064658017964219e-12,
      1.7338583935557768e-15,
      -3.146262518952998e-06,
      -8.995022335298408e-10,
      2.9749396808393814e-09,
      -8.505217704147794e-13,
      1.1100495851683194e-07,
      3.1735815914053214e-11,
      1.0496042180135722e-10,
      -3.000771153004386e-14,
      -5.445204661218883e-05,
      -1.556759401126966e-08,
      5.148697961269396e-08,
      -1.4719894099211615e-11
    ],
    [
      1.8337090032284e-12,
      5.242489876526709e-16,
      1.7338583935557768e-15,
      -4.95702377051018e-19,
      8.995022335298407e-10,
      2.57163560024578e-13,
      -8.505217704147793e-13,
      2.4316040030736976e-16,
      -3.1735815914053214e-11,
      -9.073124108559335e-15,
      -3.000771153004385e-14,
      8.579070811428105e-18,
      1.5567594011269665e-08,
      4.4507036755707955e-12,
      -1.4719894099211615e-11,
      4.20835240925209e-15
    ],
    [
      -2.3932460390392944e-07,
      -6.842182254450496e-11,
      -2.2629270469912112e-10,
      6.469606146409713e-14,
      -0.00011739758976007522,
      -3.356344029275368e-08,
      1.1100495851683194e-07,
      -3.1735815914053214e-11,
      4.1419667294073485e-06,
      1.1841695668637426e-09,
      3.916424854015369e-09,
      -1.1196881641049206e-12,
      -0.0020317881903761884,
      -5.808790602480041e-07,
      1.9211515691985626e-06,
      -5.492485503144002e-10
    ],
    [
      -6.842182254450498e-11,
      -1.9561494595501397e-14,
      -6.469606146409713e-14,
      1.849630703015275e-17,
      -3.356344029275368e-08,
      -9.595638225890309e-12,
      3.1735815914053214e-11,
      -9.073124108559335e-15,
      1.1841695668637426e-09,
      3.385488097353042e-13,
      1.1196881641049206e-12,
      -3.2011370696507866e-16,
      -5.808790602480042e-07,
      -1.6607073847368343e-10,
      5.492485503144002e-10,
      -1.570276395900728e-13
    ],
    [
      -2.2629270469912115e-10,
      -6.469606146409713e-14,
      -2.139704277437146e-13,
      6.117317544053334e-17,
      -1.1100495851683194e-07,
      -3.1735815914053214e-11,
      1.0496042180135722e-10,
      -3.000771153004386e-14,
      3.916424854015369e-09,
      1.1196881641049206e-12,
      3.7031645653419276e-12,
      -1.0587179641112008e-15,
      -1.9211515691985626e-06,
      -5.492485503144002e-10,
      1.8165393847414898e-09,
      -5.193404228448057e-13
    ],
    [
      6.469606146409713e-14,
      1.849630703015275e-17,
      6.117317544053334e-17,
      -1.748913942665914e-20,
      3.1735815914053214e-11,
      9.073124108559335e-15,
      -3.000771153004385e-14,
      8.579070811428105e-18,
      -1.1196881641049206e-12,
      -3.2011370696507866e-16,
      -1.0587179641112008e-15,
      3.026827682968502e-19,
      5.492485503144002e-10,
      1.570276395900728e-13,
      -5.193404228448056e-13,
      1.484771092377962e-16
    ],
    [
      0.00011739758976007522,
      3.356344029275368e-08,
      1.1100495851683194e-07,
      -3.1735815914053214e-11,
      0.05758786918338367,
      1.646411151092245e-05,
      -5.445204661218884e-05,
      1.5567594011269665e-08,
