{
  "config": {
    "symbols": [
      "H",
      "H"
    ],
    "geometry": [
      [
        0.0,
        0.0,
        0.0
      ],
      [
        0.0,
        0.0,
        0.7414
      ]
    ],
    "basis": "STO-3G",
    "ansatz": "RY-CZ",
    "optimizer": {
      "name": "Adagrad",
      "stepsize": 0.1,
      "iterations_planned": 50
    },
    "seed": 3,
    "noisy": true,
    "depolarizing_prob": 0.08,
    "amplitude_damping_prob": 0.0
  },
  "energies": [
    1.1902384516942268,
    1.1902384516942268,
    1.182709938752929,
    1.1631433611419588,
    1.136001316103206,
    1.104831877743497,
    1.0712491973019767,
    1.0365857183650722,
    1.0014392570615258,
    0.9662196530682988,
    0.9312011046816631,
    0.8965487773876434,
    0.8623537990856396,
    0.8287126247326888,
    0.795701877650967,
    0.7633629827984864,
    0.731718610322865,
    0.7007814164805758,
    0.6705571413144752,
    0.6410461603288437,
    0.6122444226256607,
    0.5841440024822424,
    0.55673369164119,
    0.5300002363317324,
    0.5039300327259146,
    0.4785100564250087,
    0.4537274745444635,
    0.42956887328921156,
    0.4060199824541166,
    0.38306588106450895,
    0.36069132958286726,
    0.338881032505463,
    0.3176198023116492,
    0.2968926504366063,
    0.2766848380137529,
    0.25698190324340997,
    0.237769673531296,
    0.21903426982808447,
    0.20076210662599447,
    0.18293989402192595,
    0.16555464849618018,
    0.14859371775530983,
    0.13204481673773122,
    0.1158960638785056,
    0.10013600251915614,
    0.08475359715718506,
    0.06973820525288575,
    0.055079536353475594,
    0.040767612779522205,
    0.026792740637079787,
    0.01314549397913023
  ],
  "final_params": [
    -1.6859467328531914,
    1.6849960874189875,
    -0.007447333840595706,
    0.007446178864491327
  ],
  "final_state_real": [
    [
      0.18057758763226991,
      0.0006344315299438926,
      -0.0005505892297894339,
      1.934416465124965e-06,
      0.15478225021791797,
      0.0005438052858211992,
      0.0005438887865761395,
      -1.910875416782285e-06,
      -0.15495330680697636,
      -0.0005444045675679827,
      0.0006274997030576985,
      -2.2046304064466676e-06,
      0.17645152662695693,
      0.0006199371874737819,
      0.0006200323782056836,
      -2.1783950292132662e-06
    ],
    [
      0.0006344315299438926,
      0.010175880352450711,
      -1.9344164651249644e-06,
      -3.1011503750005073e-05,
      0.0005438052858211994,
      0.00872226547908072,
      1.9108754167822844e-06,
      3.063410657513618e-05,
      -0.0005444045675679827,
      -0.008731904833590765,
      2.2046304064466676e-06,
      3.5343425446122536e-05,
      0.0006199371874737818,
      0.009943369199391788,
      2.1783950292132662e-06,
      3.492283426830505e-05
    ],
    [
      -0.0005505892297894339,
      -1.9344164651249644e-06,
      0.010175881126557205,
      3.573385240400808e-05,
      -0.0005438887865761395,
      -1.910875416782285e-06,
      0.00871798739973796,
      3.064443388057032e-05,
      0.0006274997030576985,
      2.2046304064466676e-06,
      -0.008731905497850172,
      -3.066315519858001e-05,
      -0.0006200323782056836,
      -2.1783950292132662e-06,
      0.009938492195536382,
      3.493460738057881e-05
    ],
    [
      1.9344164651249644e-06,
      -3.1011503750005073e-05,
      3.573385240400808e-05,
      0.0005734296829542035,
      1.9108754167822844e-06,
      -3.063410657513618e-05,
      3.0644433880570334e-05,
      0.0004912746806351341,
      -2.2046304064466676e-06,
      3.5343425446122536e-05,
      -3.066315519858001e-05,
      -0.0004920589911521843,
      2.1783950292132662e-06,
      -3.492283426830505e-05,
      3.49346073805788e-05,
      0.0005600523785459549
    ],
    [
      0.15478225021791797,
      0.0005438052858211992,
      -0.0005438887865761395,
      1.910875416782285e-06,
      0.22150870586575916,
      0.0007782367070075508,
      0.0007115901434971283,
      -2.500070134913302e-06,
      -0.17645152662695696,
      -0.000619937187473782,
      0.0006200323782056836,
      -2.1783950292132666e-06,
      0.20026408048028765,
      0.0007035969891825641,
      0.0007697336584123229,
      -2.70434905376394e-06
    ],
    [
      0.0005438052858211994,
      0.00872226547908072,
      -1.9108754167822844e-06,
      -3.063410657513618e-05,
      0.0007782367070075508,
      0.012482424410865013,
      2.500070134913302e-06,
      4.0079753125514786e-05,
      -0.0006199371874737819,
      -0.00994336919939179,
      2.1783950292132666e-06,
      3.492283426830505e-05,
      0.0007035969891825641,
      0.011285250559504056,
      2.70434905376394e-06,
      4.335464070644442e-05
    ],
    [
      0.0005438887865761395,
      1.910875416782285e-06,
      0.00871798739973796,
      3.064443388057032e-05,
      0.0007115901434971283,
      2.500070134913302e-06,
      0.012482425360436495,
      4.3833564870347016e-05,
      -0.0006200323782056837,
      -2.1783950292132666e-06,
      -0.009938492195536384,
      -3.493460738057881e-05,
      0.0007697336584123229,
      2.70434905376394e-06,
      0.011285251418003324,
      3.962954200207821e-05
    ],
    [
      -1.9108754167822844e-06,
      3.063410657513618e-05,
      3.0644433880570334e-05,
      0.0004912746806351341,
      -2.500070134913302e-06,
      4.0079753125514786e-05,
      4.3833564870347016e-05,
      0.0007034077076877469,
      2.1783950292132666e-06,
      -3.492283426830506e-05,
      -3.493460738057881e-05,
      -0.0005600523785459549,
      -2.70434905376394e-06,
      4.335464070644442e-05,
      3.962954200207821e-05,
      0.0006359447464254675
    ],
    [
      -0.15495330680697636,
      -0.0005444045675679827,
      0.0006274997030576985,
      -2.2046304064466676e-06,
      -0.17645152662695693,
      -0.0006199371874737819,
      -0.0006200323782056836,
      2.1783950292132662e-06,
      0.22188673306881618,
      0.0007795648473373706,
      -0.0006765426820832183,
      2.3769358948087e-06,
      -0.2004734789580399,
      -0.0007043348792956547,
      -0.0007044430292082896,
      2.474959771668915e-06
    ],
    [
      -0.0005444045675679827,
      -0.008731904833590765,
      2.2046304064466676e-06,
      3.5343425446122536e-05,
      -0.0006199371874737818,
      -0.009943369199391788,
      -2.1783950292132662e-06,
      -3.492283426830505e-05,
      0.0007795648473373706,
      0.01250372694147647,
      -2.3769358948086997e-06,
      -3.8105732526744085e-05,
      -0.0007043348792956547,
      -0.011297050550209057,
      -2.474959771668914e-06,
      -3.967719755490401e-05
    ],
    [
      0.0006274997030576985,
      2.2046304064466676e-06,
      -0.008731905497850172,
      -3.066315519858001e-05,
      0.0006200323782056836,
      2.1783950292132662e-06,
      -0.009938492195536382,
      -3.493460738057881e-05,
      -0.0006765426820832183,
      -2.3769358948087e-06,
      0.012503727892668499,
      4.3908371320338186e-05,
      0.0007044430292082896,
      2.474959771668915e-06,
      -0.011291509595429721,
      -3.969057344810707e-05
    ],
    [
      -2.2046304064466676e-06,
      3.5343425446122536e-05,
      -3.066315519858001e-05,
      -0.0004920589911521843,
      -2.1783950292132662e-06,
      3.492283426830505e-05,
      -3.49346073805788e-05,
      -0.0005600523785459549,
      2.3769358948086997e-06,
      -3.8105732526744085e-05,
      4.3908371320338186e-05,
      0.0007046081446967874,
      -2.474959771668914e-06,
      3.9677197554904e-05,
      -3.969057344810707e-05,
      -0.0006362974062740701
    ],
    [
      0.17645152662695696,
      0.000619937187473782,
      -0.0006200323782056836,
      2.1783950292132666e-06,
      0.20026408048028765,
      0.0007035969891825641,
      0.0007697336584123229,
      -2.70434905376394e-06,
      -0.20047347895803996,
      -0.0007043348792956549,
      0.0007044430292082896,
      -2.474959771668915e-06,
