{
  "config": {
    "symbols": [
      "H",
      "H"
    ],
    "geometry": [
      [
        0.0,
        0.0,
        0.0
      ],
      [
        0.0,
        0.0,
        0.7414
      ]
    ],
    "basis": "STO-3G",
    "ansatz": "TwoQubit-RY-CNOT",
    "optimizer": {
      "name": "Adagrad",
      "stepsize": 0.1,
      "iterations_planned": 50
    },
    "seed": 2,
    "noisy": true,
    "depolarizing_prob": 0.1,
    "amplitude_damping_prob": 0.0
  },
  "energies": [
    1.154059139410107,
    1.154059139410107,
    1.145683125509705,
    1.1261462806651734,
    1.0998104602408354,
    1.0697759283034516,
    1.0377532829057778,
    1.0047168517182814,
    0.9712545361006726,
    0.937738832731642,
    0.9044144601694992,
    0.8714461950485927,
    0.838946556928519,
    0.8069926713933526,
    0.7756369910231331,
    0.7449143645451975,
    0.7148468490911133,
    0.6854470674490594,
    0.6567206092271047,
    0.6286677784476653,
    0.6012848899282301,
    0.5745652409832325,
    0.5484998517777508,
    0.5230780340785126,
    0.4982878322983445,
    0.474116367843616,
    0.45055010989888544,
    0.42757508861119775,
    0.4051770645196083,
    0.3833416629244586,
    0.3620544806900573,
    0.3413011697700252,
    0.3210675052238273,
    0.30133943744642405,
    0.2821031337721414,
    0.2633450099529706,
    0.24505175462806567,
    0.22721034775219373,
    0.20980807343587737,
    0.19283252902493433,
    0.17627163065546952,
    0.16011361623777268,
    0.14434704597314404,
    0.1289608011584612,
    0.11394408163875518,
    0.09928640188068116,
    0.08497758592772098,
    0.07100776214753063,
    0.05736735691910981,
    0.044047088089631786,
    0.031037958057797452
  ],
  "final_params": [
    1.6876024745191256
  ],
  "final_state_real": [
    [
      0.1760074520401049,
      0.0,
      0.0,
      0.0,
      -0.14061459358301492,
      0.0,
      0.0,
      0.0,
      0.14061459358301492,
      0.0,
      0.0,
      0.0,
      0.16135367150157298,
      0.0,
      0.0,
      0.0
    ],
    [
      0.0,
      0.012571960860011104,
      0.0,
      0.0,
      0.0,
      -0.010043899541646811,
      0.0,
      0.0,
      0.0,
      0.010043899541646811,
      0.0,
      0.0,
      0.0,
      0.011525262250115667,
      0.0,
      0.0
    ],
    [
      0.0,
      0.0,
      0.012571960860011108,
      0.0,
      0.0,
      0.0,
      -0.010043899541646807,
      0.0,
      0.0,
      0.0,
      0.01004389954164681,
      0.0,
      0.0,
      0.0,
      0.011525262250115673,
      0.0
    ],
    [
      0.0,
      0.0,
      0.0,
      0.0008979972042867658,
      0.0,
      0.0,
      0.0,
      -0.0007174213958321211,
      0.0,
      0.0,
      0.0,
      0.0007174213958321213,
      0.0,
      0.0,
      0.0,
      0.0008232330178656418
    ],
    [
      -0.1406145935830149,
      0.0,
      0.0,
      0.0,
      0.21555614063739853,
      0.0,
      0.0,
      0.0,
      -0.16135367150157298,
      0.0,
      0.0,
      0.0,
      -0.18430679147119697,
      0.0,
      0.0,
      0.0
    ],
    [
      0.0,
      -0.01004389954164681,
      0.0,
      0.0,
      0.0,
      0.015396867188390036,
      0.0,
      0.0,
      0.0,
      -0.011525262250115667,
      0.0,
      0.0,
      0.0,
      -0.013164770819374996,
      0.0,
      0.0
    ],
    [
      0.0,
      0.0,
      -0.010043899541646806,
      0.0,
      0.0,
      0.0,
      0.015396867188390033,
      0.0,
      0.0,
      0.0,
      -0.011525262250115673,
      0.0,
      0.0,
      0.0,
      -0.013164770819375,
      0.0
    ],
    [
      0.0,
      0.0,
      0.0,
      -0.0007174213958321211,
      0.0,
      0.0,
      0.0,
      0.0010997762277424614,
      0.0,
      0.0,
      0.0,
      -0.0008232330178656418,
      0.0,
      0.0,
      0.0,
      -0.0009403407728127704
    ],
    [
      0.14061459358301492,
      0.0,
      0.0,
      0.0,
      -0.16135367150157298,
      0.0,
      0.0,
      0.0,
      0.21555614063739847,
      0.0,
      0.0,
      0.0,
      0.184306791471197,
      0.0,
      0.0,
      0.0
    ],
    [
      0.0,
      0.010043899541646811,
      0.0,
      0.0,
      0.0,
      -0.011525262250115667,
      0.0,
      0.0,
      0.0,
      0.01539686718839003,
      0.0,
      0.0,
      0.0,
      0.013164770819375,
      0.0,
      0.0
    ],
    [
      0.0,
      0.0,
      0.01004389954164681,
      0.0,
      0.0,
      0.0,
      -0.011525262250115673,
      0.0,
      0.0,
      0.0,
      0.015396867188390029,
      0.0,
      0.0,
      0.0,
      0.013164770819375,
      0.0
    ],
    [
      0.0,
      0.0,
      0.0,
      0.0007174213958321213,
      0.0,
      0.0,
      0.0,
      -0.0008232330178656418,
      0.0,
      0.0,
      0.0,
      0.0010997762277424614,
      0.0,
      0.0,
      0.0,
      0.0009403407728127704
    ],
    [
      0.16135367150157298,
      0.0,
      0.0,
      0.0,
      -0.18430679147119697,
      0.0,
      0.0,
      0.0,
      0.184306791471197,
      0.0,
      0.0,
      0.0,
      0.2639913777963364,
      0.0,
      0.0,
      0.0
    ],
    [
      0.0,
      0.011525262250115667,
      0.0,
      0.0,
      0.0,
      -0.013164770819374996,
      0.0,
      0.0,
      0.0,
      0.013164770819375,
      0.0,
      0.0,
      0.0,
      0.01885652698545803,
      0.0,
      0.0
    ],
    [
      0.0,
      0.0,
      0.011525262250115673,
      0.0,
      0.0,
      0.0,
      -0.013164770819375,
      0.0,
      0.0,
      0.0,
      0.013164770819375,
      0.0,
      0.0,
      0.0,
      0.018856526985458026,
      0.0
    ],
    [
      0.0,
      0.0,
      0.0,
      0.0008232330178656418,
      0.0,
      0.0,
      0.0,
      -0.0009403407728127704,
      0.0,
      0.0,
      0.0,
      0.0009403407728127704,
      0.0,
      0.0,
      0.0,
      0.00134689478467596
    ]
  ],