{
  "config": {
    "symbols": [
      "H",
      "H"
    ],
    "geometry": [
      [
        0.0,
        0.0,
        0.0
      ],
      [
        0.0,
        0.0,
        0.7414
      ]
    ],
    "basis": "STO-3G",
    "ansatz": "RY-CZ",
    "optimizer": {
      "name": "Adagrad",
      "stepsize": 0.1,
      "iterations_planned": 50
    },
    "seed": 0,
    "noisy": true,
    "depolarizing_prob": 0.02,
    "amplitude_damping_prob": 0.0
  },
  "energies": [
    1.3069435416628963,
    1.3069435416628963,
    1.298432439152806,
    1.275533618199182,
    1.2441147167524855,
    1.2089169719855906,
    1.1718773456353835,
    1.1331653604799108,
    1.0931020967189635,
    1.0523186471443904,
    1.0113775876139326,
    0.9707144464714139,
    0.9306267099659284,
    0.891286024325403,
    0.8527723954538469,
    0.8151162584002772,
    0.7783293860019469,
    0.7424167869487236,
    0.7073777386656807,
    0.6732057691165274,
    0.6398900955845485,
    0.607417248347857,
    0.575772045607885,
    0.5449380428080395,
    0.5148977957081692,
    0.48563309736891935,
    0.457125211776918,
    0.4293550859383565,
    0.40230352636316713,
    0.3759513424426386,
    0.3502794578885749,
    0.3252689990983543,
    0.3009013629182152,
    0.2771582695536497,
    0.2540218022749682,
    0.2314744372422415,
    0.20949906477136987,
    0.1880790044188728,
    0.1671980143580741,
    0.14684029638875398,
    0.12699049757305836,
    0.10763370901636021,
    0.08875546225577474,
    0.0703417237980149,
    0.05237888864292542,
    0.034853772094783686,
    0.017753600987177598,
    0.0010660043037835631,
    -0.015220996745838683,
    -0.03111899909337218,
    -0.046639228373250546
  ],
  "final_params": [
    -1.6873012121255282,
    1.6866534691271287,
    -4.802690817690311e-08,
    -5.067986342156645e-08
  ],
  "final_state_real": [
    [
      0.19155606785050894,
      -4.788422844629898e-09,
      -4.385651841093735e-09,
      -1.0963033278003582e-16,
      0.2016733853568644,
      -5.0413304910304e-09,
      4.777430329046757e-09,
      1.1942381561145857e-16,
      -0.20180951500825356,
      5.0447333920183854e-09,
      4.94646508405214e-09,
      1.236492619337117e-16,
      0.2274724022513839,
      -5.686241421041336e-09,
      5.388581897476912e-09,
      1.3470107706624143e-16
    ],
    [
      -4.7884228446298975e-09,
      0.002588595511497342,
      1.0963033278003582e-16,
      -5.926556542027105e-11,
      -5.041330491030401e-09,
      0.002725316018340194,
      -1.1942381561145854e-16,
      6.455986931153574e-11,
      5.0447333920183854e-09,
      -0.0027271556082238343,
      -1.236492619337117e-16,
      6.684412275755771e-11,
      -5.686241421041336e-09,
      0.003073951381780183,
      -1.3470107706624143e-16,
      7.281867429033356e-11
    ],
    [
      -4.385651841093735e-09,
      1.0963033278003582e-16,
      0.0025885955114973293,
      -6.470841681941656e-11,
      -4.777430329046758e-09,
      1.194238156114586e-16,
      0.002725316018339948,
      -6.81260877167314e-11,
      4.946465084052141e-09,
      -1.2364926193371172e-16,
      -0.0027271556082238205,
      6.817207286521191e-11,
      -5.388581897476912e-09,
      1.3470107706624143e-16,
      0.003073951381779906,
      -7.684110028446011e-11
    ],
    [
      -1.0963033278003582e-16,
      -5.926556542027105e-11,
      -6.470841681941655e-11,
      3.4981020425693346e-05,
      -1.1942381561145857e-16,
      -6.455986931153574e-11,
      -6.81260877167314e-11,
      3.682859484248833e-05,
      1.2364926193371172e-16,
      6.684412275755773e-11,
      6.817207286521191e-11,
      -3.685345416524341e-05,
      -1.3470107706624143e-16,
      -7.281867429033356e-11,
      -7.684110028446011e-11,
      4.153988353763014e-05
    ],
    [
      0.20167338535686438,
      -5.041330491030399e-09,
      -4.777430329046756e-09,
      -1.1942381561145854e-16,
      0.24012712219938775,
      -6.002577785487408e-09,
      5.567772229912614e-09,
      1.3918038743735202e-16,
      -0.2274724022513839,
      5.686241421041336e-09,
      5.388581897476912e-09,
      1.3470107706624143e-16,
      0.25620579428276424,
      -6.40450439412628e-09,
      6.200693295814268e-09,
      1.5500183190955817e-16
    ],
    [
      -5.0413304910304e-09,
      0.002725316018340194,
      1.1942381561145854e-16,
      -6.455986931153571e-11,
      -6.002577785487408e-09,
      0.003244961110807524,
      -1.39180387437352e-16,
      7.524016526919784e-11,
      5.686241421041336e-09,
      -0.003073951381780183,
      -1.3470107706624143e-16,
      7.281867429033356e-11,
      -6.40450439412628e-09,
      0.0034622404632859193,
      -1.5500183190955817e-16,
      8.379315264625958e-11
    ],
    [
      4.777430329046757e-09,
      -1.1942381561145857e-16,
      0.002725316018339948,
      -6.812608771673137e-11,
      5.5677722299126145e-09,
      -1.3918038743735205e-16,
      0.0032449611108075083,
      -8.111591602021747e-11,
      -5.388581897476912e-09,
      1.3470107706624143e-16,
      -0.003073951381779906,
      7.684110028446011e-11,
      6.200693295814268e-09,
      -1.5500183190955817e-16,
      0.003462240463285902,
      -8.654735667750737e-11
    ],
    [
      1.1942381561145854e-16,
      6.455986931153574e-11,
      -6.81260877167314e-11,
      3.682859484248833e-05,
      1.3918038743735202e-16,
      7.524016526919787e-11,
      -8.111591602021747e-11,
      4.3850825821790476e-05,
      -1.3470107706624143e-16,
      -7.281867429033356e-11,
      7.684110028446011e-11,
      -4.153988353763014e-05,
      1.5500183190955817e-16,
      8.379315264625958e-11,
      -8.654735667750737e-11,
      4.6787033287719225e-05
    ],
    [
      -0.20180951500825356,
      5.0447333920183854e-09,
      4.94646508405214e-09,
      1.236492619337117e-16,
      -0.2274724022513839,
      5.686241421041336e-09,
      -5.388581897476912e-09,
      -1.3470107706624143e-16,
      0.24043193805654514,
      -6.0101974199380254e-09,
      -5.504658681020327e-09,
      -1.3760270648622e-16,
      -0.2563765493128772,
      6.4087728430258815e-09,
      -6.073290732817069e-09,
      -1.5181708631540515e-16
    ],
    [
      5.0447333920183854e-09,
      -0.0027271556082238343,
      -1.236492619337117e-16,
      6.684412275755771e-11,
      5.686241421041336e-09,
      -0.003073951381780183,
      1.3470107706624143e-16,
      -7.281867429033356e-11,
      -6.010197419938025e-09,
      0.0032490802440123603,
      1.3760270648621997e-16,
      -7.438727947335491e-11,
      6.408772843025882e-09,
      -0.003464547963692854,
      1.5181708631540517e-16,
      -8.207149638953819e-11
    ],
    [
      4.946465084052141e-09,
      -1.2364926193371172e-16,
      -0.0027271556082238205,
      6.817207286521191e-11,
      5.388581897476912e-09,
      -1.3470107706624143e-16,
      -0.003073951381779906,
      7.684110028446011e-11,
      -5.504658681020327e-09,
      1.3760270648622e-16,
      0.003249080244012344,
      -8.121888405333405e-11,
      6.073290732817069e-09,
      -1.5181708631540515e-16,
      -0.0034645479636925417,
      8.660503841940136e-11
    ],
    [
      1.2364926193371172e-16,
      6.684412275755773e-11,
      6.817207286521191e-11,
      -3.685345416524341e-05,
      1.3470107706624143e-16,
      7.281867429033356e-11,
      7.684110028446011e-11,
      -4.153988353763014e-05,
      -1.3760270648621997e-16,
      -7.438727947335491e-11,
      -8.121888405333405e-11,
      4.3906489784018074e-05,
      1.5181708631540517e-16,
      8.207149638953819e-11,
      8.660503841940136e-11,
      -4.681821572564684e-05
    ],
    [
      0.2274724022513839,
      -5.686241421041336e-09,
      -5.388581897476912e-09,
      -1.3470107706624143e-16,
      0.25620579428276424,
      -6.40450439412628e-09,
      6.200693295814268e-09,
      1.5500183190955817e-16,
      -0.2563765493128772,
      6.4087728430258815e-09,
      6.073290732817069e-09,
