{
  "config": {
    "symbols": [
      "H",
      "H"
    ],
    "geometry": [
      [
        0.0,
        0.0,
        0.0
      ],
      [
        0.0,
        0.0,
        0.7414
      ]
    ],
    "basis": "STO-3G",
    "ansatz": "RY-CZ",
    "optimizer": {
      "name": "GradientDescent",
      "stepsize": 0.1,
      "iterations_planned": 50
    },
    "seed": 4,
    "noisy": true,
    "depolarizing_prob": 0.06,
    "amplitude_damping_prob": 0.0
  },
  "energies": [
    1.2276718364202108,
    1.2276718364202108,
    1.2276595653099551,
    1.2276456552096102,
    1.22762988721974,
    1.2276120132455728,
    1.2275917520479567,
    1.227568784880667,
    1.2275427504417942,
    1.2275132392087444,
    1.2274797870487084,
    1.2274418678883479,
    1.2273988855000333,
    1.2273501641738631,
    1.2272949381110279,
    1.2272323394524203,
    1.22716138473091,
    1.2270809595076095,
    1.2269898009662348,
    1.226886478292655,
    1.2267693704086018,
    1.2266366407798455,
    1.2264862089447817,
    1.2263157183709665,
    1.2261225000776008,
    1.2259035315630753,
    1.2256553905089913,
    1.2253742024002687,
    1.2250555814367727,
    1.2246945643742178,
    1.2242855354150382,
    1.223822142011927,
    1.2232972006370764,
    1.222702590296323,
    1.2220291338124007,
    1.221266464769301,
    1.2204028789068273,
    1.219425168554699,
    1.2183184387087507,
    1.2170659032137685,
    1.2156486593425886,
    1.2140454403932737,
    1.2122323439081677,
    1.2101825365164294,
    1.207865933923146,
    1.2052488580064082,
    1.20229367155035,
    1.198958394672116,
    1.1951963077156236,
    1.190955547862774,
    1.1861787094349607
  ],
  "final_params": [
    0.3610428767566573,
    -0.12844225728614997,
    0.0006684172719319061,
    -0.006586553605959345
  ],
  "final_state_real": [
    [
      0.8198507407128088,
      -0.0025875037778895532,
      0.0002624937700812372,
      8.28448653180673e-07,
      -0.05037866077856459,
      0.00015899842622925768,
      1.6135428613840052e-05,
      5.092453851187293e-08,
      0.14314690463634586,
      -0.00045178120619578517,
      4.586332340718551e-05,
      1.4474784866442188e-07,
      0.008823664095320729,
      -2.7848074622272173e-05,
      -2.8260696080894846e-06,
      -8.919272864616896e-09
    ],
    [
      -0.0025875037778895532,
      0.03416932398498314,
      -8.28448653180673e-07,
      1.0934398419436608e-05,
      0.00015899842622925768,
      -0.002099656311313061,
      -5.092453851187293e-08,
      6.721348284856531e-07,
      -0.00045178120619578517,
      0.005966004199391424,
      -1.4474784866442185e-07,
      1.9104752498256903e-06,
      -2.7848074622272173e-05,
      0.00036774820371027905,
      8.919272864616896e-09,
      -1.1772230269064313e-07
    ],
    [
      0.0002624937700812372,
      -8.28448653180673e-07,
      0.034160538944308094,
      -0.00010781236890155059,
      -1.6135428613840052e-05,
      5.092453851187293e-08,
      -0.002099105248478027,
      6.624952154786046e-06,
      4.586332340718551e-05,
      -1.4474784866442188e-07,
      0.005964470320945887,
      -1.882416655054892e-05,
      2.8260696080894846e-06,
      -8.919272864616896e-09,
      0.00036765168678671255,
      -1.1603395476974583e-06
    ],
    [
      8.28448653180673e-07,
      1.0934398419436608e-05,
      -0.00010781236890155059,
      0.0014237256426393584,
      -5.092453851187293e-08,
      -6.721348284856531e-07,
      6.624952154786046e-06,
      -8.748544552324715e-05,
      1.4474784866442185e-07,
      1.9104752498256903e-06,
      -1.882416655054892e-05,
      0.00024858417352654143,
      8.919272864616896e-09,
      1.1772230269064313e-07,
      -1.1603395476974583e-06,
      1.5322800816790746e-05
    ],
    [
      -0.050378660778564587,
      0.00015899842622925768,
      -1.613542861384005e-05,
      -5.092453851187293e-08,
      0.03754465097530616,
      -0.00011849342985734969,
      9.853337597733708e-06,
      3.109782094885786e-08,
      -0.008823664095320729,
      2.7848074622272173e-05,
      -2.8260696080894846e-06,
      -8.919272864616896e-09,
      0.005373364773632499,
      -1.6958698652469864e-05,
      2.100287752857631e-06,
      6.628654690007589e-09
    ],
    [
      0.00015899842622925768,
      -0.002099656311313061,
      5.092453851187293e-08,
      -6.721348284856531e-07,
      -0.00011849342985734969,
      0.00156476695009505,
      -3.109782094885786e-08,
      4.104490518822257e-07,
      2.7848074622272173e-05,
      -0.00036774820371027905,
      8.919272864616896e-09,
      -1.1772230269064313e-07,
      -1.6958698652469864e-05,
      0.00022394837587157878,
      -6.628654690007589e-09,
      8.748925004239592e-08
    ],
    [
      1.6135428613840052e-05,
      -5.092453851187293e-08,
      -0.002099105248478027,
      6.624952154786043e-06,
      9.853337597733708e-06,
      -3.109782094885786e-08,
      0.0015643646435902574,
      -4.9372130318628245e-06,
      2.8260696080894846e-06,
      -8.919272864616896e-09,
      -0.00036765168678671255,
      1.1603395476974583e-06,
      2.100287752857631e-06,
      -6.628654690007589e-09,
      0.00022389079803971984,
      -7.066105529328247e-07
    ],
    [
      5.092453851187293e-08,
      6.721348284856531e-07,
      6.624952154786043e-06,
      -8.748544552324715e-05,
      3.109782094885786e-08,
      4.104490518822257e-07,
      -4.9372130318628245e-06,
      6.51987973945281e-05,
      8.919272864616896e-09,
      1.1772230269064313e-07,
      1.1603395476974583e-06,
      -1.5322800816790746e-05,
      6.628654690007589e-09,
      8.748925004239592e-08,
      -7.066105529328247e-07,
      9.331207298567849e-06
    ],
    [
      0.14314690463634586,
      -0.00045178120619578517,
      4.586332340718551e-05,
      1.4474784866442188e-07,
      -0.008823664095320729,
      2.7848074622272173e-05,
      2.8260696080894846e-06,
      8.919272864616896e-09,
      0.06138388668419897,
      -0.00019373165237225433,
      1.9653440605500584e-05,
      6.202762981747855e-08,
      -0.00042161940657535246,
      1.3306590742427571e-06,
      1.3503752842713108e-07,
      4.2618786160022436e-10
    ],
    [
      -0.00045178120619578517,
      0.005966004199391424,
      -1.4474784866442185e-07,
      1.9104752498256903e-06,
      2.7848074622272173e-05,
      -0.00036774820371027905,
      -8.919272864616896e-09,
      1.1772230269064313e-07,
      -0.00019373165237225433,
      0.0025583265433733577,
      -6.202762981747855e-08,
      8.18680572216131e-07,
      1.3306590742427571e-06,
      -1.7572040111964823e-05,
      -4.2618786160022436e-10,
      5.625101643141017e-09
    ],
    [
      4.586332340718551e-05,
      -1.4474784866442188e-07,
      0.005964470320945887,
      -1.882416655054892e-05,
      -2.8260696080894846e-06,
      8.919272864616896e-09,
      -0.00036765168678671255,
      1.1603395476974583e-06,
      1.9653440605500584e-05,
      -6.202762981747855e-08,
      0.0025576687895719225,
      -8.0721305808103e-06,
      -1.3503752842713108e-07,
      4.2618786160022436e-10,
      -1.756742826278301e-05,
      5.544427646396402e-08
    ],
    [
      1.4474784866442185e-07,
      1.9104752498256903e-06,
      -1.882416655054892e-05,
      0.00024858417352654143,
      -8.919272864616896e-09,
      -1.1772230269064313e-07,
      1.1603395476974583e-06,
      -1.5322800816790746e-05,
      6.202762981747855e-08,
      8.18680572216131e-07,
      -8.0721305808103e-06,
      0.00010659722456453386,
      -4.2618786160022436e-10,
      -5.625101643141017e-09,
      5.544427646396402e-08,
      -7.321663786899644e-07
    ],
    [
      0.008823664095320729,
      -2.7848074622272173e-05,
      2.8260696080894846e-06,
      8.919272864616896e-09,
      0.005373364773632499,
      -1.6958698652469864e-05,
      2.100287752857631e-06,
      6.628654690007589e-09,
      -0.00042161940657535246,
      1.330659074242756e-06,
