{
  "config": {
    "symbols": [
      "H",
      "H"
    ],
    "geometry": [
      [
        0.0,
        0.0,
        0.0
      ],
      [
        0.0,
        0.0,
        0.7414
      ]
    ],
    "basis": "STO-3G",
    "ansatz": "RY-CZ",
    "optimizer": {
      "name": "Adagrad",
      "stepsize": 0.1,
      "iterations_planned": 50
    },
    "seed": 4,
    "noisy": true,
    "depolarizing_prob": 0.04,
    "amplitude_damping_prob": 0.0
  },
  "energies": [
    1.2665410789574076,
    1.2665410789574076,
    1.257789117873882,
    1.2356834408923425,
    1.205941061995305,
    1.1724176217806586,
    1.1361217654723867,
    1.0979276716699773,
    1.0588204111660748,
    1.0195254262183797,
    0.9805024868199863,
    0.9419935246076676,
    0.9041089175096768,
    0.8669113094550087,
    0.8304491279233246,
    0.7947572541148311,
    0.7598572423887084,
    0.7257603387838645,
    0.6924700874987558,
    0.6599842391986306,
    0.6282961928526454,
    0.5973960867550233,
    0.5672716258246457,
    0.5379087171603896,
    0.5092919592122251,
    0.48140502300825305,
    0.4542309500166435,
    0.42775238618561806,
    0.40195176648505615,
    0.3768114599023178,
    0.3523138843546362,
    0.3284415967140754,
    0.30517736326257555,
    0.28250421520735297,
    0.2604054905580131,
    0.23886486600516268,
    0.21786638144581294,
    0.19739445674675793,
    0.17743390375011356,
    0.15796993467071363,
    0.13898817162161448,
    0.12047468074878054,
    0.10241615629637671,
    0.08480101383227237,
    0.06762586244613927,
    0.05092733630022998,
    0.03479712821524561,
    0.01891729271832246,
    0.0031163790975691497,
    -0.012242871034772146,
    -0.02715466430167951
  ],
  "final_params": [
    1.6867966429485453,
    -1.6867683918702245,
    -0.004397770020976658,
    0.004729701660042222
  ],
  "final_state_real": [
    [
      0.18779055211109436,
      0.00043193023629247356,
      -0.0003747792108332859,
      8.620165592293007e-07,
      -0.18505089539165137,
      -0.000425629076790875,
      -0.0003957581093189264,
      9.102693901395431e-07,
      0.18505658466896366,
      0.00042564193696100963,
      -0.0004241112790992474,
      9.754835246240424e-07,
      0.2094099104174596,
      0.0004816563932490129,
      0.00044785338673480673,
      -1.0300919162884372e-06
    ],
    [
      0.00043193023629247356,
      0.005145996070943984,
      -8.620165592293007e-07,
      -1.0265829189574547e-05,
      -0.0004256290767908751,
      -0.005070921672602323,
      -9.102693901395433e-07,
      -1.0840476294359687e-05,
      0.00042564193696100963,
      0.005071077575007245,
      -9.754835246240424e-07,
      -1.161711701917636e-05,
      0.0004816563932490129,
      0.005738428073780154,
      1.0300919162884372e-06,
      1.2267453042471862e-05
    ],
    [
      -0.00037477921083328594,
      -8.620165592293009e-07,
      0.00514585393966012,
      1.1831618240649634e-05,
      0.0003957581093189264,
      9.102693901395431e-07,
      -0.005068993474867231,
      -1.1663127015796394e-05,
      -0.0004241112790992474,
      -9.754835246240424e-07,
      0.005070937512955822,
      1.1659366448991241e-05,
      -0.00044785338673480673,
      -1.0300919162884372e-06,
      0.0057362460593990946,
      1.3198392682165665e-05
    ],
    [
      8.620165592293007e-07,
      -1.026582918957455e-05,
      1.1831618240649634e-05,
      0.00014101105650659709,
      -9.102693901395433e-07,
      1.0840476294359687e-05,
      -1.1663127015796398e-05,
      -0.0001389048608253514,
      9.754835246240424e-07,
      -1.161711701917636e-05,
      1.1659366448991241e-05,
      0.0001389581330067961,
      1.0300919162884372e-06,
      -1.2267453042471862e-05,
      1.3198392682165664e-05,
      0.0001571894823876591
    ],
    [
      -0.18505089539165137,
      -0.000425629076790875,
      0.0003957581093189264,
      -9.102693901395431e-07,
      0.23399314151098644,
      0.0005381991360452877,
      0.0004791569167503914,
      -1.1020920711950257e-06,
      -0.20940991041745968,
      -0.000481656393249013,
      0.00044785338673480684,
      -1.0300919162884374e-06,
      -0.23659568079346394,
      -0.0005441851422346511,
      -0.0005284564608339141,
      1.2154842288549002e-06
    ],
    [
      -0.0004256290767908751,
      -0.005070921672602323,
      9.102693901395433e-07,
      1.0840476294359687e-05,
      0.0005381991360452877,
      0.006412078633918867,
      1.1020920711950257e-06,
      1.3124909066930121e-05,
      -0.000481656393249013,
      -0.005738428073780156,
      1.0300919162884374e-06,
      1.2267453042471866e-05,
      -0.0005441851422346511,
      -0.006483395623892806,
      -1.2154842288549002e-06,
      -1.447530600479676e-05
    ],
    [
      -0.0003957581093189264,
      -9.102693901395431e-07,
      -0.005068993474867231,
      -1.1663127015796394e-05,
      0.0004791569167503914,
      1.1020920711950257e-06,
      0.006411901533712044,
      1.4742581509907271e-05,
      -0.00044785338673480684,
      -1.0300919162884374e-06,
      -0.005736246059399095,
      -1.3198392682165669e-05,
      -0.0005284564608339141,
      -1.2154842288549002e-06,
      -0.0064832165539263475,
      -1.4906552758196451e-05
    ],
    [
      9.102693901395433e-07,
      -1.0840476294359687e-05,
      -1.1663127015796398e-05,
      -0.0001389048608253514,
      -1.1020920711950257e-06,
      1.3124909066930121e-05,
      1.4742581509907271e-05,
      0.00017570436706657174,
      1.0300919162884374e-06,
      -1.2267453042471866e-05,
      -1.3198392682165669e-05,
      -0.00015718948238765916,
      1.2154842288549002e-06,
      -1.447530600479676e-05,
      -1.4906552758196451e-05,
      -0.00017765860176952416
    ],
    [
      0.18505658466896366,
      0.00042564193696100963,
      -0.0004241112790992474,
      9.754835246240424e-07,
      -0.2094099104174596,
      -0.0004816563932490129,
      -0.00044785338673480673,
      1.0300919162884372e-06,
      0.23400572476885365,
      0.0005382280783402159,
      -0.00046701221053687336,
      1.0741584570552473e-06,
      0.23660264623306781,
      0.000544201451548351,
      0.0005060089859866637,
      -1.163853576801949e-06
    ],
    [
      0.00042564193696100963,
      0.005071077575007245,
      -9.754835246240424e-07,
      -1.161711701917636e-05,
      -0.0004816563932490129,
      -0.005738428073780154,
      -1.0300919162884372e-06,
      -1.2267453042471862e-05,
      0.0005382280783402161,
      0.006412423451029296,
      -1.0741584570552473e-06,
      -1.2792245258635262e-05,
      0.0005442014515483509,
      0.00648358649677981,
      1.163853576801949e-06,
      1.386043213810928e-05
    ],
    [
      -0.0004241112790992474,
      -9.754835246240424e-07,
      0.005070937512955822,
      1.1659366448991241e-05,
      0.00044785338673480673,
      1.0300919162884372e-06,
      -0.0057362460593990946,
      -1.3198392682165665e-05,
      -0.00046701221053687336,
      -1.0741584570552473e-06,
      0.0064122463412987,
      1.4743374309660162e-05,
      -0.0005060089859866637,
      -1.163853576801949e-06,
      0.0064811211388812835,
      1.4912258108502559e-05
    ],
    [
      9.754835246240424e-07,
      -1.161711701917636e-05,
      1.1659366448991241e-05,
      0.0001389581330067961,
      -1.0300919162884372e-06,
      1.2267453042471862e-05,
      -1.3198392682165664e-05,
      -0.0001571894823876591,
      1.0741584570552473e-06,
      -1.2792245258635262e-05,
      1.4743374309660166e-05,
      0.0001757138157766704,
      1.163853576801949e-06,
      -1.386043213810928e-05,
      1.4912258108502555e-05,
      0.00017760118142825737
    ],
    [
      0.20940991041745968,
      0.000481656393249013,
      -0.00044785338673480684,
      1.0300919162884374e-06,
      -0.23659568079346394,
      -0.0005441851422346511,
      -0.0005284564608339141,
      1.2154842288549002e-06,
      0.23660264623306781,
