{
  "config": {
    "symbols": [
      "H",
      "H"
    ],
    "geometry": [
      [
        0.0,
        0.0,
        0.0
      ],
      [
        0.0,
        0.0,
        0.7414
      ]
    ],
    "basis": "STO-3G",
    "ansatz": "RY-CZ",
    "optimizer": {
      "name": "Adam",
      "stepsize": 0.1,
      "iterations_planned": 50
    },
    "seed": 4,
    "noisy": true,
    "depolarizing_prob": 0.0,
    "amplitude_damping_prob": 0.0
  },
  "energies": [
    1.348761881883307,
    1.348761881883307,
    1.3398086281857555,
    1.321983168158072,
    1.2922009951593199,
    1.250771467605179,
    1.1986598103116222,
    1.1374028467118906,
    1.0675980597398076,
    0.9870419488443775,
    0.895019752957108,
    0.79235340164008,
    0.680369796956385,
    0.5607837800983544,
    0.4357422904022572,
    0.3078676338882885,
    0.18024404029245417,
    0.05623798945457975,
    -0.06110250778167564,
    -0.17027508998685478,
    -0.27212835761460064,
    -0.3682916880711041,
    -0.45893958380685573,
    -0.5426785241382936,
    -0.6174780301294709,
    -0.681488928295745,
    -0.7338018119425247,
    -0.7750918484373315,
    -0.8074896762749382,
    -0.8333870786357238,
    -0.8542070950073859,
    -0.870189168252208,
    -0.881027090183105,
    -0.8866412284624061,
    -0.8876365983605303,
    -0.8852569986726773,
    -0.8809396609046194,
    -0.8758396959096684,
    -0.870604754571371,
    -0.8654586837388223,
    -0.8604693175176241,
    -0.8557833106072406,
    -0.851685449919393,
    -0.8485062169395696,
    -0.8464980885507372,
    -0.8457601561668753,
    -0.8462281234963063,
    -0.8477251623473537,
    -0.8500387472113027,
    -0.8529704581018607,
    -0.8563432263058403
  ],
  "final_params": [
    3.415481446723271,
    -3.414820926188064,
    -0.018559891848007437,
    -0.026495884194623547
  ],
  "final_state_real": [
    [
      0.0003455780220972441,
      -4.578465482375704e-06,
      -3.207037418675729e-06,
      -4.248913178269853e-08,
      0.0025138354065570197,
      -3.33050943675362e-05,
      2.332892631400408e-05,
      3.090783471163513e-07,
      -0.002507696760898707,
      3.32237651872702e-05,
      2.3271958379002746e-05,
      3.0832359505653226e-07,
      0.018241718232653012,
      -0.00024167936595204985,
      0.00016928701830691396,
      2.242835829746161e-06
    ],
    [
      -4.578465482375703e-06,
      6.065879435410511e-08,
      4.248913178269853e-08,
      5.629264906386292e-10,
      -3.3305094367536206e-05,
      4.4124977636309835e-07,
      -3.090783471163513e-07,
      -4.094891610504568e-09,
      3.3223765187270206e-05,
      -4.40172269054212e-07,
      -3.0832359505653226e-07,
      -4.084892113915445e-09,
      -0.00024167936595204987,
      3.2019415708926648e-06,
      -2.242835829746161e-06,
      -2.9714697611959455e-08
    ],
    [
      -3.207037418675729e-06,
      4.248913178269853e-08,
      2.976198817512276e-08,
      3.9430816420681015e-10,
      -2.332892631400408e-05,
      3.090783471163513e-07,
      -2.1649738937493206e-07,
      -2.8683126858658677e-09,
      2.3271958379002746e-05,
      -3.0832359505653226e-07,
      -2.1596871494235056e-07,
      -2.8613084251610465e-09,
      -0.00016928701830691396,
      2.242835829746161e-06,
      -1.5710194727869868e-06,
      -2.0813992707013164e-08
    ],
    [
      -4.248913178269853e-08,
      5.629264906386292e-10,
      3.943081642068101e-10,
      5.2240773569103676e-12,
      -3.090783471163513e-07,
      4.094891610504568e-09,
      -2.8683126858658677e-09,
      -3.800146357860464e-11,
      3.0832359505653226e-07,
      -4.084892113915445e-09,
      -2.861308425161046e-09,
      -3.7908666144637e-11,
      -2.242835829746161e-06,
      2.9714697611959455e-08,
      -2.0813992707013164e-08,
      -2.7575870290520006e-10
    ],
    [
      0.0025138354065570192,
      -3.330509436753619e-05,
      -2.3328926314004076e-05,
      -3.0907834711635125e-07,
      0.01828637253306485,
      -0.00024227097814959205,
      0.00016970141969580106,
      2.248326116551304e-06,
      -0.018241718232653012,
      0.00024167936595204985,
      0.00016928701830691396,
      2.242835829746161e-06,
      0.1326955831612332,
      -0.0017580462538687215,
      0.0012314431858536225,
      1.6315042506814995e-05
    ],
    [
      -3.33050943675362e-05,
      4.4124977636309824e-07,
      3.0907834711635125e-07,
      4.094891610504567e-09,
      -0.00024227097814959208,
      3.2097796735858567e-06,
      -2.2483261165513037e-06,
      -2.9787436869132924e-08,
      0.00024167936595204987,
      -3.2019415708926648e-06,
      -2.242835829746161e-06,
      -2.9714697611959455e-08,
      -0.0017580462538687215,
      2.329185762979547e-05,
      -1.6315042506815e-05,
      -2.1615338411601012e-07
    ],
    [
      2.3328926314004072e-05,
      -3.090783471163512e-07,
      -2.1649738937493198e-07,
      -2.8683126858658665e-09,
      0.00016970141969580106,
      -2.248326116551304e-06,
      1.574865206392722e-06,
      2.0864943724591516e-08,
      -0.00016928701830691396,
      2.242835829746161e-06,
      1.5710194727869868e-06,
      2.0813992707013164e-08,
      0.0012314431858536227,
      -1.6315042506815e-05,
      1.142805422916719e-05,
      1.514070584614163e-07
    ],
    [
      3.090783471163512e-07,
      -4.0948916105045666e-09,
      -2.8683126858658665e-09,
      -3.800146357860463e-11,
      2.2483261165513037e-06,
      -2.9787436869132924e-08,
      2.086494372459152e-08,
      2.7643373878426226e-10,
      -2.242835829746161e-06,
      2.9714697611959455e-08,
      2.0813992707013164e-08,
      2.7575870290520006e-10,
      1.6315042506815002e-05,
      -2.1615338411601014e-07,
      1.514070584614163e-07,
      2.0059492995175166e-09
    ],
    [
      -0.002507696760898707,
      3.32237651872702e-05,
      2.3271958379002746e-05,
      3.0832359505653226e-07,
      -0.018241718232653012,
      0.00024167936595204985,
      -0.00016928701830691396,
      -2.242835829746161e-06,
      0.018197172975607887,
      -0.00024108919843923474,
      -0.0001688736288630856,
      -2.2373589499149197e-06,
      -0.13237154795856143,
      0.001753753203108422,
      -0.0012284360703732065,
      -1.6275202084252638e-05
    ],
    [
      3.3223765187270206e-05,
      -4.40172269054212e-07,
      -3.0832359505653226e-07,
      -4.084892113915445e-09,
      0.00024167936595204987,
      -3.2019415708926648e-06,
      2.242835829746161e-06,
      2.9714697611959455e-08,
      -0.00024108919843923474,
      3.1941226084188585e-06,
      2.2373589499149197e-06,
      2.9642135979991588e-08,
      0.0017537532031084218,
      -2.3234980214376886e-05,
      1.6275202084252638e-05,
      2.1562554962475094e-07
    ],
    [
      2.3271958379002746e-05,
      -3.0832359505653226e-07,
      -2.1596871494235056e-07,
      -2.8613084251610465e-09,
      0.00016928701830691396,
      -2.242835829746161e-06,
      1.5710194727869868e-06,
      2.0813992707013164e-08,
      -0.0001688736288630856,
      2.2373589499149197e-06,
      1.5671831317105741e-06,
      2.076316608973078e-08,
      0.0012284360703732067,
      -1.627520208425264e-05,
      1.1400147553732503e-05,
      1.510373309512982e-07
    ],
    [
      3.0832359505653226e-07,
      -4.084892113915445e-09,
      -2.861308425161046e-09,
      -3.7908666144637e-11,
      2.242835829746161e-06,
      -2.9714697611959455e-08,
      2.0813992707013164e-08,
      2.7575870290520006e-10,
      -2.2373589499149197e-06,
      2.9642135979991588e-08,
      2.076316608973078e-08,
      2.7508531568278925e-10,
      1.6275202084252638e-05,
      -2.1562554962475094e-07,
      1.510373309512982e-07,
      2.0010508824364005e-09
    ],
    [
      0.018241718232653012,
      -0.00024167936595204985,
      -0.00016928701830691396,
      -2.242835829746161e-06,
      0.1326955831612332,
      -0.0017580462538687215,
      0.0012314431858536225,
      1.6315042506814995e-05,
