{
  "config": {
    "symbols": [
      "H",
      "H"
    ],
    "geometry": [
      [
        0.0,
        0.0,
        0.0
      ],
      [
        0.0,
        0.0,
        0.7414
      ]
    ],
    "basis": "STO-3G",
    "ansatz": "TwoQubit-RY-CNOT",
    "optimizer": {
      "name": "Momentum",
      "stepsize": 0.1,
      "iterations_planned": 50
    },
    "seed": 3,
    "noisy": true,
    "depolarizing_prob": 0.08,
    "amplitude_damping_prob": 0.0
  },
  "energies": [
    1.1902721391803917,
    1.1902721391803917,
    1.190258970865579,
    1.1902276535721594,
    1.1901654911132216,
    1.1900473915579686,
    1.189826092746204,
    1.1894135568438857,
    1.1886462895289154,
    1.1872211233404886,
    1.184576900286896,
    1.1796781146851556,
    1.1706247307988409,
    1.153966985836481,
    1.1235641490582597,
    1.0688880891905068,
    0.9731553716051918,
    0.8133158874982462,
    0.5673341097754503,
    0.23559182819453567,
    -0.1321850348685588,
    -0.44559046481742803,
    -0.6339300288747177,
    -0.6849336118629595,
    -0.6254153697704079,
    -0.4995151302983315,
    -0.3598488455042989,
    -0.252638779352479,
    -0.20449702641414155,
    -0.22125032329844668,
    -0.2928854062847319,
    -0.39819655745288474,
    -0.510165237150534,
    -0.6038314465569932,
    -0.6635208983911991,
    -0.6851926138569644,
    -0.6743305904826151,
    -0.6424761103542449,
    -0.6037289211089043,
    -0.5711701176128365,
    -0.5537999427952359,
    -0.5549651539295369,
    -0.5725707748753259,
    -0.600654967377289,
    -0.6316552655096631,
    -0.6586577738893566,
    -0.6770076656411401,
    -0.6849702715159985,
    -0.6835281213324784,
    -0.6756115193681688,
    -0.6650601696217942
  ],
  "final_params": [
    -3.445836598263774
  ],
  "final_state_real": [
    [
      0.00488720704227112,
      0.0,
      0.0,
      0.0,
      0.0036418862159293525,
      0.0,
      0.0,
      0.0,
      -0.0036418862159293525,
      0.0,
      0.0,
      0.0,
      0.016045878080022977,
      0.0,
      0.0,
      0.0
    ],
    [
      0.0,
      0.00027533560801537435,
      0.0,
      0.0,
      0.0,
      0.00020517668822144647,
      0.0,
      0.0,
      0.0,
      -0.00020517668822144647,
      0.0,
      0.0,
      0.0,
      0.0009039931312692283,
      0.0,
      0.0
    ],
    [
      0.0,
      0.0,
      0.0002753356080153744,
      0.0,
      0.0,
      0.0,
      0.00020517668822144641,
      0.0,
      0.0,
      0.0,
      -0.00020517668822144641,
      0.0,
      0.0,
      0.0,
      0.0009039931312692282,
      0.0
    ],
    [
      0.0,
      0.0,
      0.0,
      1.551186524030841e-05,
      0.0,
      0.0,
      0.0,
      1.1559250040649063e-05,
      0.0,
      0.0,
      0.0,
      -1.1559250040649063e-05,
      0.0,
      0.0,
      0.0,
      5.092919049405953e-05
    ],
    [
      0.0036418862159293517,
      0.0,
      0.0,
      0.0,
      0.0612928983269646,
      0.0,
      0.0,
      0.0,
      -0.016045878080022977,
      0.0,
      0.0,
      0.0,
      -0.11076726452930298,
      0.0,
      0.0,
      0.0
    ],
    [
      0.0,
      0.0002051766882214464,
      0.0,
      0.0,
      0.0,
      0.003453121032506302,
      0.0,
      0.0,
      0.0,
      -0.0009039931312692283,
      0.0,
      0.0,
      0.0,
      -0.006240409269258772,
      0.0,
      0.0
    ],
    [
      0.0,
      0.0,
      0.0002051766882214464,
      0.0,
      0.0,
      0.0,
      0.003453121032506301,
      0.0,
      0.0,
      0.0,
      -0.0009039931312692282,
      0.0,
      0.0,
      0.0,
      -0.006240409269258772,
      0.0
    ],
    [
      0.0,
      0.0,
      0.0,
      1.1559250040649063e-05,
      0.0,
      0.0,
      0.0,
      0.00019454203000042564,
      0.0,
      0.0,
      0.0,
      -5.092919049405953e-05,
      0.0,
      0.0,
      0.0,
      -0.00035157235319780496
    ],
    [
      -0.0036418862159293525,
      0.0,
      0.0,
      0.0,
      -0.016045878080022977,
      0.0,
      0.0,
      0.0,
      0.061292898326964586,
      0.0,
      0.0,
      0.0,
      0.11076726452930297,
      0.0,
      0.0,
      0.0
    ],
    [
      0.0,
      -0.00020517668822144647,
      0.0,
      0.0,
      0.0,
      -0.0009039931312692283,
      0.0,
      0.0,
      0.0,
      0.0034531210325063006,
      0.0,
      0.0,
      0.0,
      0.006240409269258771,
      0.0,
      0.0
    ],
    [
      0.0,
      0.0,
      -0.00020517668822144641,
      0.0,
      0.0,
      0.0,
      -0.0009039931312692282,
      0.0,
      0.0,
      0.0,
      0.0034531210325063,
      0.0,
      0.0,
      0.0,
      0.006240409269258771,
      0.0
    ],
    [
      0.0,
      0.0,
      0.0,
      -1.1559250040649063e-05,
      0.0,
      0.0,
      0.0,
      -5.092919049405953e-05,
      0.0,
      0.0,
      0.0,
      0.0001945420300004256,
      0.0,
      0.0,
      0.0,
      0.00035157235319780496
    ],
    [
      0.016045878080022977,
      0.0,
      0.0,
      0.0,
      -0.11076726452930298,
      0.0,
      0.0,
      0.0,
      0.11076726452930297,
      0.0,
      0.0,
      0.0,
      0.7687047740817211,
      0.0,
      0.0,
      0.0
    ],
    [
      0.0,
      0.0009039931312692283,
      0.0,
      0.0,
      0.0,
      -0.006240409269258772,
      0.0,
      0.0,
      0.0,
      0.006240409269258771,
      0.0,
      0.0,
      0.0,
      0.04330731121588734,
      0.0,
      0.0
    ],
    [
      0.0,
      0.0,
      0.0009039931312692282,
      0.0,
      0.0,
      0.0,
      -0.006240409269258772,
      0.0,
      0.0,
      0.0,
      0.006240409269258771,
      0.0,
      0.0,
      0.0,
      0.04330731121588735,
      0.0
    ],
    [
      0.0,
      0.0,
      0.0,
      5.092919049405953e-05,
      0.0,
      0.0,
      0.0,
      -0.00035157235319780496,
      0.0,
      0.0,
      0.0,
      0.00035157235319780496,
      0.0,
      0.0,
      0.0,
      0.0024398485192058065
    ]
  ],