{
  "config": {
    "symbols": [
      "H",
      "H"
    ],
    "geometry": [
      [
        0.0,
        0.0,
        0.0
      ],
      [
        0.0,
        0.0,
        0.7414
      ]
    ],
    "basis": "STO-3G",
    "ansatz": "TwoQubit-RY-CNOT",
    "optimizer": {
      "name": "GradientDescent",
      "stepsize": 0.1,
      "iterations_planned": 50
    },
    "seed": 6,
    "noisy": true,
    "depolarizing_prob": 0.0,
    "amplitude_damping_prob": 0.0
  },
  "energies": [
    1.3486428306394909,
    1.3486428306394909,
    1.3485927321409907,
    1.3485266227784591,
    1.348439387316995,
    1.3483242775232185,
    1.348172391792241,
    1.3479719894509103,
    1.3477075881669198,
    1.347358776280238,
    1.346898651684029,
    1.3462917727187005,
    1.345491472580632,
    1.3444363481017283,
    1.3430456825613868,
    1.3412135032760903,
    1.3388009088259731,
    1.335626233417632,
    1.3314525662635242,
    1.3259721306672805,
    1.3187871092601238,
    1.3093867555379548,
    1.2971211967055785,
    1.281173398835657,
    1.2605326072235385,
    1.2339754549277344,
    1.2000650289110453,
    1.1571831668881105,
    1.1036158108308702,
    1.0377122204671898,
    0.9581309437839649,
    0.864162529928835,
    0.7560787860014602,
    0.6354106841600884,
    0.5050292410848813,
    0.3689317846063689,
    0.23173381357902156,
    0.0979953874507069,
    -0.02840954784031799,
    -0.1446992917829633,
    -0.24929667018706705,
    -0.34169748568056735,
    -0.42220675089417514,
    -0.4916496429767012,
    -0.5511242212496504,
    -0.601821211701208,
    -0.6449088297507333,
    -0.6814686359844957,
    -0.7124664676519084,
    -0.738745100179042,
    -0.761029059315196
  ],
  "final_params": [
    2.6062274378411523
  ],
  "final_state_real": [
    [
      0.0048942358011347265,
      0.0,
      0.0,
      0.0,
      -0.017844926255737126,
      0.0,
      0.0,
      0.0,
      0.017844926255737126,
      0.0,
      0.0,
      0.0,
      0.06506457923408068,
      0.0,
      0.0,
      0.0
    ],
    [
      0.0,
      9.788471602269354e-17,
      0.0,
      0.0,
      0.0,
      -3.5689852511473894e-16,
      0.0,
      0.0,
      0.0,
      3.5689852511473894e-16,
      0.0,
      0.0,
      0.0,
      1.3012915846816004e-15,
      0.0,
      0.0
    ],
    [
      0.0,
      0.0,
      9.788471602269353e-17,
      0.0,
      0.0,
      0.0,
      -3.5689852511473894e-16,
      0.0,
      0.0,
      0.0,
      3.5689852511473894e-16,
      0.0,
      0.0,
      0.0,
      1.3012915846816002e-15,
      0.0
    ],
    [
      0.0,
      0.0,
      0.0,
      1.9576943204538507e-30,
      0.0,
      0.0,
      0.0,
      -7.137970502294708e-30,
      0.0,
      0.0,
      0.0,
      7.137970502294708e-30,
      0.0,
      0.0,
      0.0,
      2.6025831693631745e-29
    ],
    [
      -0.017844926255737126,
      0.0,
      0.0,
      0.0,
      0.06506457923410934,
      0.0,
      0.0,
      0.0,
      -0.06506457923408068,
      0.0,
      0.0,
      0.0,
      -0.23723266827989278,
      0.0,
      0.0,
      0.0
    ],
    [
      0.0,
      -3.5689852511473894e-16,
      0.0,
      0.0,
      0.0,
      1.3012915846821735e-15,
      0.0,
      0.0,
      0.0,
      -1.3012915846816004e-15,
      0.0,
      0.0,
      0.0,
      -4.744653365597807e-15,
      0.0,
      0.0
    ],
    [
      0.0,
      0.0,
      -3.5689852511473894e-16,
      0.0,
      0.0,
      0.0,
      1.3012915846821733e-15,
      0.0,
      0.0,
      0.0,
      -1.3012915846816002e-15,
      0.0,
      0.0,
      0.0,
      -4.744653365597806e-15,
      0.0
    ],
    [
      0.0,
      0.0,
      0.0,
      -7.137970502294708e-30,
      0.0,
      0.0,
      0.0,
      2.602583169364321e-29,
      0.0,
      0.0,
      0.0,
      -2.6025831693631745e-29,
      0.0,
      0.0,
      0.0,
      -9.489306731195517e-29
    ],
    [
      0.017844926255737126,
      0.0,
      0.0,
      0.0,
      -0.06506457923408068,
      0.0,
      0.0,
      0.0,
      0.06506457923410935,
      0.0,
      0.0,
      0.0,
      0.2372326682798928,
      0.0,
      0.0,
      0.0
    ],
    [
      0.0,
      3.5689852511473894e-16,
      0.0,
      0.0,
      0.0,
      -1.3012915846816004e-15,
      0.0,
      0.0,
      0.0,
      1.3012915846821739e-15,
      0.0,
      0.0,
      0.0,
      4.744653365597807e-15,
      0.0,
      0.0
    ],
    [
      0.0,
      0.0,
      3.5689852511473894e-16,
      0.0,
      0.0,
      0.0,
      -1.3012915846816002e-15,
      0.0,
      0.0,
      0.0,
      1.3012915846821737e-15,
      0.0,
      0.0,
      0.0,
      4.744653365597807e-15,
      0.0
    ],
    [
      0.0,
      0.0,
      0.0,
      7.137970502294708e-30,
      0.0,
      0.0,
      0.0,
      -2.6025831693631745e-29,
      0.0,
      0.0,
      0.0,
      2.602583169364322e-29,
      0.0,
      0.0,
      0.0,
      9.489306731195519e-29
    ],
    [
      0.06506457923408068,
      0.0,
      0.0,
      0.0,
      -0.23723266827989278,
      0.0,
      0.0,
      0.0,
      0.2372326682798928,
      0.0,
      0.0,
      0.0,
      0.8649766057308026,
      0.0,
      0.0,
      0.0
    ],
    [
      0.0,
      1.3012915846816004e-15,
      0.0,
      0.0,
      0.0,
      -4.744653365597807e-15,
      0.0,
      0.0,
      0.0,
      4.744653365597807e-15,
      0.0,
      0.0,
      0.0,
      1.7299532114615878e-14,
      0.0,
      0.0
    ],
    [
      0.0,
      0.0,
      1.3012915846816002e-15,
      0.0,
      0.0,
      0.0,
      -4.744653365597806e-15,
      0.0,
      0.0,
      0.0,
      4.744653365597807e-15,
      0.0,
      0.0,
      0.0,
      1.729953211461588e-14,
      0.0
    ],
    [
      0.0,
      0.0,
      0.0,
      2.6025831693631745e-29,
      0.0,
      0.0,
      0.0,
      -9.489306731195517e-29,
      0.0,
      0.0,
      0.0,
      9.489306731195519e-29,
      0.0,
      0.0,
      0.0,
      3.459906422923141e-28
    ]
  ],