{
  "config": {
    "symbols": [
      "H",
      "H"
    ],
    "geometry": [
      [
        0.0,
        0.0,
        0.0
      ],
      [
        0.0,
        0.0,
        0.7414
      ]
    ],
    "basis": "STO-3G",
    "ansatz": "TwoQubit-RY-CNOT",
    "optimizer": {
      "name": "GradientDescent",
      "stepsize": 0.1,
      "iterations_planned": 50
    },
    "seed": 1,
    "noisy": true,
    "depolarizing_prob": 0.06,
    "amplitude_damping_prob": 0.0
  },
  "energies": [
    1.2277533622347068,
    1.2277533622347068,
    1.2277504528432208,
    1.2277467417633685,
    1.227742008097681,
    1.2277359700672386,
    1.2277282682782962,
    1.2277184443107316,
    1.2277059134470485,
    1.2276899298769424,
    1.2276695423687791,
    1.2276435376471084,
    1.2276103683130126,
    1.227568060813737,
    1.2275140982683315,
    1.2274452709513328,
    1.2273574859277172,
    1.2272455243482825,
    1.227102732488061,
    1.2269206283119978,
    1.226688401050893,
    1.2263922744470988,
    1.2260146986964564,
    1.2255333241248403,
    1.224919701464281,
    1.2241376376708293,
    1.223141121693175,
    1.221871715618318,
    1.220255286619895,
    1.2181979341118159,
    1.2155809497149592,
    1.2122546345795897,
    1.2080308085289562,
    1.2026738791696943,
    1.1958904324486634,
    1.1873174879591837,
    1.1765098776516671,
    1.1629277171662593,
    1.1459257292147909,
    1.124747263608942,
    1.098527288991434,
    1.066310170952731,
    1.0270893567274695,
    0.979876218025278,
    0.9238030386136403,
    0.8582588845869836,
    0.7830461024986728,
    0.6985306407155325,
    0.6057462473201133,
    0.5064090215647679,
    0.40281285480823437
  ],
  "final_params": [
    1.3644251929332127
  ],
  "final_state_real": [
    [
      0.32545654378865807,
      0.0,
      0.0,
      0.0,
      -0.2333852211113645,
      0.0,
      0.0,
      0.0,
      0.23338522111136453,
      0.0,
      0.0,
      0.0,
      0.18682248413298977,
      0.0,
      0.0,
      0.0
    ],
    [
      0.0,
      0.013560689324534045,
      0.0,
      0.0,
      0.0,
      -0.009724384212978268,
      0.0,
      0.0,
      0.0,
      0.009724384212978271,
      0.0,
      0.0,
      0.0,
      0.00778427017221171,
      0.0,
      0.0
    ],
    [
      0.0,
      0.0,
      0.013560689324534043,
      0.0,
      0.0,
      0.0,
      -0.00972438421297827,
      0.0,
      0.0,
      0.0,
      0.009724384212978273,
      0.0,
      0.0,
      0.0,
      0.00778427017221171,
      0.0
    ],
    [
      0.0,
      0.0,
      0.0,
      0.0005650287218558611,
      0.0,
      0.0,
      0.0,
      -0.00040518267554095924,
      0.0,
      0.0,
      0.0,
      0.0004051826755409594,
      0.0,
      0.0,
      0.0,
      0.0003243445905089797
    ],
    [
      -0.23338522111136453,
      0.0,
      0.0,
      0.0,
      0.22221192413301152,
      0.0,
      0.0,
      0.0,
      -0.18682248413298977,
      0.0,
      0.0,
      0.0,
      -0.1483600198615492,
      0.0,
      0.0,
      0.0
    ],
    [
      0.0,
      -0.009724384212978271,
      0.0,
      0.0,
      0.0,
      0.009258830172213338,
      0.0,
      0.0,
      0.0,
      -0.00778427017221171,
      0.0,
      0.0,
      0.0,
      -0.006181667494234238,
      0.0,
      0.0
    ],
    [
      0.0,
      0.0,
      -0.009724384212978273,
      0.0,
      0.0,
      0.0,
      0.009258830172213333,
      0.0,
      0.0,
      0.0,
      -0.00778427017221171,
      0.0,
      0.0,
      0.0,
      -0.006181667494234239,
      0.0
    ],
    [
      0.0,
      0.0,
      0.0,
      -0.0004051826755409594,
      0.0,
      0.0,
      0.0,
      0.00038578459050907747,
      0.0,
      0.0,
      0.0,
      -0.0003243445905089797,
      0.0,
      0.0,
      0.0,
      -0.0002575694789265524
    ],
    [
      0.23338522111136453,
      0.0,
      0.0,
      0.0,
      -0.18682248413298977,
      0.0,
      0.0,
      0.0,
      0.22221192413301152,
      0.0,
      0.0,
      0.0,
      0.14836001986154917,
      0.0,
      0.0,
      0.0
    ],
    [
      0.0,
      0.009724384212978271,
      0.0,
      0.0,
      0.0,
      -0.00778427017221171,
      0.0,
      0.0,
      0.0,
      0.009258830172213338,
      0.0,
      0.0,
      0.0,
      0.006181667494234236,
      0.0,
      0.0
    ],
    [
      0.0,
      0.0,
      0.009724384212978273,
      0.0,
      0.0,
      0.0,
      -0.00778427017221171,
      0.0,
      0.0,
      0.0,
      0.009258830172213333,
      0.0,
      0.0,
      0.0,
      0.006181667494234238,
      0.0
    ],
    [
      0.0,
      0.0,
      0.0,
      0.0004051826755409594,
      0.0,
      0.0,
      0.0,
      -0.0003243445905089797,
      0.0,
      0.0,
      0.0,
      0.00038578459050907747,
      0.0,
      0.0,
      0.0,
      0.00025756947892655236
    ],
    [
      0.18682248413298977,
      0.0,
      0.0,
      0.0,
      -0.1483600198615492,
      0.0,
      0.0,
      0.0,
      0.14836001986154917,
      0.0,
      0.0,
      0.0,
      0.1517196079454466,
      0.0,
      0.0,
      0.0
    ],
    [
      0.0,
      0.00778427017221171,
      0.0,
      0.0,
      0.0,
      -0.006181667494234238,
      0.0,
      0.0,
      0.0,
      0.006181667494234236,
      0.0,
      0.0,
      0.0,
      0.006321650331063364,
      0.0,
      0.0
    ],
    [
      0.0,
      0.0,
      0.00778427017221171,
      0.0,
      0.0,
      0.0,
      -0.006181667494234239,
      0.0,
      0.0,
      0.0,
      0.006181667494234238,
      0.0,
      0.0,
      0.0,
      0.006321650331063363,
      0.0
    ],
    [
      0.0,
      0.0,
      0.0,
      0.0003243445905089797,
      0.0,
      0.0,
      0.0,
      -0.0002575694789265524,
      0.0,
      0.0,
      0.0,
      0.00025756947892655236,
      0.0,
      0.0,
      0.0,
      0.00026340209712776886
    ]
  ],