{
  "config": {
    "symbols": [
      "H",
      "H"
    ],
    "geometry": [
      [
        0.0,
        0.0,
        0.0
      ],
      [
        0.0,
        0.0,
        0.7414
      ]
    ],
    "basis": "STO-3G",
    "ansatz": "RY-CZ",
    "optimizer": {
      "name": "Nesterov",
      "stepsize": 0.1,
      "iterations_planned": 50
    },
    "seed": 0,
    "noisy": true,
    "depolarizing_prob": 0.08,
    "amplitude_damping_prob": 0.0
  },
  "energies": [
    1.1901666098769896,
    1.1901666098769896,
    1.1901279675128422,
    1.1900599424074885,
    1.1899477879114464,
    1.1897672804227872,
    1.189479630519091,
    1.1890232962314322,
    1.1883010010940187,
    1.1871592866857728,
    1.1853564712651474,
    1.182512738915858,
    1.1780330794797125,
    1.1709899773235057,
    1.1599489130364125,
    1.1427188271124318,
    1.1160197086486932,
    1.0750989333505285,
    1.013432338118409,
    0.9228621310304936,
    0.7948478231849185,
    0.6236838388629703,
    0.41178110750272595,
    0.17451164238114292,
    -0.06088019134291539,
    -0.2654959770937347,
    -0.421747451271948,
    -0.5278780676775688,
    -0.5920940700403363,
    -0.624441352491079,
    -0.6329853294319017,
    -0.6241740503832963,
    -0.6042826525833058,
    -0.5798661280385325,
    -0.5570826129331311,
    -0.5406968534128573,
    -0.5334472404250133,
    -0.535972975779497,
    -0.5471748194657036,
    -0.5648013255211768,
    -0.5860860652368475,
    -0.6083108899736838,
    -0.6292136632560318,
    -0.6472055252825317,
    -0.6614120598542245,
    -0.6715893950750278,
    -0.6779773990132616,
    -0.6811399076050514,
    -0.6818199379806775,
    -0.6808195673648256,
    -0.6789051760186301
  ],
  "final_params": [
    -3.1201389748085195,
    -2.947610110350293,
    -0.000159179295346086,
    -0.0008238675873558699
  ],
  "final_state_real": [
    [
      0.0029552261626545656,
      -1.1487740550355872e-06,
      1.5809391844690436e-07,
      6.145526107878591e-11,
      0.004106520037201049,
      -1.5963122354456224e-06,
      3.0842315480580596e-07,
      1.1989218616084444e-10,
      0.0003774498124255344,
      -1.4672465920612067e-07,
      3.9799794550261725e-08,
      1.547122614833428e-11,
      -0.0007393757016805634,
      2.8741476201059423e-07,
      -5.553134635488236e-08,
      -2.1586493786868426e-11
    ],
    [
      -1.1487740550355872e-06,
      0.0001664921146766011,
      -6.145526107878591e-11,
      8.906672889089109e-09,
      -1.5963122354456224e-06,
      0.0002313539361540077,
      -1.1989218616084444e-10,
      1.7375900213383548e-08,
      -1.4672465920612067e-07,
      2.1264842010793766e-05,
      -1.547122614833428e-11,
      2.242235214324107e-09,
      2.8741476201059423e-07,
      -4.165509417482845e-05,
      2.1586493786868426e-11,
      -3.1285171620295993e-09
    ],
    [
      1.5809391844690436e-07,
      -6.145526107878591e-11,
      0.00016649163345799995,
      -6.471965781862461e-08,
      -3.0842315480580596e-07,
      1.1989218616084444e-10,
      0.00023135321560230086,
      -8.993309376687426e-08,
      3.9799794550261725e-08,
      -1.5471226148334282e-11,
      2.12647805481981e-05,
      -8.266177056967281e-09,
      5.553134635488236e-08,
      -2.1586493786868426e-11,
      -4.1654964440060553e-05,
      1.619238277320285e-08
    ],
    [
      6.145526107878591e-11,
      8.906672889089109e-09,
      -6.471965781862461e-08,
      9.379838497871367e-06,
      -1.1989218616084444e-10,
      -1.7375900213383548e-08,
      -8.993309376687426e-08,
      1.3034023111198714e-05,
      1.5471226148334282e-11,
      2.242235214324107e-09,
      -8.266177056967281e-09,
      1.1980194024890244e-06,
      2.1586493786868426e-11,
      3.1285171620295993e-09,
      1.619238277320285e-08,
      -2.346765605978076e-06
    ],
    [
      0.004106520037201049,
      -1.5963122354456224e-06,
      -3.0842315480580596e-07,
      -1.1989218616084444e-10,
      0.04493302993287994,
      -1.7466649305332203e-05,
      3.3711299063520795e-06,
      1.310446793656704e-09,
      0.0007393757016805637,
      -2.874147620105943e-07,
      -5.5531346354882374e-08,
      -2.1586493786868426e-11,
      0.008048585064592774,
      -3.128696483129999e-06,
      6.051399322490428e-07,
      2.352337957772463e-10
    ],
    [
      -1.5963122354456224e-06,
      0.0002313539361540077,
      1.1989218616084444e-10,
      -1.7375900213383548e-08,
      -1.7466649305332203e-05,
      0.002531445906540131,
      -1.310446793656704e-09,
      1.8992224139594354e-07,
      -2.874147620105943e-07,
      4.1655094174828465e-05,
      2.1586493786868426e-11,
      -3.1285171620295997e-09,
      -3.128696483129999e-06,
      0.00045344277351512936,
      -2.352337957772463e-10,
      3.409228818930135e-08
    ],
    [
      3.0842315480580596e-07,
      -1.1989218616084444e-10,
      0.00023135321560230086,
      -8.993309376687426e-08,
      3.3711299063520795e-06,
      -1.310446793656704e-09,
      0.0025314385898040762,
      -9.840364702909295e-07,
      5.5531346354882374e-08,
      -2.1586493786868426e-11,
      4.165496444006057e-05,
      -1.6192382773202855e-08,
      6.051399322490428e-07,
      -2.3523379577724633e-10,
      0.0004534414629119358,
      -1.762645708430759e-07
    ],
    [
      1.1989218616084444e-10,
      1.7375900213383548e-08,
      -8.993309376687426e-08,
      1.3034023111198714e-05,
      1.310446793656704e-09,
      1.8992224139594354e-07,
      -9.840364702909295e-07,
      0.00014261668677562344,
      2.1586493786868426e-11,
      3.1285171620295997e-09,
      -1.6192382773202855e-08,
      2.3467656059780763e-06,
      2.3523379577724633e-10,
      3.409228818930135e-08,
      -1.762645708430759e-07,
      2.554607461056248e-05
    ],
    [
      0.0003774498124255344,
      -1.4672465920612067e-07,
      3.9799794550261725e-08,
      1.547122614833428e-11,
      0.0007393757016805634,
      -2.8741476201059423e-07,
      5.553134635488236e-08,
      2.1586493786868426e-11,
      0.05234867903857291,
      -2.0349306951478552e-05,
      2.8004651215233212e-06,
      1.0886143937475398e-09,
      0.07303944569681739,
      -2.839235162126824e-05,
      5.485680348082247e-06,
      2.132428124358132e-09
    ],
    [
      -1.4672465920612067e-07,
      2.1264842010793766e-05,
      -1.547122614833428e-11,
      2.242235214324107e-09,
      -2.8741476201059423e-07,
      4.165509417482845e-05,
      -2.1586493786868426e-11,
      3.1285171620295993e-09,
      -2.0349306951478552e-05,
      0.0029492302091118946,
      -1.0886143937475398e-09,
      1.577722092016362e-07,
      -2.839235162126824e-05,
      0.004114910703804342,
      -2.1324281243581323e-09,
      3.0905148606891134e-07
    ],
    [
      3.9799794550261725e-08,
      -1.5471226148334282e-11,
      2.12647805481981e-05,
      -8.266177056967281e-09,
      -5.553134635488236e-08,
      2.1586493786868426e-11,
      4.1654964440060553e-05,
      -1.619238277320285e-08,
      2.8004651215233216e-06,
      -1.0886143937475398e-09,
      0.0029492216848377058,
      -1.1464396997589337e-06,
      -5.485680348082247e-06,
      2.132428124358132e-09,
      0.004114897887917217,
      -1.5995692847049922e-06
    ],
    [
      1.5471226148334282e-11,
      2.242235214324107e-09,
      -8.266177056967281e-09,
      1.1980194024890244e-06,
      -2.1586493786868426e-11,
      -3.1285171620295993e-09,
      -1.619238277320285e-08,
      2.346765605978076e-06,
      1.0886143937475398e-09,
      1.577722092016362e-07,
      -1.1464396997589337e-06,
      0.00016615383322055185,
      -2.1324281243581323e-09,
      -3.0905148606891134e-07,
      -1.5995692847049922e-06,
      0.00023182592916077193
    ],
    [
      -0.0007393757016805637,
      2.874147620105943e-07,
      5.5531346354882374e-08,
      2.1586493786868426e-11,
      0.008048585064592774,
      -3.128696483129999e-06,
      6.051399322490428e-07,
      2.352337957772463e-10,
