{
  "config": {
    "symbols": [
      "H",
      "H"
    ],
    "geometry": [
      [
        0.0,
        0.0,
        0.0
      ],
      [
        0.0,
        0.0,
        0.7414
      ]
    ],
    "basis": "STO-3G",
    "ansatz": "RY-CZ",
    "optimizer": {
      "name": "Adam",
      "stepsize": 0.1,
      "iterations_planned": 50
    },
    "seed": 2,
    "noisy": true,
    "depolarizing_prob": 0.08,
    "amplitude_damping_prob": 0.0
  },
  "energies": [
    1.1903157624914533,
    1.1903157624914533,
    1.1838360918792987,
    1.170692575660643,
    1.1480173726871623,
    1.1154660475220157,
    1.0729973177461072,
    1.020784206576494,
    0.9590297052757838,
    0.8883896022183848,
    0.8094384153460076,
    0.7232394983927779,
    0.6308008372171277,
    0.5334838306807341,
    0.432674799740704,
    0.3298924452935823,
    0.22674825046638158,
    0.12473817017853707,
    0.025442799194786203,
    -0.0698193696664415,
    -0.1597522116578427,
    -0.2433981989636231,
    -0.3199224383229124,
    -0.38885057491379477,
    -0.44986440943212413,
    -0.5028444662759248,
    -0.5480160966047005,
    -0.5856412727437162,
    -0.6161802272527052,
    -0.6401802506100774,
    -0.6582996479628461,
    -0.6711531035964949,
    -0.6795042650700653,
    -0.6840206518380043,
    -0.6854033242023523,
    -0.6843652349974081,
    -0.6814917978900217,
    -0.6774344874141989,
    -0.672685486035403,
    -0.6677285061559814,
    -0.6629590671413732,
    -0.6586641175539358,
    -0.6551046142676977,
    -0.6524036444183274,
    -0.650661786301735,
    -0.6498873581864267,
    -0.6500382737783005,
    -0.6510446619776995,
    -0.6527774815434103,
    -0.6551122503337807,
    -0.6578955217544118
  ],
  "final_params": [
    -3.41664464600282,
    3.417237830503551,
    0.0027071543130394054,
    0.0021089633574455915
  ],
  "final_state_real": [
    [
      0.004411238100847623,
      4.3895099355700864e-06,
      -2.7659633832870054e-06,
      2.7523401599292557e-09,
      0.0037628884022259754,
      3.744355319325136e-06,
      -4.806412766139006e-06,
      4.782739699800421e-09,
      -0.0037462301429874957,
      -3.7277775666690928e-06,
      9.74782671430393e-06,
      -9.699815659138121e-09,
      0.013216658162529725,
      1.3151563109151756e-05,
      -1.6881902338772376e-05,
      1.6798753759274012e-08
    ],
    [
      4.389509935570085e-06,
      0.0002485253458159528,
      -2.7523401599292557e-09,
      -1.5582585719930904e-07,
      3.744355319325136e-06,
      0.00021199788359879158,
      -4.782739699800421e-09,
      -2.707784903671653e-07,
      -3.7277775666690928e-06,
      -0.0002110593716565005,
      9.699815659138121e-09,
      5.491625314944096e-07,
      1.3151563109151756e-05,
      0.0007446151092462644,
      -1.6798753759274012e-08,
      -9.510743775530532e-07
    ],
    [
      -2.7659633832870054e-06,
      -2.7523401599292557e-09,
      0.0002485285128854196,
      2.472883175806082e-07,
      4.806412766139006e-06,
      4.782739699800421e-09,
      0.00021198684041916696,
      2.1095643398792614e-07,
      9.74782671430393e-06,
      9.699815659138121e-09,
      -0.000211062061280327,
      -2.1000882930149007e-07,
      1.6881902338772373e-05,
      1.6798753759274012e-08,
      0.0007445763215080896,
      7.40957152371389e-07
    ],
    [
      2.7523401599292557e-09,
      -1.5582585719930904e-07,
      2.472883175806081e-07,
      1.4001881829526518e-05,
      -4.782739699800421e-09,
      2.707784903671653e-07,
      2.1095643398792614e-07,
      1.1943155553875317e-05,
      -9.699815659138121e-09,
      5.491625314944096e-07,
      -2.1000882930149007e-07,
      -1.1891054295673135e-05,
      -1.6798753759274012e-08,
      9.51074377553053e-07,
      7.40957152371389e-07,
      4.19487870658379e-05
    ],
    [
      0.0037628884022259776,
      3.744355319325137e-06,
      4.8064127661390085e-06,
      -4.782739699800422e-09,
      0.05843130808563286,
      5.814349657094192e-05,
      -7.447385422870001e-05,
      7.410704751079456e-08,
      -0.013216658162529728,
      -1.3151563109151759e-05,
      -1.6881902338772376e-05,
      1.6798753759274015e-08,
      -0.10086763955799742,
      -0.00010037080200505501,
      0.00012911981917262876,
      -1.2848386421128338e-07
    ],
    [
      3.744355319325137e-06,
      0.00021199788359879172,
      4.782739699800422e-09,
      2.707784903671655e-07,
      5.8143496570941907e-05,
      0.0032919694463262013,
      -7.410704751079456e-08,
      -4.195627550330226e-06,
      -1.3151563109151759e-05,
      -0.0007446151092462646,
      -1.6798753759274015e-08,
      -9.510743775530533e-07,
      -0.00010037080200505501,
      -0.005682795720769036,
      1.2848386421128338e-07,
      7.274212892899642e-06
    ],
    [
      -4.8064127661390085e-06,
      -4.782739699800422e-09,
      0.0002119868404191671,
      2.109564339879262e-07,
      -7.447385422870001e-05,
      -7.410704751079456e-08,
      0.0032920113973629616,
      3.2755837568037576e-06,
      1.6881902338772376e-05,
      1.6798753759274012e-08,
      -0.0007445763215080898,
      -7.409571523713891e-07,
      0.00012911981917262876,
      1.2848386421128338e-07,
      -0.005682868139172694,
      -5.654509757664514e-06
    ],
    [
      4.782739699800422e-09,
      -2.707784903671655e-07,
      2.109564339879262e-07,
      1.1943155553875325e-05,
      7.410704751079456e-08,
      -4.195627550330226e-06,
      3.2755837568037567e-06,
      0.00018546907971312644,
      -1.6798753759274012e-08,
      9.510743775530532e-07,
      -7.409571523713891e-07,
      -4.1948787065837904e-05,
      -1.2848386421128338e-07,
      7.274212892899642e-06,
      -5.654509757664514e-06,
      -0.00032016788421440514
    ],
    [
      -0.0037462301429874957,
      -3.7277775666690928e-06,
      9.74782671430393e-06,
      -9.699815659138121e-09,
      -0.013216658162529725,
      -1.3151563109151756e-05,
      1.6881902338772376e-05,
      -1.6798753759274012e-08,
      0.05849586568948005,
      5.8207736187354696e-05,
      -3.667846053009175e-05,
      3.649780779143329e-08,
      0.10108840642899129,
      0.00010059052299041951,
      -0.00012912224738887538,
      1.2848628046781554e-07
    ],
    [
      -3.7277775666690928e-06,
      -0.0002110593716565005,
      9.699815659138121e-09,
      5.491625314944096e-07,
      -1.3151563109151756e-05,
      -0.0007446151092462644,
      1.6798753759274012e-08,
      9.510743775530532e-07,
      5.8207736187354696e-05,
      0.0032956065659861195,
      -3.649780779143329e-08,
      -2.0663514880158904e-06,
      0.00010059052299041954,
      0.005695233535664568,
      -1.2848628046781554e-07,
      -7.2743496911235015e-06
    ],
    [
      9.74782671430393e-06,
      9.699815659138121e-09,
      -0.000211062061280327,
      -2.1000882930149007e-07,
      -1.6881902338772373e-05,
      -1.6798753759274012e-08,
      -0.0007445763215080896,
      -7.40957152371389e-07,
      -3.667846053009175e-05,
      -3.649780779143329e-08,
      0.00329564856337232,
      3.2792027727982335e-06,
      0.00012912224738887538,
      1.2848628046781554e-07,
      0.005694936865311683,
      5.667255432068349e-06
    ],
    [
      -9.699815659138121e-09,
      5.491625314944096e-07,
      -2.1000882930149007e-07,
      -1.1891054295673135e-05,
      1.6798753759274012e-08,
      -9.51074377553053e-07,
      -7.40957152371389e-07,
      -4.19487870658379e-05,
      3.649780779143329e-08,
      -2.0663514880158904e-06,
      3.2792027727982326e-06,
      0.00018567399450566334,
      -1.2848628046781554e-07,
      7.2743496911235015e-06,
      5.6672554320683505e-06,
      0.00032084782582460165
    ],
    [
      0.013216658162529728,
      1.3151563109151759e-05,
      1.6881902338772376e-05,
      -1.6798753759274015e-08,
      -0.10086763955799742,
      -0.00010037080200505501,
      0.00012911981917262876,
      -1.2848386421128338e-07,
