{
  "config": {
    "symbols": [
      "H",
      "H"
    ],
    "geometry": [
      [
        0.0,
        0.0,
        0.0
      ],
      [
        0.0,
        0.0,
        0.7414
      ]
    ],
    "basis": "STO-3G",
    "ansatz": "RY-CZ",
    "optimizer": {
      "name": "Adam",
      "stepsize": 0.1,
      "iterations_planned": 50
    },
    "seed": 0,
    "noisy": true,
    "depolarizing_prob": 0.0,
    "amplitude_damping_prob": 0.0
  },
  "energies": [
    1.3486715283503772,
    1.3486715283503772,
    1.338871192921723,
    1.319612287784993,
    1.2883664938353003,
    1.2455105111104314,
    1.1920914193063468,
    1.129686909052302,
    1.0586073335738955,
    0.9766086318570955,
    0.8832374833464122,
    0.779397063442097,
    0.6664616074449594,
    0.5461954660429136,
    0.42079883484520686,
    0.29294404001326996,
    0.1657407333339253,
    0.042499414173556294,
    -0.07395861559513486,
    -0.18243067126778864,
    -0.28372650679417377,
    -0.37919495965579053,
    -0.4688568817400708,
    -0.5513058008639931,
    -0.6246035875639394,
    -0.6871251600019708,
    -0.7382983577292186,
    -0.7789845447952545,
    -0.8110507402641873,
    -0.836448647912575,
    -0.8564258107593582,
    -0.8713508060753078,
    -0.8812189086478903,
    -0.8862794390048983,
    -0.8872706509522219,
    -0.8852163719636632,
    -0.881146979148925,
    -0.8759551568938924,
    -0.8703256178091605,
    -0.8647425471953448,
    -0.859568661447906,
    -0.855083720178346,
    -0.8514540402887573,
    -0.8487348235497326,
    -0.8469445752718107,
    -0.8461338112004363,
    -0.8463819287476242,
    -0.8477307388860149,
    -0.8501032416120342,
    -0.8532676320729935,
    -0.8568892268476056
  ],
  "final_params": [
    3.412476304994271,
    3.413757122615067,
    0.010956978692772894,
    -0.010186407698274443
  ],
  "final_state_real": [
    [
      0.0003355401025996096,
      -1.7089889195965458e-06,
      1.8382712686048906e-06,
      9.362771260182904e-09,
      -0.002450476530860935,
      1.2480884420453152e-05,
      1.3425043880557898e-05,
      6.83770764186371e-08,
      -0.0024622070527556875,
      1.254063087634292e-05,
      -1.3489310062788725e-05,
      -6.87044000156866e-08,
      -0.017981697419150438,
      9.158524243981583e-05,
      9.851352333262135e-05,
      5.017537948564168e-07
    ],
    [
      -1.7089889195965456e-06,
      8.70430421558508e-09,
      -9.362771260182904e-09,
      -4.768691492929329e-11,
      1.248088442045315e-05,
      -6.35682382895889e-08,
      -6.83770764186371e-08,
      -3.4826139992932406e-10,
      1.2540630876342922e-05,
      -6.387254180022288e-08,
      6.87044000156866e-08,
      3.499285401480784e-10,
      9.158524243981583e-05,
      -4.664663431770334e-07,
      -5.017537948564168e-07,
      -2.5555564550127235e-09
    ],
    [
      1.8382712686048904e-06,
      -9.362771260182903e-09,
      1.0071050324747906e-08,
      5.129435574886784e-11,
      -1.3425043880557898e-05,
      6.83770764186371e-08,
      7.35496956632733e-08,
      3.7460683275088157e-10,
      -1.3489310062788727e-05,
      6.870440001568661e-08,
      -7.390178087845815e-08,
      -3.764000890293839e-10,
      -9.851352333262134e-05,
      5.017537948564167e-07,
      5.397106873016768e-07,
      2.748880323006419e-09
    ],
    [
      9.362771260182903e-09,
      -4.7686914929293275e-11,
      5.129435574886784e-11,
      2.612548697395985e-13,
      -6.83770764186371e-08,
      3.4826139992932406e-10,
      3.7460683275088157e-10,
      1.907965459439463e-12,
      -6.87044000156866e-08,
      3.499285401480784e-10,
      -3.7640008902938384e-10,
      -1.9170989633009538e-12,
      -5.017537948564167e-07,
      2.555556455012723e-09,
      2.748880323006419e-09,
      1.4000728897320674e-11
    ],
    [
      -0.002450476530860935,
      1.2480884420453152e-05,
      -1.3425043880557898e-05,
      -6.83770764186371e-08,
      0.017896028468210503,
      -9.114890923619717e-05,
      -9.804418220199371e-05,
      -4.993633241331292e-07,
      0.01798169741915044,
      -9.158524243981585e-05,
      9.851352333262136e-05,
      5.017537948564169e-07,
      0.131321791849916,
      -0.0006688544392587058,
      -0.000719452235455286,
      -3.664348580232806e-06
    ],
    [
      1.248088442045315e-05,
      -6.35682382895889e-08,
      6.83770764186371e-08,
      3.4826139992932406e-10,
      -9.114890923619719e-05,
      4.6424399000662533e-07,
      4.993633241331292e-07,
      2.543381195054471e-09,
      -9.158524243981586e-05,
      4.664663431770336e-07,
      -5.017537948564169e-07,
      -2.5555564550127244e-09,
      -0.0006688544392587058,
      3.406641464139371e-06,
      3.6643485802328056e-06,
      1.866343566033303e-08
    ],
    [
      1.3425043880557898e-05,
      -6.83770764186371e-08,
      7.35496956632733e-08,
      3.7460683275088157e-10,
      -9.80441822019937e-05,
      4.993633241331291e-07,
      5.371393819102887e-07,
      2.7357840199376603e-09,
      -9.851352333262136e-05,
      5.017537948564169e-07,
      -5.397106873016769e-07,
      -2.7488803230064197e-09,
      -0.000719452235455286,
      3.664348580232806e-06,
      3.941550843580487e-06,
      2.0075295490883026e-08
    ],
    [
      6.83770764186371e-08,
      -3.4826139992932406e-10,
      3.7460683275088157e-10,
      1.907965459439463e-12,
      -4.993633241331291e-07,
      2.5433811950544707e-09,
      2.7357840199376603e-09,
      1.3934026216525098e-11,
      -5.017537948564169e-07,
      2.5555564550127244e-09,
      -2.7488803230064197e-09,
      -1.4000728897320677e-11,
      -3.6643485802328056e-06,
      1.866343566033303e-08,
      2.0075295490883026e-08,
      1.0224845661640579e-10
    ],
    [
      -0.0024622070527556875,
      1.254063087634292e-05,
      -1.3489310062788725e-05,
      -6.87044000156866e-08,
      0.017981697419150438,
      -9.158524243981583e-05,
      -9.851352333262135e-05,
      -5.017537948564168e-07,
      0.018067776470590286,
      -9.202366438694034e-05,
      9.898511121662956e-05,
      5.0415570885162e-07,
      0.13195043413036558,
      -0.0006720562702272091,
      -0.0007228962799478264,
      -3.681889952577709e-06
    ],
    [
      1.2540630876342922e-05,
      -6.387254180022288e-08,
      6.87044000156866e-08,
      3.499285401480784e-10,
      -9.158524243981583e-05,
      4.664663431770334e-07,
      5.017537948564168e-07,
      2.5555564550127235e-09,
      -9.202366438694034e-05,
      4.6869933483590365e-07,
      -5.041557088516199e-07,
      -2.5677899983914723e-09,
      -0.0006720562702272091,
      3.4229491829766093e-06,
      3.681889952577709e-06,
      1.8752778217948623e-08
    ],
    [
      -1.3489310062788727e-05,
      6.870440001568661e-08,
      -7.390178087845815e-08,
      -3.764000890293839e-10,
      9.851352333262134e-05,
      -5.017537948564167e-07,
      -5.397106873016768e-07,
      -2.748880323006419e-09,
      9.898511121662958e-05,
      -5.0415570885162e-07,
      5.422943030709515e-07,
      2.7620393112276565e-09,
      0.0007228962799478265,
      -3.6818899525777098e-06,
      -3.960419188146859e-06,
      -2.017139670067109e-08
    ],
    [
      -6.87044000156866e-08,
      3.499285401480784e-10,
      -3.7640008902938384e-10,
      -1.9170989633009538e-12,
      5.017537948564167e-07,
      -2.555556455012723e-09,
      -2.748880323006419e-09,
      -1.4000728897320674e-11,
      5.0415570885162e-07,
      -2.5677899983914727e-09,
      2.762039311227657e-09,
      1.406775092377214e-11,
      3.6818899525777093e-06,
      -1.8752778217948623e-08,
      -2.017139670067109e-08,
      -1.0273792362758495e-10
    ],
    [
      -0.01798169741915044,
      9.158524243981585e-05,
      -9.851352333262136e-05,
      -5.017537948564169e-07,
      0.131321791849916,
      -0.0006688544392587058,
      -0.000719452235455286,
      -3.664348580232806e-06,
      0.13195043413036558,
      -0.0006720562702272091,
