{
  "config": {
    "symbols": [
      "H",
      "H"
    ],
    "geometry": [
      [
        0.0,
        0.0,
        0.0
      ],
      [
        0.0,
        0.0,
        0.7414
      ]
    ],
    "basis": "STO-3G",
    "ansatz": "RY-CZ",
    "optimizer": {
      "name": "Momentum",
      "stepsize": 0.1,
      "iterations_planned": 50
    },
    "seed": 4,
    "noisy": true,
    "depolarizing_prob": 0.02,
    "amplitude_damping_prob": 0.0
  },
  "energies": [
    1.3069770700989634,
    1.3069770700989634,
    1.3069736873370457,
    1.3069663448479178,
    1.306953519861432,
    1.3069325013225734,
    1.306898866942563,
    1.306845589353399,
    1.3067615962693608,
    1.3066294930006368,
    1.306421982332652,
    1.3060962499305118,
    1.3055851712074427,
    1.304783559628067,
    1.303526702258404,
    1.301556954923978,
    1.298471999155528,
    1.2936452879048963,
    1.2861051858617996,
    1.2743549123374789,
    1.2561129271425173,
    1.227959503876284,
    1.1849059306761616,
    1.1199910382295286,
    1.0242083836772393,
    0.8874150544666628,
    0.7012413378820345,
    0.46477215436080965,
    0.19162209082321854,
    -0.08729252375240681,
    -0.33263345678760997,
    -0.5154785985826273,
    -0.6305270111039432,
    -0.6913068466971759,
    -0.7149611035782961,
    -0.7124005481228661,
    -0.688974287591386,
    -0.6498913863385454,
    -0.6035585485169641,
    -0.5607202937871916,
    -0.5313485395820807,
    -0.5219265342908392,
    -0.534317267118566,
    -0.5660490900034574,
    -0.6114550326877384,
    -0.6632344091804709,
    -0.7141093999309305,
    -0.7582197524823812,
    -0.7919285199622412,
    -0.813925106737982,
    -0.8247962890832354
  ],
  "final_params": [
    3.2884790161053616,
    2.947388840357967,
    -0.0007540909308991995,
    -0.0006041302257356878
  ],
  "final_state_real": [
    [
      0.0004065162278422214,
      -1.2113498993352999e-07,
      2.6459473027023316e-08,
      7.884477419283004e-12,
      -0.0007268019105049782,
      2.1657473123905435e-07,
      -2.703341696690105e-07,
      -8.055503048904527e-11,
      0.00027279849087792705,
      -8.128935620057366e-08,
      5.798403347375317e-07,
      1.7278265600219653e-10,
      0.006512490034329874,
      -1.9406123711233028e-06,
      2.4223224519113493e-06,
      7.218113019413324e-10
    ],
    [
      -1.2113498993352999e-07,
      5.493499623540559e-06,
      -7.884477419283004e-12,
      3.575580325018942e-10,
      2.1657473123905435e-07,
      -9.82171374299309e-06,
      8.055503048904525e-11,
      -3.6531397933044506e-09,
      -8.128935620057366e-08,
      3.68649097944984e-06,
      -1.7278265600219653e-10,
      7.835627302261346e-09,
      -1.940612371123303e-06,
      8.800721619848462e-05,
      -7.218113019413324e-10,
      3.2733866207615284e-08
    ],
    [
      2.6459473027023316e-08,
      -7.884477419283001e-12,
      5.493520319549864e-06,
      -1.6369421056238014e-09,
      2.7033416966901055e-07,
      -8.055503048904527e-11,
      -9.821544133584024e-06,
      2.926716340644017e-09,
      5.798403347375317e-07,
      -1.7278265600219653e-10,
      3.686504867800952e-06,
      -1.0984932592703982e-09,
      -2.4223224519113493e-06,
      7.218113019413324e-10,
      8.800569641768828e-05,
      -2.6224767335176125e-08
    ],
    [
      7.884477419283001e-12,
      3.575580325018942e-10,
      -1.6369421056238014e-09,
      7.423726223070393e-08,
      8.055503048904525e-11,
      3.653139793304452e-09,
      2.926716340644017e-09,
      -1.327244653597737e-07,
      1.7278265600219653e-10,
      7.835627302261346e-09,
      -1.0984932592703982e-09,
      4.9817969656318804e-08,
      -7.218113019413324e-10,
      -3.2733866207615284e-08,
      -2.6224767335176135e-08,
      1.1892741962754735e-06
    ],
    [
      -0.0007268019105049782,
      2.1657473123905435e-07,
      2.703341696690105e-07,
      8.055503048904527e-11,
      0.01767544013032974,
      -5.2669834944183896e-06,
      6.572699037727994e-06,
      1.9585536376247125e-09,
      -0.006512490034329873,
      1.9406123711233028e-06,
      2.422322451911349e-06,
      7.218113019413323e-10,
      0.06776485596125716,
      -2.019278587791082e-05,
      2.521162113553177e-05,
      7.512638567805258e-09
    ],
    [
      2.1657473123905435e-07,
      -9.82171374299309e-06,
      -8.055503048904525e-11,
      3.6531397933044506e-09,
      -5.2669834944183896e-06,
      0.0002388589115305058,
      -1.9585536376247125e-09,
      8.881965766124341e-08,
      1.9406123711233028e-06,
      -8.80072161984846e-05,
      -7.218113019413323e-10,
      3.273386620761527e-08,
      -2.019278587791082e-05,
      0.0009157474787376301,
      -7.512638567805258e-09,
      3.4069528294071443e-07
    ],
    [
      -2.7033416966901055e-07,
      8.055503048904527e-11,
      -9.821544133584024e-06,
      2.926716340644017e-09,
      6.572699037727994e-06,
      -1.9585536376247125e-09,
      0.00023885981139882192,
      -7.117470399238096e-08,
      -2.422322451911349e-06,
      7.218113019413323e-10,
      -8.800569641768826e-05,
      2.6224767335176125e-08,
      2.521162113553177e-05,
      -7.512638567805258e-09,
      0.0009157509286911456,
      -2.728726146882561e-07
    ],
    [
      -8.055503048904525e-11,
      -3.653139793304452e-09,
      2.926716340644017e-09,
      -1.327244653597737e-07,
      1.9585536376247125e-09,
      8.881965766124341e-08,
      -7.117470399238096e-08,
      3.227857079564567e-06,
      -7.218113019413323e-10,
      -3.273386620761527e-08,
      2.6224767335176125e-08,
      -1.189274196275473e-06,
      7.512638567805258e-09,
      3.4069528294071443e-07,
      -2.728726146882561e-07,
      1.2375096090811534e-05
    ],
    [
      0.00027279849087792705,
      -8.128935620057366e-08,
      5.798403347375317e-07,
      1.7278265600219653e-10,
      -0.006512490034329874,
      1.9406123711233028e-06,
      -2.4223224519113493e-06,
      -7.218113019413324e-10,
      0.021479830895798854,
      -6.400627874433594e-06,
      1.3980868838352998e-06,
      4.166063494362515e-10,
      -0.08972032708888615,
      2.6735146736825318e-05,
      -3.33715002333362e-05,
      -9.944145137305377e-09
    ],
    [
      -8.128935620057366e-08,
      3.68649097944984e-06,
      -1.7278265600219653e-10,
      7.835627302261346e-09,
      1.940612371123303e-06,
      -8.800721619848462e-05,
      7.218113019413324e-10,
      -3.2733866207615284e-08,
      -6.400627874433594e-06,
      0.0002902699446123568,
      -4.166063494362515e-10,
      1.889293845498375e-08,
      2.6735146736825318e-05,
      -0.0012124450374414813,
      9.944145137305377e-09,
      -4.509631749990515e-07
    ],
    [
      5.798403347375317e-07,
      -1.7278265600219653e-10,
      3.686504867800952e-06,
      -1.0984932592703982e-09,
      2.4223224519113493e-06,
      -7.218113019413324e-10,
      -8.800569641768828e-05,
      2.6224767335176125e-08,
      1.3980868838353002e-06,
      -4.166063494362517e-10,
      0.0002902710381647163,
      -8.649406150806618e-08,
      3.33715002333362e-05,
      -9.944145137305377e-09,
      -0.0012124240999460795,
      3.6128956677690316e-07
    ],
    [
      1.7278265600219653e-10,
      7.835627302261346e-09,
      -1.0984932592703982e-09,
      4.9817969656318804e-08,
      7.218113019413324e-10,
      3.2733866207615284e-08,
      2.6224767335176135e-08,
      -1.1892741962754735e-06,
      4.166063494362517e-10,
      1.8892938454983757e-08,
      -8.649406150806618e-08,
      3.9226080772881215e-06,
      9.944145137305377e-09,
      4.509631749990515e-07,
      3.6128956677690316e-07,
      -1.638422006417507e-05
    ],
    [
      0.006512490034329873,
      -1.9406123711233028e-06,
      -2.422322451911349e-06,
      -7.218113019413323e-10,
      0.06776485596125716,
      -2.019278587791082e-05,
      2.521162113553177e-05,
      7.512638567805258e-09,
      -0.08972032708888615,
