{
  "config": {
    "symbols": [
      "H",
      "H"
    ],
    "geometry": [
      [
        0.0,
        0.0,
        0.0
      ],
      [
        0.0,
        0.0,
        0.7414
      ]
    ],
    "basis": "STO-3G",
    "ansatz": "RY-CZ",
    "optimizer": {
      "name": "GradientDescent",
      "stepsize": 0.1,
      "iterations_planned": 50
    },
    "seed": 7,
    "noisy": true,
    "depolarizing_prob": 0.08,
    "amplitude_damping_prob": 0.0
  },
  "energies": [
    1.1903103716093195,
    1.1903103716093195,
    1.1903088260326233,
    1.1903070841157355,
    1.1903051209247937,
    1.1903029083481318,
    1.1903004146998046,
    1.1902976042870148,
    1.190294436864233,
    1.1902908670864738,
    1.1902868438397565,
    1.190282309527058,
    1.1902771992292178,
    1.1902714397843264,
    1.1902649487455064,
    1.1902576331844095,
    1.1902493883777627,
    1.1902400962948159,
    1.1902296239339758,
    1.1902178213931134,
    1.19020451973,
    1.1901895285839217,
    1.1901726333956963,
    1.1901535923876698,
    1.1901321330868184,
    1.1901079484571389,
    1.1900806924655767,
    1.1900499752212308,
    1.1900153573369416,
    1.1899763437150355,
    1.1899323764619965,
    1.1898828269755997,
    1.189826986947499,
    1.1897640583564888,
    1.1896931420651735,
    1.1896132251287272,
    1.1895231663200745,
    1.18942168012262,
    1.1893073184392913,
    1.1891784501405072,
    1.1890332381504578,
    1.1888696135945238,
    1.188685246671651,
    1.1884775142427146,
    1.188243463055681,
    1.1879797687161384,
    1.1876826896348167,
    1.1873480154223652,
    1.1869710090992613,
    1.1865463422940357,
    1.1860680231583132
  ],
  "final_params": [
    -0.06329796860839189,
    0.10755890701679355,
    0.010258359949492991,
    0.003488346818789401
  ],
  "final_state_real": [
    [
      0.800165752592124,
      0.00131699811453157,
      0.0038717344614972,
      -6.372534481421761e-06,
      0.04063596169501493,
      6.688339516571989e-05,
      -0.00019668862200963313,
      3.237321769672772e-07,
      -0.02389653332002522,
      -3.933146254305691e-05,
      -0.00011570286518642107,
      1.904367423262388e-07,
      0.0012141052495940924,
      1.9983157231723246e-06,
      -5.876585136820299e-06,
      9.67234240617744e-09
    ],
    [
      0.00131699811453157,
      0.045082187204745564,
      6.372534481421761e-06,
      0.0002181141441515441,
      6.688339516571989e-05,
      0.0022894731828311016,
      -3.237321769672772e-07,
      -1.1080452670658628e-05,
      -3.933146254305691e-05,
      -0.0013463560333442104,
      -1.904367423262388e-07,
      -6.518120410111696e-06,
      1.9983157231723246e-06,
      6.840397751485067e-05,
      -9.67234240617744e-09,
      -3.3105739827921603e-07
    ],
    [
      0.0038717344614972,
      6.372534481421761e-06,
      0.04510074538105662,
      7.416253796257508e-05,
      0.00019668862200963313,
      3.2373217696727733e-07,
      0.0022882842569020632,
      3.7698326450711644e-06,
      -0.00011570286518642104,
      -1.9043674232623878e-07,
      -0.001346910263611051,
      -2.2148255580537016e-06,
      5.876585136820299e-06,
      9.67234240617744e-09,
      6.8368455254478e-05,
      1.1263357414360318e-07
    ],
    [
      -6.372534481421761e-06,
      0.0002181141441515441,
      7.416253796257508e-05,
      0.0025410238313195855,
      -3.2373217696727733e-07,
      1.1080452670658628e-05,
      3.7698326450711644e-06,
      0.0001289243621251509,
      1.9043674232623878e-07,
      -6.518120410111695e-06,
      -2.2148255580537016e-06,
      -7.588635286551538e-05,
      -9.67234240617744e-09,
      3.3105739827921603e-07,
      1.1263357414360318e-07,
      3.851951284714339e-06
    ],
    [
      0.04063596169501493,
      6.688339516571988e-05,
      0.00019668862200963313,
      -3.237321769672772e-07,
      0.047390756495009616,
      7.800076015246192e-05,
      0.00020694009773590942,
      -3.406052045989016e-07,
      -0.0012141052495940924,
      -1.9983157231723246e-06,
      -5.876585136820299e-06,
      9.67234240617744e-09,
      -0.001277244343581131,
      -2.1022249288266023e-06,
      -6.852638084124098e-06,
      1.1278839732954738e-08
    ],
    [
      6.688339516571988e-05,
      0.0022894731828311016,
      3.237321769672772e-07,
      1.1080452670658628e-05,
      7.800076015246192e-05,
      0.0026700454864025946,
      3.406052045989016e-07,
      1.1657969511382884e-05,
      -1.9983157231723246e-06,
      -6.840397751485067e-05,
      -9.67234240617744e-09,
      -3.3105739827921603e-07,
      -2.1022249288266023e-06,
      -7.196130103918381e-05,
      -1.1278839732954738e-08,
      -3.860433368462517e-07
    ],
    [
      -0.00019668862200963313,
      -3.237321769672772e-07,
      0.0022882842569020632,
      3.7698326450711635e-06,
      0.00020694009773590942,
      3.406052045989016e-07,
      0.0026711446161912645,
      4.392363415018391e-06,
      5.876585136820299e-06,
      9.67234240617744e-09,
      -6.8368455254478e-05,
      -1.1263357414360318e-07,
      -6.8526380841240945e-06,
      -1.1278839732954735e-08,
      -7.199092405871906e-05,
      -1.1838007539245977e-07
    ],
    [
      3.237321769672772e-07,
      -1.1080452670658628e-05,
      3.7698326450711635e-06,
      0.0001289243621251509,
      -3.406052045989016e-07,
      1.1657969511382884e-05,
      4.392363415018391e-06,
      0.0001504951208521245,
      -9.67234240617744e-09,
      3.3105739827921603e-07,
      -1.1263357414360318e-07,
      -3.851951284714339e-06,
      1.1278839732954735e-08,
      -3.860433368462515e-07,
      -1.1838007539245977e-07,
      -4.056045019352581e-06
    ],
    [
      -0.02389653332002522,
      -3.933146254305691e-05,
      -0.00011570286518642107,
      1.904367423262388e-07,
      -0.0012141052495940924,
      -1.9983157231723246e-06,
      5.876585136820299e-06,
      -9.67234240617744e-09,
      0.04587919806178102,
      7.551287611078997e-05,
      0.00022199409513118634,
      -3.653827606112366e-07,
      0.002248746398907861,
      3.701248543210802e-06,
      -1.0884517358538901e-05,
      1.7914958494881013e-08
    ],
    [
      -3.933146254305691e-05,
      -0.0013463560333442104,
      -1.904367423262388e-07,
      -6.518120410111696e-06,
      -1.9983157231723246e-06,
      -6.840397751485067e-05,
      9.67234240617744e-09,
      3.3105739827921603e-07,
      7.551287611078997e-05,
      0.0025848826810251197,
      3.653827606112367e-07,
      1.2506036389569736e-05,
      3.701248543210802e-06,
      0.0001266967572695381,
      -1.7914958494881013e-08,
      -6.131792383412278e-07
    ],
    [
      -0.00011570286518642104,
      -1.9043674232623878e-07,
      -0.001346910263611051,
      -2.2148255580537016e-06,
      -5.876585136820299e-06,
      -9.67234240617744e-09,
      -6.8368455254478e-05,
      -1.1263357414360318e-07,
      0.00022199409513118634,
      3.653827606112366e-07,
      0.0025859467533674834,
      4.252266179759549e-06,
      1.0884517358538901e-05,
      1.7914958494881013e-08,
      0.0001266309635048536,
      2.0861811143327877e-07
    ],
    [
      1.9043674232623878e-07,
      -6.518120410111695e-06,
      -2.2148255580537016e-06,
      -7.588635286551538e-05,
      9.67234240617744e-09,
      -3.3105739827921603e-07,
      -1.1263357414360318e-07,
      -3.851951284714339e-06,
      -3.653827606112367e-07,
      1.2506036389569736e-05,
      4.252266179759549e-06,
      0.0001456949828946783,
      -1.7914958494881013e-08,
      6.131792383412278e-07,
      2.0861811143327877e-07,
      7.134522796245087e-06
    ],
    [
      0.0012141052495940924,
      1.9983157231723246e-06,
      5.876585136820299e-06,
      -9.67234240617744e-09,
      -0.001277244343581131,
      -2.1022249288266023e-06,
      -6.852638084124098e-06,
      1.1278839732954738e-08,
      0.0022487463989078597,
      3.7012485432108013e-06,
      1.0884517358538901e-05,
