{
  "config": {
    "symbols": [
      "H",
      "H"
    ],
    "geometry": [
      [
        0.0,
        0.0,
        0.0
      ],
      [
        0.0,
        0.0,
        0.7414
      ]
    ],
    "basis": "STO-3G",
    "ansatz": "RY-CZ",
    "optimizer": {
      "name": "Adagrad",
      "stepsize": 0.1,
      "iterations_planned": 50
    },
    "seed": 3,
    "noisy": true,
    "depolarizing_prob": 0.1,
    "amplitude_damping_prob": 0.0
  },
  "energies": [
    1.1542185048553497,
    1.1542185048553497,
    1.1467683855251212,
    1.1279165130318964,
    1.1018941383553904,
    1.0720422184328204,
    1.04011897270025,
    1.007140257766848,
    0.9737129338455839,
    0.9401974503907043,
    0.9068378673162911,
    0.8738213556250838,
    0.8412712842429778,
    0.8092669876856378,
    0.7778614489674319,
    0.7470899707907231,
    0.7169749372859743,
    0.6875288072274051,
    0.658756251088578,
    0.6306561638730817,
    0.6032238586376232,
    0.5764527829046626,
    0.5503350629637958,
    0.5248613033794478,
    0.5000204780622545,
    0.47580018399991525,
    0.4521870477960289,
    0.42916709422774946,
    0.4067260133878855,
    0.3848493401639082,
    0.36352257437806856,
    0.34273126321076036,
    0.32246105950847226,
    0.3026977652896953,
    0.2834273715570578,
    0.2646360988679375,
    0.24631044260356477,
    0.22843722091348606,
    0.21100361424171873,
    0.19399718848816072,
    0.1774058945807102,
    0.16121805031273126,
    0.14542231385797788,
    0.13000765844507534,
    0.11496335477577259,
    0.10027896193087751,
    0.0859443234877707,
    0.07194956680311071,
    0.05828510303741195,
    0.0449416254319045,
    0.03191010635022813
  ],
  "final_params": [
    -1.6865763660675748,
    1.6866767414137427,
    -0.006813784505380813,
    0.0068137570667111125
  ],
  "final_state_real": [
    [
      0.17633275014409472,
      0.0005578347276060055,
      -0.000465618215745349,
      1.4730041452889848e-06,
      0.1408176090044283,
      0.00044548283289118395,
      0.000445483888168998,
      -1.4093082953852275e-06,
      -0.1408007955091223,
      -0.00044542816547326713,
      0.0005336503001195786,
      -1.6882267008229737e-06,
      0.1613867278384921,
      0.0005105541644743383,
      0.0005105553738957633,
      -1.6151648640811134e-06
    ],
    [
      0.0005578347276060055,
      0.01259723267350622,
      -1.4730041452889848e-06,
      -3.325306716151532e-05,
      0.00044548283289118395,
      0.010060026760236034,
      1.4093082953852275e-06,
      3.1815133411271904e-05,
      -0.00044542816547326713,
      -0.010058825602128698,
      1.6882267008229737e-06,
      3.811171614545324e-05,
      0.0005105541644743384,
      0.011529487059754751,
      1.6151648640811134e-06,
      3.6462345251358357e-05
    ],
    [
      -0.000465618215745349,
      -1.4730041452889848e-06,
      0.012597232689906002,
      3.983889592518898e-05,
      -0.000445483888168998,
      -1.4093082953852275e-06,
      0.010056774510323583,
      3.1825346685189746e-05,
      0.0005336503001195786,
      1.6882267008229737e-06,
      -0.01005882561522384,
      -3.18111538207617e-05,
      -0.0005105553738957633,
      -1.6151648640811134e-06,
      0.01152575975622223,
      3.647405037026905e-05
    ],
    [
      1.4730041452889848e-06,
      -3.325306716151532e-05,
      3.983889592518898e-05,
      0.0008999478038388604,
      1.4093082953852275e-06,
      -3.1815133411271904e-05,
      3.1825346685189746e-05,
      0.0007184571688923745,
      -1.6882267008229737e-06,
      3.811171614545324e-05,
      -3.18111538207617e-05,
      -0.0007186037000707584,
      1.6151648640811134e-06,
      -3.6462345251358357e-05,
      3.647405037026905e-05,
      0.0008234016498320245
    ],
    [
      0.1408176090044283,
      0.00044548283289118395,
      -0.000445483888168998,
      1.4093082953852275e-06,
      0.21560711460931886,
      0.0006820805321173859,
      0.0006089793367237345,
      -1.9265334925813806e-06,
      -0.1613867278384921,
      -0.0005105541644743383,
      0.0005105553738957632,
      -1.6151648640811134e-06,
      0.18415253561775188,
      0.0005825728882487126,
      0.0006525095385012494,
      -2.0642432416746453e-06
    ],
    [
      0.00044548283289118395,
      0.010060026760236034,
      -1.4093082953852275e-06,
      -3.1815133411271904e-05,
      0.000682080532117386,
      0.015402997948919982,
      1.926533492581381e-06,
      4.349149173992913e-05,
      -0.0005105541644743383,
      -0.011529487059754751,
      1.6151648640811134e-06,
      3.646234525135835e-05,
      0.0005825728882487127,
      0.013155879079168611,
      2.0642432416746453e-06,
      4.660028919310626e-05
    ],
    [
      0.000445483888168998,
      1.4093082953852275e-06,
      0.010056774510323583,
      3.1825346685189746e-05,
      0.0006089793367237346,
      1.926533492581381e-06,
      0.01540299796897247,
      4.871216148237796e-05,
      -0.0005105553738957633,
      -1.6151648640811134e-06,
      -0.01152575975622223,
      -3.647405037026905e-05,
      0.0006525095385012494,
      2.0642432416746453e-06,
      0.013155879096295672,
      4.160562172846581e-05
    ],
    [
      -1.4093082953852275e-06,
      3.1815133411271904e-05,
      3.1825346685189746e-05,
      0.0007184571688923745,
      -1.926533492581381e-06,
      4.349149173992913e-05,
      4.871216148237797e-05,
      0.0011003920095735435,
      1.6151648640811134e-06,
      -3.6462345251358357e-05,
      -3.647405037026905e-05,
      -0.0008234016498320245,
      -2.0642432416746453e-06,
      4.660028919310626e-05,
      4.1605621728465815e-05,
      0.0009398575696524032
    ],
    [
      -0.1408007955091223,
      -0.00044542816547326713,
      0.0005336503001195786,
      -1.6882267008229737e-06,
      -0.1613867278384921,
      -0.0005105541644743383,
      -0.0005105553738957633,
      1.6151648640811134e-06,
      0.21556947947932237,
      0.0006819614720875676,
      -0.0005692253782822148,
      1.8007700589445184e-06,
      -0.18413138827495507,
      -0.0005825079196617661,
      -0.0005825092995301662,
      1.8427943406462173e-06
    ],
    [
      -0.00044542816547326713,
      -0.010058825602128698,
      1.6882267008229737e-06,
      3.811171614545324e-05,
      -0.0005105541644743384,
      -0.011529487059754751,
      -1.6151648640811134e-06,
      -3.6462345251358357e-05,
      0.0006819614720875676,
      0.015400309290750267,
      -1.8007700589445186e-06,
      -4.0652382346676946e-05,
      -0.0005825079196617661,
      -0.01315436831048032,
      -1.8427943406462173e-06,
      -4.160108046562683e-05
    ],
    [
      0.0005336503001195786,
      1.6882267008229737e-06,
      -0.01005882561522384,
      -3.18111538207617e-05,
      0.0005105553738957633,
      1.6151648640811134e-06,
      -0.01152575975622223,
      -3.647405037026905e-05,
      -0.0005692253782822148,
      -1.8007700589445184e-06,
      0.015400309310799245,
      4.87036585694146e-05,
      0.0005825092995301661,
      1.8427943406462169e-06,
      -0.013150115708155719,
      -4.1614435218051775e-05
    ],
    [
      -1.6882267008229737e-06,
      3.811171614545324e-05,
      -3.18111538207617e-05,
      -0.0007186037000707584,
      -1.6151648640811134e-06,
      3.6462345251358357e-05,
      -3.647405037026905e-05,
      -0.0008234016498320245,
      1.8007700589445186e-06,
      -4.0652382346676946e-05,
      4.87036585694146e-05,
      0.001100199931513399,
      -1.8427943406462173e-06,
      4.160108046562682e-05,
      -4.1614435218051775e-05,
      -0.0009394458325172005
    ],
    [
      0.1613867278384921,
      0.0005105541644743383,
      -0.0005105553738957632,
      1.6151648640811134e-06,
      0.18415253561775188,
      0.0005825728882487126,
      0.0006525095385012494,
      -2.0642432416746453e-06,
      -0.18413138827495507,
      -0.0005825079196617661,
      0.0005825092995301662,
