{
  "config": {
    "symbols": [
      "H",
      "H"
    ],
    "geometry": [
      [
        0.0,
        0.0,
        0.0
      ],
      [
        0.0,
        0.0,
        0.7414
      ]
    ],
    "basis": "STO-3G",
    "ansatz": "TwoQubit-RY-CNOT",
    "optimizer": {
      "name": "Momentum",
      "stepsize": 0.1,
      "iterations_planned": 50
    },
    "seed": 4,
    "noisy": true,
    "depolarizing_prob": 0.06,
    "amplitude_damping_prob": 0.0
  },
  "energies": [
    1.2277539661284738,
    1.2277539661284738,
    1.2277512231366687,
    1.2277446317075056,
    1.2277313628039406,
    1.2277057505854951,
    1.2276569489300364,
    1.2275644007574393,
    1.2273892358746537,
    1.2270580106503017,
    1.2264320256181376,
    1.2252495353623511,
    1.223017242354504,
    1.2188077632600414,
    1.2108858272172902,
    1.1960333388402296,
    1.1683829409558375,
    1.1175812057418433,
    1.0264918567145251,
    0.8702386463935419,
    0.6222688418170497,
    0.27648681000464503,
    -0.11939433353430162,
    -0.46530633611244465,
    -0.6764718035565378,
    -0.7352125019707016,
    -0.6705347172050281,
    -0.5317339000645669,
    -0.3785233026290823,
    -0.2633202504026463,
    -0.21542613273168512,
    -0.2401336669956387,
    -0.32474298279697955,
    -0.44387471968925396,
    -0.5660787950000468,
    -0.6636311770908311,
    -0.720754835506826,
    -0.7352928789421186,
    -0.7154843521544041,
    -0.6757777833895922,
    -0.632672208990639,
    -0.6004332263614577,
    -0.587711702963036,
    -0.596236975814886,
    -0.6216685921253717,
    -0.6559135638193588,
    -0.6900189935702983,
    -0.7167314073519936,
    -0.7320237821201063,
    -0.7354061083640984,
    -0.7293037153740786
  ],
  "final_params": [
    3.3712799254713692
  ],
  "final_state_real": [
    [
      0.00249974571921335,
      0.0,
      0.0,
      0.0,
      -0.0025933460884544094,
      0.0,
      0.0,
      0.0,
      0.0025933460884544086,
      0.0,
      0.0,
      0.0,
      0.010108373123134555,
      0.0,
      0.0,
      0.0
    ],
    [
      0.0,
      0.0001041560716339405,
      0.0,
      0.0,
      0.0,
      -0.00010805608701898654,
      0.0,
      0.0,
      0.0,
      0.0001080560870189865,
      0.0,
      0.0,
      0.0,
      0.00042118221346414565,
      0.0,
      0.0
    ],
    [
      0.0,
      0.0,
      0.00010415607163394046,
      0.0,
      0.0,
      0.0,
      -0.00010805608701898651,
      0.0,
      0.0,
      0.0,
      0.00010805608701898648,
      0.0,
      0.0,
      0.0,
      0.0004211822134641456,
      0.0
    ],
    [
      0.0,
      0.0,
      0.0,
      4.339836318082973e-06,
      0.0,
      0.0,
      0.0,
      -4.502336959126638e-06,
      0.0,
      0.0,
      0.0,
      4.5023369591266365e-06,
      0.0,
      0.0,
      0.0,
      1.7549258894347974e-05
    ],
    [
      -0.0025933460884544094,
      0.0,
      0.0,
      0.0,
      0.04549781312316314,
      0.0,
      0.0,
      0.0,
      -0.010108373123134555,
      0.0,
      0.0,
      0.0,
      0.09139063216030463,
      0.0,
      0.0,
      0.0
    ],
    [
      0.0,
      -0.00010805608701898654,
      0.0,
      0.0,
      0.0,
      0.0018957422134660569,
      0.0,
      0.0,
      0.0,
      -0.00042118221346414565,
      0.0,
      0.0,
      0.0,
      0.0038079430066812196,
      0.0,
      0.0
    ],
    [
      0.0,
      0.0,
      -0.00010805608701898651,
      0.0,
      0.0,
      0.0,
      0.0018957422134660569,
      0.0,
      0.0,
      0.0,
      -0.0004211822134641456,
      0.0,
      0.0,
      0.0,
      0.00380794300668122,
      0.0
    ],
    [
      0.0,
      0.0,
      0.0,
      -4.502336959126638e-06,
      0.0,
      0.0,
      0.0,
      7.89892588944576e-05,
      0.0,
      0.0,
      0.0,
      -1.7549258894347974e-05,
      0.0,
      0.0,
      0.0,
      0.00015866429194512835
    ],
    [
      0.0025933460884544086,
      0.0,
      0.0,
      0.0,
      -0.010108373123134555,
      0.0,
      0.0,
      0.0,
      0.045497813123163124,
      0.0,
      0.0,
      0.0,
      -0.09139063216030467,
      0.0,
      0.0,
      0.0
    ],
    [
      0.0,
      0.0001080560870189865,
      0.0,
      0.0,
      0.0,
      -0.00042118221346414565,
      0.0,
      0.0,
      0.0,
      0.0018957422134660564,
      0.0,
      0.0,
      0.0,
      -0.003807943006681222,
      0.0,
      0.0
    ],
    [
      0.0,
      0.0,
      0.00010805608701898648,
      0.0,
      0.0,
      0.0,
      -0.0004211822134641456,
      0.0,
      0.0,
      0.0,
      0.0018957422134660564,
      0.0,
      0.0,
      0.0,
      -0.0038079430066812214,
      0.0
    ],
    [
      0.0,
      0.0,
      0.0,
      4.5023369591266365e-06,
      0.0,
      0.0,
      0.0,
      -1.7549258894347974e-05,
      0.0,
      0.0,
      0.0,
      7.898925889445759e-05,
      0.0,
      0.0,
      0.0,
      -0.00015866429194512843
    ],
    [
      0.010108373123134555,
      0.0,
      0.0,
      0.0,
      0.09139063216030463,
      0.0,
      0.0,
      0.0,
      -0.09139063216030467,
      0.0,
      0.0,
      0.0,
      0.8281046280346082,
      0.0,
      0.0,
      0.0
    ],
    [
      0.0,
      0.00042118221346414565,
      0.0,
      0.0,
      0.0,
      0.0038079430066812196,
      0.0,
      0.0,
      0.0,
      -0.003807943006681222,
      0.0,
      0.0,
      0.0,
      0.03450435950145886,
      0.0,
      0.0
    ],
    [
      0.0,
      0.0,
      0.0004211822134641456,
      0.0,
      0.0,
      0.0,
      0.00380794300668122,
      0.0,
      0.0,
      0.0,
      -0.0038079430066812214,
      0.0,
      0.0,
      0.0,
      0.034504359501458866,
      0.0
    ],
    [
      0.0,
      0.0,
      0.0,
      1.7549258894347974e-05,
      0.0,
      0.0,
      0.0,
      0.00015866429194512835,
      0.0,
      0.0,
      0.0,
      -0.00015866429194512843,
      0.0,
      0.0,
      0.0,
      0.0014376816458948217
    ]
  ],