{
  "config": {
    "symbols": [
      "H",
      "H"
    ],
    "geometry": [
      [
        0.0,
        0.0,
        0.0
      ],
      [
        0.0,
        0.0,
        0.7414
      ]
    ],
    "basis": "STO-3G",
    "ansatz": "RY-CZ",
    "optimizer": {
      "name": "Adagrad",
      "stepsize": 0.1,
      "iterations_planned": 50
    },
    "seed": 4,
    "noisy": true,
    "depolarizing_prob": 0.1,
    "amplitude_damping_prob": 0.0
  },
  "energies": [
    1.1543227562054978,
    1.1543227562054978,
    1.1480414829160723,
    1.1302157062526945,
    1.1047702185626023,
    1.075230958080455,
    1.0434774433515606,
    1.0105776722511768,
    0.9771744456229838,
    0.9436686012071702,
    0.9103102767317116,
    0.8772721782975628,
    0.8446783616230427,
    0.8126163220612854,
    0.7811460484672781,
    0.7503059654788089,
    0.7201199462544017,
    0.690602854821596,
    0.6617677880926909,
    0.6336464324477845,
    0.6062403280287622,
    0.5793822699167877,
    0.5531417894311221,
    0.5275695872065768,
    0.5026503454325217,
    0.4783615011992488,
    0.4546843909111621,
    0.43160288532821334,
    0.4091018593461133,
    0.3871665626310112,
    0.3657824289922591,
    0.3449350514032937,
    0.3246102152426604,
    0.30479395689789235,
    0.28547263891754887,
    0.26663304420360245,
    0.24826247567950366,
    0.23034878873225456,
    0.2128801242338915,
    0.1958439345516378,
    0.17922536363109534,
    0.16300698265525065,
    0.14717248979923314,
    0.13171121814568182,
    0.11661710763125406,
    0.10188417299324375,
    0.08750430803978955,
    0.07346784323639796,
    0.059764649209654894,
    0.0463847790287929,
    0.0333186880939204
  ],
  "final_params": [
    1.6852678022835754,
    -1.6847565013197705,
    -0.004172615328589159,
    0.004225674122472713
  ],
  "final_state_real": [
    [
      0.17688025872074925,
      0.00034702512982617053,
      -0.000286220256227764,
      5.615422964633292e-07,
      -0.141094604606331,
      -0.00027681684054276445,
      -0.0002733408654515487,
      5.362739148021473e-07,
      0.14118166312405805,
      0.00027698729823801205,
      -0.0003274500557690156,
      6.424320162275848e-07,
      0.16144925709314104,
      0.0003167511144823357,
      0.0003127736867293976,
      -6.136381003710768e-07
    ],
    [
      0.00034702512982617053,
      0.012635089775524041,
      -5.615422964633292e-07,
      -2.0443032820766633e-05,
      -0.00027681684054276445,
      -0.010078812689083495,
      -5.362739148021473e-07,
      -1.9523133538236027e-05,
      0.000276987298238012,
      0.010085031541289851,
      -6.424320162275848e-07,
      -2.3387835387586775e-05,
      0.0003167511144823356,
      0.011532806839592222,
      6.136381003710767e-07,
      2.233958849576707e-05
    ],
    [
      -0.00028622025622776406,
      -5.615422964633292e-07,
      0.012635070171356523,
      2.4786006485827117e-05,
      0.00027334086545154865,
      5.362739148021473e-07,
      -0.010077575035097635,
      -1.977383021806235e-05,
      -0.0003274500557690156,
      -6.424320162275848e-07,
      0.01008501589370433,
      1.9783607527380142e-05,
      -0.0003127736867293976,
      -6.136381003710768e-07,
      0.011531390638617614,
      2.2626451291311978e-05
    ],
    [
      5.615422964633292e-07,
      -2.0443032820766637e-05,
      2.4786006485827117e-05,
      0.0009025611285834699,
      -5.362739148021473e-07,
      1.952313353823602e-05,
      -1.977383021806235e-05,
      -0.0007198715459200176,
      6.424320162275848e-07,
      -2.3387835387586775e-05,
      1.978360752738014e-05,
      0.0007204030688677028,
      6.136381003710767e-07,
      -2.233958849576707e-05,
      2.2626451291311975e-05,
      0.0008237219744550239
    ],
    [
      -0.141094604606331,
      -0.00027681684054276445,
      0.0002733408654515487,
      -5.362739148021473e-07,
      0.2155555304826818,
      0.00042290296549485335,
      0.0003726722809659071,
      -7.311545703994195e-07,
      -0.161449257093141,
      -0.0003167511144823356,
      0.0003127736867293975,
      -6.136381003710767e-07,
      -0.18382518805773915,
      -0.0003606505339398506,
      -0.00039904775687437375,
      7.829012409780655e-07
    ],
    [
      -0.00027681684054276445,
      -0.010078812689083495,
      5.362739148021473e-07,
      1.9523133538236027e-05,
      0.00042290296549485335,
      0.01539778095620741,
      7.311545703994195e-07,
      2.6617793483887563e-05,
      -0.0003167511144823356,
      -0.011532806839592218,
      6.136381003710765e-07,
      2.2339588495767062e-05,
      -0.0003606505339398506,
      -0.01313118700136581,
      -7.829012409780652e-07,
      -2.850163890687206e-05
    ],
    [
      -0.00027334086545154865,
      -5.362739148021473e-07,
      -0.010077575035097635,
      -1.977383021806235e-05,
      0.0003726722809659071,
      7.311545703994195e-07,
      0.015397757065543978,
      3.0205523302826988e-05,
      -0.0003127736867293975,
      -6.136381003710767e-07,
      -0.011531390638617611,
      -2.2626451291311975e-05,
      -0.00039904775687437375,
      -7.829012409780655e-07,
      -0.013131166627471023,
      -2.5759190632182337e-05
    ],
    [
      5.362739148021473e-07,
      -1.952313353823602e-05,
      -1.977383021806235e-05,
      -0.0007198715459200176,
      -7.311545703994195e-07,
      2.6617793483887563e-05,
      3.0205523302826988e-05,
      0.001099908176706186,
      6.136381003710765e-07,
      -2.2339588495767062e-05,
      -2.2626451291311975e-05,
      -0.0008237219744550236,
      7.829012409780652e-07,
      -2.850163890687206e-05,
      -2.5759190632182337e-05,
      -0.0009379987930558067
    ],
    [
      0.14118166312405805,
      0.00027698729823801205,
      -0.0003274500557690156,
      6.424320162275848e-07,
      -0.16144925709314104,
      -0.0003167511144823357,
      -0.0003127736867293976,
      6.136381003710768e-07,
      0.21574727801360102,
      0.00042327915904122353,
      -0.00034911324553739854,
      6.849335410727666e-07,
      0.18393110796045342,
      0.0003608587892159433,
      0.00035632750361821194,
      -6.990873647866111e-07
    ],
    [
      0.000276987298238012,
      0.010085031541289851,
      -6.424320162275848e-07,
      -2.3387835387586775e-05,
      -0.0003167511144823356,
      -0.011532806839592222,
      -6.136381003710767e-07,
      -2.233958849576707e-05,
      0.00042327915904122353,
      0.015411478060027373,
      -6.849335410727665e-07,
      -2.493510987218906e-05,
      0.0003608587892159433,
      0.013138753179126338,
      6.990873647866111e-07,
      2.54503819799961e-05
    ],
    [
      -0.0003274500557690156,
      -6.424320162275848e-07,
      0.01008501589370433,
      1.9783607527380142e-05,
      0.0003127736867293976,
      6.136381003710768e-07,
      -0.011531390638617614,
      -2.2626451291311978e-05,
      -0.00034911324553739854,
      -6.849335410727666e-07,
      0.015411454148111984,
      3.0232392641323976e-05,
      -0.00035632750361821194,
      -6.990873647866111e-07,
      0.013137139771799198,
      2.577719049412119e-05
    ],
    [
      6.424320162275848e-07,
      -2.3387835387586775e-05,
      1.978360752738014e-05,
      0.0007204030688677028,
      -6.136381003710767e-07,
      2.233958849576707e-05,
      -2.2626451291311975e-05,
      -0.0008237219744550239,
      6.849335410727665e-07,
      -2.493510987218906e-05,
      3.0232392641323976e-05,
      0.001100886600579835,
      6.990873647866111e-07,
      -2.54503819799961e-05,
      2.577719049412119e-05,
      0.0009384254727507285
    ],
    [
      0.161449257093141,
      0.0003167511144823356,
      -0.0003127736867293975,
      6.136381003710767e-07,
      -0.18382518805773915,
      -0.0003606505339398506,
      -0.00039904775687437375,
      7.829012409780655e-07,
      0.18393110796045342,
      0.0003608587892159433,
      -0.00035632750361821194,
