{
  "config": {
    "symbols": [
      "H",
      "H"
    ],
    "geometry": [
      [
        0.0,
        0.0,
        0.0
      ],
      [
        0.0,
        0.0,
        0.7414
      ]
    ],
    "basis": "STO-3G",
    "ansatz": "RY-CZ",
    "optimizer": {
      "name": "Momentum",
      "stepsize": 0.1,
      "iterations_planned": 50
    },
    "seed": 3,
    "noisy": true,
    "depolarizing_prob": 0.04,
    "amplitude_damping_prob": 0.0
  },
  "energies": [
    1.2665918533373266,
    1.2665918533373266,
    1.2665827428356322,
    1.266563069480397,
    1.2665289648080886,
    1.2664735805226341,
    1.2663858513637298,
    1.2662483887951617,
    1.2660341202241097,
    1.2657010360695726,
    1.2651840400304057,
    1.2643823487834942,
    1.2631400633606409,
    1.261216310791632,
    1.258239579853034,
    1.253638410221413,
    1.246537443342402,
    1.235604510251815,
    1.218832783992616,
    1.193247189034967,
    1.1545482765708373,
    1.0967739091577815,
    1.0122081271774657,
    0.8920288443151178,
    0.7284853816429819,
    0.5193145298268071,
    0.2737116990001003,
    0.01593589684137431,
    -0.21972181538096025,
    -0.4038850660793749,
    -0.5264447878338954,
    -0.5970812337835499,
    -0.6329477589731726,
    -0.6466683459528342,
    -0.6433581477064942,
    -0.6247937863372781,
    -0.5944695732291367,
    -0.5594023616122692,
    -0.528516033179568,
    -0.5097460437266442,
    -0.5078561961130066,
    -0.523672221098,
    -0.5544891751638854,
    -0.5951740235872125,
    -0.6395735457546246,
    -0.681900342667006,
    -0.7177820445479038,
    -0.7447521593534291,
    -0.7621728285727272,
    -0.7707907873823311,
    -0.7721992686571222
  ],
  "final_params": [
    -2.8317183561912134,
    3.223688183891751,
    -0.00044244581320076294,
    0.0009140484012181709
  ],
  "final_state_real": [
    [
      0.0013175493295232161,
      5.856546518162035e-07,
      2.5060334036909257e-07,
      -1.1139394239931072e-10,
      0.00010489767063035047,
      4.6627331305359355e-08,
      2.2569993278004618e-08,
      -1.0032430243986323e-11,
      0.003416192231954632,
      1.5185077532289507e-06,
      8.314832370221309e-07,
      -3.695968125341834e-10,
      -0.00530764287978938,
      -2.359263285059699e-06,
      -1.1420030911938608e-06,
      5.076238264538833e-10
    ],
    [
      5.856546518162035e-07,
      3.609751689624675e-05,
      1.1139394239931072e-10,
      6.865792637105878e-09,
      4.662733130535941e-08,
      2.8739306780462216e-06,
      1.0032430243986344e-11,
      6.183512695378455e-10,
      1.5185077532289507e-06,
      9.359502073325317e-05,
      3.695968125341834e-10,
      2.2780189115657872e-08,
      -2.359263285059699e-06,
      -0.00014541598120031894,
      -5.076238264538833e-10,
      -3.128751757068747e-08
    ],
    [
      2.5060334036909257e-07,
      1.1139394239931072e-10,
      3.609730633667823e-05,
      1.6045304286306553e-08,
      -2.2569993278004618e-08,
      -1.0032430243986323e-11,
      2.8739036546011232e-06,
      1.2774634118636137e-09,
      8.314832370221309e-07,
      3.695968125341834e-10,
      9.359447478636059e-05,
      4.160287788394565e-08,
      1.142003091193861e-06,
      5.076238264538834e-10,
      -0.0001454146138601759,
      -6.463746565033423e-08
    ],
    [
      -1.1139394239931072e-10,
      6.865792637105878e-09,
      1.6045304286306553e-08,
      9.889748309224707e-07,
      1.0032430243986344e-11,
      -6.183512695378455e-10,
      1.277463411863615e-09,
      7.873768625246857e-08,
      -3.695968125341834e-10,
      2.2780189115657872e-08,
      4.160287788394565e-08,
      2.5642517204411512e-06,
      -5.076238264538834e-10,
      3.128751757068748e-08,
      -6.463746565033423e-08,
      -3.983992373688505e-06
    ],
    [
      0.00010489767063035036,
      4.6627331305359316e-08,
      -2.25699932780046e-08,
      1.003243024398631e-11,
      0.04530349601495061,
      2.0137540652306304e-05,
      9.746690162689839e-06,
      -4.332433242779333e-09,
      0.00530764287978938,
      2.359263285059699e-06,
      -1.1420030911938608e-06,
      5.076238264538833e-10,
      0.13286561612470904,
      5.905916720250643e-05,
      2.859027489206929e-05,
      -1.2708463621502523e-08
    ],
    [
      4.6627331305359355e-08,
      2.873930678046219e-06,
      -1.0032430243986333e-11,
      -6.183512695378449e-10,
      2.01375406523063e-05,
      0.0012412011271338975,
      4.332433242779333e-09,
      2.6703057292288754e-07,
      2.359263285059699e-06,
      0.00014541598120031894,
      -5.076238264538833e-10,
      -3.128751757068747e-08,
      5.905916720250643e-05,
      0.003640181597396052,
      1.2708463621502521e-08,
      7.832892353218282e-07
    ],
    [
      2.25699932780046e-08,
      1.003243024398631e-11,
      2.8739036546011194e-06,
      1.2774634118636124e-09,
      9.746690162689839e-06,
      4.332433242779333e-09,
      0.0012411938871130805,
      5.517124577463881e-07,
      1.142003091193861e-06,
      5.076238264538834e-10,
      0.0001454146138601759,
      6.463746565033423e-08,
      2.859027489206929e-05,
      1.2708463621502523e-08,
      0.00364016036393923,
      1.6180564872512355e-06
    ],
    [
      -1.0032430243986333e-11,
      6.183512695378449e-10,
      1.2774634118636137e-09,
      7.873768625246848e-08,
      -4.332433242779333e-09,
      2.6703057292288754e-07,
      5.517124577463879e-07,
      3.400557103072256e-05,
      -5.076238264538834e-10,
      3.128751757068748e-08,
      6.463746565033423e-08,
      3.983992373688505e-06,
      -1.2708463621502521e-08,
      7.832892353218282e-07,
      1.6180564872512355e-06,
      9.973118068368207e-05
    ],
    [
      0.003416192231954632,
      1.5185077532289507e-06,
      8.314832370221309e-07,
      -3.695968125341834e-10,
      0.00530764287978938,
      2.359263285059699e-06,
      1.1420030911938608e-06,
      -5.076238264538833e-10,
      0.025456124098572713,
      1.1315323959016125e-05,
      4.841860254493091e-06,
      -2.152221520671457e-09,
      0.03491608427567759,
      1.5520304880219314e-05,
      7.512614747884374e-06,
      -3.339379967008833e-09
    ],
    [
      1.5185077532289507e-06,
      9.359502073325317e-05,
      3.695968125341834e-10,
      2.2780189115657872e-08,
      2.359263285059699e-06,
      0.00014541598120031894,
      5.076238264538833e-10,
      3.128751757068747e-08,
      1.1315323959016123e-05,
      0.0006974333705544879,
      2.152221520671457e-09,
      1.3265269503683833e-07,
      1.5520304880219314e-05,
      0.0009566123361378389,
      3.3393799670088336e-09,
      2.0582349359537514e-07
    ],
    [
      8.314832370221309e-07,
      3.695968125341834e-10,
      9.359447478636059e-05,
      4.160287788394565e-08,
      -1.142003091193861e-06,
      -5.076238264538834e-10,
      0.0001454146138601759,
      6.463746565033423e-08,
      4.841860254493091e-06,
      2.152221520671457e-09,
      0.000697429302372458,
      3.100083222382175e-07,
      -7.512614747884374e-06,
      -3.339379967008833e-09,
      0.0009566033411536717,
      4.252145913220983e-07
    ],
    [
      -3.695968125341834e-10,
      2.2780189115657872e-08,
      4.160287788394565e-08,
      2.5642517204411512e-06,
      5.076238264538834e-10,
      -3.128751757068748e-08,
      6.463746565033423e-08,
      3.983992373688505e-06,
      -2.152221520671457e-09,
      1.3265269503683833e-07,
      3.1000832223821744e-07,
      1.9107797683322924e-05,
      3.3393799670088336e-09,
      -2.0582349359537514e-07,
      4.252145913220983e-07,
      2.6208510373419227e-05
    ],
    [
      -0.00530764287978938,
      -2.359263285059699e-06,
      1.1420030911938608e-06,
      -5.076238264538833e-10,
      0.13286561612470904,
      5.905916720250643e-05,
      2.859027489206929e-05,
      -1.2708463621502523e-08,
      0.03491608427567759,
      1.5520304880219314e-05,
      -7.512614747884374e-06,
