{
  "config": {
    "symbols": [
      "H",
      "H"
    ],
    "geometry": [
      [
        0.0,
        0.0,
        0.0
      ],
      [
        0.0,
        0.0,
        0.7414
      ]
    ],
    "basis": "STO-3G",
    "ansatz": "RY-CZ",
    "optimizer": {
      "name": "GradientDescent",
      "stepsize": 0.1,
      "iterations_planned": 50
    },
    "seed": 7,
    "noisy": true,
    "depolarizing_prob": 0.04,
    "amplitude_damping_prob": 0.0
  },
  "energies": [
    1.2666539479332677,
    1.2666539479332677,
    1.2666536122372152,
    1.2666532300719286,
    1.266652794919771,
    1.2666522993463507,
    1.2666517348785555,
    1.266651091851512,
    1.2666503592467802,
    1.2666495244982494,
    1.2666485732747772,
    1.2666474892382729,
    1.2666462537524172,
    1.2666448455749992,
    1.2666432404772923,
    1.2666414108327637,
    1.2666393251348493,
    1.2666369474568604,
    1.2666342368422998,
    1.2666311465699844,
    1.266627623374394,
    1.2666236065233472,
    1.2666190267567323,
    1.2666138050840519,
    1.2666078514555972,
    1.266601063181156,
    1.2665933231595619,
    1.266584497882743,
    1.2665744350828492,
    1.2665629611609388,
    1.2665498781463824,
    1.2665349603348377,
    1.2665179503252235,
    1.2664985546524292,
    1.2664764387022722,
    1.2664512209483758,
    1.2664224663517412,
    1.2663896789110585,
    1.2663522931273672,
    1.2663096642443352,
    1.2662610571610098,
    1.2662056338567786,
    1.266142438947015,
    1.266070383258857,
    1.265988225242985,
    1.265894549654743,
    1.26578774333536,
    1.265665967720213,
    1.2655271272692208,
    1.265368834124929,
    1.2651883671852078
  ],
  "final_params": [
    0.044300329085459646,
    0.0545109697025512,
    -0.00834563894822626,
    -0.005361639863570284
  ],
  "final_state_real": [
    [
      0.8964269885792426,
      -0.0023373222654984307,
      -0.003638014823604415,
      -9.485685526402529e-06,
      0.023767907357276984,
      -6.197199078886277e-05,
      9.646251660218825e-05,
      2.515143950587806e-07,
      0.019314117824920103,
      -5.035916834921937e-05,
      -7.838984229043487e-05,
      -2.0439207328315427e-07,
      -0.00051213005664693,
      1.3353181950831805e-06,
      -2.0784898455378333e-06,
      -5.419411959695934e-09
    ],
    [
      -0.0023373222654984307,
      0.02456608115400994,
      9.485685526402529e-06,
      -9.964551282922407e-05,
      -6.197199078886277e-05,
      0.0006513462316939619,
      -2.515143950587806e-07,
      2.6421159345632647e-06,
      -5.035916834921937e-05,
      0.0005292926160747273,
      2.0439207328315427e-07,
      -2.14710396036631e-06,
      1.3353181950831807e-06,
      -1.4034638284302445e-05,
      5.419411959695934e-09,
      -5.693000073148487e-08
    ],
    [
      -0.003638014823604415,
      9.485685526402529e-06,
      0.024575240945455063,
      -6.399555806673498e-05,
      -9.646251660218823e-05,
      2.5151439505878066e-07,
      0.0006507619928409989,
      -1.6989410458509368e-06,
      -7.838984229043487e-05,
      2.0439207328315427e-07,
      0.0005294899698954812,
      -1.378827014937841e-06,
      2.0784898455378333e-06,
      -5.419411959695934e-09,
      -1.4022049617056082e-05,
      3.6607294069793026e-08
    ],
    [
      -9.485685526402529e-06,
      -9.964551282922407e-05,
      -6.399555806673498e-05,
      0.0006734707579501097,
      -2.5151439505878066e-07,
      -2.6421159345632647e-06,
      -1.6989410458509368e-06,
      1.7833769098601845e-05,
      -2.0439207328315427e-07,
      -2.14710396036631e-06,
      -1.378827014937841e-06,
      1.4510377014978536e-05,
      5.419411959695934e-09,
      5.693000073148487e-08,
      3.660729406979303e-08,
      -3.842664413574861e-07
    ],
    [
      0.023767907357276984,
      -6.197199078886277e-05,
      -9.646251660218825e-05,
      -2.515143950587806e-07,
      0.0252253808589657,
      -6.577205404177373e-05,
      -9.696973358857746e-05,
      -2.528369022666458e-07,
      0.00051213005664693,
      -1.3353181950831805e-06,
      -2.0784898455378333e-06,
      -5.419411959695934e-09,
      0.0005148095735699366,
      -1.3423021552528784e-06,
      -2.205883638537591e-06,
      -5.7515759329075845e-09
    ],
    [
      -6.197199078886277e-05,
      0.0006513462316939619,
      2.515143950587806e-07,
      -2.6421159345632647e-06,
      -6.577205404177373e-05,
      0.0006912874793119649,
      2.528369022666458e-07,
      -2.6560086478080053e-06,
      -1.3353181950831807e-06,
      1.4034638284302445e-05,
      5.419411959695934e-09,
      -5.693000073148487e-08,
      -1.3423021552528784e-06,
      1.4108068949624614e-05,
      5.7515759329075845e-09,
      -6.041932676511106e-08
    ],
    [
      9.646251660218823e-05,
      -2.5151439505878066e-07,
      0.0006507619928409989,
      -1.6989410458509368e-06,
      -9.696973358857746e-05,
      2.528369022666458e-07,
      0.0006915452350809632,
      -1.8008296783589557e-06,
      2.0784898455378333e-06,
      -5.419411959695934e-09,
      1.4022049617056082e-05,
      -3.6607294069793026e-08,
      -2.205883638537591e-06,
      5.7515759329075845e-09,
      1.4113329331549672e-05,
      -3.6752046043283124e-08
    ],
    [
      2.5151439505878066e-07,
      2.6421159345632647e-06,
      -1.6989410458509368e-06,
      1.7833769098601845e-05,
      -2.528369022666458e-07,
      -2.6560086478080053e-06,
      -1.8008296783589557e-06,
      1.8951411083230738e-05,
      5.419411959695934e-09,
      5.693000073148487e-08,
      -3.660729406979303e-08,
      3.842664413574861e-07,
      -5.7515759329075845e-09,
      -6.041932676511106e-08,
      -3.6752046043283124e-08,
      3.8676791097245005e-07
    ],
    [
      0.019314117824920103,
      -5.035916834921937e-05,
      -7.838984229043487e-05,
      -2.0439207328315427e-07,
      0.00051213005664693,
      -1.3353181950831805e-06,
      2.0784898455378333e-06,
      5.419411959695934e-09,
      0.024999265056542694,
      -6.51824851127726e-05,
      -0.00010145577722850825,
      -2.645337208035042e-07,
      0.0006395190845328854,
      -1.6674699299448337e-06,
      2.595500705293782e-06,
      6.767455512888778e-09
    ],
    [
      -5.035916834921937e-05,
      0.0005292926160747273,
      2.0439207328315427e-07,
      -2.14710396036631e-06,
      -1.3353181950831807e-06,
      1.4034638284302445e-05,
      -5.419411959695934e-09,
      5.693000073148487e-08,
      -6.51824851127726e-05,
      0.0006850909019852029,
      2.645337208035042e-07,
      -2.7788817367725775e-06,
      -1.6674699299448337e-06,
      1.752566347324361e-05,
      -6.767455512888778e-09,
      7.109096893985999e-08
    ],
    [
      -7.838984229043487e-05,
      2.0439207328315427e-07,
      0.0005294899698954812,
      -1.378827014937841e-06,
      -2.0784898455378333e-06,
      5.419411959695934e-09,
      1.4022049617056082e-05,
      -3.6607294069793026e-08,
      -0.00010145577722850825,
      2.645337208035042e-07,
      0.0006853463472775879,
      -1.7846873632032022e-06,
      -2.595500705293782e-06,
      6.767455512888782e-09,
      1.7509943456719688e-05,
      -4.571312088968072e-08
    ],
    [
      -2.0439207328315427e-07,
      -2.14710396036631e-06,
      -1.378827014937841e-06,
      1.4510377014978536e-05,
      -5.419411959695934e-09,
      -5.693000073148487e-08,
      -3.660729406979303e-08,
      3.842664413574861e-07,
      -2.645337208035042e-07,
      -2.7788817367725775e-06,
      -1.7846873632032022e-06,
      1.8781534023768625e-05,
      -6.767455512888782e-09,
      -7.109096893985999e-08,
      -4.571312088968072e-08,
      4.798502247702869e-07
    ],
    [
      -0.00051213005664693,
      1.3353181950831805e-06,
      2.0784898455378333e-06,
      5.419411959695934e-09,
      0.0005148095735699366,
      -1.3423021552528784e-06,
      -2.205883638537591e-06,
      -5.7515759329075845e-09,
      0.0006395190845328854,
