{
  "config": {
    "symbols": [
      "H",
      "H"
    ],
    "geometry": [
      [
        0.0,
        0.0,
        0.0
      ],
      [
        0.0,
        0.0,
        0.7414
      ]
    ],
    "basis": "STO-3G",
    "ansatz": "TwoQubit-RY-CNOT",
    "optimizer": {
      "name": "Adagrad",
      "stepsize": 0.1,
      "iterations_planned": 50
    },
    "seed": 4,
    "noisy": true,
    "depolarizing_prob": 0.1,
    "amplitude_damping_prob": 0.0
  },
  "energies": [
    1.1542505547954396,
    1.1542505547954396,
    1.1470136582833366,
    1.128333565195684,
    1.1024674263389498,
    1.0726848832702347,
    1.0407941106238268,
    1.0078193976033425,
    0.9743755149065405,
    0.9408503791227256,
    0.9074980906830563,
    0.8744894177496536,
    0.8419408607060341,
    0.8099322752163514,
    0.7785180356153361,
    0.747734371709726,
    0.7176043488214382,
    0.6881413357404156,
    0.6593514788772872,
    0.6312355004602822,
    0.6037900298241043,
    0.5770086009699888,
    0.5508824114121688,
    0.5254009040302766,
    0.5005522192656197,
    0.47632354624959244,
    0.4527014002238787,
    0.4296718400409633,
    0.4072206416490031,
    0.38533343441556633,
    0.3639958107452784,
    0.3431934119215381,
    0.32291199691681133,
    0.3031374956812706,
    0.2838560518480834,
    0.2650540552036166,
    0.24671816661885643,
    0.22883533691106622,
    0.21139282013534838,
    0.19437818308727073,
    0.17777931122713633,
    0.16158441129759704,
    0.1457820127715161,
    0.13036096644329814,
    0.11531044187595568,
    0.10061992383546933,
    0.08627920730339675,
    0.0722783919998957,
    0.05860787637900598,
    0.04525835099918446,
    0.03222079172601115
  ],
  "final_params": [
    1.686254583310968
  ],
  "final_state_real": [
    [
      0.17646207794168398,
      0.0,
      0.0,
      0.0,
      -0.14088771171609954,
      0.0,
      0.0,
      0.0,
      0.14088771171609965,
      0.0,
      0.0,
      0.0,
      0.16140442234595603,
      0.0,
      0.0,
      0.0
    ],
    [
      0.0,
      0.012604434138695334,
      0.0,
      0.0,
      0.0,
      -0.010063407979724286,
      0.0,
      0.0,
      0.0,
      0.010063407979724295,
      0.0,
      0.0,
      0.0,
      0.011528887310428745,
      0.0,
      0.0
    ],
    [
      0.0,
      0.0,
      0.012604434138695334,
      0.0,
      0.0,
      0.0,
      -0.01006340797972429,
      0.0,
      0.0,
      0.0,
      0.010063407979724293,
      0.0,
      0.0,
      0.0,
      0.011528887310428748,
      0.0
    ],
    [
      0.0,
      0.0,
      0.0,
      0.0009003167241927829,
      0.0,
      0.0,
      0.0,
      -0.0007188148556947987,
      0.0,
      0.0,
      0.0,
      0.000718814855694799,
      0.0,
      0.0,
      0.0,
      0.0008234919507451473
    ],
    [
      -0.14088771171609954,
      0.0,
      0.0,
      0.0,
      0.2156068914817815,
      0.0,
      0.0,
      0.0,
      -0.161404422345956,
      0.0,
      0.0,
      0.0,
      -0.184084768358264,
      0.0,
      0.0,
      0.0
    ],
    [
      0.0,
      -0.010063407979724286,
      0.0,
      0.0,
      0.0,
      0.015400492248703105,
      0.0,
      0.0,
      0.0,
      -0.011528887310428743,
      0.0,
      0.0,
      0.0,
      -0.013148912025594066,
      0.0,
      0.0
    ],
    [
      0.0,
      0.0,
      -0.01006340797972429,
      0.0,
      0.0,
      0.0,
      0.015400492248703103,
      0.0,
      0.0,
      0.0,
      -0.011528887310428748,
      0.0,
      0.0,
      0.0,
      -0.013148912025594067,
      0.0
    ],
    [
      0.0,
      0.0,
      0.0,
      -0.0007188148556947987,
      0.0,
      0.0,
      0.0,
      0.0011000351606219665,
      0.0,
      0.0,
      0.0,
      -0.0008234919507451473,
      0.0,
      0.0,
      0.0,
      -0.0009392080018284177
    ],
    [
      0.14088771171609965,
      0.0,
      0.0,
      0.0,
      -0.16140442234595603,
      0.0,
      0.0,
      0.0,
      0.2156068914817815,
      0.0,
      0.0,
      0.0,
      0.18408476835826404,
      0.0,
      0.0,
      0.0
    ],
    [
      0.0,
      0.010063407979724295,
      0.0,
      0.0,
      0.0,
      -0.011528887310428745,
      0.0,
      0.0,
      0.0,
      0.015400492248703105,
      0.0,
      0.0,
      0.0,
      0.013148912025594069,
      0.0,
      0.0
    ],
    [
      0.0,
      0.0,
      0.010063407979724293,
      0.0,
      0.0,
      0.0,
      -0.011528887310428748,
      0.0,
      0.0,
      0.0,
      0.015400492248703103,
      0.0,
      0.0,
      0.0,
      0.01314891202559407,
      0.0
    ],
    [
      0.0,
      0.0,
      0.0,
      0.000718814855694799,
      0.0,
      0.0,
      0.0,
      -0.0008234919507451473,
      0.0,
      0.0,
      0.0,
      0.0011000351606219665,
      0.0,
      0.0,
      0.0,
      0.0009392080018284178
    ],
    [
      0.161404422345956,
      0.0,
      0.0,
      0.0,
      -0.184084768358264,
      0.0,
      0.0,
      0.0,
      0.18408476835826404,
      0.0,
      0.0,
      0.0,
      0.26343525020599157,
      0.0,
      0.0,
      0.0
    ],
    [
      0.0,
      0.011528887310428743,
      0.0,
      0.0,
      0.0,
      -0.013148912025594066,
      0.0,
      0.0,
      0.0,
      0.013148912025594069,
      0.0,
      0.0,
      0.0,
      0.01881680358614766,
      0.0,
      0.0
    ],
    [
      0.0,
      0.0,
      0.011528887310428748,
      0.0,
      0.0,
      0.0,
      -0.013148912025594067,
      0.0,
      0.0,
      0.0,
      0.01314891202559407,
      0.0,
      0.0,
      0.0,
      0.018816803586147665,
      0.0
    ],
    [
      0.0,
      0.0,
      0.0,
      0.0008234919507451473,
      0.0,
      0.0,
      0.0,
      -0.0009392080018284177,
      0.0,
      0.0,
      0.0,
      0.0009392080018284178,
      0.0,
      0.0,
      0.0,
      0.0013440573990109337
    ]
  ],