{
  "config": {
    "symbols": [
      "H",
      "H"
    ],
    "geometry": [
      [
        0.0,
        0.0,
        0.0
      ],
      [
        0.0,
        0.0,
        0.7414
      ]
    ],
    "basis": "STO-3G",
    "ansatz": "RY-CZ",
    "optimizer": {
      "name": "Momentum",
      "stepsize": 0.1,
      "iterations_planned": 50
    },
    "seed": 4,
    "noisy": true,
    "depolarizing_prob": 0.04,
    "amplitude_damping_prob": 0.0
  },
  "energies": [
    1.2664231218816633,
    1.2664231218816633,
    1.2663903285475258,
    1.2663195146328354,
    1.266196758456894,
    1.2659974201096031,
    1.2656817016493174,
    1.26518709813252,
    1.2644163808289643,
    1.2632188846261154,
    1.2613616451531033,
    1.2584851804608492,
    1.2540362823377815,
    1.2471670442100238,
    1.2365859301489603,
    1.2203446486065566,
    1.195548615177635,
    1.1580000038943905,
    1.1018435889150546,
    1.0194241990013948,
    0.9018146760280213,
    0.7407764786230869,
    0.5329018067503806,
    0.28548735268431025,
    0.02067854120203147,
    -0.2281314222373497,
    -0.4297023275915055,
    -0.5692548935302706,
    -0.6509959347274685,
    -0.6884164680345779,
    -0.6938130658489692,
    -0.6752039561834349,
    -0.6390742629080857,
    -0.5934294980335251,
    -0.5480447340477288,
    -0.5124421769721308,
    -0.49359400000753073,
    -0.49466084486160605,
    -0.5149209566852426,
    -0.5505008335018325,
    -0.5955313518871571,
    -0.6434763856322478,
    -0.6883949567142197,
    -0.7258750743597523,
    -0.7534560177368468,
    -0.770544394952996,
    -0.7780037091320184,
    -0.777644705137204,
    -0.7717691564926701,
    -0.7628123794877427,
    -0.7530665570969249
  ],
  "final_params": [
    2.934680804633509,
    -2.696201337782211,
    0.001396802596951978,
    0.0004943301122580671
  ],
  "final_state_real": [
    [
      0.002537034497053121,
      6.098863710496312e-07,
      5.231256019383786e-07,
      -1.257559504748732e-10,
      0.003091307266231981,
      7.431299311736305e-07,
      -2.099823425718288e-06,
      5.047837264170319e-10,
      0.0020370664304510152,
      4.896973432162138e-07,
      4.5583405683916424e-06,
      -1.095795060769726e-09,
      0.018785641094596833,
      4.5159445410602706e-06,
      -1.2760468578606304e-05,
      3.067532632051174e-09
    ],
    [
      6.098863710496312e-07,
      6.950794931240355e-05,
      1.257559504748732e-10,
      1.433217633824303e-08,
      7.431299311736305e-07,
      8.469353846780524e-05,
      -5.047837264170319e-10,
      -5.752928074071417e-08,
      4.896973432162136e-07,
      5.581016354261395e-05,
      1.095795060769726e-09,
      1.2488576470713745e-07,
      4.5159445410602706e-06,
      0.000514676245246539,
      -3.067532632051174e-09,
      -3.4960109990705034e-07
    ],
    [
      5.231256019383786e-07,
      1.257559504748732e-10,
      6.950903098643003e-05,
      1.670891838755534e-08,
      2.099823425718288e-06,
      5.047837264170319e-10,
      8.469184306157193e-05,
      2.0360086342101473e-08,
      4.5583405683916424e-06,
      1.095795060769726e-09,
      5.5811032053408984e-05,
      1.3416126889867052e-08,
      1.2760468578606306e-05,
      3.0675326320511746e-09,
      0.0005146659423907353,
      1.2372670903851155e-07
    ],
    [
      -1.257559504748732e-10,
      1.433217633824303e-08,
      1.670891838755534e-08,
      1.904361256487048e-06,
      -5.047837264170319e-10,
      5.752928074071417e-08,
      2.0360086342101476e-08,
      2.3203296374312243e-06,
      -1.095795060769726e-09,
      1.2488576470713745e-07,
      1.3416126889867047e-08,
      1.5290727782957914e-06,
      -3.0675326320511746e-09,
      3.4960109990705034e-07,
      1.2372670903851155e-07,
      1.4100468195473108e-05
    ],
    [
      0.0030913072662319815,
      7.431299311736305e-07,
      2.0998234257182885e-06,
      -5.047837264170319e-10,
      0.03229126724672671,
      7.762607808674042e-06,
      -2.187284938849789e-05,
      5.258088983318986e-09,
      -0.018785641094596836,
      -4.515944541060271e-06,
      -1.2760468578606306e-05,
      3.0675326320511746e-09,
      -0.08517351676637805,
      -2.0475152036962463e-05,
      5.8018365011001614e-05,
      -1.3947232958818334e-08
    ],
    [
      7.431299311736306e-07,
      8.469353846780524e-05,
      5.04783726417032e-10,
      5.752928074071418e-08,
      7.762607808674042e-06,
      0.0008846942245467471,
      -5.258088983318986e-09,
      -5.992548124087225e-07,
      -4.515944541060271e-06,
      -0.0005146762452465393,
      -3.0675326320511746e-09,
      -3.4960109990705034e-07,
      -2.0475152036962463e-05,
      -0.0023335262066925687,
      1.3947232958818327e-08,
      1.5895407051635273e-06
    ],
    [
      -2.0998234257182885e-06,
      -5.04783726417032e-10,
      8.469184306157193e-05,
      2.0360086342101476e-08,
      -2.187284938849789e-05,
      -5.258088983318986e-09,
      0.0008847079920477819,
      2.1267040305640685e-07,
      1.2760468578606306e-05,
      3.0675326320511746e-09,
      -0.0005146659423907353,
      -1.2372670903851155e-07,
      5.8018365011001614e-05,
      1.3947232958818334e-08,
      -0.002333562520735968,
      -5.609530899495249e-07
    ],
    [
      5.047837264170321e-10,
      -5.752928074071418e-08,
      2.036008634210148e-08,
      2.3203296374312243e-06,
      5.258088983318986e-09,
      -5.992548124087225e-07,
      2.1267040305640685e-07,
      2.4238629131359416e-05,
      -3.0675326320511746e-09,
      3.4960109990705034e-07,
      -1.2372670903851155e-07,
      -1.4100468195473108e-05,
      -1.3947232958818327e-08,
      1.5895407051635273e-06,
      -5.609530899495249e-07,
      -6.393336219789059e-05
    ],
    [
      0.0020370664304510152,
      4.896973432162138e-07,
      4.5583405683916424e-06,
      -1.095795060769726e-09,
      -0.018785641094596833,
      -4.5159445410602706e-06,
      1.2760468578606304e-05,
      -3.067532632051174e-09,
      0.06647376133787301,
      1.5979854085336774e-05,
      1.3706603695525104e-05,
      -3.2949772848552106e-09,
      0.1859745704808151,
      4.470706334214089e-05,
      -0.0001263264134074619,
      3.036803805677333e-08
    ],
    [
      4.896973432162136e-07,
      5.581016354261395e-05,
      1.095795060769726e-09,
      1.2488576470713745e-07,
      -4.5159445410602706e-06,
      -0.000514676245246539,
      3.067532632051174e-09,
      3.4960109990705034e-07,
      1.5979854085336774e-05,
      0.001821202998636618,
      3.2949772848552106e-09,
      3.755225522030933e-07,
      4.470706334214089e-05,
      0.005095205064571047,
      -3.036803805677333e-08,
      -3.4609899160446834e-06
    ],
    [
      4.5583405683916424e-06,
      1.095795060769726e-09,
      5.5811032053408984e-05,
      1.3416126889867052e-08,
      -1.2760468578606306e-05,
      -3.0675326320511746e-09,
      -0.0005146659423907353,
      -1.2372670903851155e-07,
      1.3706603695525104e-05,
      3.2949772848552106e-09,
      0.001821231339970236,
      4.377964329607993e-07,
      0.0001263264134074619,
      3.036803805677333e-08,
      0.005095103068095485,
      1.2248728406218813e-06
    ],
    [
      -1.095795060769726e-09,
      1.2488576470713745e-07,
      1.3416126889867047e-08,
      1.5290727782957914e-06,
      3.0675326320511746e-09,
      -3.4960109990705034e-07,
      -1.2372670903851155e-07,
      -1.4100468195473108e-05,
      -3.2949772848552106e-09,
      3.755225522030933e-07,
      4.377964329607993e-07,
      4.989686021686027e-05,
      -3.036803805677333e-08,
      3.4609899160446834e-06,
      1.2248728406218813e-06,
      0.0001395921759085318
    ],
    [
      0.018785641094596836,
      4.515944541060271e-06,
      1.2760468578606306e-05,
      -3.0675326320511746e-09,
      -0.08517351676637805,
      -2.0475152036962463e-05,
      5.8018365011001614e-05,
      -1.3947232958818334e-08,
      0.1859745704808151,
