{
  "config": {
    "symbols": [
      "H",
      "H"
    ],
    "geometry": [
      [
        0.0,
        0.0,
        0.0
      ],
      [
        0.0,
        0.0,
        0.7414
      ]
    ],
    "basis": "STO-3G",
    "ansatz": "TwoQubit-RY-CNOT",
    "optimizer": {
      "name": "Adam",
      "stepsize": 0.1,
      "iterations_planned": 50
    },
    "seed": 2,
    "noisy": true,
    "depolarizing_prob": 0.04,
    "amplitude_damping_prob": 0.0
  },
  "energies": [
    1.266655346109256,
    1.266655346109256,
    1.2596529537844572,
    1.2454904052884124,
    1.2207992573256792,
    1.1852792379631252,
    1.1388565954168623,
    1.0816607164219971,
    1.0140357827365893,
    0.9365514191915512,
    0.8500066645414763,
    0.7554255895062288,
    0.6540433876941614,
    0.5472821094136575,
    0.43671575743811575,
    0.3240252292279901,
    0.21094452965575394,
    0.09920071352000712,
    -0.00954897556905182,
    -0.11377849229192474,
    -0.21214820596572928,
    -0.3035494044881444,
    -0.3871343835884699,
    -0.46232991669507983,
    -0.5288338576606948,
    -0.5865966848815962,
    -0.6357915184052563,
    -0.6767771529315327,
    -0.7100587561438021,
    -0.7362501425383656,
    -0.7560402263335385,
    -0.7701647773238016,
    -0.7793833224755647,
    -0.7844602011508244,
    -0.7861484728864184,
    -0.7851755253265151,
    -0.7822296730577043,
    -0.777947583678392,
    -0.7729028461635978,
    -0.7675962973657322,
    -0.7624488034090442,
    -0.7577970741763729,
    -0.7538928335578382,
    -0.7509053549979273,
    -0.7489270720509553,
    -0.7479817399744678,
    -0.7480344789499616,
    -0.7490029745803769,
    -0.7507691328129913,
    -0.7531905616884946,
    -0.7561113604426459
  ],
  "final_params": [
    3.4187405758970564
  ],
  "final_state_real": [
    [
      0.0018954200653048122,
      0.0,
      0.0,
      0.0,
      -0.0009308307531341512,
      0.0,
      0.0,
      0.0,
      0.0009308307531341509,
      0.0,
      0.0,
      0.0,
      0.015890314414710106,
      0.0,
      0.0,
      0.0
    ],
    [
      0.0,
      5.1929316857704466e-05,
      0.0,
      0.0,
      0.0,
      -2.5502212414653132e-05,
      0.0,
      0.0,
      0.0,
      2.550221241465312e-05,
      0.0,
      0.0,
      0.0,
      0.0004353510798553932,
      0.0,
      0.0
    ],
    [
      0.0,
      0.0,
      5.1929316857704466e-05,
      0.0,
      0.0,
      0.0,
      -2.5502212414653132e-05,
      0.0,
      0.0,
      0.0,
      2.550221241465312e-05,
      0.0,
      0.0,
      0.0,
      0.00043535107985539313,
      0.0
    ],
    [
      0.0,
      0.0,
      0.0,
      1.422721009801174e-06,
      0.0,
      0.0,
      0.0,
      -6.986907510869036e-07,
      0.0,
      0.0,
      0.0,
      6.986907510869033e-07,
      0.0,
      0.0,
      0.0,
      1.1927426845362053e-05
    ],
    [
      -0.0009308307531341516,
      0.0,
      0.0,
      0.0,
      0.04048003095794885,
      0.0,
      0.0,
      0.0,
      -0.015890314414710106,
      0.0,
      0.0,
      0.0,
      0.11708235872172348,
      0.0,
      0.0,
      0.0
    ],
    [
      0.0,
      -2.5502212414653145e-05,
      0.0,
      0.0,
      0.0,
      0.001109041944054213,
      0.0,
      0.0,
      0.0,
      -0.0004353510798553932,
      0.0,
      0.0,
      0.0,
      0.0032077358553920556,
      0.0,
      0.0
    ],
    [
      0.0,
      0.0,
      -2.5502212414653145e-05,
      0.0,
      0.0,
      0.0,
      0.0011090419440542131,
      0.0,
      0.0,
      0.0,
      -0.00043535107985539313,
      0.0,
      0.0,
      0.0,
      0.0032077358553920556,
      0.0
    ],
    [
      0.0,
      0.0,
      0.0,
      -6.98690751086904e-07,
      0.0,
      0.0,
      0.0,
      3.0384710796028304e-05,
      0.0,
      0.0,
      0.0,
      -1.1927426845362053e-05,
      0.0,
      0.0,
      0.0,
      8.788317412039525e-05
    ],
    [
      0.0009308307531341509,
      0.0,
      0.0,
      0.0,
      -0.015890314414710106,
      0.0,
      0.0,
      0.0,
      0.04048003095794885,
      0.0,
      0.0,
      0.0,
      -0.11708235872172347,
      0.0,
      0.0,
      0.0
    ],
    [
      0.0,
      2.550221241465312e-05,
      0.0,
      0.0,
      0.0,
      -0.0004353510798553932,
      0.0,
      0.0,
      0.0,
      0.001109041944054213,
      0.0,
      0.0,
      0.0,
      -0.003207735855392055,
      0.0,
      0.0
    ],
    [
      0.0,
      0.0,
      2.550221241465312e-05,
      0.0,
      0.0,
      0.0,
      -0.00043535107985539313,
      0.0,
      0.0,
      0.0,
      0.0011090419440542131,
      0.0,
      0.0,
      0.0,
      -0.003207735855392055,
      0.0
    ],
    [
      0.0,
      0.0,
      0.0,
      6.986907510869033e-07,
      0.0,
      0.0,
      0.0,
      -1.1927426845362053e-05,
      0.0,
      0.0,
      0.0,
      3.0384710796028304e-05,
      0.0,
      0.0,
      0.0,
      -8.788317412039525e-05
    ],
    [
      0.015890314414710106,
      0.0,
      0.0,
      0.0,
      0.11708235872172348,
      0.0,
      0.0,
      0.0,
      -0.1170823587217235,
      0.0,
      0.0,
      0.0,
      0.864522295796726,
      0.0,
      0.0,
      0.0
    ],
    [
      0.0,
      0.0004353510798553932,
      0.0,
      0.0,
      0.0,
      0.0032077358553920556,
      0.0,
      0.0,
      0.0,
      -0.003207735855392056,
      0.0,
      0.0,
      0.0,
      0.023685542350612737,
      0.0,
      0.0
    ],
    [
      0.0,
      0.0,
      0.00043535107985539313,
      0.0,
      0.0,
      0.0,
      0.0032077358553920556,
      0.0,
      0.0,
      0.0,
      -0.003207735855392056,
      0.0,
      0.0,
      0.0,
      0.023685542350612744,
      0.0
    ],
    [
      0.0,
      0.0,
      0.0,
      1.1927426845362053e-05,
      0.0,
      0.0,
      0.0,
      8.788317412039525e-05,
      0.0,
      0.0,
      0.0,
      -8.788317412039527e-05,
      0.0,
      0.0,
      0.0,
      0.0006489189685104179
    ]
  ],