{
  "config": {
    "symbols": [
      "H",
      "H"
    ],
    "geometry": [
      [
        0.0,
        0.0,
        0.0
      ],
      [
        0.0,
        0.0,
        0.7414
      ]
    ],
    "basis": "STO-3G",
    "ansatz": "RY-CZ",
    "optimizer": {
      "name": "Nesterov",
      "stepsize": 0.1,
      "iterations_planned": 50
    },
    "seed": 0,
    "noisy": true,
    "depolarizing_prob": 0.06,
    "amplitude_damping_prob": 0.0
  },
  "energies": [
    1.2276852180739952,
    1.2276852180739952,
    1.2276650770626387,
    1.2276292706967102,
    1.2275695379639666,
    1.2274721477743316,
    1.227314813683502,
    1.2270616646546182,
    1.2266551474132406,
    1.2260030557209431,
    1.2249578202491775,
    1.2232835571389105,
    1.220603892052364,
    1.216319981162389,
    1.2094833140461896,
    1.1986024400548523,
    1.1813596111929372,
    1.1542212077989429,
    1.1119663631833168,
    1.0472758080302413,
    0.9507830559606001,
    0.8124085115809367,
    0.6250814260050057,
    0.3910925123488898,
    0.12805393510366808,
    -0.1323768382245373,
    -0.35672680421657865,
    -0.5245976832236783,
    -0.6332750380595715,
    -0.6912367037829465,
    -0.7100954471048528,
    -0.7009706143303351,
    -0.6742373813321733,
    -0.6397218226032522,
    -0.6061205671267746,
    -0.5800513005896047,
    -0.5654364551359077,
    -0.5634850183610203,
    -0.5731497210282971,
    -0.591829820231591,
    -0.6161346986502737,
    -0.6425814377625384,
    -0.6681361052216785,
    -0.6905451934232127,
    -0.7084527912894178,
    -0.7213462187840864,
    -0.7293971336187746,
    -0.7332612288522251,
    -0.7338793772713028,
    -0.7323022880896242,
    -0.7295478851582444
  ],
  "final_params": [
    3.084263755676645,
    2.9667643022492,
    -0.0005947439527049724,
    0.0014100130134042353
  ],
  "final_state_real": [
    [
      0.0017657934663341047,
      1.1930253856144647e-06,
      3.4657728599735797e-07,
      -2.341584836099471e-10,
      -0.0028889892012425766,
      -1.9518916409865453e-06,
      -8.233084037839638e-07,
      5.562529777985758e-10,
      -0.000786481472272025,
      -5.313715219956704e-07,
      -3.2543297664022797e-07,
      2.1987272509061097e-10,
      -0.0019435279738913684,
      -1.3131084064386385e-06,
      -5.538694686729043e-07,
      3.7421158322326704e-10
    ],
    [
      1.1930253856144647e-06,
      7.35756039002123e-05,
      2.341584836099471e-10,
      1.4440548288144996e-08,
      -1.9518916409865453e-06,
      -0.00012037598348571314,
      -5.562529777985758e-10,
      -3.430410832223015e-08,
      -5.313715219956704e-07,
      -3.2770451574314264e-05,
      -2.1987272509061097e-10,
      -1.3559545889466624e-08,
      -1.3131084064386385e-06,
      -8.098129656855188e-05,
      -3.74211583223267e-10,
      -2.3077619713835654e-08
    ],
    [
      3.4657728599735786e-07,
      2.341584836099471e-10,
      7.357488364215235e-05,
      4.9709285751100636e-08,
      8.233084037839638e-07,
      5.562529777985758e-10,
      -0.00012037429502176563,
      -8.13289906807835e-08,
      -3.2543297664022797e-07,
      -2.1987272509061097e-10,
      -3.277013077257262e-05,
      -2.2140433175506604e-08,
      5.538694686729043e-07,
      3.7421158322326704e-10,
      -8.098016067752342e-05,
      -5.471296618501309e-08
    ],
    [
      -2.341584836099471e-10,
      1.4440548288144993e-08,
      4.9709285751100636e-08,
      3.0656566575124913e-06,
      -5.562529777985758e-10,
      3.430410832223015e-08,
      -8.13289906807835e-08,
      -5.015655352194493e-06,
      2.1987272509061097e-10,
      -1.3559545889466624e-08,
      -2.2140433175506604e-08,
      -1.365438375126913e-06,
      -3.74211583223267e-10,
      2.3077619713835654e-08,
      -5.471296618501309e-08,
      -3.3742135416066066e-06
    ],
    [
      -0.002888989201242577,
      -1.9518916409865453e-06,
      8.233084037839642e-07,
      -5.56252977798576e-10,
      0.035794649244672155,
      2.418398642436673e-05,
      1.0194285149087168e-05,
      -6.887578754990455e-09,
      0.0019435279738913684,
      1.3131084064386385e-06,
      -5.538694686729043e-07,
      3.7421158322326704e-10,
      -0.023133704131078087,
      -1.5629855256497112e-05,
      -6.596897923555059e-06,
      4.457071125893222e-09
    ],
    [
      -1.9518916409865453e-06,
      -0.00012037598348571317,
      5.562529777985758e-10,
      3.430410832223016e-08,
      2.4183986424366728e-05,
      0.0014914614788107538,
      6.887578754990453e-09,
      4.247568230990037e-07,
      1.3131084064386385e-06,
      8.098129656855188e-05,
      -3.74211583223267e-10,
      -2.3077619713835654e-08,
      -1.5629855256497112e-05,
      -0.0009639158170782675,
      -4.457071125893222e-09,
      -2.748674736225688e-07
    ],
    [
      -8.233084037839642e-07,
      -5.56252977798576e-10,
      -0.00012037429502176565,
      -8.13289906807835e-08,
      1.0194285149087166e-05,
      6.887578754990455e-09,
      0.001491446878357693,
      1.0076639661363207e-06,
      5.538694686729043e-07,
      3.7421158322326704e-10,
      8.098016067752342e-05,
      5.471296618501309e-08,
      -6.596897923555059e-06,
      -4.457071125893222e-09,
      -0.000963906380959507,
      -6.512425892709667e-07
    ],
    [
      5.562529777985758e-10,
      -3.430410832223016e-08,
      -8.13289906807835e-08,
      -5.015655352194494e-06,
      -6.887578754990453e-09,
      4.247568230990037e-07,
      1.0076639661363205e-06,
      6.214435994491947e-05,
      -3.74211583223267e-10,
      2.3077619713835654e-08,
      5.471296618501309e-08,
      3.3742135416066066e-06,
      4.457071125893222e-09,
      -2.748674736225688e-07,
      -6.512425892709667e-07,
      -4.0163244136132204e-05
    ],
    [
      -0.000786481472272025,
      -5.313715219956704e-07,
      -3.2543297664022797e-07,
      2.1987272509061097e-10,
      0.0019435279738913684,
      1.3131084064386385e-06,
      5.538694686729043e-07,
      -3.7421158322326704e-10,
      0.04156048886837922,
      2.8079568309571613e-05,
      8.157194887933128e-06,
      -5.511256688309903e-09,
      -0.07072887636765512,
      -4.778664541183409e-05,
      -2.0156419511239987e-05,
      1.361830915772676e-08
    ],
    [
      -5.313715219956704e-07,
      -3.2770451574314264e-05,
      -2.1987272509061097e-10,
      -1.3559545889466624e-08,
      1.3131084064386385e-06,
      8.098129656855188e-05,
      3.74211583223267e-10,
      2.3077619713835654e-08,
      2.807956830957161e-05,
      0.0017317076573101775,
      5.511256688309901e-09,
      3.398790729635578e-07,
      -4.7786645411834084e-05,
      -0.002947071608967572,
      -1.361830915772676e-08,
      -8.39840811928996e-07
    ],
    [
      -3.2543297664022797e-07,
      -2.1987272509061097e-10,
      -3.277013077257262e-05,
      -2.2140433175506604e-08,
      -5.538694686729043e-07,
      -3.7421158322326704e-10,
      8.098016067752342e-05,
      5.471296618501309e-08,
      8.157194887933126e-06,
      5.511256688309901e-09,
      0.0017316907050008317,
      1.1699795341313165e-06,
      2.0156419511239987e-05,
      1.361830915772676e-08,
      -0.0029470302716175585,
      -1.99111444393534e-06
    ],
    [
      2.1987272509061097e-10,
      -1.3559545889466624e-08,
      -2.2140433175506604e-08,
      -1.365438375126913e-06,
      3.74211583223267e-10,
      -2.3077619713835654e-08,
      5.471296618501309e-08,
      3.3742135416066066e-06,
      -5.511256688309901e-09,
      3.3987907296355765e-07,
      1.1699795341313165e-06,
      7.21546385905096e-05,
      -1.361830915772676e-08,
      8.39840811928996e-07,
      -1.991114443935339e-06,
      -0.00012279439021632566
    ],
    [
      -0.0019435279738913684,
      -1.3131084064386385e-06,
      5.538694686729043e-07,
      -3.7421158322326704e-10,
      -0.023133704131078087,
      -1.5629855256497112e-05,
      -6.596897923555059e-06,
      4.457071125893222e-09,
