{
  "config": {
    "symbols": [
      "H",
      "H"
    ],
    "geometry": [
      [
        0.0,
        0.0,
        0.0
      ],
      [
        0.0,
        0.0,
        0.7414
      ]
    ],
    "basis": "STO-3G",
    "ansatz": "TwoQubit-RY-CNOT",
    "optimizer": {
      "name": "GradientDescent",
      "stepsize": 0.1,
      "iterations_planned": 50
    },
    "seed": 2,
    "noisy": true,
    "depolarizing_prob": 0.1,
    "amplitude_damping_prob": 0.0
  },
  "energies": [
    1.1543320741388705,
    1.1543320741388705,
    1.1543318713195385,
    1.1543316181660592,
    1.1543313021847186,
    1.1543309077854917,
    1.154330415504854,
    1.1543298010526972,
    1.1543290341078092,
    1.1543280768245958,
    1.1543268819687929,
    1.1543253905811248,
    1.1543235290641907,
    1.15432120556591,
    1.1543183054396138,
    1.154314685582971,
    1.1543101673789495,
    1.154304527906218,
    1.1542974888979036,
    1.1542887030641797,
    1.1542777369239763,
    1.154264049449056,
    1.1542469653961618,
    1.1542256420132355,
    1.1541990274827776,
    1.1541658091244362,
    1.1541243487587352,
    1.154072601986915,
    1.1540080177719916,
    1.1539274128828085,
    1.1538268156185116,
    1.153701270926946,
    1.1535445978145094,
    1.1533490870551553,
    1.153105125119931,
    1.1528007266164138,
    1.15242095344512,
    1.1519471940952526,
    1.1513562706459346,
    1.1506193347987563,
    1.149700506175787,
    1.148555197192676,
    1.147128060637191,
    1.1453504884706318,
    1.1431375803505133,
    1.140384500796638,
    1.1369621467755808,
    1.1327120668558623,
    1.1274406127040446,
    1.120912378071203,
    1.1128431086974075
  ],
  "final_params": [
    -0.29813591712684584
  ],
  "final_state_real": [
    [
      0.7280685475275044,
      0.0,
      0.0,
      0.0,
      0.10104319917804958,
      0.0,
      0.0,
      0.0,
      -0.10104319917804958,
      0.0,
      0.0,
      0.0,
      0.014113690247734885,
      0.0,
      0.0,
      0.0
    ],
    [
      0.0,
      0.05200489625197955,
      0.0,
      0.0,
      0.0,
      0.007217371369862759,
      0.0,
      0.0,
      0.0,
      -0.007217371369862759,
      0.0,
      0.0,
      0.0,
      0.0010081207319813533,
      0.0,
      0.0
    ],
    [
      0.0,
      0.0,
      0.05200489625197955,
      0.0,
      0.0,
      0.0,
      0.007217371369862759,
      0.0,
      0.0,
      0.0,
      -0.007217371369862759,
      0.0,
      0.0,
      0.0,
      0.0010081207319813529,
      0.0
    ],
    [
      0.0,
      0.0,
      0.0,
      0.0037146354465710358,
      0.0,
      0.0,
      0.0,
      0.0005155265264189167,
      0.0,
      0.0,
      0.0,
      -0.0005155265264189167,
      0.0,
      0.0,
      0.0,
      7.200862371297449e-05
    ],
    [
      0.10104319917804958,
      0.0,
      0.0,
      0.0,
      0.06831615938355781,
      0.0,
      0.0,
      0.0,
      -0.014113690247734885,
      0.0,
      0.0,
      0.0,
      -0.0049463472348027565,
      0.0,
      0.0,
      0.0
    ],
    [
      0.0,
      0.007217371369862759,
      0.0,
      0.0,
      0.0,
      0.0048797256702555305,
      0.0,
      0.0,
      0.0,
      -0.0010081207319813533,
      0.0,
      0.0,
      0.0,
      -0.0003533105167717271,
      0.0,
      0.0
    ],
    [
      0.0,
      0.0,
      0.007217371369862759,
      0.0,
      0.0,
      0.0,
      0.004879725670255531,
      0.0,
      0.0,
      0.0,
      -0.0010081207319813529,
      0.0,
      0.0,
      0.0,
      -0.0003533105167717271,
      0.0
    ],
    [
      0.0,
      0.0,
      0.0,
      0.0005155265264189167,
      0.0,
      0.0,
      0.0,
      0.000348551833589781,
      0.0,
      0.0,
      0.0,
      -7.200862371297449e-05,
      0.0,
      0.0,
      0.0,
      -2.5236465483702046e-05
    ],
    [
      -0.10104319917804958,
      0.0,
      0.0,
      0.0,
      -0.014113690247734885,
      0.0,
      0.0,
      0.0,
      0.06831615938355783,
      0.0,
      0.0,
      0.0,
      0.004946347234802757,
      0.0,
      0.0,
      0.0
    ],
    [
      0.0,
      -0.007217371369862759,
      0.0,
      0.0,
      0.0,
      -0.0010081207319813533,
      0.0,
      0.0,
      0.0,
      0.004879725670255532,
      0.0,
      0.0,
      0.0,
      0.00035331051677172715,
      0.0,
      0.0
    ],
    [
      0.0,
      0.0,
      -0.007217371369862759,
      0.0,
      0.0,
      0.0,
      -0.0010081207319813529,
      0.0,
      0.0,
      0.0,
      0.004879725670255531,
      0.0,
      0.0,
      0.0,
      0.0003533105167717271,
      0.0
    ],
    [
      0.0,
      0.0,
      0.0,
      -0.0005155265264189167,
      0.0,
      0.0,
      0.0,
      -7.200862371297449e-05,
      0.0,
      0.0,
      0.0,
      0.000348551833589781,
      0.0,
      0.0,
      0.0,
      2.5236465483702046e-05
    ],
    [
      0.014113690247734885,
      0.0,
      0.0,
      0.0,
      -0.0049463472348027565,
      0.0,
      0.0,
      0.0,
      0.004946347234802757,
      0.0,
      0.0,
      0.0,
      0.006410244816602742,
      0.0,
      0.0,
      0.0
    ],
    [
      0.0,
      0.0010081207319813533,
      0.0,
      0.0,
      0.0,
      -0.0003533105167717271,
      0.0,
      0.0,
      0.0,
      0.00035331051677172715,
      0.0,
      0.0,
      0.0,
      0.00045787462975747033,
      0.0,
      0.0
    ],
    [
      0.0,
      0.0,
      0.0010081207319813529,
      0.0,
      0.0,
      0.0,
      -0.0003533105167717271,
      0.0,
      0.0,
      0.0,
      0.0003533105167717271,
      0.0,
      0.0,
      0.0,
      0.00045787462975747033,
      0.0
    ],
    [
      0.0,
      0.0,
      0.0,
      7.200862371297449e-05,
      0.0,
      0.0,
      0.0,
      -2.5236465483702046e-05,
      0.0,
      0.0,
      0.0,
      2.5236465483702046e-05,
      0.0,
      0.0,
      0.0,
      3.2705330696971576e-05
    ]
  ],