{
  "config": {
    "symbols": [
      "H",
      "H"
    ],
    "geometry": [
      [
        0.0,
        0.0,
        0.0
      ],
      [
        0.0,
        0.0,
        0.7414
      ]
    ],
    "basis": "STO-3G",
    "ansatz": "RY-CZ",
    "optimizer": {
      "name": "Momentum",
      "stepsize": 0.1,
      "iterations_planned": 50
    },
    "seed": 0,
    "noisy": true,
    "depolarizing_prob": 0.06,
    "amplitude_damping_prob": 0.0
  },
  "energies": [
    1.2275941675423714,
    1.2275941675423714,
    1.2275715128809508,
    1.2275228696429958,
    1.2274392390780315,
    1.227304767175318,
    1.2270940726934958,
    1.2267677126381058,
    1.2262650188530944,
    1.2254930460587035,
    1.2243096823621615,
    1.222497984400738,
    1.2197273990243747,
    1.2154956244492812,
    1.209042469992187,
    1.1992245974536062,
    1.184338869862724,
    1.16188592480558,
    1.1282830957315597,
    1.0785840377548779,
    1.0063691884023378,
    0.9041628310009151,
    0.7649737531779204,
    0.5855962622838526,
    0.3715096811136571,
    0.14093081427291487,
    -0.07702009085418132,
    -0.253347610665569,
    -0.3738358705905537,
    -0.4448501356022516,
    -0.4851330302239803,
    -0.5121595191086259,
    -0.5340884323513078,
    -0.5503133775298426,
    -0.5569193006671939,
    -0.5521236608670355,
    -0.5386723390508088,
    -0.5228458378501704,
    -0.5116898833444511,
    -0.5104295156647993,
    -0.5211383764006329,
    -0.5427245662603133,
    -0.5718022115629723,
    -0.6039556262785881,
    -0.6349767085592697,
    -0.6617506448990634,
    -0.6826146061984844,
    -0.6972227897527293,
    -0.7061272943617716,
    -0.710329968797563,
    -0.7109719084900733
  ],
  "final_params": [
    -3.257356143352944,
    2.7598078388791905,
    0.000759265285726552,
    -0.0004082754396229557
  ],
  "final_state_real": [
    [
      0.0029029489430651826,
      -5.679096539664783e-07,
      -5.778404403322778e-08,
      -1.130440720914931e-11,
      -0.005789372199536522,
      1.132586382323625e-06,
      2.106258330622083e-06,
      4.1205149718014605e-10,
      -0.00019589477457732102,
      3.8323282918844555e-08,
      1.3026106813374138e-06,
      2.548323126771465e-10,
      -0.008392197358223105,
      1.6417822378835347e-06,
      3.053204214335563e-06,
      5.973043996659837e-10
    ],
    [
      -5.679096539664783e-07,
      0.00012095632672338427,
      1.1304407209149264e-11,
      -2.4076660975773917e-09,
      1.132586382323625e-06,
      -0.0002412240824845583,
      -4.1205149718014605e-10,
      8.776067615590648e-08,
      3.8323282918844555e-08,
      -8.162290423254646e-06,
      -2.548323126771465e-10,
      5.4275390867327115e-08,
      1.6417822378835347e-06,
      -0.0003496752390403868,
      -5.973043996659837e-10,
      1.2721671525116908e-07
    ],
    [
      -5.778404403322778e-08,
      1.130440720914931e-11,
      0.00012095662361053993,
      -2.366282054302797e-08,
      -2.106258330622083e-06,
      4.1205149718014605e-10,
      -0.00024122300872616271,
      4.7191262209555766e-08,
      1.3026106813374134e-06,
      -2.548323126771465e-10,
      -8.162310457586484e-06,
      1.596797941353248e-09,
      -3.053204214335563e-06,
      5.973043996659837e-10,
      -0.00034967368253442026,
      6.840782944961686e-08
    ],
    [
      -1.1304407209149264e-11,
      -2.4076660975773917e-09,
      -2.366282054302797e-08,
      5.039864348887161e-06,
      -4.1205149718014605e-10,
      -8.776067615590648e-08,
      4.719126220955576e-08,
      -1.0050968731772266e-05,
      2.548323126771465e-10,
      5.42753908673271e-08,
      1.596797941353248e-09,
      -3.400966086172595e-07,
      -5.973043996659837e-10,
      -1.2721671525116908e-07,
      6.840782944961686e-08,
      -1.4569751318651618e-05
    ],
    [
      -0.00578937219953652,
      1.132586382323625e-06,
      -2.106258330622083e-06,
      -4.1205149718014605e-10,
      0.036798495596935925,
      -7.198962610371206e-06,
      -1.3346233095261436e-05,
      -2.6109500666014987e-09,
      0.008392197358223103,
      -1.6417822378835343e-06,
      3.0532042143355624e-06,
      5.973043996659836e-10,
      -0.045245315854827016,
      8.851430794916963e-06,
      1.651221373914471e-05,
      3.230317142989593e-09
    ],
    [
      1.132586382323625e-06,
      -0.00024122408248455825,
      4.1205149718014605e-10,
      -8.776067615590648e-08,
      -7.198962610371204e-06,
      0.0015332721806854235,
      2.610950066601498e-09,
      -5.56092490434706e-07,
      -1.6417822378835343e-06,
      0.0003496752390403867,
      -5.973043996659836e-10,
      1.2721671525116903e-07,
      8.851430794916963e-06,
      -0.0018852233761509482,
      -3.230317142989593e-09,
      6.880082188922147e-07
    ],
    [
      2.106258330622083e-06,
      -4.12051497180146e-10,
      -0.0002412230087261626,
      4.7191262209555766e-08,
      -1.3346233095261436e-05,
      2.6109500666014987e-09,
      0.0015332759441001112,
      -2.999557397121428e-07,
      -3.0532042143355624e-06,
      5.973043996659836e-10,
      0.00034967368253442015,
      -6.840782944961683e-08,
      1.6512213739144707e-05,
      -3.2303171429895914e-09,
      -0.0018852280034294142,
      3.688083429930821e-07
    ],
    [
      4.1205149718014605e-10,
      8.776067615590648e-08,
      4.719126220955576e-08,
      -1.0050968731772261e-05,
      -2.610950066601498e-09,
      -5.56092490434706e-07,
      -2.999557397121427e-07,
      6.388656145493709e-05,
      -5.973043996659836e-10,
      -1.2721671525116903e-07,
      -6.840782944961683e-08,
      1.4569751318651614e-05,
      3.2303171429895914e-09,
      6.880082188922147e-07,
      3.688083429930821e-07,
      -7.855124523482236e-05
    ],
    [
      -0.00019589477457732102,
      3.8323282918844555e-08,
      1.3026106813374138e-06,
      2.548323126771465e-10,
      0.008392197358223105,
      -1.6417822378835347e-06,
      -3.053204214335563e-06,
      -5.973043996659837e-10,
      0.06448395096889138,
      -1.2615123103910607e-05,
      -1.2835718213798632e-06,
      -2.511077027202112e-10,
      -0.1511023885109955,
      2.9560460385985884e-05,
      5.4973260244635483e-05,
      1.0754527998465247e-08
    ],
    [
      3.8323282918844555e-08,
      -8.162290423254646e-06,
      -2.548323126771465e-10,
      5.4275390867327115e-08,
      -1.6417822378835347e-06,
      0.0003496752390403868,
      5.973043996659837e-10,
      -1.2721671525116908e-07,
      -1.2615123103910609e-05,
      0.002686833972895258,
      2.511077027202112e-10,
      -5.348210582777608e-08,
      2.9560460385985884e-05,
      -0.006295939140466422,
      -1.0754527998465247e-08,
      2.290550223314208e-06
    ],
    [
      1.3026106813374134e-06,
      -2.548323126771465e-10,
      -8.162310457586484e-06,
      1.596797941353248e-09,
      3.053204214335563e-06,
      -5.973043996659837e-10,
      0.00034967368253442026,
      -6.840782944961686e-08,
      -1.2835718213798632e-06,
      2.511077027202112e-10,
      0.0026868405677259516,
      -5.256283143826651e-07,
      -5.4973260244635483e-05,
      1.0754527998465247e-08,
      -0.006295911115414193,
      1.2316901023021831e-06
    ],
    [
      2.548323126771465e-10,
      5.42753908673271e-08,
      1.596797941353248e-09,
      -3.400966086172595e-07,
      5.973043996659837e-10,
      1.2721671525116908e-07,
      -6.840782944961686e-08,
      1.4569751318651618e-05,
      -2.511077027202112e-10,
      -5.348210582777608e-08,
      -5.256283143826651e-07,
      0.00011195180209416657,
      -1.0754527998465247e-08,
      -2.290550223314208e-06,
      1.2316901023021831e-06,
      -0.00026232989171808745
    ],
    [
      -0.008392197358223103,
      1.6417822378835343e-06,
      -3.0532042143355624e-06,
      -5.973043996659836e-10,
      -0.045245315854827016,
      8.851430794916963e-06,
      1.651221373914471e-05,
      3.230317142989593e-09,
      -0.15110238851099547,
