{
  "config": {
    "symbols": [
      "H",
      "H"
    ],
    "geometry": [
      [
        0.0,
        0.0,
        0.0
      ],
      [
        0.0,
        0.0,
        0.7414
      ]
    ],
    "basis": "STO-3G",
    "ansatz": "RY-CZ",
    "optimizer": {
      "name": "Adagrad",
      "stepsize": 0.1,
      "iterations_planned": 50
    },
    "seed": 2,
    "noisy": true,
    "depolarizing_prob": 0.02,
    "amplitude_damping_prob": 0.0
  },
  "energies": [
    1.3068747093344852,
    1.3068747093344852,
    1.2978654231772873,
    1.2745716474342204,
    1.2429855802912089,
    1.20773275456868,
    1.1706675596906289,
    1.1319452439068391,
    1.0918370431268378,
    1.0509826698477653,
    1.009976917167247,
    0.9692710589746681,
    0.9291667345582166,
    0.8898353002014049,
    0.8513530108407896,
    0.8137424912995095,
    0.7770060899669841,
    0.7411419490959581,
    0.7061467084377562,
    0.672014178629555,
    0.638734831697957,
    0.606296287977407,
    0.5746840019343507,
    0.5438818140757897,
    0.5138723857988936,
    0.4846375486460152,
    0.4561585862087796,
    0.4284164632027875,
    0.4013920063825938,
    0.37506604671815946,
    0.349419531604902,
    0.32443361156928785,
    0.300089708355061,
    0.2763695676583907,
    0.25325529769256655,
    0.23072939962781058,
    0.2087747883416024,
    0.18737480785560637,
    0.16651323962527165,
    0.14617430883316862,
    0.12634268502185625,
    0.10700348098992107,
    0.08814224929184633,
    0.06974497728727669,
    0.05179807943788836,
    0.03428839032200792,
    0.017203155090491723,
    0.0005300205018330117,
    -0.015742975163042544,
    -0.031627412291728746,
    -0.04713450051912224
  ],
  "final_params": [
    1.68655278323651,
    1.6883437852379841,
    -3.5084862346130004e-08,
    -2.8084662368060407e-08
  ],
  "final_state_real": [
    [
      0.19135936965987083,
      -2.650819054148273e-09,
      -3.200166838953736e-09,
      -4.433053499408011e-17,
      0.20180830905806024,
      -2.7955637180839497e-09,
      3.492367718130575e-09,
      4.837826811285861e-17,
      0.20143210547743598,
      -2.790352331667229e-09,
      -3.6071786072609417e-09,
      -4.9968693985766917e-17,
      -0.22744718699673774,
      3.150728068215485e-09,
      -3.936058020378571e-09,
      -5.452451906169016e-17
    ],
    [
      -2.650819054148273e-09,
      0.0025859374278399817,
      4.433053499408011e-17,
      -4.324549782376292e-11,
      -2.7955637180839497e-09,
      0.00272713931159951,
      -4.837826811285862e-17,
      4.719415835318548e-11,
      -2.790352331667229e-09,
      0.002722055479428905,
      4.996869398576692e-17,
      -4.874565685494947e-11,
      3.150728068215485e-09,
      -0.0030736106350956736,
      5.452451906169016e-17,
      -5.31899732484375e-11
    ],
    [
      -3.200166838953736e-09,
      4.433053499408011e-17,
      0.0025859374278400034,
      -3.582187911016433e-11,
      -3.492367718130575e-09,
      4.837826811285861e-17,
      0.0027271393115994077,
      -3.7777888082272657e-11,
      -3.6071786072609417e-09,
      4.9968693985766917e-17,
      0.002722055479428927,
      -3.770746394150434e-11,
      3.936058020378571e-09,
      -5.452451906169016e-17,
      -0.0030736106350955587,
      4.2577406327300665e-11
    ],
    [
      -4.433053499408011e-17,
      -4.324549782376292e-11,
      -3.582187911016433e-11,
      3.494510037626881e-05,
      -4.837826811285862e-17,
      -4.719415835318548e-11,
      -3.7777888082272657e-11,
      3.685323394058797e-05,
      -4.996869398576692e-17,
      -4.874565685494947e-11,
      -3.770746394150434e-11,
      3.678453350585164e-05,
      5.452451906169016e-17,
      5.31899732484375e-11,
      4.2577406327300665e-11,
      -4.1535278852705156e-05
    ],
    [
      0.20180830905806024,
      -2.7955637180839497e-09,
      -3.492367718130575e-09,
      -4.837826811285861e-17,
      0.24067601922911477,
      -3.3339813920952906e-09,
      4.076991768772719e-09,
      5.647681366989141e-17,
      0.22744718699673774,
      -3.150728068215485e-09,
      -3.936058020378571e-09,
      -5.452451906169016e-17,
      -0.2566231941415153,
      3.5548907481031224e-09,
      -4.536811494451971e-09,
      -6.284649858508686e-17
    ],
    [
      -2.7955637180839497e-09,
      0.00272713931159951,
      4.837826811285862e-17,
      -4.719415835318548e-11,
      -3.33398139209529e-09,
      0.003252378638236172,
      -5.647681366989141e-17,
      5.5094483361874745e-11,
      -3.150728068215485e-09,
      0.0030736106350956736,
      5.452451906169016e-17,
      -5.31899732484375e-11,
      3.5548907481031224e-09,
      -0.003467881001917584,
      6.284649858508686e-17,
      -6.130826343863057e-11
    ],
    [
      3.492367718130575e-09,
      -4.837826811285861e-17,
      0.0027271393115994077,
      -3.7777888082272657e-11,
      4.076991768772718e-09,
      -5.64768136698914e-17,
      0.0032523786382361985,
      -4.5053802595948385e-11,
      3.936058020378571e-09,
      -5.452451906169016e-17,
      0.0030736106350955587,
      -4.2577406327300665e-11,
      -4.536811494451971e-09,
      6.284649858508686e-17,
      -0.0034678810019176123,
      4.803906416362616e-11
    ],
    [
      4.837826811285862e-17,
      4.719415835318548e-11,
      -3.7777888082272657e-11,
      3.685323394058797e-05,
      5.64768136698914e-17,
      5.509448336187473e-11,
      -4.505380259594837e-11,
      4.395106267893366e-05,
      5.452451906169016e-17,
      5.31899732484375e-11,
      -4.2577406327300665e-11,
      4.1535278852705156e-05,
      -6.284649858508686e-17,
      -6.130826343863057e-11,
      4.803906416362616e-11,
      -4.686325678274092e-05
    ],
    [
      0.20143210547743598,
      -2.790352331667229e-09,
      -3.6071786072609417e-09,
      -4.9968693985766917e-17,
      0.22744718699673774,
      -3.150728068215485e-09,
      3.936058020378571e-09,
      5.452451906169016e-17,
      0.23983325337545613,
      -3.322306919154484e-09,
      -4.010811833748813e-09,
      -5.556005149056631e-17,
      -0.2561508654728615,
      3.5483477821803464e-09,
      -4.43278583386406e-09,
      -6.140547584500921e-17
    ],
    [
      -2.790352331667229e-09,
      0.002722055479428905,
      4.996869398576692e-17,
      -4.874565685494947e-11,
      -3.150728068215485e-09,
      0.0030736106350956736,
      -5.452451906169016e-17,
      5.31899732484375e-11,
      -3.322306919154484e-09,
      0.003240989910484012,
      5.556005149056631e-17,
      -5.420015991560443e-11,
      3.5483477821803464e-09,
      -0.003461498182070901,
      6.14054758450092e-17,
      -5.99025112685216e-11
    ],
    [
      -3.6071786072609417e-09,
      4.9968693985766917e-17,
      0.002722055479428927,
      -3.770746394150434e-11,
      -3.936058020378571e-09,
      5.452451906169016e-17,
      0.0030736106350955587,
      -4.2577406327300665e-11,
      -4.010811833748813e-09,
      5.55600514905663e-17,
      0.0032409899104840385,
      -4.489603944809941e-11,
      4.43278583386406e-09,
      -6.140547584500921e-17,
      -0.0034614981820707724,
      4.795064570521232e-11
    ],
    [
      -4.996869398576692e-17,
      -4.874565685494947e-11,
      -3.770746394150434e-11,
      3.678453350585164e-05,
      -5.452451906169016e-17,
      -5.31899732484375e-11,
      -4.2577406327300665e-11,
      4.1535278852705156e-05,
      -5.55600514905663e-17,
      -5.420015991560443e-11,
      -4.489603944809941e-11,
      4.3797160952552875e-05,
      6.14054758450092e-17,
      5.99025112685216e-11,
      4.795064570521232e-11,
      -4.67770024604862e-05
    ],
    [
      -0.22744718699673774,
      3.150728068215485e-09,
      3.936058020378571e-09,
      5.452451906169016e-17,
      -0.2566231941415153,
      3.5548907481031224e-09,
      -4.536811494451971e-09,
      -6.284649858508686e-17,
      -0.2561508654728615,
      3.5483477821803464e-09,
      4.43278583386406e-09,
