{
  "config": {
    "symbols": [
      "H",
      "H"
    ],
    "geometry": [
      [
        0.0,
        0.0,
        0.0
      ],
      [
        0.0,
        0.0,
        0.7414
      ]
    ],
    "basis": "STO-3G",
    "ansatz": "TwoQubit-RY-CNOT",
    "optimizer": {
      "name": "GradientDescent",
      "stepsize": 0.1,
      "iterations_planned": 50
    },
    "seed": 3,
    "noisy": true,
    "depolarizing_prob": 0.04,
    "amplitude_damping_prob": 0.0
  },
  "energies": [
    1.266637211376261,
    1.266637211376261,
    1.2666314015555942,
    1.2666239078220898,
    1.2666142421246966,
    1.2666017749895968,
    1.2665856945174268,
    1.2665649535573855,
    1.2665382015754394,
    1.2665036967201284,
    1.2664591926325564,
    1.266401792346489,
    1.2663277601126026,
    1.266232278804384,
    1.2661091374569398,
    1.26595032890605,
    1.2657455317639787,
    1.2654814440701634,
    1.2651409266986802,
    1.2647019035273483,
    1.2641359505299248,
    1.2634064895177468,
    1.262466480594071,
    1.261255482064828,
    1.2596959192058867,
    1.2576883712286522,
    1.2551056564992902,
    1.2517854731252682,
    1.2475213457342251,
    1.2420516636726682,
    1.2350466908443742,
    1.2260936495217964,
    1.2146803766298737,
    1.2001787339544217,
    1.1818300332959177,
    1.158736285191236,
    1.1298631508768746,
    1.0940628064010196,
    1.050126880672551,
    0.9968798342131959,
    0.9333194544612516,
    0.8588011488207381,
    0.7732452538241406,
    0.6773245194924333,
    0.5725713657680801,
    0.46134556070437227,
    0.3466335246891785,
    0.2317057936646818,
    0.11971470988298158,
    0.01333815868749555,
    -0.08544750876071008
  ],
  "final_params": [
    1.8279107203365523
  ],
  "final_state_real": [
    [
      0.13653914773325393,
      0.0,
      0.0,
      0.0,
      -0.15013641114170875,
      0.0,
      0.0,
      0.0,
      0.15013641114170873,
      0.0,
      0.0,
      0.0,
      0.19852952136080107,
      0.0,
      0.0,
      0.0
    ],
    [
      0.0,
      0.003740798568037119,
      0.0,
      0.0,
      0.0,
      -0.004113326332652596,
      0.0,
      0.0,
      0.0,
      0.004113326332652595,
      0.0,
      0.0,
      0.0,
      0.005439164968793091,
      0.0,
      0.0
    ],
    [
      0.0,
      0.0,
      0.0037407985680371183,
      0.0,
      0.0,
      0.0,
      -0.004113326332652597,
      0.0,
      0.0,
      0.0,
      0.004113326332652596,
      0.0,
      0.0,
      0.0,
      0.005439164968793091,
      0.0
    ],
    [
      0.0,
      0.0,
      0.0,
      0.00010248763200109272,
      0.0,
      0.0,
      0.0,
      -0.00011269387212755171,
      0.0,
      0.0,
      0.0,
      0.00011269387212755168,
      0.0,
      0.0,
      0.0,
      0.00014901821832320853
    ],
    [
      -0.15013641114170873,
      0.0,
      0.0,
      0.0,
      0.22311923790403476,
      0.0,
      0.0,
      0.0,
      -0.19852952136080104,
      0.0,
      0.0,
      0.0,
      -0.26041847939937773,
      0.0,
      0.0,
      0.0
    ],
    [
      0.0,
      -0.004113326332652595,
      0.0,
      0.0,
      0.0,
      0.006112855832991771,
      0.0,
      0.0,
      0.0,
      -0.00543916496879309,
      0.0,
      0.0,
      0.0,
      -0.007134752860262198,
      0.0,
      0.0
    ],
    [
      0.0,
      0.0,
      -0.004113326332652596,
      0.0,
      0.0,
      0.0,
      0.006112855832991771,
      0.0,
      0.0,
      0.0,
      -0.00543916496879309,
      0.0,
      0.0,
      0.0,
      -0.007134752860262196,
      0.0
    ],
    [
      0.0,
      0.0,
      0.0,
      -0.00011269387212755168,
      0.0,
      0.0,
      0.0,
      0.00016747550227387095,
      0.0,
      0.0,
      0.0,
      -0.0001490182183232085,
      0.0,
      0.0,
      0.0,
      -0.00019547268110321834
    ],
    [
      0.15013641114170873,
      0.0,
      0.0,
      0.0,
      -0.19852952136080107,
      0.0,
      0.0,
      0.0,
      0.22311923790403482,
      0.0,
      0.0,
      0.0,
      0.26041847939937784,
      0.0,
      0.0,
      0.0
    ],
    [
      0.0,
      0.004113326332652595,
      0.0,
      0.0,
      0.0,
      -0.005439164968793091,
      0.0,
      0.0,
      0.0,
      0.006112855832991773,
      0.0,
      0.0,
      0.0,
      0.007134752860262201,
      0.0,
      0.0
    ],
    [
      0.0,
      0.0,
      0.004113326332652596,
      0.0,
      0.0,
      0.0,
      -0.005439164968793091,
      0.0,
      0.0,
      0.0,
      0.006112855832991772,
      0.0,
      0.0,
      0.0,
      0.007134752860262199,
      0.0
    ],
    [
      0.0,
      0.0,
      0.0,
      0.00011269387212755168,
      0.0,
      0.0,
      0.0,
      -0.00014901821832320853,
      0.0,
      0.0,
      0.0,
      0.00016747550227387098,
      0.0,
      0.0,
      0.0,
      0.00019547268110321845
    ],
    [
      0.19852952136080104,
      0.0,
      0.0,
      0.0,
      -0.26041847939937773,
      0.0,
      0.0,
      0.0,
      0.26041847939937784,
      0.0,
      0.0,
      0.0,
      0.36460015423659264,
      0.0,
      0.0,
      0.0
    ],
    [
      0.0,
      0.00543916496879309,
      0.0,
      0.0,
      0.0,
      -0.007134752860262198,
      0.0,
      0.0,
      0.0,
      0.007134752860262201,
      0.0,
      0.0,
      0.0,
      0.009989045321557866,
      0.0,
      0.0
    ],
    [
      0.0,
      0.0,
      0.00543916496879309,
      0.0,
      0.0,
      0.0,
      -0.007134752860262196,
      0.0,
      0.0,
      0.0,
      0.007134752860262199,
      0.0,
      0.0,
      0.0,
      0.009989045321557867,
      0.0
    ],
    [
      0.0,
      0.0,
      0.0,
      0.0001490182183232085,
      0.0,
      0.0,
      0.0,
      -0.00019547268110321834,
      0.0,
      0.0,
      0.0,
      0.00019547268110321845,
      0.0,
      0.0,
      0.0,
      0.0002736724745634316
    ]
  ],