{
  "config": {
    "symbols": [
      "H",
      "H"
    ],
    "geometry": [
      [
        0.0,
        0.0,
        0.0
      ],
      [
        0.0,
        0.0,
        0.7414
      ]
    ],
    "basis": "STO-3G",
    "ansatz": "RY-CZ",
    "optimizer": {
      "name": "Adam",
      "stepsize": 0.1,
      "iterations_planned": 50
    },
    "seed": 1,
    "noisy": true,
    "depolarizing_prob": 0.0,
    "amplitude_damping_prob": 0.0
  },
  "energies": [
    1.3486822263296805,
    1.3486822263296805,
    1.338889331107583,
    1.3196891011417875,
    1.2887241448291722,
    1.2466445803965034,
    1.1948470296855285,
    1.134348321094031,
    1.0627569497791487,
    0.9786661316200507,
    0.8825499117898727,
    0.775602754914587,
    0.6596443513545215,
    0.5371593957028419,
    0.411277756524669,
    0.2855691838158333,
    0.16334107811049461,
    0.04609976690195483,
    -0.06725910817760933,
    -0.17788146715412942,
    -0.28480488919058894,
    -0.3856436677340454,
    -0.4776900387621719,
    -0.5587023005816887,
    -0.6276694795278037,
    -0.6854160325020228,
    -0.7341486868696921,
    -0.775811433702147,
    -0.8110348057409622,
    -0.839470210407742,
    -0.8606187509140641,
    -0.87453189676362,
    -0.8821852324612764,
    -0.8853011278997188,
    -0.8856265348398399,
    -0.8842584374696705,
    -0.881558054317883,
    -0.877527579769332,
    -0.8722597337915728,
    -0.8662081833619377,
    -0.8601604972901351,
    -0.8549396230092571,
    -0.8510591236655958,
    -0.8485913745698023,
    -0.847298287002332,
    -0.8468824521108027,
    -0.8471902476319417,
    -0.8482601694736005,
    -0.8502063270245991,
    -0.8530394949393738,
    -0.8565711193024361
  ],
  "final_params": [
    3.414053373404565,
    3.413251127337192,
    0.01562716295539092,
    0.01535604907607035
  ],
  "final_state_real": [
    [
      0.0003381593532622838,
      2.5964468342782915e-06,
      2.642289431770342e-06,
      -2.028796176767552e-08,
      -0.0024742622850817534,
      -1.8997819860070117e-05,
      1.9333243408026217e-05,
      -1.4844403432534013e-07,
      -0.0024668864324189957,
      -1.894118676945302e-05,
      -1.927561040946442e-05,
      1.4800151805239908e-07,
      -0.01804984544259848,
      -0.00013858987961305158,
      0.00014103680823291493,
      -1.0829053542961983e-06
    ],
    [
      2.5964468342782915e-06,
      1.993597426918479e-08,
      2.028796176767552e-08,
      -1.5577452931462977e-10,
      -1.8997819860070114e-05,
      -1.4586859353360905e-07,
      1.484440343253401e-07,
      -1.1397793352231868e-09,
      -1.894118676945302e-05,
      -1.4543375472912396e-07,
      -1.4800151805239908e-07,
      1.1363816176544722e-09,
      -0.00013858987961305156,
      -1.0641174074735872e-06,
      1.0829053542961983e-06,
      -8.314737270776631e-09
    ],
    [
      2.642289431770342e-06,
      2.028796176767552e-08,
      2.064616393491342e-08,
      -1.5852486833950615e-10,
      -1.9333243408026217e-05,
      -1.4844403432534013e-07,
      1.5106494683493702e-07,
      -1.1599031623790038e-09,
      -1.927561040946442e-05,
      -1.4800151805239908e-07,
      -1.5061461763866262e-07,
      1.1564454542956787e-09,
      -0.00014103680823291493,
      -1.0829053542961983e-06,
      1.1020250191765242e-06,
      -8.461541420064329e-09
    ],
    [
      -2.028796176767552e-08,
      -1.5577452931462977e-10,
      -1.5852486833950615e-10,
      1.217181748761384e-12,
      1.484440343253401e-07,
      1.1397793352231868e-09,
      -1.1599031623790038e-09,
      8.905939948203026e-12,
      1.4800151805239908e-07,
      1.1363816176544722e-09,
      1.1564454542956787e-09,
      -8.879391070631022e-12,
      1.0829053542961983e-06,
      8.314737270776631e-09,
      -8.461541420064327e-09,
      6.496919932674684e-11
    ],
    [
      -0.0024742622850817534,
      -1.8997819860070117e-05,
      -1.9333243408026217e-05,
      1.4844403432534013e-07,
      0.018103813472457188,
      0.00013900425561338118,
      -0.00014145850041316627,
      1.0861431808294314e-06,
      0.018049845442598477,
      0.00013858987961305156,
      0.0001410368082329149,
      -1.082905354296198e-06,
      0.1320680661337584,
      0.0010140417791616916,
      -0.001031945596223196,
      7.92345931174924e-06
    ],
    [
      -1.8997819860070114e-05,
      -1.4586859353360905e-07,
      -1.484440343253401e-07,
      1.1397793352231868e-09,
      0.0001390042556133812,
      1.0672990590950557e-06,
      -1.0861431808294314e-06,
      8.33959787087005e-09,
      0.00013858987961305153,
      1.064117407473587e-06,
      1.082905354296198e-06,
      -8.31473727077663e-09,
      0.0010140417791616916,
      7.785990666304184e-06,
      -7.92345931174924e-06,
      6.083771050859847e-08
    ],
    [
      1.9333243408026217e-05,
      1.4844403432534013e-07,
      1.5106494683493702e-07,
      -1.1599031623790038e-09,
      -0.0001414585004131663,
      -1.0861431808294316e-06,
      1.1053200131641428e-06,
      -8.486840950805508e-09,
      -0.0001410368082329149,
      -1.082905354296198e-06,
      -1.102025019176524e-06,
      8.461541420064327e-09,
      -0.001031945596223196,
      -7.92345931174924e-06,
      8.063355094749299e-06,
      -6.191185485107307e-08
    ],
    [
      -1.484440343253401e-07,
      -1.1397793352231868e-09,
      -1.1599031623790038e-09,
      8.905939948203026e-12,
      1.0861431808294316e-06,
      8.339597870870052e-09,
      -8.486840950805508e-09,
      6.51634536471451e-11,
      1.082905354296198e-06,
      8.31473727077663e-09,
      8.461541420064326e-09,
      -6.496919932674683e-11,
      7.92345931174924e-06,
      6.083771050859847e-08,
      -6.191185485107309e-08,
      4.753700825999043e-10
    ],
    [
      -0.0024668864324189957,
      -1.894118676945302e-05,
      -1.927561040946442e-05,
      1.4800151805239908e-07,
      0.01804984544259848,
      0.00013858987961305158,
      -0.00014103680823291493,
      1.0829053542961983e-06,
      0.017996038293170896,
      0.00013817673888089375,
      0.0001406163731301511,
      -1.0796771798244304e-06,
      0.13167436712976507,
      0.0010110188891463323,
      -0.001028869334373515,
      7.899839233629382e-06
    ],
    [
      -1.894118676945302e-05,
      -1.4543375472912396e-07,
      -1.4800151805239908e-07,
      1.1363816176544722e-09,
      0.00013858987961305156,
      1.0641174074735872e-06,
      -1.0829053542961983e-06,
      8.314737270776631e-09,
      0.00013817673888089375,
      1.060945240457833e-06,
      1.0796771798244304e-06,
      -8.289950780904257e-09,
      0.0010110188891463323,
      7.762780386482865e-06,
      -7.899839233629382e-06,
      6.065635140542044e-08
    ],
    [
      -1.927561040946442e-05,
      -1.4800151805239908e-07,
      -1.5061461763866262e-07,
      1.1564454542956787e-09,
      0.00014103680823291493,
      1.0829053542961983e-06,
      -1.1020250191765242e-06,
      8.461541420064329e-09,
      0.0001406163731301511,
      1.0796771798244304e-06,
      1.0987398491136938e-06,
      -8.436317296966557e-09,
      0.0010288693343735152,
      7.899839233629383e-06,
      -8.039317977691561e-06,
      6.172729373071392e-08
    ],
    [
      1.4800151805239908e-07,
      1.1363816176544722e-09,
      1.1564454542956787e-09,
      -8.879391070631022e-12,
      -1.0829053542961983e-06,
      -8.314737270776631e-09,
      8.461541420064327e-09,
      -6.496919932674684e-11,
      -1.0796771798244304e-06,
      -8.289950780904257e-09,
      -8.436317296966557e-09,
      6.477552416972183e-11,
      -7.899839233629383e-06,
      -6.065635140542045e-08,
      6.172729373071392e-08,
      -4.739529893196342e-10
    ],
    [
      -0.018049845442598477,
      -0.00013858987961305156,
      -0.0001410368082329149,
      1.082905354296198e-06,
      0.1320680661337584,
      0.0010140417791616916,
      -0.001031945596223196,
      7.92345931174924e-06,
      0.13167436712976507,
