{
  "config": {
    "symbols": [
      "H",
      "H"
    ],
    "geometry": [
      [
        0.0,
        0.0,
        0.0
      ],
      [
        0.0,
        0.0,
        0.7414
      ]
    ],
    "basis": "STO-3G",
    "ansatz": "TwoQubit-RY-CNOT",
    "optimizer": {
      "name": "Momentum",
      "stepsize": 0.1,
      "iterations_planned": 50
    },
    "seed": 1,
    "noisy": true,
    "depolarizing_prob": 0.06,
    "amplitude_damping_prob": 0.0
  },
  "energies": [
    1.2276600965582682,
    1.2276600965582682,
    1.2276314893773181,
    1.2275627485213048,
    1.2274243793184354,
    1.2271573289413114,
    1.226648617077571,
    1.2256843409865268,
    1.2238608770040447,
    1.2204185590655579,
    1.2139332774715077,
    1.201754790397125,
    1.1790189889572948,
    1.137032529075053,
    1.0610398037663666,
    0.9284625863469531,
    0.7118114120588716,
    0.3949601103961349,
    0.005763335095426453,
    -0.3675794354131591,
    -0.6265968196739288,
    -0.7318720760356747,
    -0.701669934280408,
    -0.5801215038254812,
    -0.4250210819969781,
    -0.2933721647947929,
    -0.22257223237121262,
    -0.22493802683840344,
    -0.2928308900568729,
    -0.40432197756354105,
    -0.5289375077984283,
    -0.6366657995683986,
    -0.7074259551572968,
    -0.7349594107085734,
    -0.724672781219135,
    -0.6894910438847851,
    -0.6457303493323641,
    -0.608802058595652,
    -0.5893867277073559,
    -0.5914047751632733,
    -0.6122386420090362,
    -0.6446791783974477,
    -0.679735672482351,
    -0.7093934383060397,
    -0.7285155409917063,
    -0.7355239439193577,
    -0.7320276663040349,
    -0.7218042185149458,
    -0.7094991938556918,
    -0.6993442553236597,
    -0.6941766474724822
  ],
  "final_params": [
    3.4893624543487745
  ],
  "final_state_real": [
    [
      0.0042037505902835755,
      0.0,
      0.0,
      0.0,
      -0.0014545422068575513,
      0.0,
      0.0,
      0.0,
      0.0014545422068575498,
      0.0,
      0.0,
      0.0,
      0.02264969289050029,
      0.0,
      0.0,
      0.0
    ],
    [
      0.0,
      0.00017515627459523453,
      0.0,
      0.0,
      0.0,
      -6.0605925285760914e-05,
      0.0,
      0.0,
      0.0,
      6.060592528576085e-05,
      0.0,
      0.0,
      0.0,
      0.0009437372037713066,
      0.0,
      0.0
    ],
    [
      0.0,
      0.0,
      0.00017515627459523453,
      0.0,
      0.0,
      0.0,
      -6.060592528576091e-05,
      0.0,
      0.0,
      0.0,
      6.060592528576087e-05,
      0.0,
      0.0,
      0.0,
      0.0009437372037713065,
      0.0
    ],
    [
      0.0,
      0.0,
      0.0,
      7.298178108138337e-06,
      0.0,
      0.0,
      0.0,
      -2.525246886907938e-06,
      0.0,
      0.0,
      0.0,
      2.5252468869079363e-06,
      0.0,
      0.0,
      0.0,
      3.9322383490490307e-05
    ],
    [
      -0.0014545422068575513,
      0.0,
      0.0,
      0.0,
      0.05803913289052858,
      0.0,
      0.0,
      0.0,
      -0.022649692890500294,
      0.0,
      0.0,
      0.0,
      0.1343745075153794,
      0.0,
      0.0,
      0.0
    ],
    [
      0.0,
      -6.0605925285760914e-05,
      0.0,
      0.0,
      0.0,
      0.0024182972037732056,
      0.0,
      0.0,
      0.0,
      -0.0009437372037713067,
      0.0,
      0.0,
      0.0,
      0.005598937813143546,
      0.0,
      0.0
    ],
    [
      0.0,
      0.0,
      -6.060592528576091e-05,
      0.0,
      0.0,
      0.0,
      0.0024182972037732056,
      0.0,
      0.0,
      0.0,
      -0.0009437372037713067,
      0.0,
      0.0,
      0.0,
      0.005598937813143547,
      0.0
    ],
    [
      0.0,
      0.0,
      0.0,
      -2.525246886907938e-06,
      0.0,
      0.0,
      0.0,
      0.00010076238349059945,
      0.0,
      0.0,
      0.0,
      -3.932238349049031e-05,
      0.0,
      0.0,
      0.0,
      0.00023328907554776175
    ],
    [
      0.0014545422068575498,
      0.0,
      0.0,
      0.0,
      -0.02264969289050029,
      0.0,
      0.0,
      0.0,
      0.05803913289052858,
      0.0,
      0.0,
      0.0,
      -0.13437450751537944,
      0.0,
      0.0,
      0.0
    ],
    [
      0.0,
      6.060592528576085e-05,
      0.0,
      0.0,
      0.0,
      -0.0009437372037713066,
      0.0,
      0.0,
      0.0,
      0.0024182972037732056,
      0.0,
      0.0,
      0.0,
      -0.005598937813143547,
      0.0,
      0.0
    ],
    [
      0.0,
      0.0,
      6.060592528576087e-05,
      0.0,
      0.0,
      0.0,
      -0.0009437372037713065,
      0.0,
      0.0,
      0.0,
      0.0024182972037732056,
      0.0,
      0.0,
      0.0,
      -0.005598937813143548,
      0.0
    ],
    [
      0.0,
      0.0,
      0.0,
      2.5252468869079363e-06,
      0.0,
      0.0,
      0.0,
      -3.9322383490490307e-05,
      0.0,
      0.0,
      0.0,
      0.00010076238349059945,
      0.0,
      0.0,
      0.0,
      -0.00023328907554776178
    ],
    [
      0.022649692890500294,
      0.0,
      0.0,
      0.0,
      0.1343745075153794,
      0.0,
      0.0,
      0.0,
      -0.13437450751537944,
      0.0,
      0.0,
      0.0,
      0.8013179836288062,
      0.0,
      0.0,
      0.0
    ],
    [
      0.0,
      0.0009437372037713067,
      0.0,
      0.0,
      0.0,
      0.005598937813143546,
      0.0,
      0.0,
      0.0,
      -0.005598937813143547,
      0.0,
      0.0,
      0.0,
      0.03338824931788324,
      0.0,
      0.0
    ],
    [
      0.0,
      0.0,
      0.0009437372037713067,
      0.0,
      0.0,
      0.0,
      0.005598937813143547,
      0.0,
      0.0,
      0.0,
      -0.005598937813143548,
      0.0,
      0.0,
      0.0,
      0.03338824931788323,
      0.0
    ],
    [
      0.0,
      0.0,
      0.0,
      3.932238349049031e-05,
      0.0,
      0.0,
      0.0,
      0.00023328907554776175,
      0.0,
      0.0,
      0.0,
      -0.00023328907554776178,
      0.0,
      0.0,
      0.0,
      0.0013911770549124808
    ]
  ],