{
  "config": {
    "symbols": [
      "H",
      "H"
    ],
    "geometry": [
      [
        0.0,
        0.0,
        0.0
      ],
      [
        0.0,
        0.0,
        0.7414
      ]
    ],
    "basis": "STO-3G",
    "ansatz": "RY-CZ",
    "optimizer": {
      "name": "Adam",
      "stepsize": 0.1,
      "iterations_planned": 50
    },
    "seed": 2,
    "noisy": true,
    "depolarizing_prob": 0.02,
    "amplitude_damping_prob": 0.0
  },
  "energies": [
    1.3067430521840642,
    1.3067430521840642,
    1.2966501567622337,
    1.2771945512586904,
    1.246693587934273,
    1.2058728426768515,
    1.1557947600332648,
    1.095081919549691,
    1.0223957713320118,
    0.9380350783031668,
    0.8429671351725532,
    0.7387486145987698,
    0.6275726755889187,
    0.5122236911283923,
    0.39567052624058513,
    0.27984784380011196,
    0.16475125824946127,
    0.05006256794436831,
    -0.06304565479878982,
    -0.1720858378104754,
    -0.2741969827858398,
    -0.3670241617645559,
    -0.4496660664799164,
    -0.5229833621506503,
    -0.5883251686968125,
    -0.6461130400684797,
    -0.6957745072403496,
    -0.7365380888484618,
    -0.7682888254827778,
    -0.7920441573157883,
    -0.8095802237898606,
    -0.8224066594228265,
    -0.8311808949367262,
    -0.83598629862815,
    -0.8369630614260285,
    -0.8347694039446188,
    -0.8305731327459536,
    -0.8255686969720146,
    -0.8204812398261303,
    -0.8155102463279282,
    -0.8106431455186166,
    -0.8060029411630099,
    -0.8019731267489754,
    -0.7990258609103891,
    -0.7974264719859221,
    -0.7971001879829125,
    -0.7977552928969647,
    -0.7991176295431776,
    -0.8010794859323768,
    -0.8036607222391128,
    -0.8068436396915029
  ],
  "final_params": [
    3.412574353471799,
    3.4112158903692986,
    0.014389391676946056,
    0.021054528934134818
  ],
  "final_state_real": [
    [
      0.0009356414362173908,
      9.716970996573555e-06,
      1.0162245256066042e-06,
      -1.0553901583806608e-08,
      -0.0006198353999651438,
      -6.437230357618656e-06,
      4.39932910034735e-06,
      -4.568880713848867e-08,
      -0.0005998850959874873,
      -6.2300213023408774e-06,
      -2.7823181110883046e-05,
      2.889549580762233e-07,
      -0.016437212467041794,
      -0.0001707068087647453,
      0.00011666437112000337,
      -1.2116065496473211e-06
    ],
    [
      9.716970996573555e-06,
      1.2747482630261829e-05,
      1.0553901583806614e-08,
      1.3620154584967108e-08,
      -6.437230357618656e-06,
      -8.444838683738278e-06,
      4.568880713848867e-08,
      5.896289737851784e-08,
      -6.230021302340876e-06,
      -8.1730292666054e-06,
      -2.889549580762233e-07,
      -3.7290580794589424e-07,
      -0.00017070680876474532,
      -0.00022394591806519206,
      1.2116065496473211e-06,
      1.563617811982958e-06
    ],
    [
      1.0162245256066033e-06,
      1.0553901583806608e-08,
      1.2692228199068945e-05,
      1.308075071505524e-07,
      -4.3993291003473475e-06,
      -4.568880713848867e-08,
      -8.344073841704022e-06,
      -8.732276436919903e-08,
      -2.782318111088305e-05,
      -2.8895495807622337e-07,
      -8.137602971363622e-06,
      -8.386703596639465e-08,
      -0.00011666437112000337,
      -1.2116065496473211e-06,
      -0.00022127376813987614,
      -2.3156838593385706e-06
    ],
    [
      -1.0553901583806608e-08,
      1.3620154584967094e-08,
      1.308075071505524e-07,
      1.7292303680034845e-07,
      4.568880713848867e-08,
      -5.89628973785178e-08,
      -8.732276436919903e-08,
      -1.1368237045246742e-07,
      2.8895495807622337e-07,
      -3.7290580794589435e-07,
      -8.386703596639462e-08,
      -1.1086934429582363e-07,
      1.2116065496473211e-06,
      -1.563617811982958e-06,
      -2.3156838593385706e-06,
      -3.014705641189971e-06
    ],
    [
      -0.0006198353999651431,
      -6.437230357618652e-06,
      -4.399329100347344e-06,
      4.5688807138488644e-08,
      0.029328388743577696,
      0.000304585807945518,
      -0.00020805671526961413,
      2.1607529059533914e-06,
      0.016437212467041794,
      0.0001707068087647453,
      0.00011666437112000337,
      -1.2116065496473211e-06,
      0.12281746746453692,
      0.0012755033317573582,
      -0.0008721386635054408,
      9.05751179009846e-06
    ],
    [
      -6.437230357618646e-06,
      -8.444838683738266e-06,
      -4.5688807138488644e-08,
      -5.896289737851776e-08,
      0.000304585807945518,
      0.0003995794880502261,
      -2.160752905953391e-06,
      -2.7885221749800826e-06,
      0.00017070680876474532,
      0.00022394591806519206,
      1.2116065496473211e-06,
      1.563617811982958e-06,
      0.0012755033317573584,
      0.0016733050425025966,
      -9.05751179009846e-06,
      -1.1689014698184057e-05
    ],
    [
      4.399329100347344e-06,
      4.5688807138488624e-08,
      -8.344073841704012e-06,
      -8.732276436919898e-08,
      -0.00020805671526961413,
      -2.160752905953391e-06,
      0.00039784749609785843,
      4.100260283254878e-06,
      -0.00011666437112000337,
      -1.2116065496473211e-06,
      0.00022127376813987614,
      2.3156838593385706e-06,
      -0.0008721386635054408,
      -9.05751179009846e-06,
      0.001666052040398779,
      1.717051653732813e-05
    ],
    [
      -4.5688807138488624e-08,
      5.896289737851776e-08,
      -8.732276436919888e-08,
      -1.1368237045246728e-07,
      2.160752905953391e-06,
      -2.7885221749800826e-06,
      4.100260283254878e-06,
      5.4204034255941875e-06,
      1.2116065496473211e-06,
      -1.563617811982958e-06,
      2.3156838593385706e-06,
      3.014705641189971e-06,
      9.05751179009846e-06,
      -1.1689014698184057e-05,
      1.717051653732813e-05,
      2.2698833788247492e-05
    ],
    [
      -0.0005998850959874873,
      -6.2300213023408774e-06,
      -2.7823181110883046e-05,
      2.889549580762233e-07,
      0.016437212467041794,
      0.0001707068087647453,
      -0.00011666437112000337,
      1.2116065496473211e-06,
      0.029156558646888715,
      0.00030280129092731566,
      3.1667697509253264e-05,
      -3.288818115257697e-07,
      0.12219374468774426,
      0.001269029298519065,
      -0.000867279437275506,
      9.007046765773673e-06
    ],
    [
      -6.230021302340876e-06,
      -8.1730292666054e-06,
      -2.889549580762233e-07,
      -3.7290580794589424e-07,
      0.00017070680876474532,
      0.00022394591806519206,
      -1.2116065496473211e-06,
      -1.563617811982958e-06,
      0.00030280129092731566,
      0.00039723841903798314,
      3.2888181152577005e-07,
      4.2443271595767144e-07,
      0.001269029298519065,
      0.0016648072409351426,
      -9.007046765773673e-06,
      -1.1623887936580332e-05
    ],
    [
      -2.782318111088305e-05,
      -2.8895495807622337e-07,
      -8.137602971363622e-06,
      -8.386703596639465e-08,
      0.00011666437112000337,
      1.2116065496473211e-06,
      0.00022127376813987614,
      2.3156838593385706e-06,
      3.1667697509253284e-05,
      3.2888181152576984e-07,
      0.0003955165745351478,
      4.076237547908535e-06,
      0.000867279437275506,
      9.007046765773673e-06,
      0.0016449425585021496,
      1.7214724385470717e-05
    ],
    [
      2.8895495807622337e-07,
      -3.7290580794589435e-07,
      -8.386703596639462e-08,
      -1.1086934429582363e-07,
      -1.2116065496473211e-06,
      1.563617811982958e-06,
      2.3156838593385706e-06,
      3.014705641189971e-06,
      -3.2888181152577005e-07,
      4.2443271595767175e-07,
      4.076237547908535e-06,
      5.388646193621562e-06,
      -9.007046765773673e-06,
      1.1623887936580332e-05,
      1.7214724385470717e-05,
      2.2411231354884763e-05
    ],
    [
      -0.016437212467041794,
      -0.0001707068087647453,
      -0.00011666437112000337,
      1.2116065496473211e-06,
      0.12281746746453692,
      0.0012755033317573582,
      -0.0008721386635054408,
      9.05751179009846e-06,
