{
  "config": {
    "symbols": [
      "H",
      "H"
    ],
    "geometry": [
      [
        0.0,
        0.0,
        0.0
      ],
      [
        0.0,
        0.0,
        0.7414
      ]
    ],
    "basis": "STO-3G",
    "ansatz": "RY-CZ",
    "optimizer": {
      "name": "Adagrad",
      "stepsize": 0.1,
      "iterations_planned": 50
    },
    "seed": 3,
    "noisy": true,
    "depolarizing_prob": 0.06,
    "amplitude_damping_prob": 0.0
  },
  "energies": [
    1.2277388693568247,
    1.2277388693568247,
    1.220783032344412,
    1.2010886477435714,
    1.1734454602298898,
    1.1410061650890648,
    1.1058284045775308,
    1.06933789807654,
    1.0323230999372714,
    0.9952263398075705,
    0.9583324102409124,
    0.9218277615574467,
    0.8858420454258535,
    0.8504641580587764,
    0.8157553091743002,
    0.7817641986395598,
    0.7485693237185267,
    0.7161764261652265,
    0.6843542888983982,
    0.65325365491841,
    0.6229492436661159,
    0.593407149556683,
    0.5646031087745795,
    0.5365203392817801,
    0.509143734590572,
    0.4824581573530976,
    0.45644813740660595,
    0.43109795185428745,
    0.40639183832879416,
    0.38231428493048164,
    0.35885038495676946,
    0.33598602657804655,
    0.313706985790928,
    0.29199529142234304,
    0.27082527178551435,
    0.2501700995647499,
    0.23001556025313138,
    0.2103575080431146,
    0.19118959298993815,
    0.1725000508212884,
    0.15427461088574412,
    0.13649882287525184,
    0.11915886116520846,
    0.10224160719863545,
    0.08573456188689536,
    0.06962574372461205,
    0.05390362321683771,
    0.038557074651261944,
    0.023575350343426754,
    0.008948058337878373,
    -0.005334847886821481
  ],
  "final_params": [
    -1.6834907016117733,
    -1.6851118751776428,
    0.004010932661808917,
    0.004004713045001155
  ],
  "final_state_real": [
    [
      0.1848845044573976,
      0.0003547797938291268,
      0.00031994877954506806,
      -6.139586351317815e-07,
      -0.17005488905158783,
      -0.0003263230690752894,
      0.0003268297650267646,
      -6.271627500551481e-07,
      -0.1697471187782082,
      -0.0003257322617704719,
      -0.0003623156844312172,
      6.952576703574935e-07,
      -0.1925072621012553,
      -0.00036940755386989123,
      0.0003699811489654529,
      -7.099671440106896e-07
    ],
    [
      0.00035477979382912667,
      0.00770426101575132,
      6.139586351317815e-07,
      1.3329918558425373e-05,
      -0.00032632306907528943,
      -0.00708630101859054,
      6.271627500551482e-07,
      1.361659874580768e-05,
      -0.00032573226177047196,
      -0.00707347602535509,
      -6.952576703574935e-07,
      -1.5095036689233464e-05,
      -0.00036940755386989123,
      -0.008021906427520405,
      7.099671440106896e-07,
      1.541440036394148e-05
    ],
    [
      0.00031994877954506806,
      6.139586351317815e-07,
      0.007704263316081647,
      1.4781066995579458e-05,
      -0.0003268297650267646,
      -6.271627500551481e-07,
      -0.00708493761966607,
      -1.3598104706753514e-05,
      -0.0003623156844312172,
      -6.952576703574935e-07,
      -0.007073478137346283,
      -1.3570869783440572e-05,
      -0.0003699811489654529,
      -7.099671440106896e-07,
      -0.008020363018827097,
      -1.5393464554078172e-05
    ],
    [
      -6.139586351317815e-07,
      1.3329918558425373e-05,
      1.4781066995579458e-05,
      0.00032104180766997695,
      6.271627500551482e-07,
      -1.361659874580768e-05,
      -1.3598104706753517e-05,
      -0.00029523409148007277,
      6.952576703574935e-07,
      -1.5095036689233464e-05,
      -1.3570869783440574e-05,
      -0.00029475656718372297,
      7.099671440106896e-07,
      -1.541440036394148e-05,
      -1.5393464554078172e-05,
      -0.0003342138938007187
    ],
    [
      -0.17005488905158783,
      -0.0003263230690752894,
      -0.0003268297650267646,
      6.271627500551481e-07,
      0.22823817352976458,
      0.000437972302689569,
      -0.0004105158593225088,
      7.877503300621139e-07,
      0.1925072621012553,
      0.00036940755386989123,
      0.0003699811489654528,
      -7.099671440106895e-07,
      0.21779699998180613,
      0.00041793645701634555,
      -0.00044727528842106146,
      8.582890236294443e-07
    ],
    [
      -0.00032632306907528943,
      -0.00708630101859054,
      -6.271627500551482e-07,
      -1.361659874580768e-05,
      0.000437972302689569,
      0.009510837415997914,
      -7.877503300621139e-07,
      -1.7103184389363308e-05,
      0.00036940755386989123,
      0.008021906427520405,
      7.099671440106895e-07,
      1.5414400363941478e-05,
      0.00041793645701634566,
      0.00907574672756888,
      -8.582890236294443e-07,
      -1.8634680139510075e-05
    ],
    [
      0.0003268297650267646,
      6.271627500551481e-07,
      -0.00708493761966607,
      -1.3598104706753514e-05,
      -0.0004105158593225088,
      -7.877503300621139e-07,
      0.009510840255733963,
      1.8247087519817057e-05,
      -0.0003699811489654529,
      -7.099671440106896e-07,
      0.008020363018827097,
      1.5393464554078172e-05,
      -0.00044727528842106146,
      -8.582890236294443e-07,
      0.009075749437395995,
      1.741234105916703e-05
    ],
    [
      -6.271627500551482e-07,
      1.361659874580768e-05,
      -1.3598104706753517e-05,
      -0.00029523409148007277,
      7.877503300621139e-07,
      -1.7103184389363308e-05,
      1.8247087519817057e-05,
      0.00039632307761180605,
      7.099671440106896e-07,
      -1.541440036394148e-05,
      1.5393464554078172e-05,
      0.0003342138938007187,
      8.582890236294443e-07,
      -1.8634680139510075e-05,
      1.741234105916704e-05,
      0.0003781925520717117
    ],
    [
      -0.1697471187782082,
      -0.0003257322617704719,
      -0.0003623156844312172,
      6.952576703574935e-07,
      0.1925072621012553,
      0.00036940755386989123,
      -0.0003699811489654529,
      7.099671440106896e-07,
      0.22755532747606144,
      0.0004366619712323123,
      0.0003937920569309835,
      -7.556585592945742e-07,
      0.2174174861351319,
      0.00041720847746240085,
      -0.00041785629512068123,
      8.018360970099565e-07
    ],
    [
      -0.00032573226177047196,
      -0.00707347602535509,
      -6.952576703574935e-07,
      -1.5095036689233464e-05,
      0.00036940755386989123,
      0.008021906427520405,
      -7.099671440106896e-07,
      -1.541440036394148e-05,
      0.0004366619712323123,
      0.009482382764015347,
      7.55658559294574e-07,
      1.6406426226437318e-05,
      0.00041720847746240075,
      0.009059932131627209,
      -8.018360970099565e-07,
      -1.7409006500990412e-05
    ],
    [
      -0.0003623156844312172,
      -6.952576703574935e-07,
      -0.007073478137346283,
      -1.3570869783440572e-05,
      0.0003699811489654529,
      7.099671440106896e-07,
      0.008020363018827097,
      1.5393464554078172e-05,
      0.0003937920569309835,
      7.556585592945742e-07,
      0.009482385595255433,
      1.8192495636646123e-05,
      0.00041785629512068123,
      8.018360970099565e-07,
      0.009058189007578196,
      1.7385361620786935e-05
    ],
    [
      6.952576703574935e-07,
      -1.5095036689233464e-05,
      -1.3570869783440574e-05,
      -0.00029475656718372297,
      -7.099671440106896e-07,
      1.541440036394148e-05,
      1.5393464554078172e-05,
      0.0003342138938007187,
      -7.55658559294574e-07,
      1.6406426226437318e-05,
      1.8192495636646123e-05,
      0.0003951373528692996,
      -8.018360970099565e-07,
      1.7409006500990412e-05,
      1.738536162078693e-05,
      0.0003774607972106855
    ],
    [
      -0.1925072621012553,
      -0.00036940755386989123,
      -0.0003699811489654528,
      7.099671440106895e-07,
      0.21779699998180613,
      0.00041793645701634555,
      -0.00044727528842106146,
      8.582890236294443e-07,
      0.21741748613513184,
      0.00041720847746240075,
      0.0004178562951206811,
