{
  "config": {
    "symbols": [
      "H",
      "H"
    ],
    "geometry": [
      [
        0.0,
        0.0,
        0.0
      ],
      [
        0.0,
        0.0,
        0.7414
      ]
    ],
    "basis": "STO-3G",
    "ansatz": "RY-CZ",
    "optimizer": {
      "name": "Nesterov",
      "stepsize": 0.1,
      "iterations_planned": 50
    },
    "seed": 3,
    "noisy": true,
    "depolarizing_prob": 0.0,
    "amplitude_damping_prob": 0.0
  },
  "energies": [
    1.3486906013456723,
    1.3486906013456723,
    1.348658982039881,
    1.348601053956378,
    1.3485009023891754,
    1.3483310937777688,
    1.3480452618208965,
    1.347565561605964,
    1.3467616389189248,
    1.345415548714565,
    1.34316350100742,
    1.3393997562932762,
    1.3331197639684365,
    1.3226687912532071,
    1.3053519675569316,
    1.2768646691862735,
    1.2305565262573757,
    1.1567400123141727,
    1.0427614659686035,
    0.8754798067690505,
    0.6485223982875562,
    0.37446275178489163,
    0.09323021489339493,
    -0.14037492240792923,
    -0.2910472826841968,
    -0.3659916917942509,
    -0.40179096371763917,
    -0.4352699181662635,
    -0.4859881327591754,
    -0.5544507195752053,
    -0.6288019559950877,
    -0.6942165996801938,
    -0.7408946711768736,
    -0.7674002953262591,
    -0.7788341455438651,
    -0.7825114960309273,
    -0.7843761412481451,
    -0.7875874489250047,
    -0.7929057660038846,
    -0.799829333295151,
    -0.8076203922605346,
    -0.8158267032951787,
    -0.8243160602576249,
    -0.8330587475935539,
    -0.8419085073518664,
    -0.8505238449274406,
    -0.8584400251095156,
    -0.8652178803296773,
    -0.8705786342471865,
    -0.8744666383333153,
    -0.877031022100724
  ],
  "final_params": [
    3.1553150972374935,
    -2.9039902358285907,
    -0.0017778317844209628,
    -0.0008045286757848553
  ],
  "final_state_real": [
    [
      6.612920153209789e-07,
      -2.660142090451432e-10,
      -5.878331366378955e-10,
      -2.364643202554858e-13,
      -5.5401623526193926e-06,
      2.228609860801649e-09,
      -4.9247396577991626e-09,
      -1.9810472445925745e-12,
      -9.637957418761944e-05,
      3.877006768814977e-08,
      8.567335774576218e-08,
      3.446333838753298e-11,
      -0.0008074473557636015,
      3.248072934689692e-07,
      -7.177529757109015e-07,
      -2.8872644111823797e-10
    ],
    [
      -2.660142090451432e-10,
      1.0700804866925755e-13,
      2.3646432025548573e-13,
      9.512115659682362e-17,
      2.228609860801649e-09,
      -8.964904292348519e-13,
      1.9810472445925745e-12,
      7.96904602669012e-16,
      3.877006768814977e-08,
      -1.5595818377430706e-11,
      -3.4463338387532984e-11,
      -1.3863371032331441e-14,
      3.248072934689692e-07,
      -1.3065841404644264e-10,
      2.88726441118238e-10,
      1.1614434257810328e-13
    ],
    [
      -5.878331366378955e-10,
      2.364643202554858e-13,
      5.225343679839998e-13,
      2.1019694226033592e-16,
      4.9247396577991626e-09,
      -1.9810472445925745e-12,
      4.377680389053205e-12,
      1.7609848873370466e-15,
      8.567335774576218e-08,
      -3.446333838753298e-11,
      -7.615643122539472e-11,
      -3.0635016484748605e-14,
      7.177529757109014e-07,
      -2.887264411182379e-10,
      6.380221786908387e-10,
      2.5665359610764587e-13
    ],
    [
      -2.3646432025548573e-13,
      9.512115659682362e-17,
      2.1019694226033592e-16,
      8.455475309716437e-20,
      1.9810472445925745e-12,
      -7.96904602669012e-16,
      1.7609848873370466e-15,
      7.083815096465139e-19,
      3.4463338387532984e-11,
      -1.3863371032331441e-14,
      -3.0635016484748605e-14,
      -1.2323377434231473e-17,
      2.8872644111823797e-10,
      -1.1614434257810326e-13,
      2.566535961076458e-13,
      1.032426020088514e-16
    ],
    [
      -5.5401623526193926e-06,
      2.228609860801649e-09,
      4.9247396577991626e-09,
      1.9810472445925745e-12,
      4.641428939193474e-05,
      -1.867081439807647e-08,
      4.125841033321991e-08,
      1.659678801039849e-11,
      0.0008074473557636015,
      -3.248072934689692e-07,
      -7.177529757109015e-07,
      -2.8872644111823797e-10,
      0.006764620385841425,
      -2.721165687380669e-06,
      6.013180149559893e-06,
      2.4188880619626446e-09
    ],
    [
      2.228609860801649e-09,
      -8.964904292348519e-13,
      -1.9810472445925745e-12,
      -7.96904602669012e-16,
      -1.8670814398076467e-08,
      7.510604125154032e-12,
      -1.659678801039849e-11,
      -6.676295475087746e-15,
      -3.248072934689692e-07,
      1.3065841404644264e-10,
      2.88726441118238e-10,
      1.1614434257810328e-13,
      -2.7211656873806685e-06,
      1.0946281078652057e-09,
      -2.4188880619626446e-09,
      -9.730323369019899e-13
    ],
    [
      -4.9247396577991626e-09,
      1.9810472445925745e-12,
      4.377680389053205e-12,
      1.7609848873370466e-15,
      4.1258410333219906e-08,
      -1.6596788010398488e-11,
      3.667526722074389e-11,
      1.4753152134515934e-14,
      7.177529757109014e-07,
      -2.887264411182379e-10,
      -6.380221786908387e-10,
      -2.5665359610764587e-13,
      6.013180149559893e-06,
      -2.4188880619626446e-09,
      5.34521294083921e-09,
      2.150188551672798e-12
    ],
    [
      -1.9810472445925745e-12,
      7.96904602669012e-16,
      1.7609848873370466e-15,
      7.083815096465139e-19,
      1.6596788010398488e-11,
      -6.676295475087745e-15,
      1.4753152134515938e-14,
      5.934668329256156e-18,
      2.8872644111823797e-10,
      -1.1614434257810326e-13,
      -2.566535961076458e-13,
      -1.032426020088514e-16,
      2.4188880619626446e-09,
      -9.730323369019899e-13,
      2.1501885516727976e-12,
      8.649443714260464e-16
    ],
    [
      -9.637957418761944e-05,
      3.877006768814977e-08,
      8.567335774576218e-08,
      3.446333838753298e-11,
      0.0008074473557636015,
      -3.248072934689692e-07,
      7.177529757109015e-07,
      2.8872644111823797e-10,
      0.014046778293665144,
      -5.650518274605401e-06,
      -1.2486407748344604e-05,
      -5.02283681646877e-09,
      0.1176808891901773,
      -4.733882752608081e-05,
      0.0001046084401634773,
      4.2080247190081e-08
    ],
    [
      3.877006768814977e-08,
      -1.5595818377430706e-11,
      -3.4463338387532984e-11,
      -1.3863371032331441e-14,
      -3.248072934689692e-07,
      1.3065841404644264e-10,
      -2.88726441118238e-10,
      -1.1614434257810328e-13,
      -5.650518274605401e-06,
      2.2730023960219832e-09,
      5.022836816468771e-09,
      2.020507985574335e-12,
      -4.733882752608081e-05,
      1.904272549214389e-08,
      -4.2080247190081e-08,
      -1.6927381595143155e-11
    ],
    [
      8.567335774576218e-08,
      -3.446333838753298e-11,
      -7.615643122539472e-11,
      -3.0635016484748605e-14,
      -7.177529757109014e-07,
      2.887264411182379e-10,
      -6.380221786908387e-10,
      -2.5665359610764587e-13,
      -1.2486407748344602e-05,
      5.02283681646877e-09,
      1.109936948857462e-08,
      4.464880533154689e-12,
      -0.0001046084401634773,
      4.2080247190081e-08,
      -9.298812705923867e-08,
      -3.740581127452108e-11
    ],
    [
      3.4463338387532984e-11,
      -1.3863371032331441e-14,
      -3.0635016484748605e-14,
      -1.2323377434231473e-17,
      -2.8872644111823797e-10,
      1.1614434257810326e-13,
      -2.566535961076458e-13,
      -1.032426020088514e-16,
      -5.02283681646877e-09,
      2.0205079855743347e-12,
      4.464880533154689e-12,
      1.7960626212233444e-15,
      -4.2080247190081e-08,
      1.6927381595143155e-11,
      -3.740581127452108e-11,
      -1.5047025815347767e-14
    ],
    [
      -0.0008074473557636015,
      3.248072934689692e-07,
      7.177529757109015e-07,
      2.8872644111823797e-10,
      0.006764620385841425,
      -2.721165687380669e-06,
      6.013180149559893e-06,
      2.4188880619626446e-09,
      0.1176808891901773,
