{
  "config": {
    "symbols": [
      "H",
      "H"
    ],
    "geometry": [
      [
        0.0,
        0.0,
        0.0
      ],
      [
        0.0,
        0.0,
        0.7414
      ]
    ],
    "basis": "STO-3G",
    "ansatz": "TwoQubit-RY-CNOT",
    "optimizer": {
      "name": "Adagrad",
      "stepsize": 0.1,
      "iterations_planned": 50
    },
    "seed": 3,
    "noisy": true,
    "depolarizing_prob": 0.04,
    "amplitude_damping_prob": 0.0
  },
  "energies": [
    1.266613745149363,
    1.266613745149363,
    1.2587551516063384,
    1.2375576756427102,
    1.2078598924519026,
    1.1735285622484193,
    1.1367072709084196,
    1.0986080000198222,
    1.059956466525687,
    1.0212095769044347,
    0.982665995820617,
    0.9445260192312145,
    0.9069259884598527,
    0.8699591206369891,
    0.8336886855039655,
    0.7981566574530827,
    0.7633895798263961,
    0.7294026450802711,
    0.6962026032252018,
    0.6637898753539745,
    0.6321601140363866,
    0.601305375040458,
    0.5712150050285878,
    0.5418763237705874,
    0.5132751509580842,
    0.4853962182402154,
    0.4582234921206747,
    0.4317404274766061,
    0.40593016933890613,
    0.3807757116493883,
    0.3562600235579635,
    0.3323661496919448,
    0.3090772884102048,
    0.2863768544193799,
    0.26424852661624915,
    0.24267628572391298,
    0.22164444248006995,
    0.20113765825408836,
    0.1811409607253579,
    0.1616397532185206,
    0.14261982129471878,
    0.12406733578323874,
    0.1059688527756997,
    0.08831131194317288,
    0.07108203288744475,
    0.054268710314577695,
    0.03785940777962421,
    0.02184255090629439,
    0.006206919730775917,
    -0.00905835920053441,
    -0.023963821551721526
  ],
  "final_params": [
    1.6835533040674928
  ],
  "final_state_real": [
    [
      0.189075636779181,
      0.0,
      0.0,
      0.0,
      -0.1858390327471003,
      0.0,
      0.0,
      0.0,
      0.1858390327471003,
      0.0,
      0.0,
      0.0,
      0.20956751000911478,
      0.0,
      0.0,
      0.0
    ],
    [
      0.0,
      0.005180154432310157,
      0.0,
      0.0,
      0.0,
      -0.005091480349239388,
      0.0,
      0.0,
      0.0,
      0.005091480349239388,
      0.0,
      0.0,
      0.0,
      0.00574157561669232,
      0.0,
      0.0
    ],
    [
      0.0,
      0.0,
      0.0051801544323101575,
      0.0,
      0.0,
      0.0,
      -0.005091480349239388,
      0.0,
      0.0,
      0.0,
      0.005091480349239388,
      0.0,
      0.0,
      0.0,
      0.005741575616692319,
      0.0
    ],
    [
      0.0,
      0.0,
      0.0,
      0.00014192203924147907,
      0.0,
      0.0,
      0.0,
      -0.00013949261230803152,
      0.0,
      0.0,
      0.0,
      0.00013949261230803152,
      0.0,
      0.0,
      0.0,
      0.0001573034415533305
    ],
    [
      -0.18583903274710029,
      0.0,
      0.0,
      0.0,
      0.23415722655234772,
      0.0,
      0.0,
      0.0,
      -0.20956751000911478,
      0.0,
      0.0,
      0.0,
      -0.2359746456177708,
      0.0,
      0.0,
      0.0
    ],
    [
      0.0,
      -0.005091480349239387,
      0.0,
      0.0,
      0.0,
      0.00641526648089098,
      0.0,
      0.0,
      0.0,
      -0.00574157561669232,
      0.0,
      0.0,
      0.0,
      -0.006465058784053293,
      0.0,
      0.0
    ],
    [
      0.0,
      0.0,
      -0.005091480349239387,
      0.0,
      0.0,
      0.0,
      0.00641526648089098,
      0.0,
      0.0,
      0.0,
      -0.005741575616692319,
      0.0,
      0.0,
      0.0,
      -0.006465058784053293,
      0.0
    ],
    [
      0.0,
      0.0,
      0.0,
      -0.0001394926123080315,
      0.0,
      0.0,
      0.0,
      0.00017576072550399242,
      0.0,
      0.0,
      0.0,
      -0.0001573034415533305,
      0.0,
      0.0,
      0.0,
      -0.00017712489819337186
    ],
    [
      0.1858390327471003,
      0.0,
      0.0,
      0.0,
      -0.20956751000911478,
      0.0,
      0.0,
      0.0,
      0.23415722655234772,
      0.0,
      0.0,
      0.0,
      0.23597464561777087,
      0.0,
      0.0,
      0.0
    ],
    [
      0.0,
      0.005091480349239388,
      0.0,
      0.0,
      0.0,
      -0.00574157561669232,
      0.0,
      0.0,
      0.0,
      0.00641526648089098,
      0.0,
      0.0,
      0.0,
      0.0064650587840532955,
      0.0,
      0.0
    ],
    [
      0.0,
      0.0,
      0.005091480349239388,
      0.0,
      0.0,
      0.0,
      -0.005741575616692319,
      0.0,
      0.0,
      0.0,
      0.00641526648089098,
      0.0,
      0.0,
      0.0,
      0.006465058784053295,
      0.0
    ],
    [
      0.0,
      0.0,
      0.0,
      0.00013949261230803152,
      0.0,
      0.0,
      0.0,
      -0.0001573034415533305,
      0.0,
      0.0,
      0.0,
      0.00017576072550399242,
      0.0,
      0.0,
      0.0,
      0.0001771248981933719
    ],
    [
      0.20956751000911478,
      0.0,
      0.0,
      0.0,
      -0.2359746456177708,
      0.0,
      0.0,
      0.0,
      0.23597464561777087,
      0.0,
      0.0,
      0.0,
      0.2899876878940373,
      0.0,
      0.0,
      0.0
    ],
    [
      0.0,
      0.00574157561669232,
      0.0,
      0.0,
      0.0,
      -0.006465058784053293,
      0.0,
      0.0,
      0.0,
      0.0064650587840532955,
      0.0,
      0.0,
      0.0,
      0.007944868161486344,
      0.0,
      0.0
    ],
    [
      0.0,
      0.0,
      0.005741575616692319,
      0.0,
      0.0,
      0.0,
      -0.006465058784053293,
      0.0,
      0.0,
      0.0,
      0.006465058784053295,
      0.0,
      0.0,
      0.0,
      0.007944868161486346,
      0.0
    ],
    [
      0.0,
      0.0,
      0.0,
      0.0001573034415533305,
      0.0,
      0.0,
      0.0,
      -0.00017712489819337186,
      0.0,
      0.0,
      0.0,
      0.0001771248981933719,
      0.0,
      0.0,
      0.0,
      0.0002176676208628005
    ]
  ],