{
  "config": {
    "symbols": [
      "H",
      "H"
    ],
    "geometry": [
      [
        0.0,
        0.0,
        0.0
      ],
      [
        0.0,
        0.0,
        0.7414
      ]
    ],
    "basis": "STO-3G",
    "ansatz": "RY-CZ",
    "optimizer": {
      "name": "Adam",
      "stepsize": 0.1,
      "iterations_planned": 50
    },
    "seed": 0,
    "noisy": true,
    "depolarizing_prob": 0.06,
    "amplitude_damping_prob": 0.0
  },
  "energies": [
    1.2276370655166338,
    1.2276370655166338,
    1.2195837875196798,
    1.2038355245795485,
    1.1783825914714154,
    1.1425628230709999,
    1.095916869864631,
    1.0386509876209207,
    0.9714372501862404,
    0.8954732152968846,
    0.8117974921856177,
    0.7202495184427775,
    0.6218243434204972,
    0.5185556610854655,
    0.4126940628315372,
    0.3054956592333241,
    0.19756843529685642,
    0.09083287673079378,
    -0.01228508492263905,
    -0.11033494613284767,
    -0.20307362269495907,
    -0.28944395091598696,
    -0.3678718173831045,
    -0.43784481537152126,
    -0.49991777723712993,
    -0.5539483721191552,
    -0.5994849197730442,
    -0.6370718792483535,
    -0.6677507891180063,
    -0.6918360693878453,
    -0.709605996331325,
    -0.7220822237433343,
    -0.7302411763732527,
    -0.7344937730397348,
    -0.735435298805909,
    -0.7340534344481401,
    -0.7310242967289164,
    -0.7267089649471554,
    -0.7216915483833514,
    -0.7166246294203048,
    -0.7118108595376688,
    -0.707434945680542,
    -0.7038281319428571,
    -0.7012065421591942,
    -0.6995387680562937,
    -0.6988121606393491,
    -0.6990751925799656,
    -0.7002259888712702,
    -0.7020738328175122,
    -0.7045147106203814,
    -0.7074386194647262
  ],
  "final_params": [
    -3.4131136770721375,
    -3.4155138461412955,
    0.0009610885034198081,
    -0.004597464292704611
  ],
  "final_state_real": [
    [
      0.002994370155022954,
      -6.596462684172946e-06,
      -5.153667965635047e-07,
      -1.135330379552603e-09,
      -0.0024864460054912496,
      5.477528853664552e-06,
      1.1450616244265982e-06,
      2.5225203822597786e-09,
      -0.002428447295265342,
      5.349760094565112e-06,
      2.9923843225305946e-06,
      6.592091014243851e-09,
      -0.014147859683584759,
      3.1167099331047844e-05,
      6.515392313232415e-06,
      1.4353122624974496e-08
    ],
    [
      -6.596462684172947e-06,
      0.00012478121846750174,
      1.1353303795526027e-09,
      -2.147089795574284e-08,
      5.477528853664553e-06,
      -0.00010361503293051368,
      -2.5225203822597777e-09,
      4.770486080018769e-08,
      5.349760094565112e-06,
      -0.00010119811406048277,
      -6.592091014243851e-09,
      1.2466689523235933e-07,
      3.116709933104785e-05,
      -0.0005895687836266914,
      -1.4353122624974496e-08,
      2.714403109238854e-07
    ],
    [
      -5.153667965635048e-07,
      1.135330379552603e-09,
      0.00012476611339392533,
      -2.7485109121151e-07,
      -1.1450616244265977e-06,
      2.5225203822597777e-09,
      -0.00010360134371524215,
      2.282316315931791e-07,
      2.9923843225305937e-06,
      -6.59209101424385e-09,
      -0.00010118586377973177,
      2.229054373700844e-07,
      -6.515392313232415e-06,
      1.4353122624974496e-08,
      -0.0005894908920913785,
      1.2986363234933604e-06
    ],
    [
      -1.135330379552603e-09,
      -2.1470897955742844e-08,
      -2.7485109121151e-07,
      5.1992462009524504e-06,
      -2.522520382259776e-09,
      -4.770486080018766e-08,
      2.2823163159317914e-07,
      -4.317269153238429e-06,
      6.59209101424385e-09,
      1.246668952323593e-07,
      2.229054373700844e-07,
      -4.216611414237394e-06,
      -1.4353122624974496e-08,
      -2.714403109238854e-07,
      1.2986363234933606e-06,
      -2.4565230075936597e-05
    ],
    [
      -0.0024864460054912496,
      5.477528853664551e-06,
      -1.145061624426598e-06,
      -2.5225203822597777e-09,
      0.049400639617966244,
      -0.00010882738570832832,
      -2.271406832406041e-05,
      -5.00380932250485e-08,
      0.014147859683584759,
      -3.1167099331047844e-05,
      6.515392313232415e-06,
      1.4353122624974496e-08,
      -0.10703040660330891,
      0.00023578316863940711,
      4.9367877671307074e-05,
      1.0875526259745193e-07
    ],
    [
      5.4775288536645524e-06,
      -0.00010361503293051368,
      2.5225203822597777e-09,
      -4.770486080018767e-08,
      -0.00010882738570832832,
      0.002058620573098958,
      5.00380932250485e-08,
      -9.46299696444603e-07,
      -3.116709933104785e-05,
      0.0005895687836266914,
      -1.4353122624974496e-08,
      2.714403109238854e-07,
      0.00023578316863940711,
      -0.004460164861925915,
      -1.0875526259745193e-07,
      2.0567344866611284e-06
    ],
    [
      1.1450616244265975e-06,
      -2.522520382259777e-09,
      -0.00010360134371524215,
      2.2823163159317904e-07,
      -2.271406832406041e-05,
      5.00380932250485e-08,
      0.002058371372012412,
      -4.534449317419303e-06,
      -6.515392313232415e-06,
      1.4353122624974496e-08,
      0.0005894908920913785,
      -1.2986363234933604e-06,
      4.936787767130706e-05,
      -1.0875526259745192e-07,
      -0.004459624947993115,
      9.82424434012753e-06
    ],
    [
      2.522520382259776e-09,
      4.7704860800187655e-08,
      2.2823163159317914e-07,
      -4.317269153238429e-06,
      -5.00380932250485e-08,
      -9.46299696444603e-07,
      -4.534449317419303e-06,
      8.577633176963161e-05,
      -1.4353122624974496e-08,
      -2.714403109238854e-07,
      -1.2986363234933606e-06,
      2.4565230075936597e-05,
      1.0875526259745192e-07,
      2.056734486661128e-06,
      9.82424434012753e-06,
      -0.00018584123074603118
    ],
    [
      -0.002428447295265342,
      5.349760094565112e-06,
      2.9923843225305946e-06,
      6.592091014243851e-09,
      0.014147859683584759,
      -3.1167099331047844e-05,
      -6.515392313232415e-06,
      -1.4353122624974496e-08,
      0.049674709619709975,
      -0.00010943114958712634,
      -8.549609647954824e-06,
      -1.883441391910291e-08,
      -0.10798991748680188,
      0.00023789693708709542,
      4.973166924439247e-05,
      1.0955667942815024e-07
    ],
    [
      5.349760094565112e-06,
      -0.00010119811406048277,
      -6.592091014243851e-09,
      1.2466689523235933e-07,
      -3.116709933104785e-05,
      0.0005895687836266914,
      1.4353122624974496e-08,
      -2.714403109238854e-07,
      -0.00010943114958712634,
      0.002070041602227773,
      1.883441391910291e-08,
      -3.561886360097568e-07,
      0.00023789693708709548,
      -0.004500149543503855,
      -1.0955667942815024e-07,
      2.0718905498669064e-06
    ],
    [
      2.9923843225305937e-06,
      -6.59209101424385e-09,
      -0.00010118586377973177,
      2.229054373700844e-07,
      6.515392313232415e-06,
      -1.4353122624974496e-08,
      0.0005894908920913785,
      -1.2986363234933604e-06,
      -8.549609647954826e-06,
      1.8834413919102912e-08,
      0.002069791018597546,
      -4.5596060065217675e-06,
      -4.9731669244392463e-05,
      1.0955667942815021e-07,
      -0.004499555001243791,
      9.9124272190886e-06
    ],
    [
      6.59209101424385e-09,
      1.246668952323593e-07,
      2.229054373700844e-07,
      -4.216611414237394e-06,
      1.4353122624974496e-08,
      2.714403109238854e-07,
      -1.2986363234933606e-06,
      2.4565230075936597e-05,
      -1.883441391910291e-08,
      -3.5618863600975686e-07,
      -4.5596060065217675e-06,
      8.62522106161299e-05,
      -1.0955667942815021e-07,
      -2.0718905498669055e-06,
      9.912427219088603e-06,
      -0.0001875051935963601
    ],
    [
      -0.014147859683584759,
      3.1167099331047844e-05,
      -6.515392313232415e-06,
      -1.4353122624974496e-08,
      -0.10703040660330891,
      0.00023578316863940711,
      4.9367877671307074e-05,
      1.0875526259745193e-07,
