{
  "config": {
    "symbols": [
      "H",
      "H"
    ],
    "geometry": [
      [
        0.0,
        0.0,
        0.0
      ],
      [
        0.0,
        0.0,
        0.7414
      ]
    ],
    "basis": "STO-3G",
    "ansatz": "TwoQubit-RY-CNOT",
    "optimizer": {
      "name": "Nesterov",
      "stepsize": 0.1,
      "iterations_planned": 50
    },
    "seed": 2,
    "noisy": true,
    "depolarizing_prob": 0.06,
    "amplitude_damping_prob": 0.0
  },
  "energies": [
    1.2276971696737917,
    1.2276971696737917,
    1.2276603123249188,
    1.2275806539291774,
    1.2274141159938114,
    1.2270684111687282,
    1.2263518847500232,
    1.2248676299162635,
    1.2217956488034372,
    1.2154489260869048,
    1.202386108033766,
    1.1757103660247488,
    1.122104431439761,
    1.0178204635850732,
    0.8274555005044036,
    0.5186861098417193,
    0.10826177933040895,
    -0.30090557598659173,
    -0.5887534650008721,
    -0.7195962458239235,
    -0.7264773922785034,
    -0.6592692851197416,
    -0.5674004999243832,
    -0.4912969007999809,
    -0.45406325165121963,
    -0.46057284031462287,
    -0.5022753993839986,
    -0.5633988974025302,
    -0.6270261341563326,
    -0.6800382195509324,
    -0.7155664784813559,
    -0.7327575148148862,
    -0.7350134889787329,
    -0.7279046609611968,
    -0.7173135575827407,
    -0.7080271053094538,
    -0.7029352156300493,
    -0.7028935573280608,
    -0.7071281008479852,
    -0.713930552797568,
    -0.7213789963570435,
    -0.7278900057640374,
    -0.7325147471038395,
    -0.7349872268312886,
    -0.7355922263866982,
    -0.7349407556405874,
    -0.7337336110984776,
    -0.732571838334511,
    -0.7318454129111179,
    -0.7317045140716648,
    -0.7320967386257334
  ],
  "final_params": [
    3.2370357748830325
  ],
  "final_state_real": [
    [
      0.0016329541014916552,
      0.0,
      0.0,
      0.0,
      -0.0015240790479566623,
      0.0,
      0.0,
      0.0,
      0.0015240790479566623,
      0.0,
      0.0,
      0.0,
      0.001771039620373191,
      0.0,
      0.0,
      0.0
    ],
    [
      0.0,
      6.803975422885223e-05,
      0.0,
      0.0,
      0.0,
      -6.350329366489196e-05,
      0.0,
      0.0,
      0.0,
      6.350329366489196e-05,
      0.0,
      0.0,
      0.0,
      7.379331751558569e-05,
      0.0,
      0.0
    ],
    [
      0.0,
      0.0,
      6.803975422885223e-05,
      0.0,
      0.0,
      0.0,
      -6.350329366489197e-05,
      0.0,
      0.0,
      0.0,
      6.350329366489197e-05,
      0.0,
      0.0,
      0.0,
      7.379331751558569e-05,
      0.0
    ],
    [
      0.0,
      0.0,
      0.0,
      2.8349897595368946e-06,
      0.0,
      0.0,
      0.0,
      -2.645970569371791e-06,
      0.0,
      0.0,
      0.0,
      2.645970569371791e-06,
      0.0,
      0.0,
      0.0,
      3.0747215631509052e-06
    ],
    [
      -0.0015240790479566627,
      0.0,
      0.0,
      0.0,
      0.03716047962040194,
      0.0,
      0.0,
      0.0,
      -0.001771039620373191,
      0.0,
      0.0,
      0.0,
      0.03869242193010184,
      0.0,
      0.0,
      0.0
    ],
    [
      0.0,
      -6.350329366489198e-05,
      0.0,
      0.0,
      0.0,
      0.0015483533175175042,
      0.0,
      0.0,
      0.0,
      -7.379331751558569e-05,
      0.0,
      0.0,
      0.0,
      0.0016121842470883639,
      0.0,
      0.0
    ],
    [
      0.0,
      0.0,
      -6.350329366489198e-05,
      0.0,
      0.0,
      0.0,
      0.0015483533175175042,
      0.0,
      0.0,
      0.0,
      -7.379331751558569e-05,
      0.0,
      0.0,
      0.0,
      0.0016121842470883643,
      0.0
    ],
    [
      0.0,
      0.0,
      0.0,
      -2.6459705693717924e-06,
      0.0,
      0.0,
      0.0,
      6.451472156326084e-05,
      0.0,
      0.0,
      0.0,
      -3.0747215631509052e-06,
      0.0,
      0.0,
      0.0,
      6.717434362871465e-05
    ],
    [
      0.0015240790479566623,
      0.0,
      0.0,
      0.0,
      -0.001771039620373191,
      0.0,
      0.0,
      0.0,
      0.03716047962040194,
      0.0,
      0.0,
      0.0,
      -0.03869242193010183,
      0.0,
      0.0,
      0.0
    ],
    [
      0.0,
      6.350329366489196e-05,
      0.0,
      0.0,
      0.0,
      -7.379331751558569e-05,
      0.0,
      0.0,
      0.0,
      0.0015483533175175042,
      0.0,
      0.0,
      0.0,
      -0.0016121842470883635,
      0.0,
      0.0
    ],
    [
      0.0,
      0.0,
      6.350329366489197e-05,
      0.0,
      0.0,
      0.0,
      -7.379331751558569e-05,
      0.0,
      0.0,
      0.0,
      0.0015483533175175042,
      0.0,
      0.0,
      0.0,
      -0.0016121842470883639,
      0.0
    ],
    [
      0.0,
      0.0,
      0.0,
      2.645970569371791e-06,
      0.0,
      0.0,
      0.0,
      -3.0747215631509052e-06,
      0.0,
      0.0,
      0.0,
      6.451472156326084e-05,
      0.0,
      0.0,
      0.0,
      -6.717434362871464e-05
    ],
    [
      0.001771039620373191,
      0.0,
      0.0,
      0.0,
      0.03869242193010184,
      0.0,
      0.0,
      0.0,
      -0.038692421930101834,
      0.0,
      0.0,
      0.0,
      0.8456460866578526,
      0.0,
      0.0,
      0.0
    ],
    [
      0.0,
      7.379331751558569e-05,
      0.0,
      0.0,
      0.0,
      0.0016121842470883639,
      0.0,
      0.0,
      0.0,
      -0.0016121842470883637,
      0.0,
      0.0,
      0.0,
      0.035235253610761075,
      0.0,
      0.0
    ],
    [
      0.0,
      0.0,
      7.379331751558569e-05,
      0.0,
      0.0,
      0.0,
      0.0016121842470883643,
      0.0,
      0.0,
      0.0,
      -0.001612184247088364,
      0.0,
      0.0,
      0.0,
      0.03523525361076108,
      0.0
    ],
    [
      0.0,
      0.0,
      0.0,
      3.0747215631509052e-06,
      0.0,
      0.0,
      0.0,
      6.717434362871465e-05,
      0.0,
      0.0,
      0.0,
      -6.717434362871465e-05,
      0.0,
      0.0,
      0.0,
      0.001468135567115762
    ]
  ],