{
  "config": {
    "symbols": [
      "H",
      "H"
    ],
    "geometry": [
      [
        0.0,
        0.0,
        0.0
      ],
      [
        0.0,
        0.0,
        0.7414
      ]
    ],
    "basis": "STO-3G",
    "ansatz": "RY-CZ",
    "optimizer": {
      "name": "GradientDescent",
      "stepsize": 0.1,
      "iterations_planned": 50
    },
    "seed": 4,
    "noisy": true,
    "depolarizing_prob": 0.08,
    "amplitude_damping_prob": 0.0
  },
  "energies": [
    1.190232571714363,
    1.190232571714363,
    1.190221152428168,
    1.1902082826845073,
    1.1901937783058651,
    1.1901774316755254,
    1.190159008883493,
    1.1901382462947063,
    1.1901148468209526,
    1.1900884756621022,
    1.1900587555871147,
    1.1900252614266957,
    1.189987514168514,
    1.1899449740116907,
    1.189897032750459,
    1.1898430050379627,
    1.1897821187265762,
    1.1897135038810491,
    1.1896361803193296,
    1.1895490439037861,
    1.1894508507487984,
    1.1893401996788953,
    1.1892155125231991,
    1.1890750116436744,
    1.188916695230155,
    1.1887383090591237,
    1.1885373149377196,
    1.1883108553048265,
    1.1880557134046188,
    1.1877682688479028,
    1.1874444476322488,
    1.1870796661202225,
    1.1866687684078971,
    1.18620595648038,
    1.185684711954897,
    1.1850977090007107,
    1.1844367170523669,
    1.1836924931037787,
    1.1828546615892586,
    1.1819115818703074,
    1.1808502012284499,
    1.1796558933362638,
    1.1783122808811513,
    1.176801040594506,
    1.175101692197457,
    1.1731913677739243,
    1.1710445654979955,
    1.1686328834528326,
    1.1659247395781644,
    1.1628850766106402,
    1.1594750565863263
  ],
  "final_params": [
    -0.14034464254374823,
    -0.30629451297937704,
    -0.0010727504804507477,
    0.001570961141692356
  ],
  "final_state_real": [
    [
      0.781852906074362,
      0.0005795314589561013,
      -0.0003946792837527431,
      2.925474634315125e-07,
      -0.11366857914333005,
      -8.425436711622134e-05,
      -5.75341400102255e-05,
      4.2645934087712236e-08,
      -0.05170520353059741,
      -3.8325357372092866e-05,
      2.624129939352354e-05,
      -1.945079433034428e-08,
      -0.007541492216310928,
      -5.589967417433589e-06,
      -3.817178611093063e-06,
      2.8294008986797697e-09
    ],
    [
      0.0005795314589561013,
      0.04404853190294791,
      -2.9254746343151243e-07,
      -2.2235209869462788e-05,
      -8.425436711622134e-05,
      -0.00640393352235174,
      -4.2645934087712236e-08,
      -3.2413246158312678e-06,
      -3.8325357372092866e-05,
      -0.0029130010128136804,
      1.945079433034428e-08,
      1.4783669254551981e-06,
      -5.589967417433589e-06,
      -0.0004248774391003037,
      -2.8294008986797697e-09,
      -2.1504996847022595e-07
    ],
    [
      -0.0003946792837527431,
      -2.925474634315125e-07,
      0.044048275270380396,
      3.264949345840088e-05,
      5.7534140010225515e-05,
      4.264593408771225e-08,
      -0.00640383101523225,
      -4.746749070871942e-06,
      2.6241299393523548e-05,
      1.9450794330344286e-08,
      -0.0029129840412848514,
      -2.1591640720677534e-06,
      3.817178611093063e-06,
      2.8294008986797697e-09,
      -0.0004248706381298895,
      -3.149293449478506e-07
    ],
    [
      2.9254746343151243e-07,
      -2.2235209869462788e-05,
      3.264949345840088e-05,
      0.002481620063624403,
      -4.2645934087712236e-08,
      3.2413246158312678e-06,
      -4.746749070871942e-06,
      -0.0003607831506208107,
      -1.9450794330344286e-08,
      1.4783669254551983e-06,
      -2.1591640720677534e-06,
      -0.00016411356852219738,
      -2.8294008986797697e-09,
      2.1504996847022595e-07,
      -3.149293449478506e-07,
      -2.3936635283811694e-05
    ],
    [
      -0.11366857914333006,
      -8.425436711622136e-05,
      5.7534140010225515e-05,
      -4.264593408771225e-08,
      0.06259226233562803,
      4.6395152884779976e-05,
      -1.2849171699102768e-05,
      9.524169984364848e-09,
      0.007541492216310927,
      5.589967417433587e-06,
      -3.817178611093063e-06,
      2.829400898679769e-09,
      -0.0016833136808819993,
      -1.2477196487769112e-06,
      2.100781723654505e-06,
      -1.557158913016129e-09
    ],
    [
      -8.425436711622136e-05,
      -0.006403933522351741,
      4.2645934087712236e-08,
      3.2413246158312678e-06,
      4.6395152884779976e-05,
      0.003526363134226644,
      -9.52416998436485e-09,
      -7.238890946130792e-07,
      5.589967417433587e-06,
      0.00042487743910030363,
      -2.829400898679769e-09,
      -2.1504996847022584e-07,
      -1.2477196487769112e-06,
      -9.483560884526183e-05,
      1.557158913016129e-09,
      1.1835260789784246e-07
    ],
    [
      -5.753414001022553e-05,
      -4.264593408771225e-08,
      -0.006403831015232252,
      -4.746749070871942e-06,
      -1.2849171699102768e-05,
      -9.524169984364848e-09,
      0.003526342589169043,
      2.6137981246810533e-06,
      3.817178611093062e-06,
      2.829400898679768e-09,
      0.00042487063812988947,
      3.1492934494785065e-07,
      2.1007817236545055e-06,
      1.5571589130161294e-09,
      -9.483505632047298e-05,
      -7.029370689218409e-08
    ],
    [
      4.264593408771225e-08,
      -3.2413246158312695e-06,
      -4.746749070871942e-06,
      -0.00036078315062081074,
      9.52416998436485e-09,
      -7.238890946130792e-07,
      2.6137981246810533e-06,
      0.00019866935689942056,
      -2.829400898679768e-09,
      2.1504996847022584e-07,
      3.1492934494785065e-07,
      2.3936635283811694e-05,
      -1.5571589130161294e-09,
      1.1835260789784249e-07,
      -7.029370689218409e-08,
      -5.3428784000105885e-06
    ],
    [
      -0.05170520353059741,
      -3.8325357372092866e-05,
      2.624129939352354e-05,
      -1.945079433034428e-08,
      0.007541492216310928,
      5.589967417433589e-06,
      3.817178611093063e-06,
      -2.8294008986797697e-09,
      0.04789735830023467,
      3.5502874927266765e-05,
      -2.4178582596183584e-05,
      1.7921850218807326e-08,
      -0.005843925913219386,
      -4.3316832409027e-06,
      -2.957943648407771e-06,
      2.1925116086335057e-09
    ],
    [
      -3.8325357372092866e-05,
      -0.0029130010128136804,
      1.945079433034428e-08,
      1.4783669254551981e-06,
      5.589967417433589e-06,
      0.0004248774391003037,
      2.8294008986797697e-09,
      2.1504996847022595e-07,
      3.5502874927266765e-05,
      0.002698472179054803,
      -1.7921850218807333e-08,
      -1.3621587970375598e-06,
      -4.3316832409027e-06,
      -0.00032923885685784654,
      -2.1925116086335057e-09,
      -1.6664289338681086e-07
    ],
    [
      2.6241299393523548e-05,
      1.9450794330344286e-08,
      -0.0029129840412848514,
      -2.1591640720677534e-06,
      -3.817178611093063e-06,
      -2.8294008986797697e-09,
      0.0004248706381298895,
      3.149293449478506e-07,
      -2.4178582596183584e-05,
      -1.7921850218807326e-08,
      0.0026984564573993087,
      2.000151786031041e-06,
      2.957943648407771e-06,
      2.1925116086335057e-09,
      -0.0003292335867645947,
      -2.440397347083959e-07
    ],
    [
      -1.9450794330344286e-08,
      1.4783669254551983e-06,
      -2.1591640720677534e-06,
      -0.00016411356852219738,
      2.8294008986797697e-09,
      -2.1504996847022595e-07,
      3.149293449478506e-07,
      2.3936635283811694e-05,
      1.7921850218807333e-08,
      -1.3621587970375598e-06,
      2.000151786031041e-06,
      0.0001520273755191033,
      -2.1925116086335057e-09,
      1.6664289338681086e-07,
      -2.440397347083959e-07,
      -1.8548573571130162e-05
    ],
    [
      -0.007541492216310927,
      -5.589967417433587e-06,
      3.817178611093063e-06,
      -2.829400898679769e-09,
      -0.0016833136808819993,
      -1.2477196487769112e-06,
      2.100781723654505e-06,
      -1.557158913016129e-09,
      -0.005843925913219386,
