{
  "config": {
    "symbols": [
      "H",
      "H"
    ],
    "geometry": [
      [
        0.0,
        0.0,
        0.0
      ],
      [
        0.0,
        0.0,
        0.7414
      ]
    ],
    "basis": "STO-3G",
    "ansatz": "RY-CZ",
    "optimizer": {
      "name": "Nesterov",
      "stepsize": 0.1,
      "iterations_planned": 50
    },
    "seed": 1,
    "noisy": true,
    "depolarizing_prob": 0.04,
    "amplitude_damping_prob": 0.0
  },
  "energies": [
    1.26661866702059,
    1.26661866702059,
    1.2666091832287973,
    1.2665921655227463,
    1.2665634558897756,
    1.2665160587743465,
    1.266438464676182,
    1.266311881729556,
    1.2661057125218316,
    1.2657701950874873,
    1.2652244557009231,
    1.2643371537440213,
    1.2628952108510962,
    1.2605535110489459,
    1.2567545679885779,
    1.250601739239873,
    1.2406630979831417,
    1.224678393338749,
    1.1991481072187202,
    1.1588264981102234,
    1.0962751344348343,
    1.001951543170355,
    0.8658617980065936,
    0.6822617124539936,
    0.4578261015506395,
    0.21893692974798204,
    0.007513630899805612,
    -0.14021033378086056,
    -0.21640097773598835,
    -0.2429182990341329,
    -0.25304821737863736,
    -0.27367545983782066,
    -0.31802819370662744,
    -0.3862284034489929,
    -0.4690634022660485,
    -0.5530134056142912,
    -0.6255667925283099,
    -0.6792388524369564,
    -0.7127719569585648,
    -0.7295549881259593,
    -0.7348658676801292,
    -0.7336502186133238,
    -0.7295400287761037,
    -0.7248609360779869,
    -0.7210450408045078,
    -0.7190076601888717,
    -0.7193231670034759,
    -0.7222373955858118,
    -0.7276291805051773,
    -0.7350151854315887,
    -0.7436355153426458
  ],
  "final_params": [
    3.571590248469642,
    2.9313057221437835,
    -0.0011239212183283796,
    -0.00028381392977118864
  ],
  "final_state_real": [
    [
      0.0024513375360004233,
      -3.3833140369179674e-07,
      5.653529934741021e-07,
      7.802951351059871e-11,
      0.001764441487856929,
      -2.435266368713124e-07,
      9.643810615077281e-07,
      1.331030098662244e-10,
      0.002925934829081261,
      -4.038348955603029e-07,
      3.789927283421569e-06,
      5.230823672634839e-10,
      0.018469842123791335,
      -2.5491910992265907e-06,
      1.0094959836189454e-05,
      1.3932973098566967e-09
    ],
    [
      -3.3833140369179674e-07,
      6.715998182018155e-05,
      -7.802951351059871e-11,
      1.5489111732591464e-08,
      -2.435266368713124e-07,
      4.834089818597098e-05,
      -1.3310300986622448e-10,
      2.6421379539706326e-08,
      -4.038348955603029e-07,
      8.016265693412022e-05,
      -5.230823672634839e-10,
      1.0383354794070367e-07,
      -2.5491910992265907e-06,
      0.0005060234435439394,
      -1.3932973098566967e-09,
      2.765740389520452e-07
    ],
    [
      5.653529934741019e-07,
      -7.802951351059874e-11,
      6.716070604401998e-05,
      -9.269246761020319e-09,
      -9.643810615077283e-07,
      1.3310300986622445e-10,
      4.834030588903402e-05,
      -6.672039501948128e-09,
      3.789927283421569e-06,
      -5.230823672634839e-10,
      8.016352137311398e-05,
      -1.1063842306134929e-08,
      -1.0094959836189454e-05,
      1.3932973098566967e-09,
      0.0005060172434908396,
      -6.98416564634042e-08
    ],
    [
      7.802951351059871e-11,
      1.548911173259146e-08,
      -9.269246761020319e-09,
      1.840020695112531e-06,
      -1.3310300986622448e-10,
      -2.642137953970633e-08,
      -6.672039501948128e-09,
      1.324392914892721e-06,
      5.230823672634839e-10,
      1.0383354794070367e-07,
      -1.1063842306134929e-08,
      2.196262472627164e-06,
      -1.3932973098566967e-09,
      -2.765740389520452e-07,
      -6.98416564634042e-08,
      1.3863496305364494e-05
    ],
    [
      0.001764441487856929,
      -2.435266368713124e-07,
      -9.643810615077281e-07,
      -1.331030098662244e-10,
      0.06363367621145517,
      -8.782662802862259e-06,
      3.47586890572303e-05,
      4.79736311421175e-09,
      -0.018469842123791335,
      2.5491910992265907e-06,
      1.0094959836189454e-05,
      1.3932973098566967e-09,
      0.1798905464368337,
      -2.4828331550848418e-05,
      9.838180261853853e-05,
      1.3578568231233698e-08
    ],
    [
      -2.435266368713124e-07,
      4.834089818597098e-05,
      1.3310300986622448e-10,
      -2.6421379539706326e-08,
      -8.782662802862259e-06,
      0.001743389669823059,
      -4.79736311421175e-09,
      9.522921514529961e-07,
      2.5491910992265907e-06,
      -0.0005060234435439394,
      -1.3932973098566967e-09,
      2.765740389520452e-07,
      -2.4828331550848418e-05,
      0.004928511741403119,
      -1.3578568231233698e-08,
      2.695389872879673e-06
    ],
    [
      9.643810615077283e-07,
      -1.3310300986622445e-10,
      4.834030588903402e-05,
      -6.672039501948128e-09,
      3.47586890572303e-05,
      -4.79736311421175e-09,
      0.0017434084697739284,
      -2.406181272274799e-07,
      -1.0094959836189454e-05,
      1.3932973098566967e-09,
      -0.0005060172434908396,
      6.98416564634042e-08,
      9.838180261853853e-05,
      -1.3578568231233698e-08,
      0.004928564888315824,
      -6.802204267709255e-07
    ],
    [
      1.3310300986622448e-10,
      2.642137953970633e-08,
      -6.672039501948128e-09,
      1.324392914892721e-06,
      4.79736311421175e-09,
      9.522921514529961e-07,
      -2.406181272274799e-07,
      4.776465069196711e-05,
      -1.3932973098566967e-09,
      -2.765740389520452e-07,
      6.98416564634042e-08,
      -1.3863496305364494e-05,
      1.3578568231233698e-08,
      2.695389872879673e-06,
      -6.802204267709255e-07,
      0.0001350292741973575
    ],
    [
      0.002925934829081261,
      -4.038348955603029e-07,
      3.789927283421569e-06,
      5.230823672634839e-10,
      -0.018469842123791335,
      2.5491910992265907e-06,
      -1.0094959836189454e-05,
      -1.3932973098566967e-09,
      0.032690396072883404,
      -4.511899086987891e-06,
      7.53939961602068e-06,
      1.0405811784687016e-09,
      -0.08684785218714412,
      1.198666292318957e-05,
      -4.7467952016720934e-05,
      -6.551484198303537e-09
    ],
    [
      -4.038348955603029e-07,
      8.016265693412022e-05,
      -5.230823672634839e-10,
      1.0383354794070367e-07,
      2.5491910992265907e-06,
      -0.0005060234435439394,
      1.3932973098566967e-09,
      -2.765740389520452e-07,
      -4.5118990869878905e-06,
      0.0008956279474802629,
      -1.0405811784687011e-09,
      2.065587418784065e-07,
      1.198666292318957e-05,
      -0.0023793949582018754,
      6.551484198303535e-09,
      -1.300490880902996e-06
    ],
    [
      3.789927283421569e-06,
      -5.230823672634839e-10,
      8.016352137311398e-05,
      -1.1063842306134929e-08,
      1.0094959836189454e-05,
      -1.3932973098566967e-09,
      -0.0005060172434908396,
      6.98416564634042e-08,
      7.539399616020675e-06,
      -1.040581178468701e-09,
      0.0008956376055399046,
      -1.236122498289007e-07,
      4.7467952016720934e-05,
      -6.551484198303537e-09,
      -0.002379365804661117,
      3.284055064675307e-07
    ],
    [
      5.230823672634839e-10,
      1.0383354794070367e-07,
      -1.1063842306134929e-08,
      2.196262472627164e-06,
      1.3932973098566967e-09,
      2.765740389520452e-07,
      6.98416564634042e-08,
      -1.3863496305364494e-05,
      1.0405811784687001e-09,
      2.0655874187840634e-07,
      -1.236122498289007e-07,
      2.4538034612594672e-05,
      6.551484198303535e-09,
      1.300490880902996e-06,
      3.284055064675307e-07,
      -6.518815211605956e-05
    ],
    [
      0.018469842123791335,
      -2.5491910992265907e-06,
      -1.0094959836189454e-05,
      -1.3932973098566967e-09,
      0.1798905464368337,
      -2.4828331550848418e-05,
      9.838180261853853e-05,
      1.3578568231233698e-08,
      -0.08684785218714412,
      1.198666292318957e-05,
