{
  "config": {
    "symbols": [
      "H",
      "H"
    ],
    "geometry": [
      [
        0.0,
        0.0,
        0.0
      ],
      [
        0.0,
        0.0,
        0.7414
      ]
    ],
    "basis": "STO-3G",
    "ansatz": "TwoQubit-RY-CNOT",
    "optimizer": {
      "name": "Adagrad",
      "stepsize": 0.1,
      "iterations_planned": 50
    },
    "seed": 4,
    "noisy": true,
    "depolarizing_prob": 0.04,
    "amplitude_damping_prob": 0.0
  },
  "energies": [
    1.2666027144584724,
    1.2666027144584724,
    1.2586144953656893,
    1.2373079315148612,
    1.207548056712031,
    1.1731823080081125,
    1.1363421285530715,
    1.098233148047918,
    1.0595776309374512,
    1.0208304871423801,
    0.9822891584819262,
    0.9441531565133174,
    0.9065582968738229,
    0.8695974335315679,
    0.8333335797003847,
    0.7978085237192887,
    0.7630486708834051,
    0.729069111660304,
    0.6958765190325851,
    0.6634712549763112,
    0.6318489282372439,
    0.6010015598901672,
    0.5709184705750603,
    0.541586959634575,
    0.5129928322955569,
    0.4851208090789705,
    0.4579548482169591,
    0.431478399023858,
    0.405674602980452,
    0.38052645178199307,
    0.3560169137825098,
    0.33212903357079726,
    0.3088460104897889,
    0.2861512607233313,
    0.2640284653616281,
    0.24246160746672069,
    0.22143500045614925,
    0.20093330882983257,
    0.1809415631104539,
    0.16144517007193615,
    0.14242991861069626,
    0.1238819830062771,
    0.10578792279269746,
    0.08813468104874352,
    0.0709095808207728,
    0.05410032009479146,
    0.03769496587034851,
    0.02168194700437906,
    0.0060500469907967536,
    -0.009211604604654644,
    -0.024113540354567725
  ],
  "final_params": [
    -1.6837021421557135
  ],
  "final_state_real": [
    [
      0.18901638707960805,
      0.0,
      0.0,
      0.0,
      0.18580295048473447,
      0.0,
      0.0,
      0.0,
      -0.18580295048473439,
      0.0,
      0.0,
      0.0,
      0.20956044131554252,
      0.0,
      0.0,
      0.0
    ],
    [
      0.0,
      0.005178531152869801,
      0.0,
      0.0,
      0.0,
      0.005090491794106078,
      0.0,
      0.0,
      0.0,
      -0.005090491794106075,
      0.0,
      0.0,
      0.0,
      0.005741381953854724,
      0.0,
      0.0
    ],
    [
      0.0,
      0.0,
      0.0051785311528698,
      0.0,
      0.0,
      0.0,
      0.005090491794106076,
      0.0,
      0.0,
      0.0,
      -0.005090491794106074,
      0.0,
      0.0,
      0.0,
      0.005741381953854723,
      0.0
    ],
    [
      0.0,
      0.0,
      0.0,
      0.0001418775658321542,
      0.0,
      0.0,
      0.0,
      0.00013946552860574898,
      0.0,
      0.0,
      0.0,
      -0.00013946552860574893,
      0.0,
      0.0,
      0.0,
      0.00015729813572216346
    ],
    [
      0.18580295048473444,
      0.0,
      0.0,
      0.0,
      0.2341501578587755,
      0.0,
      0.0,
      0.0,
      -0.20956044131554252,
      0.0,
      0.0,
      0.0,
      0.2360036139511213,
      0.0,
      0.0,
      0.0
    ],
    [
      0.0,
      0.005090491794106077,
      0.0,
      0.0,
      0.0,
      0.006415072818053385,
      0.0,
      0.0,
      0.0,
      -0.005741381953854724,
      0.0,
      0.0,
      0.0,
      0.006465852437021801,
      0.0,
      0.0
    ],
    [
      0.0,
      0.0,
      0.005090491794106076,
      0.0,
      0.0,
      0.0,
      0.0064150728180533845,
      0.0,
      0.0,
      0.0,
      -0.005741381953854723,
      0.0,
      0.0,
      0.0,
      0.006465852437021801,
      0.0
    ],
    [
      0.0,
      0.0,
      0.0,
      0.00013946552860574898,
      0.0,
      0.0,
      0.0,
      0.00017575541967282542,
      0.0,
      0.0,
      0.0,
      -0.00015729813572216346,
      0.0,
      0.0,
      0.0,
      0.00017714664211031724
    ],
    [
      -0.18580295048473439,
      0.0,
      0.0,
      0.0,
      -0.20956044131554252,
      0.0,
      0.0,
      0.0,
      0.23415015785877547,
      0.0,
      0.0,
      0.0,
      -0.23600361395112135,
      0.0,
      0.0,
      0.0
    ],
    [
      0.0,
      -0.005090491794106075,
      0.0,
      0.0,
      0.0,
      -0.005741381953854724,
      0.0,
      0.0,
      0.0,
      0.0064150728180533845,
      0.0,
      0.0,
      0.0,
      -0.006465852437021802,
      0.0,
      0.0
    ],
    [
      0.0,
      0.0,
      -0.005090491794106074,
      0.0,
      0.0,
      0.0,
      -0.005741381953854723,
      0.0,
      0.0,
      0.0,
      0.006415072818053384,
      0.0,
      0.0,
      0.0,
      -0.006465852437021803,
      0.0
    ],
    [
      0.0,
      0.0,
      0.0,
      -0.00013946552860574893,
      0.0,
      0.0,
      0.0,
      -0.00015729813572216346,
      0.0,
      0.0,
      0.0,
      0.0001757554196728254,
      0.0,
      0.0,
      0.0,
      -0.0001771466421103173
    ],
    [
      0.20956044131554252,
      0.0,
      0.0,
      0.0,
      0.2360036139511213,
      0.0,
      0.0,
      0.0,
      -0.23600361395112135,
      0.0,
      0.0,
      0.0,
      0.29006107498075456,
      0.0,
      0.0,
      0.0
    ],
    [
      0.0,
      0.005741381953854724,
      0.0,
      0.0,
      0.0,
      0.006465852437021801,
      0.0,
      0.0,
      0.0,
      -0.006465852437021802,
      0.0,
      0.0,
      0.0,
      0.007946878766601889,
      0.0,
      0.0
    ],
    [
      0.0,
      0.0,
      0.005741381953854723,
      0.0,
      0.0,
      0.0,
      0.006465852437021801,
      0.0,
      0.0,
      0.0,
      -0.006465852437021803,
      0.0,
      0.0,
      0.0,
      0.00794687876660189,
      0.0
    ],
    [
      0.0,
      0.0,
      0.0,
      0.00015729813572216346,
      0.0,
      0.0,
      0.0,
      0.00017714664211031724,
      0.0,
      0.0,
      0.0,
      -0.0001771466421103173,
      0.0,
      0.0,
      0.0,
      0.0002177227059344593
    ]
  ],