{
  "config": {
    "symbols": [
      "H",
      "H"
    ],
    "geometry": [
      [
        0.0,
        0.0,
        0.0
      ],
      [
        0.0,
        0.0,
        0.7414
      ]
    ],
    "basis": "STO-3G",
    "ansatz": "RY-CZ",
    "optimizer": {
      "name": "Momentum",
      "stepsize": 0.1,
      "iterations_planned": 50
    },
    "seed": 0,
    "noisy": true,
    "depolarizing_prob": 0.02,
    "amplitude_damping_prob": 0.0
  },
  "energies": [
    1.3069418590810384,
    1.3069418590810384,
    1.3069335909262632,
    1.306915641436568,
    1.3068842828670315,
    1.306832879612305,
    1.3067506091119125,
    1.3066202761911259,
    1.3064147942065931,
    1.3060916242329494,
    1.3055840456115604,
    1.3047874958880956,
    1.3035382520149155,
    1.301580271046133,
    1.2985138787123298,
    1.2937170088762908,
    1.2862258757999492,
    1.2745580116232749,
    1.2564591618835292,
    1.2285639613429447,
    1.185996152050744,
    1.1220331530918641,
    1.0281787396264992,
    0.8953651330892333,
    0.7173887198094553,
    0.4973314825652761,
    0.2551259208967736,
    0.029247787417451265,
    -0.1363358770211399,
    -0.21715454292040628,
    -0.224331720337929,
    -0.1956387083348708,
    -0.17215609480523272,
    -0.1812967565813019,
    -0.23261931061413438,
    -0.3207917817866196,
    -0.43044974361722926,
    -0.5418160358226818,
    -0.6370288714808428,
    -0.7054702572614943,
    -0.7455445875066666,
    -0.7623215302954609,
    -0.7632692988367368,
    -0.7549547548342213,
    -0.7419510105689746,
    -0.7273606353199569,
    -0.7137212544871436,
    -0.7034571150219995,
    -0.6987236783176167,
    -0.7009353289612066,
    -0.7103514057646383
  ],
  "final_params": [
    -2.7317707947469057,
    3.8116657832145187,
    0.00022388223723066123,
    2.4564919859750833e-05
  ],
  "final_state_real": [
    [
      0.006190445331628939,
      7.500641162103454e-08,
      5.464700409793864e-07,
      -6.6212937277529565e-12,
      -0.008259400695926743,
      -1.0007486950835293e-07,
      9.120724143466321e-07,
      -1.105110784398454e-11,
      -0.0178917136301717,
      -2.167846035718407e-07,
      -2.4715479610233783e-06,
      2.994646327333068e-11,
      -0.0570552227524758,
      -6.913085079574722e-07,
      6.300517032985108e-06,
      -7.634009329649346e-11
    ],
    [
      7.500641162103454e-08,
      8.365466757747162e-05,
      6.6212937277529565e-12,
      7.384730201091449e-09,
      -1.0007486950835294e-07,
      -0.00011161352416387112,
      1.105110784398454e-11,
      1.2325302759025423e-08,
      -2.167846035718407e-07,
      -0.00024177991662022917,
      -2.9946463273330684e-11,
      -3.339929639784922e-08,
      -6.913085079574722e-07,
      -0.0007710165322889657,
      7.634009329649346e-11,
      8.514212111717811e-08
    ],
    [
      5.464700409793866e-07,
      6.621293727752958e-12,
      8.36547442009131e-05,
      1.013599217322751e-09,
      -9.120724143466321e-07,
      -1.105110784398454e-11,
      -0.00011161341943998028,
      -1.3523643552568298e-09,
      -2.4715479610233783e-06,
      -2.994646327333068e-11,
      -0.00024178013807839546,
      -2.929518953902598e-09,
      -6.3005170329851095e-06,
      -7.634009329649346e-11,
      -0.000771015808865422,
      -9.34201552538057e-09
    ],
    [
      -6.621293727752958e-12,
      7.38473020109145e-09,
      1.013599217322751e-09,
      1.1304695288479905e-06,
      1.105110784398454e-11,
      -1.2325302759025423e-08,
      -1.35236435525683e-09,
      -1.5082894687286657e-06,
      2.9946463273330684e-11,
      -3.339929639784922e-08,
      -2.929518953902598e-09,
      -3.267299199694433e-06,
      7.634009329649346e-11,
      -8.514212111717814e-08,
      -9.34201552538057e-09,
      -1.0419132668544246e-05
    ],
    [
      -0.008259400695926743,
      -1.0007486950835293e-07,
      -9.120724143466321e-07,
      1.105110784398454e-11,
      0.04602218280507955,
      5.576268914837428e-07,
      -5.065533487284868e-06,
      6.137643894799905e-11,
      0.05705522275247581,
      6.913085079574722e-07,
      6.300517032985109e-06,
      -7.634009329649347e-11,
      0.165848203455246,
      2.0094965626164265e-06,
      -1.8374450621924602e-05,
      2.2263367711029738e-10
    ],
    [
      -1.0007486950835294e-07,
      -0.00011161352416387112,
      -1.105110784398454e-11,
      -1.2325302759025423e-08,
      5.576268914837428e-07,
      0.0006219213962003423,
      -6.137643894799905e-11,
      -6.845315446964037e-08,
      6.913085079574723e-07,
      0.0007710165322889657,
      7.634009329649347e-11,
      8.514212111717813e-08,
      2.009496562616426e-06,
      0.0022411919636028386,
      -2.2263367711029738e-10,
      -2.4830338401169293e-07
    ],
    [
      9.120724143466321e-07,
      1.105110784398454e-11,
      -0.00011161341943998028,
      -1.3523643552568298e-09,
      -5.065533487284869e-06,
      -6.137643894799906e-11,
      0.0006219219658488635,
      7.535491547332402e-09,
      -6.3005170329851095e-06,
      -7.634009329649346e-11,
      0.000771015808865422,
      9.34201552538057e-09,
      -1.83744506219246e-05,
      -2.2263367711029733e-10,
      0.0022411940164212443,
      2.7155333778286894e-08
    ],
    [
      -1.105110784398454e-11,
      1.2325302759025423e-08,
      -1.35236435525683e-09,
      -1.5082894687286657e-06,
      6.137643894799906e-11,
      -6.84531544696404e-08,
      7.535491547332402e-09,
      8.404350983667302e-06,
      7.634009329649346e-11,
      -8.514212111717814e-08,
      9.342015525380573e-09,
      1.0419132668544246e-05,
      2.2263367711029733e-10,
      -2.483033840116929e-07,
      2.7155333778286887e-08,
      3.0286405965401362e-05
    ],
    [
      -0.0178917136301717,
      -2.167846035718407e-07,
      -2.4715479610233783e-06,
      2.994646327333068e-11,
      0.0570552227524758,
      6.913085079574722e-07,
      -6.300517032985108e-06,
      7.634009329649346e-11,
      0.10923119599804328,
      1.3234976823115304e-06,
      9.642533445581853e-06,
      -1.1683357080006437e-10,
      0.27812937304862445,
      3.3699491935302013e-06,
      -3.071338201357367e-05,
      3.7213810169737517e-10
    ],
    [
      -2.167846035718407e-07,
      -0.00024177991662022917,
      -2.9946463273330684e-11,
      -3.339929639784922e-08,
      6.913085079574722e-07,
      0.0007710165322889657,
      -7.634009329649346e-11,
      -8.514212111717811e-08,
      1.3234976823115304e-06,
      0.0014760972596944795,
      1.1683357080006437e-10,
      1.3030450456717485e-07,
      3.3699491935302013e-06,
      0.0037585050831538324,
      -3.721381016973751e-10,
      -4.150456982542102e-07
    ],
    [
      -2.4715479610233783e-06,
      -2.994646327333068e-11,
      -0.00024178013807839546,
      -2.929518953902598e-09,
      6.3005170329851095e-06,
      7.634009329649346e-11,
      0.000771015808865422,
      9.34201552538057e-09,
      9.642533445581853e-06,
      1.1683357080006437e-10,
      0.00147609861172486,
      1.7885087233572415e-08,
      3.071338201357367e-05,
      3.7213810169737517e-10,
      0.003758501556652192,
      4.553989618718767e-08
    ],
    [
      2.9946463273330684e-11,
      -3.339929639784922e-08,
      -2.929518953902598e-09,
      -3.267299199694433e-06,
      -7.634009329649346e-11,
      8.514212111717814e-08,
      9.34201552538057e-09,
      1.0419132668544246e-05,
      -1.1683357080006437e-10,
      1.3030450456717485e-07,
      1.7885087233572415e-08,
      1.994727875949397e-05,
      -3.721381016973751e-10,
      4.150456982542102e-07,
      4.553989618718767e-08,
      5.07905621433562e-05
    ],
    [
      -0.05705522275247581,
      -6.913085079574722e-07,
      -6.300517032985109e-06,
      7.634009329649347e-11,
      0.165848203455246,
      2.0094965626164265e-06,
      -1.8374450621924602e-05,
      2.2263367711029738e-10,
      0.2781293730486244,
      3.369949193530201e-06,
