{
  "config": {
    "symbols": [
      "H",
      "H"
    ],
    "geometry": [
      [
        0.0,
        0.0,
        0.0
      ],
      [
        0.0,
        0.0,
        0.7414
      ]
    ],
    "basis": "STO-3G",
    "ansatz": "RY-CZ",
    "optimizer": {
      "name": "Adagrad",
      "stepsize": 0.1,
      "iterations_planned": 50
    },
    "seed": 3,
    "noisy": true,
    "depolarizing_prob": 0.0,
    "amplitude_damping_prob": 0.0
  },
  "energies": [
    1.3487684564321576,
    1.3487684564321576,
    1.3401017463717537,
    1.3159703044048636,
    1.2824101100651708,
    1.2444637555962244,
    1.2047971488121465,
    1.1646111567700528,
    1.1242594820867844,
    1.083716401758602,
    1.0429528621810946,
    1.0020716587261378,
    0.9612527619106713,
    0.9206871534427108,
    0.8805486771400807,
    0.8409858970694115,
    0.8021203575533882,
    0.7640467528823887,
    0.7268339513758613,
    0.6905267741918847,
    0.6551485844348808,
    0.6207046667695387,
    0.5871862083190696,
    0.5545745094819121,
    0.5228449503076822,
    0.49197025955627016,
    0.46192280715811085,
    0.4326759019782884,
    0.40420428776388206,
    0.37648413719849194,
    0.34949282571367196,
    0.3232086731201441,
    0.2976107421726156,
    0.27267871383568365,
    0.24839282249210454,
    0.22473382946812184,
    0.20168301651603077,
    0.17922218406682042,
    0.15733365201374722,
    0.13600025877397587,
    0.11520535716917511,
    0.09493280899120206,
    0.07516697771307704,
    0.05589271898987941,
    0.037095370581765236,
    0.018760741455942614,
    0.0008750999313753838,
    -0.016574838657396174,
    -0.033601923955110774,
    -0.05021858380524932,
    -0.06643683686670629
  ],
  "final_params": [
    -1.6882284693170304,
    -1.687103568997232,
    -3.9274868118401075e-08,
    -4.2733618498452725e-08
  ],
  "final_state_real": [
    [
      0.19509712869665485,
      -4.168603133933134e-09,
      -3.83120699991958e-09,
      -8.186066916158109e-17,
      -0.21921826665227473,
      4.683994887505125e-09,
      -4.3048842559562156e-09,
      -9.198164073701287e-17,
      -0.21946669975340036,
      4.68930311018807e-09,
      4.309762844598021e-09,
      9.208588060992771e-17,
      -0.24660080765539102,
      5.269072417877822e-09,
      -4.84260709927827e-09,
      -1.0347106215922656e-16
    ],
    [
      -4.168603133933135e-09,
      3.9910123219315375e-15,
      8.18606691615811e-17,
      -7.487503869540126e-23,
      4.683994887505125e-09,
      -4.4844473583311255e-15,
      9.198164073701287e-17,
      -8.413233094706479e-23,
      4.689303110188071e-09,
      -4.4895294401351574e-15,
      -9.208588060992771e-17,
      8.422767544642016e-23,
      5.269072417877823e-09,
      -5.0445994183809285e-15,
      1.0347106215922656e-16,
      -9.464129553759329e-23
    ],
    [
      -3.83120699991958e-09,
      8.186066916158109e-17,
      3.977177648761135e-15,
      -8.176452918595906e-23,
      4.304884255956216e-09,
      -9.198164073701289e-17,
      -4.299828452336618e-15,
      9.548618115473176e-23,
      4.309762844598021e-09,
      -9.208588060992771e-17,
      -4.473966678739545e-15,
      9.197773179549963e-23,
      4.8426070992782704e-09,
      -1.0347106215922659e-16,
      -4.8369197755210755e-15,
      1.0741335451774266e-22
    ],
    [
      -8.18606691615811e-17,
      -7.487503869540126e-23,
      -8.176452918595909e-23,
      8.135929579669176e-29,
      9.198164073701288e-17,
      8.413233094706479e-23,
      9.548618115473176e-23,
      -8.795961503948818e-29,
      9.208588060992771e-17,
      8.422767544642016e-23,
      9.197773179549965e-23,
      -9.152188072702674e-29,
      1.0347106215922657e-16,
      9.464129553759331e-23,
      1.0741335451774266e-22,
      -9.894664546454662e-29
    ],
    [
      -0.2192182666522747,
      4.683994887505124e-09,
      4.3048842559562156e-09,
      9.198164073701287e-17,
      0.24632165914015075,
      -5.263107904800481e-09,
      4.837125338717363e-09,
      1.0335393442697175e-16,
      0.24660080765539102,
      -5.269072417877822e-09,
      -4.84260709927827e-09,
      -1.0347106215922656e-16,
      0.27708968333064,
      -5.9205224086542395e-09,
      5.441330384890297e-09,
      1.1626386839596873e-16
    ],
    [
      4.683994887505125e-09,
      -4.4844473583311255e-15,
      -9.198164073701287e-17,
      8.413233094706479e-23,
      -5.263107904800482e-09,
      5.038889005462935e-15,
      -1.0335393442697173e-16,
      9.453416297228807e-23,
      -5.269072417877823e-09,
      5.0445994183809285e-15,
      1.0347106215922656e-16,
      -9.464129553759329e-23,
      -5.9205224086542395e-09,
      5.668296339574233e-15,
      -1.162638683959687e-16,
      1.0634241979921096e-22
    ],
    [
      -4.3048842559562156e-09,
      9.198164073701287e-17,
      -4.299828452336618e-15,
      9.548618115473175e-23,
      4.837125338717363e-09,
      -1.0335393442697175e-16,
      5.021421912678122e-15,
      -1.0323255202393985e-22,
      4.8426070992782704e-09,
      -1.0347106215922659e-16,
      4.8369197755210755e-15,
      -1.0741335451774266e-22,
      5.441330384890297e-09,
      -1.1626386839596873e-16,
      5.648647433240353e-15,
      -1.161273241239902e-22
    ],
    [
      -9.198164073701287e-17,
      -8.413233094706479e-23,
      9.548618115473176e-23,
      -8.795961503948818e-29,
      1.0335393442697173e-16,
      9.453416297228807e-23,
      -1.0323255202393986e-22,
      1.0272092091255373e-28,
      1.0347106215922657e-16,
      9.464129553759331e-23,
      -1.0741335451774266e-22,
      9.894664546454662e-29,
      1.162638683959687e-16,
      1.0634241979921096e-22,
      -1.161273241239902e-22,
      1.1555178520008496e-28
    ],
    [
      -0.21946669975340036,
      4.68930311018807e-09,
      4.309762844598021e-09,
      9.208588060992771e-17,
      0.24660080765539102,
      -5.269072417877822e-09,
      4.84260709927827e-09,
      1.0347106215922656e-16,
      0.24688027252082653,
      -5.275043690349446e-09,
      -4.848095072144757e-09,
      -1.035883226286297e-16,
      0.2774037002707929,
      -5.927231948715511e-09,
      5.447496871845848e-09,
      1.1639562654648583e-16
    ],
    [
      4.689303110188071e-09,
      -4.4895294401351574e-15,
      -9.208588060992771e-17,
      8.422767544642016e-23,
      -5.269072417877823e-09,
      5.0445994183809285e-15,
      -1.0347106215922656e-16,
      9.464129553759329e-23,
      -5.275043690349446e-09,
      5.050316302729516e-15,
      1.035883226286297e-16,
      -9.474854951284083e-23,
      -5.92723194871551e-09,
      5.674720039839931e-15,
      -1.1639562654648583e-16,
      1.0646293428705283e-22
    ],
    [
      4.309762844598021e-09,
      -9.208588060992771e-17,
      -4.473966678739545e-15,
      9.197773179549963e-23,
      -4.8426070992782704e-09,
      1.0347106215922659e-16,
      4.8369197755210755e-15,
      -1.0741335451774266e-22,
      -4.848095072144758e-09,
      1.0358832262862973e-16,
      5.032809597708468e-15,
      -1.0346666495206475e-22,
      -5.447496871845848e-09,
      1.1639562654648583e-16,
      5.4410991448072286e-15,
      -1.2083035041539502e-22
    ],
    [
      9.208588060992771e-17,
      8.422767544642016e-23,
      9.197773179549965e-23,
      -9.152188072702674e-29,
      -1.0347106215922657e-16,
      -9.464129553759331e-23,
      -1.0741335451774266e-22,
      9.894664546454662e-29,
      -1.0358832262862972e-16,
      -9.474854951284085e-23,
      -1.0346666495206475e-22,
      1.0295387355300522e-28,
      -1.1639562654648583e-16,
      -1.0646293428705283e-22,
      -1.2083035041539502e-22,
      1.1130606522426554e-28
    ],
    [
      -0.24660080765539102,
      5.269072417877822e-09,
      4.84260709927827e-09,
      1.0347106215922656e-16,
      0.27708968333064,
      -5.9205224086542395e-09,
      5.441330384890297e-09,
      1.1626386839596873e-16,
      0.2774037002707929,
