{
  "config": {
    "symbols": [
      "H",
      "H"
    ],
    "geometry": [
      [
        0.0,
        0.0,
        0.0
      ],
      [
        0.0,
        0.0,
        0.7414
      ]
    ],
    "basis": "STO-3G",
    "ansatz": "TwoQubit-RY-CNOT",
    "optimizer": {
      "name": "GradientDescent",
      "stepsize": 0.1,
      "iterations_planned": 50
    },
    "seed": 7,
    "noisy": true,
    "depolarizing_prob": 0.0,
    "amplitude_damping_prob": 0.0
  },
  "energies": [
    1.3487910296313088,
    1.3487910296313088,
    1.3487883000918712,
    1.3487846980266145,
    1.3487799445230304,
    1.3487736715176561,
    1.3487653933058212,
    1.348754468926189,
    1.3487400525822824,
    1.3487210281422652,
    1.3486959228072153,
    1.3486627931209756,
    1.3486190746924995,
    1.34856138393909,
    1.348485256615423,
    1.3483848030271421,
    1.3482522536226975,
    1.348077360145063,
    1.3478466070829955,
    1.3475421734953197,
    1.34714056799978,
    1.3466108356456377,
    1.3459122057384318,
    1.3449910128170253,
    1.3437766767548625,
    1.3421764723591145,
    1.3400687561552804,
    1.3372942512775532,
    1.3336449282452882,
    1.328849986578076,
    1.322558465790447,
    1.3143181758681228,
    1.3035510219208735,
    1.2895255934964103,
    1.2713293138368404,
    1.2478447773354149,
    1.2177384092880328,
    1.1794742082962806,
    1.1313703644730277,
    1.0717198091315334,
    0.9989929823632269,
    0.9121262596283299,
    0.8108674998882747,
    0.696103879159262,
    0.5700551613916738,
    0.43621220308733877,
    0.29896516369981546,
    0.16298794036168487,
    0.032559373079882686,
    -0.08897001441866273,
    -0.19943495511166465
  ],
  "final_params": [
    -1.9012060835954137
  ],
  "final_state_real": [
    [
      0.11409848718359925,
      0.0,
      0.0,
      0.0,
      0.15975686439500378,
      0.0,
      0.0,
      0.0,
      -0.15975686439500378,
      0.0,
      0.0,
      0.0,
      0.22368618858426226,
      0.0,
      0.0,
      0.0
    ],
    [
      0.0,
      2.281969743671962e-15,
      0.0,
      0.0,
      0.0,
      3.1951372879000438e-15,
      0.0,
      0.0,
      0.0,
      -3.1951372879000438e-15,
      0.0,
      0.0,
      0.0,
      4.473723771685201e-15,
      0.0,
      0.0
    ],
    [
      0.0,
      0.0,
      2.2819697436719617e-15,
      0.0,
      0.0,
      0.0,
      3.1951372879000434e-15,
      0.0,
      0.0,
      0.0,
      -3.1951372879000434e-15,
      0.0,
      0.0,
      0.0,
      4.4737237716852015e-15,
      0.0
    ],
    [
      0.0,
      0.0,
      0.0,
      4.563939487343878e-29,
      0.0,
      0.0,
      0.0,
      6.390274575800022e-29,
      0.0,
      0.0,
      0.0,
      -6.390274575800022e-29,
      0.0,
      0.0,
      0.0,
      8.947447543370312e-29
    ],
    [
      0.15975686439500378,
      0.0,
      0.0,
      0.0,
      0.22368618858428668,
      0.0,
      0.0,
      0.0,
      -0.22368618858426226,
      0.0,
      0.0,
      0.0,
      0.31319787824351897,
      0.0,
      0.0,
      0.0
    ],
    [
      0.0,
      3.1951372879000438e-15,
      0.0,
      0.0,
      0.0,
      4.473723771685689e-15,
      0.0,
      0.0,
      0.0,
      -4.473723771685201e-15,
      0.0,
      0.0,
      0.0,
      6.263957564870316e-15,
      0.0,
      0.0
    ],
    [
      0.0,
      0.0,
      3.1951372879000434e-15,
      0.0,
      0.0,
      0.0,
      4.47372377168569e-15,
      0.0,
      0.0,
      0.0,
      -4.4737237716852015e-15,
      0.0,
      0.0,
      0.0,
      6.263957564870315e-15,
      0.0
    ],
    [
      0.0,
      0.0,
      0.0,
      6.390274575800022e-29,
      0.0,
      0.0,
      0.0,
      8.947447543371287e-29,
      0.0,
      0.0,
      0.0,
      -8.947447543370312e-29,
      0.0,
      0.0,
      0.0,
      1.2527915129740502e-28
    ],
    [
      -0.15975686439500378,
      0.0,
      0.0,
      0.0,
      -0.22368618858426226,
      0.0,
      0.0,
      0.0,
      0.22368618858428668,
      0.0,
      0.0,
      0.0,
      -0.31319787824351897,
      0.0,
      0.0,
      0.0
    ],
    [
      0.0,
      -3.1951372879000438e-15,
      0.0,
      0.0,
      0.0,
      -4.473723771685201e-15,
      0.0,
      0.0,
      0.0,
      4.473723771685689e-15,
      0.0,
      0.0,
      0.0,
      -6.263957564870316e-15,
      0.0,
      0.0
    ],
    [
      0.0,
      0.0,
      -3.1951372879000434e-15,
      0.0,
      0.0,
      0.0,
      -4.4737237716852015e-15,
      0.0,
      0.0,
      0.0,
      4.47372377168569e-15,
      0.0,
      0.0,
      0.0,
      -6.263957564870315e-15,
      0.0
    ],
    [
      0.0,
      0.0,
      0.0,
      -6.390274575800022e-29,
      0.0,
      0.0,
      0.0,
      -8.947447543370312e-29,
      0.0,
      0.0,
      0.0,
      8.947447543371287e-29,
      0.0,
      0.0,
      0.0,
      -1.2527915129740502e-28
    ],
    [
      0.22368618858426226,
      0.0,
      0.0,
      0.0,
      0.31319787824351897,
      0.0,
      0.0,
      0.0,
      -0.3131978782435189,
      0.0,
      0.0,
      0.0,
      0.4385291356479729,
      0.0,
      0.0,
      0.0
    ],
    [
      0.0,
      4.473723771685201e-15,
      0.0,
      0.0,
      0.0,
      6.263957564870316e-15,
      0.0,
      0.0,
      0.0,
      -6.263957564870316e-15,
      0.0,
      0.0,
      0.0,
      8.770582712959368e-15,
      0.0,
      0.0
    ],
    [
      0.0,
      0.0,
      4.4737237716852015e-15,
      0.0,
      0.0,
      0.0,
      6.263957564870315e-15,
      0.0,
      0.0,
      0.0,
      -6.263957564870315e-15,
      0.0,
      0.0,
      0.0,
      8.770582712959367e-15,
      0.0
    ],
    [
      0.0,
      0.0,
      0.0,
      8.947447543370312e-29,
      0.0,
      0.0,
      0.0,
      1.2527915129740502e-28,
      0.0,
      0.0,
      0.0,
      -1.2527915129740502e-28,
      0.0,
      0.0,
      0.0,
      1.7541165425918556e-28
    ]
  ],