{
  "config": {
    "symbols": [
      "H",
      "H"
    ],
    "geometry": [
      [
        0.0,
        0.0,
        0.0
      ],
      [
        0.0,
        0.0,
        0.7414
      ]
    ],
    "basis": "STO-3G",
    "ansatz": "RY-CZ",
    "optimizer": {
      "name": "Adagrad",
      "stepsize": 0.1,
      "iterations_planned": 50
    },
    "seed": 2,
    "noisy": true,
    "depolarizing_prob": 0.04,
    "amplitude_damping_prob": 0.0
  },
  "energies": [
    1.2665510533424402,
    1.2665510533424402,
    1.2584092344030762,
    1.2367909995445603,
    1.2066955950689982,
    1.1725480431661608,
    1.136464650719485,
    1.098905148551547,
    1.0603687533783395,
    1.0214428883339337,
    0.982582761230944,
    0.944110019864852,
    0.9062248877596817,
    0.8690317467596935,
    0.8325787830868532,
    0.7968926835627365,
    0.7619923818272707,
    0.7278896570962013,
    0.6945890142851527,
    0.6620890204087544,
    0.6303837414115717,
    0.599463867456885,
    0.5693175639383329,
    0.539931121990583,
    0.5112894644002532,
    0.4833765356971295,
    0.456175609579214,
    0.4296695292129378,
    0.40384089774146786,
    0.3786722275393133,
    0.35414605932476195,
    0.3302450558153305,
    0.30695207996450385,
    0.2842502868035942,
    0.26212345190233344,
    0.24055838392550832,
    0.21956416860683514,
    0.1992438761310688,
    0.1794550968115492,
    0.15983062577758567,
    0.140652583940437,
    0.1220468742184931,
    0.10394115186163777,
    0.0862909378895712,
    0.0690738617283678,
    0.05227474316130638,
    0.03588071667398113,
    0.01987985747478946,
    0.004260779812697679,
    -0.010987489187799487,
    -0.025875557790878856
  ],
  "final_params": [
    1.6843309863630074,
    1.6866309035180298,
    -0.00018172187862176115,
    -0.00015730355346369758
  ],
  "final_state_real": [
    [
      0.18830882525240814,
      -1.4405047709891281e-05,
      -1.5529409544027458e-05,
      -1.1879522123582377e-09,
      0.1856012950058262,
      -1.4197929961125068e-05,
      1.640188316807688e-05,
      1.2546937693360008e-09,
      0.18514148755912535,
      -1.4162756088540463e-05,
      -1.75325426080283e-05,
      -1.3411857495562402e-09,
      -0.20947496864856302,
      1.6024192791261536e-05,
      -1.8511637875707952e-05,
      -1.4160835353382406e-09
    ],
    [
      -1.4405047709891285e-05,
      0.005159147061353282,
      1.1879522123582377e-09,
      -4.254631791847458e-07,
      -1.4197929961125073e-05,
      0.0050849681337514835,
      -1.254693769336001e-09,
      4.4936656075186183e-07,
      -1.4162756088540463e-05,
      0.005072370666616019,
      1.3411857495562402e-09,
      -4.803435247203333e-07,
      1.6024192791261536e-05,
      -0.005739041531812034,
      1.4160835353382406e-09,
      -5.071680465497508e-07
    ],
    [
      -1.5529409544027458e-05,
      1.1879522123582377e-09,
      0.005159147450786263,
      -3.9465872253254024e-07,
      -1.6401883168076883e-05,
      1.2546937693360012e-09,
      0.005084965455344357,
      -3.889844996228799e-07,
      -1.7532542608028297e-05,
      1.34118574955624e-09,
      0.0050723710494987705,
      -3.880205979189721e-07,
      1.8511637875707952e-05,
      -1.4160835353382406e-09,
      -0.005739038508884588,
      4.390191127746276e-07
    ],
    [
      -1.1879522123582377e-09,
      -4.254631791847458e-07,
      -3.9465872253254035e-07,
      0.00014134653739215458,
      -1.254693769336001e-09,
      -4.4936656075186194e-07,
      -3.8898449962287997e-07,
      0.00013931415349683566,
      -1.3411857495562398e-09,
      -4.803435247203333e-07,
      -3.880205979189721e-07,
      0.00013896910120403603,
      1.4160835353382406e-09,
      5.071680465497508e-07,
      4.390191127746276e-07,
      -0.0001572339672260082
    ],
    [
      0.1856012950058262,
      -1.4197929961125068e-05,
      -1.640188316807688e-05,
      -1.2546937693360008e-09,
      0.2345775294426798,
      -1.7944461704123013e-05,
      1.984860605014287e-05,
      1.5183575011429071e-09,
      0.20947496864856302,
      -1.6024192791261536e-05,
      -1.8511637875707952e-05,
      -1.4160835353382406e-09,
      -0.2366349113068384,
      1.8101845108065686e-05,
      -2.1840402457649554e-05,
      -1.6707238188806456e-09
    ],
    [
      -1.4197929961125073e-05,
      0.0050849681337514835,
      1.254693769336001e-09,
      -4.4936656075186183e-07,
      -1.7944461704123013e-05,
      0.00642678307860262,
      -1.518357501142907e-09,
      5.437973033383757e-07,
      -1.6024192791261536e-05,
      0.005739041531812034,
      1.4160835353382406e-09,
      -5.071680465497508e-07,
      1.810184510806569e-05,
      -0.0064831497177355885,
      1.670723818880646e-09,
      -5.983670556154332e-07
    ],
    [
      1.6401883168076883e-05,
      -1.2546937693360012e-09,
      0.005084965455344357,
      -3.889844996228799e-07,
      1.984860605014287e-05,
      -1.5183575011429071e-09,
      0.006426783563721819,
      -4.91628939751476e-07,
      1.8511637875707952e-05,
      -1.4160835353382406e-09,
      0.005739038508884588,
      -4.390191127746276e-07,
      -2.1840402457649554e-05,
      1.6707238188806456e-09,
      -0.006483150207109566,
      4.959408125337638e-07
    ],
    [
      1.254693769336001e-09,
      4.4936656075186194e-07,
      -3.8898449962287997e-07,
      0.00013931415349683566,
      1.518357501142907e-09,
      5.437973033383757e-07,
      -4.91628939751476e-07,
      0.00017607630174680292,
      1.4160835353382406e-09,
      5.071680465497508e-07,
      -4.390191127746276e-07,
      0.0001572339672260082,
      -1.670723818880646e-09,
      -5.983670556154332e-07,
      4.959408125337638e-07,
      -0.0001776205936948964
    ],
    [
      0.18514148755912535,
      -1.4162756088540463e-05,
      -1.75325426080283e-05,
      -1.3411857495562402e-09,
      0.20947496864856302,
      -1.6024192791261536e-05,
      1.8511637875707952e-05,
      1.4160835353382406e-09,
      0.2335529631857641,
      -1.786608552715398e-05,
      -1.92605928621315e-05,
      -1.4733762952822767e-09,
      -0.23606337819682316,
      1.80581245940114e-05,
      -2.08612981354699e-05,
      -1.5958253404571585e-09
    ],
    [
      -1.4162756088540463e-05,
      0.005072370666616019,
      1.3411857495562402e-09,
      -4.803435247203333e-07,
      -1.6024192791261536e-05,
      0.005739041531812034,
      -1.4160835353382406e-09,
      5.071680465497508e-07,
      -1.786608552715398e-05,
      0.006398712763860638,
      1.473376295282277e-09,
      -5.27687356616667e-07,
      1.8058124594011397e-05,
      -0.0064674912728323875,
      1.5958253404571585e-09,
      -5.715422857175785e-07
    ],
    [
      -1.7532542608028297e-05,
      1.34118574955624e-09,
      0.0050723710494987705,
      -3.880205979189721e-07,
      -1.8511637875707952e-05,
      1.4160835353382406e-09,
      0.005739038508884588,
      -4.390191127746276e-07,
      -1.92605928621315e-05,
      1.4733762952822767e-09,
      0.006398713246860976,
      -4.894816478783401e-07,
      2.08612981354699e-05,
      -1.5958253404571585e-09,
      -0.006467487866208345,
      4.947432885330648e-07
    ],
    [
      -1.3411857495562398e-09,
      -4.803435247203333e-07,
      -3.880205979189721e-07,
      0.00013896910120403603,
      -1.4160835353382406e-09,
      -5.071680465497508e-07,
      -4.390191127746276e-07,
      0.0001572339672260082,
      -1.473376295282277e-09,
      -5.27687356616667e-07,
      -4.894816478783401e-07,
      0.00017530725179627752,
      1.5958253404571585e-09,
      5.715422857175785e-07,
      4.947432885330646e-07,
      -0.00017719148836790953
    ],
    [
      -0.20947496864856302,
      1.6024192791261536e-05,
      1.8511637875707952e-05,
      1.4160835353382406e-09,
      -0.2366349113068384,
      1.8101845108065686e-05,
      -2.1840402457649554e-05,
      -1.6707238188806456e-09,
      -0.23606337819682321,
