{
  "config": {
    "symbols": [
      "H",
      "H"
    ],
    "geometry": [
      [
        0.0,
        0.0,
        0.0
      ],
      [
        0.0,
        0.0,
        0.7414
      ]
    ],
    "basis": "STO-3G",
    "ansatz": "TwoQubit-RY-CNOT",
    "optimizer": {
      "name": "Momentum",
      "stepsize": 0.1,
      "iterations_planned": 50
    },
    "seed": 3,
    "noisy": true,
    "depolarizing_prob": 0.0,
    "amplitude_damping_prob": 0.0
  },
  "energies": [
    1.3487621546972055,
    1.3487621546972055,
    1.3487501950977594,
    1.3487205211838666,
    1.3486581669114184,
    1.3485319070486894,
    1.3482790089593881,
    1.347774417372151,
    1.346769356372402,
    1.3447696022447961,
    1.3407953980058385,
    1.3329123938590182,
    1.317332556108508,
    1.286757891660104,
    1.2275843150473833,
    1.1161163335545794,
    0.9166979502445022,
    0.5921825269324001,
    0.1433289603815114,
    -0.33972524108063573,
    -0.7081722230133294,
    -0.876381942873288,
    -0.8562239619926878,
    -0.7045595385224266,
    -0.5018226277421785,
    -0.3316178591566958,
    -0.24789915862287412,
    -0.26585110989396843,
    -0.37109342232050424,
    -0.5280419884203088,
    -0.6895600944159032,
    -0.8137735439328877,
    -0.878724310667679,
    -0.8841449751481844,
    -0.845000711393345,
    -0.7847215048339657,
    -0.7283720145946374,
    -0.6953190629611081,
    -0.6942286866451867,
    -0.7223774745716466,
    -0.7686427463370487,
    -0.8184979252326254,
    -0.8591240093853029,
    -0.8828453800237265,
    -0.8881143949145683,
    -0.8785607046620485,
    -0.8610143640940245,
    -0.8431378663002997,
    -0.8311880380186181,
    -0.8284825007637975,
    -0.8349673710980776
  ],
  "final_params": [
    -3.4698759016179306
  ],
  "final_state_real": [
    [
      0.0007129634093286313,
      0.0,
      0.0,
      0.0,
      -0.004304507671750106,
      0.0,
      0.0,
      0.0,
      0.004304507671750106,
      0.0,
      0.0,
      0.0,
      0.02598841126178466,
      0.0,
      0.0,
      0.0
    ],
    [
      0.0,
      1.425926818657248e-17,
      0.0,
      0.0,
      0.0,
      -8.609015343500125e-17,
      0.0,
      0.0,
      0.0,
      8.609015343500125e-17,
      0.0,
      0.0,
      0.0,
      5.197682252356879e-16,
      0.0,
      0.0
    ],
    [
      0.0,
      0.0,
      1.4259268186572485e-17,
      0.0,
      0.0,
      0.0,
      -8.609015343500125e-17,
      0.0,
      0.0,
      0.0,
      8.609015343500125e-17,
      0.0,
      0.0,
      0.0,
      5.197682252356879e-16,
      0.0
    ],
    [
      0.0,
      0.0,
      0.0,
      2.851853637314468e-31,
      0.0,
      0.0,
      0.0,
      -1.7218030687000075e-30,
      0.0,
      0.0,
      0.0,
      1.7218030687000075e-30,
      0.0,
      0.0,
      0.0,
      1.0395364504713651e-29
    ],
    [
      -0.004304507671750106,
      0.0,
      0.0,
      0.0,
      0.02598841126181413,
      0.0,
      0.0,
      0.0,
      -0.02598841126178466,
      0.0,
      0.0,
      0.0,
      -0.1569047081373521,
      0.0,
      0.0,
      0.0
    ],
    [
      0.0,
      -8.609015343500125e-17,
      0.0,
      0.0,
      0.0,
      5.197682252362773e-16,
      0.0,
      0.0,
      0.0,
      -5.197682252356879e-16,
      0.0,
      0.0,
      0.0,
      -3.13809416274701e-15,
      0.0,
      0.0
    ],
    [
      0.0,
      0.0,
      -8.609015343500125e-17,
      0.0,
      0.0,
      0.0,
      5.197682252362773e-16,
      0.0,
      0.0,
      0.0,
      -5.197682252356879e-16,
      0.0,
      0.0,
      0.0,
      -3.138094162747009e-15,
      0.0
    ],
    [
      0.0,
      0.0,
      0.0,
      -1.7218030687000075e-30,
      0.0,
      0.0,
      0.0,
      1.039536450472544e-29,
      0.0,
      0.0,
      0.0,
      -1.0395364504713651e-29,
      0.0,
      0.0,
      0.0,
      -6.276188325493953e-29
    ],
    [
      0.004304507671750106,
      0.0,
      0.0,
      0.0,
      -0.02598841126178466,
      0.0,
      0.0,
      0.0,
      0.02598841126181413,
      0.0,
      0.0,
      0.0,
      0.1569047081373521,
      0.0,
      0.0,
      0.0
    ],
    [
      0.0,
      8.609015343500125e-17,
      0.0,
      0.0,
      0.0,
      -5.197682252356879e-16,
      0.0,
      0.0,
      0.0,
      5.197682252362773e-16,
      0.0,
      0.0,
      0.0,
      3.13809416274701e-15,
      0.0,
      0.0
    ],
    [
      0.0,
      0.0,
      8.609015343500125e-17,
      0.0,
      0.0,
      0.0,
      -5.197682252356879e-16,
      0.0,
      0.0,
      0.0,
      5.197682252362773e-16,
      0.0,
      0.0,
      0.0,
      3.138094162747009e-15,
      0.0
    ],
    [
      0.0,
      0.0,
      0.0,
      1.7218030687000075e-30,
      0.0,
      0.0,
      0.0,
      -1.0395364504713651e-29,
      0.0,
      0.0,
      0.0,
      1.039536450472544e-29,
      0.0,
      0.0,
      0.0,
      6.276188325493953e-29
    ],
    [
      0.02598841126178466,
      0.0,
      0.0,
      0.0,
      -0.1569047081373521,
      0.0,
      0.0,
      0.0,
      0.1569047081373521,
      0.0,
      0.0,
      0.0,
      0.9473102140672008,
      0.0,
      0.0,
      0.0
    ],
    [
      0.0,
      5.197682252356879e-16,
      0.0,
      0.0,
      0.0,
      -3.13809416274701e-15,
      0.0,
      0.0,
      0.0,
      3.13809416274701e-15,
      0.0,
      0.0,
      0.0,
      1.8946204281343824e-14,
      0.0,
      0.0
    ],
    [
      0.0,
      0.0,
      5.197682252356879e-16,
      0.0,
      0.0,
      0.0,
      -3.138094162747009e-15,
      0.0,
      0.0,
      0.0,
      3.138094162747009e-15,
      0.0,
      0.0,
      0.0,
      1.894620428134382e-14,
      0.0
    ],
    [
      0.0,
      0.0,
      0.0,
      1.0395364504713651e-29,
      0.0,
      0.0,
      0.0,
      -6.276188325493953e-29,
      0.0,
      0.0,
      0.0,
      6.276188325493953e-29,
      0.0,
      0.0,
      0.0,
      3.7892408562687265e-28
    ]
  ],