{
  "config": {
    "symbols": [
      "H",
      "H"
    ],
    "geometry": [
      [
        0.0,
        0.0,
        0.0
      ],
      [
        0.0,
        0.0,
        0.7414
      ]
    ],
    "basis": "STO-3G",
    "ansatz": "RY-CZ",
    "optimizer": {
      "name": "GradientDescent",
      "stepsize": 0.1,
      "iterations_planned": 50
    },
    "seed": 2,
    "noisy": true,
    "depolarizing_prob": 0.08,
    "amplitude_damping_prob": 0.0
  },
  "energies": [
    1.1899077219230527,
    1.1899077219230527,
    1.1898550342617913,
    1.1897956582491471,
    1.1897287454517465,
    1.1896533400881681,
    1.1895683653744893,
    1.1894726082785436,
    1.1893647023900051,
    1.1892431086568458,
    1.1891060935305702,
    1.1889517048532712,
    1.188777744110035,
    1.1885817360487942,
    1.1883608937995354,
    1.1881120801519587,
    1.1878317641851246,
    1.187515972447158,
    1.1871602344265237,
    1.1867595213188828,
    1.1863081777275213,
    1.1857998456872623,
    1.185227378991971,
    1.18458274870956,
    1.183856937712389,
    1.1830398235820916,
    1.182120048793548,
    1.1810848769966373,
    1.179920035556606,
    1.1786095410983835,
    1.1771355098462513,
    1.175477949395033,
    1.1736145347321374,
    1.1715203639153828,
    1.1691676995312477,
    1.1665256914363478,
    1.163560087417652,
    1.1602329310475359,
    1.1565022544599566,
    1.1523217704299125,
    1.1476405729069574,
    1.1424028577296417,
    1.136547676954276,
    1.130008745761017,
    1.122714322786722,
    1.1145871914484817,
    1.105544774920558,
    1.0954994152114015,
    1.084358865751979,
    1.0720270322497005,
    1.058405013751153
  ],
  "final_params": [
    0.2740909914986204,
    0.6483737904066672,
    0.004174851497804392,
    0.014411074307512888
  ],
  "final_state_real": [
    [
      0.7134055528036761,
      0.004850933642838044,
      0.0013875094977946975,
      -9.434688527020718e-06,
      0.2243169745583483,
      0.001525286455598392,
      -0.00044186319220872725,
      3.004549948429451e-06,
      0.09157090098758362,
      0.0006226533597333841,
      0.00018268755162530555,
      -1.2422258370758977e-06,
      -0.029224011510611044,
      -0.00019871429267958443,
      5.756592893002087e-05,
      -3.9143271457715115e-07
    ],
    [
      0.004850933642838045,
      0.04022878558546308,
      9.434688527020718e-06,
      7.809773595824038e-05,
      0.001525286455598392,
      0.012649185918477015,
      -3.00454994842945e-06,
      -2.4870831493139408e-05,
      0.0006226533597333841,
      0.005163663399058125,
      1.2422258370758977e-06,
      1.02828010852302e-05,
      -0.00019871429267958443,
      -0.0016479357195738084,
      3.9143271457715126e-07,
      3.2401714906551347e-06
    ],
    [
      0.0013875094977946977,
      9.43468852702072e-06,
      0.04019496082658424,
      0.0002732709660412988,
      0.00044186319220872725,
      3.004549948429451e-06,
      0.012636601703988276,
      8.593825642533041e-05,
      0.00018268755162530555,
      1.2422258370758977e-06,
      0.005159321740047972,
      3.507635800675555e-05,
      -5.756592893002087e-05,
      -3.9143271457715115e-07,
      -0.001646296248330961,
      -1.1196034539608276e-05
    ],
    [
      -9.43468852702072e-06,
      7.809773595824039e-05,
      0.0002732709660412988,
      0.002266585190364688,
      -3.00454994842945e-06,
      2.4870831493139408e-05,
      8.593825642533041e-05,
      0.0007125752504740276,
      -1.2422258370758977e-06,
      1.02828010852302e-05,
      3.507635800675555e-05,
      0.0002909330425465938,
      3.9143271457715126e-07,
      -3.2401714906551347e-06,
      -1.1196034539608276e-05,
      -9.283429113213545e-05
    ],
    [
      0.2243169745583483,
      0.001525286455598392,
      0.00044186319220872725,
      -3.004549948429451e-06,
      0.11998954444517056,
      0.0008158912075332099,
      -7.901713452332536e-05,
      5.372950986715186e-07,
      0.029224011510611044,
      0.00019871429267958446,
      5.756592893002088e-05,
      -3.9143271457715126e-07,
      -0.005214861745637311,
      -3.545942162244803e-05,
      3.0726696770408206e-05,
      -2.0893321015371494e-07
    ],
    [
      0.001525286455598392,
      0.012649185918477015,
      3.00454994842945e-06,
      2.4870831493139408e-05,
      0.0008158912075332099,
      0.006766184587450952,
      -5.372950986715186e-07,
      -4.4475798673722146e-06,
      0.00019871429267958446,
      0.0016479357195738084,
      3.914327145771513e-07,
      3.2401714906551356e-06,
      -3.5459421622448015e-05,
      -0.0002940649315086128,
      2.0893321015371494e-07,
      1.7294911891113607e-06
    ],
    [
      -0.00044186319220872725,
      -3.004549948429451e-06,
      0.012636601703988276,
      8.593825642533041e-05,
      -7.901713452332536e-05,
      -5.372950986715183e-07,
      0.006760495512852514,
      4.5962157985067667e-05,
      -5.756592893002088e-05,
      -3.9143271457715126e-07,
      0.001646296248330961,
      1.1196034539608276e-05,
      3.0726696770408206e-05,
      2.0893321015371494e-07,
      -0.00029381767881981696,
      -1.9975598751672322e-06
    ],
    [
      3.00454994842945e-06,
      -2.4870831493139408e-05,
      8.593825642533041e-05,
      0.0007125752504740276,
      5.372950986715183e-07,
      -4.4475798673722146e-06,
      4.5962157985067667e-05,
      0.00038122288699492674,
      3.914327145771513e-07,
      -3.2401714906551356e-06,
      1.1196034539608276e-05,
      9.283429113213545e-05,
      -2.0893321015371494e-07,
      1.7294911891113607e-06,
      -1.997559875167232e-06,
      -1.6568315674035175e-05
    ],
    [
      0.09157090098758362,
      0.0006226533597333841,
      0.00018268755162530555,
      -1.2422258370758977e-06,
      0.029224011510611044,
      0.00019871429267958443,
      -5.756592893002087e-05,
      3.9143271457715115e-07,
      0.05370269236343996,
      0.0003651614373801805,
      0.0001044468961849042,
      -7.102105857184179e-07,
      0.008380235538157364,
      5.698302496385917e-05,
      -1.650752304252413e-05,
      1.1224668263991737e-07
    ],
    [
      0.0006226533597333841,
      0.005163663399058125,
      1.2422258370758977e-06,
      1.02828010852302e-05,
      0.00019871429267958443,
      0.0016479357195738084,
      -3.9143271457715126e-07,
      -3.2401714906551347e-06,
      0.0003651614373801806,
      0.0030282832646319983,
      7.102105857184179e-07,
      5.8789263301413115e-06,
      5.698302496385917e-05,
      0.00047255967842597534,
      -1.1224668263991737e-07,
      -9.291469196777887e-07
    ],
    [
      0.00018268755162530555,
      1.2422258370758977e-06,
      0.005159321740047972,
      3.507635800675555e-05,
      5.756592893002087e-05,
      3.9143271457715115e-07,
      0.001646296248330961,
      1.1196034539608276e-05,
      0.0001044468961849042,
      7.102105857184179e-07,
      0.0030257370542567086,
      2.0570889255770167e-05,
      1.650752304252413e-05,
      1.1224668263991737e-07,
      0.0004720895460087297,
      3.2105587729184685e-06
    ],
    [
      -1.2422258370758977e-06,
      1.02828010852302e-05,
      3.507635800675555e-05,
      0.0002909330425465938,
      -3.9143271457715126e-07,
      3.2401714906551347e-06,
      1.1196034539608276e-05,
      9.283429113213545e-05,
      -7.102105857184179e-07,
      5.8789263301413115e-06,
      2.0570889255770167e-05,
      0.0001706206612989186,
      -1.1224668263991737e-07,
      9.291469196777887e-07,
      3.2105587729184685e-06,
      2.662102789764819e-05
    ],
    [
      -0.029224011510611044,
      -0.00019871429267958446,
      -5.756592893002088e-05,
      3.9143271457715126e-07,
      -0.005214861745637311,
      -3.545942162244803e-05,
      3.0726696770408206e-05,
      -2.0893321015371494e-07,
      0.008380235538157364,
      5.698302496385917e-05,
      1.650752304252413e-05,
      -1.1224668263991737e-07,
