{
  "config": {
    "symbols": [
      "H",
      "H"
    ],
    "geometry": [
      [
        0.0,
        0.0,
        0.0
      ],
      [
        0.0,
        0.0,
        0.7414
      ]
    ],
    "basis": "STO-3G",
    "ansatz": "TwoQubit-RY-CNOT",
    "optimizer": {
      "name": "Adagrad",
      "stepsize": 0.1,
      "iterations_planned": 50
    },
    "seed": 4,
    "noisy": true,
    "depolarizing_prob": 0.06,
    "amplitude_damping_prob": 0.0
  },
  "energies": [
    1.2276806216426956,
    1.2276806216426956,
    1.21975664492003,
    1.1991881905484123,
    1.170667397216678,
    1.1378158832039338,
    1.1026371275011329,
    1.066265691246929,
    1.0293821810112116,
    0.9924157757242408,
    0.9556473774335711,
    0.919265567780322,
    0.8833988265026524,
    0.8481350609125443,
    0.8135339771024098,
    0.779635209121557,
    0.7464638350793948,
    0.7140342198021077,
    0.6823527548658701,
    0.651419849476883,
    0.6212314032282947,
    0.59177991232507,
    0.5630553069758372,
    0.5350455961186464,
    0.5077373659374924,
    0.4811161692401078,
    0.45516683028085625,
    0.42987368608852056,
    0.40522077590156236,
    0.38119199282880456,
    0.35777120314318367,
    0.3349423413489675,
    0.31268948492723797,
    0.29099691325097016,
    0.2698491531784788,
    0.2492310153157311,
    0.22912762058311587,
    0.20952441999787685,
    0.1904072095451003,
    0.17176213956715242,
    0.15357572104979145,
    0.13583482815306072,
    0.11852669907108132,
    0.10163893428677137,
    0.08515949290429561,
    0.06907668864999754,
    0.05337918394378152,
    0.038055983556623554,
    0.023096427340398573,
    0.008490182930589979,
    -0.005772762384377683
  ],
  "final_params": [
    1.6847415851029215
  ],
  "final_state_real": [
    [
      0.18471994944688575,
      0.0,
      0.0,
      0.0,
      -0.16980173497770742,
      0.0,
      0.0,
      0.0,
      0.16980173497770745,
      0.0,
      0.0,
      0.0,
      0.19248957493651575,
      0.0,
      0.0,
      0.0
    ],
    [
      0.0,
      0.007696664560290664,
      0.0,
      0.0,
      0.0,
      -0.007075072290741266,
      0.0,
      0.0,
      0.0,
      0.007075072290741267,
      0.0,
      0.0,
      0.0,
      0.008020398955692076,
      0.0,
      0.0
    ],
    [
      0.0,
      0.0,
      0.007696664560290666,
      0.0,
      0.0,
      0.0,
      -0.007075072290741266,
      0.0,
      0.0,
      0.0,
      0.007075072290741267,
      0.0,
      0.0,
      0.0,
      0.008020398955692076,
      0.0
    ],
    [
      0.0,
      0.0,
      0.0,
      0.00032069435667893444,
      0.0,
      0.0,
      0.0,
      -0.00029479467878103016,
      0.0,
      0.0,
      0.0,
      0.00029479467878103016,
      0.0,
      0.0,
      0.0,
      0.0003341832898206663
    ],
    [
      -0.16980173497770742,
      0.0,
      0.0,
      0.0,
      0.22787901493653887,
      0.0,
      0.0,
      0.0,
      -0.19248957493651575,
      0.0,
      0.0,
      0.0,
      -0.21769019940304063,
      0.0,
      0.0,
      0.0
    ],
    [
      0.0,
      -0.007075072290741266,
      0.0,
      0.0,
      0.0,
      0.00949495895569376,
      0.0,
      0.0,
      0.0,
      -0.008020398955692076,
      0.0,
      0.0,
      0.0,
      -0.009070424975131126,
      0.0,
      0.0
    ],
    [
      0.0,
      0.0,
      -0.007075072290741266,
      0.0,
      0.0,
      0.0,
      0.009494958955693756,
      0.0,
      0.0,
      0.0,
      -0.008020398955692076,
      0.0,
      0.0,
      0.0,
      -0.009070424975131127,
      0.0
    ],
    [
      0.0,
      0.0,
      0.0,
      -0.00029479467878103016,
      0.0,
      0.0,
      0.0,
      0.0003956232898207665,
      0.0,
      0.0,
      0.0,
      -0.0003341832898206663,
      0.0,
      0.0,
      0.0,
      -0.00037793437396398165
    ],
    [
      0.16980173497770745,
      0.0,
      0.0,
      0.0,
      -0.19248957493651575,
      0.0,
      0.0,
      0.0,
      0.22787901493653887,
      0.0,
      0.0,
      0.0,
      0.21769019940304069,
      0.0,
      0.0,
      0.0
    ],
    [
      0.0,
      0.007075072290741267,
      0.0,
      0.0,
      0.0,
      -0.008020398955692076,
      0.0,
      0.0,
      0.0,
      0.00949495895569376,
      0.0,
      0.0,
      0.0,
      0.009070424975131127,
      0.0,
      0.0
    ],
    [
      0.0,
      0.0,
      0.007075072290741267,
      0.0,
      0.0,
      0.0,
      -0.008020398955692076,
      0.0,
      0.0,
      0.0,
      0.009494958955693758,
      0.0,
      0.0,
      0.0,
      0.00907042497513113,
      0.0
    ],
    [
      0.0,
      0.0,
      0.0,
      0.00029479467878103016,
      0.0,
      0.0,
      0.0,
      -0.0003341832898206663,
      0.0,
      0.0,
      0.0,
      0.00039562328982076656,
      0.0,
      0.0,
      0.0,
      0.0003779343739639817
    ],
    [
      0.19248957493651575,
      0.0,
      0.0,
      0.0,
      -0.21769019940304063,
      0.0,
      0.0,
      0.0,
      0.21769019940304069,
      0.0,
      0.0,
      0.0,
      0.2811220206801697,
      0.0,
      0.0,
      0.0
    ],
    [
      0.0,
      0.008020398955692076,
      0.0,
      0.0,
      0.0,
      -0.009070424975131126,
      0.0,
      0.0,
      0.0,
      0.009070424975131127,
      0.0,
      0.0,
      0.0,
      0.011713417528346128,
      0.0,
      0.0
    ],
    [
      0.0,
      0.0,
      0.008020398955692076,
      0.0,
      0.0,
      0.0,
      -0.009070424975131127,
      0.0,
      0.0,
      0.0,
      0.00907042497513113,
      0.0,
      0.0,
      0.0,
      0.011713417528346126,
      0.0
    ],
    [
      0.0,
      0.0,
      0.0,
      0.0003341832898206663,
      0.0,
      0.0,
      0.0,
      -0.00037793437396398165,
      0.0,
      0.0,
      0.0,
      0.0003779343739639817,
      0.0,
      0.0,
      0.0,
      0.0004880590636813269
    ]
  ],