{
  "config": {
    "symbols": [
      "H",
      "H"
    ],
    "geometry": [
      [
        0.0,
        0.0,
        0.0
      ],
      [
        0.0,
        0.0,
        0.7414
      ]
    ],
    "basis": "STO-3G",
    "ansatz": "TwoQubit-RY-CNOT",
    "optimizer": {
      "name": "Nesterov",
      "stepsize": 0.1,
      "iterations_planned": 50
    },
    "seed": 4,
    "noisy": true,
    "depolarizing_prob": 0.02,
    "amplitude_damping_prob": 0.0
  },
  "energies": [
    1.306925417138781,
    1.306925417138781,
    1.3068781693556657,
    1.3067723058245613,
    1.3065418561161861,
    1.3060428567463518,
    1.3049633348293632,
    1.302629112338168,
    1.2975880098386694,
    1.2867320824273543,
    1.263501169931848,
    1.2144606456034241,
    1.1138799492043194,
    0.919519443676036,
    0.5853273319103839,
    0.11842426249281518,
    -0.35808109165834967,
    -0.6873913288965705,
    -0.8258316222164868,
    -0.8192421321016311,
    -0.7312217359686786,
    -0.6233187363743677,
    -0.5433800904079711,
    -0.5150651917497364,
    -0.538829544295352,
    -0.5996075646169811,
    -0.6755791128880524,
    -0.7463816566987334,
    -0.798796435298393,
    -0.8282571569333403,
    -0.8370933711396145,
    -0.8316508503186364,
    -0.8195676802370238,
    -0.8075950466739943,
    -0.8001887941772119,
    -0.7990459207603818,
    -0.8035039310401494,
    -0.8114633189374519,
    -0.8204170700356785,
    -0.8282637383176616,
    -0.833749685757489,
    -0.8365448653087191,
    -0.8370544806553375,
    -0.8361001773376422,
    -0.8345910347061967,
    -0.8332695801652545,
    -0.8325751854398167,
    -0.8326259183332041,
    -0.8332889254269369,
    -0.8342945977410856,
    -0.8353513209510706
  ],
  "final_params": [
    -3.2061448845014713
  ],
  "final_state_real": [
    [
      0.0002003826059047388,
      0.0,
      0.0,
      0.0,
      0.0003756667902086416,
      0.0,
      0.0,
      0.0,
      -0.00037566679020864166,
      0.0,
      0.0,
      0.0,
      0.0009594521255365109,
      0.0,
      0.0,
      0.0
    ],
    [
      0.0,
      2.707873052770773e-06,
      0.0,
      0.0,
      0.0,
      5.076578246070285e-06,
      0.0,
      0.0,
      0.0,
      -5.076578246070286e-06,
      0.0,
      0.0,
      0.0,
      1.2965569264026214e-05,
      0.0,
      0.0
    ],
    [
      0.0,
      0.0,
      2.7078730527707733e-06,
      0.0,
      0.0,
      0.0,
      5.076578246070287e-06,
      0.0,
      0.0,
      0.0,
      -5.076578246070287e-06,
      0.0,
      0.0,
      0.0,
      1.2965569264026216e-05,
      0.0
    ],
    [
      0.0,
      0.0,
      0.0,
      3.659287909155144e-08,
      0.0,
      0.0,
      0.0,
      6.860240873078172e-08,
      0.0,
      0.0,
      0.0,
      -6.860240873078172e-08,
      0.0,
      0.0,
      0.0,
      1.7521039546007468e-07
    ],
    [
      0.0003756667902086416,
      0.0,
      0.0,
      0.0,
      0.013766531631738924,
      0.0,
      0.0,
      0.0,
      -0.0009594521255365109,
      0.0,
      0.0,
      0.0,
      -0.030122703385011693,
      0.0,
      0.0,
      0.0
    ],
    [
      0.0,
      5.076578246070285e-06,
      0.0,
      0.0,
      0.0,
      0.00018603421123999228,
      0.0,
      0.0,
      0.0,
      -1.2965569264026214e-05,
      0.0,
      0.0,
      0.0,
      -0.00040706355925752103,
      0.0,
      0.0
    ],
    [
      0.0,
      0.0,
      5.076578246070287e-06,
      0.0,
      0.0,
      0.0,
      0.00018603421123999228,
      0.0,
      0.0,
      0.0,
      -1.2965569264026216e-05,
      0.0,
      0.0,
      0.0,
      -0.000407063559257521,
      0.0
    ],
    [
      0.0,
      0.0,
      0.0,
      6.860240873078172e-08,
      0.0,
      0.0,
      0.0,
      2.5139758275712078e-06,
      0.0,
      0.0,
      0.0,
      -1.7521039546007468e-07,
      0.0,
      0.0,
      0.0,
      -5.500858908893612e-06
    ],
    [
      -0.00037566679020864166,
      0.0,
      0.0,
      0.0,
      -0.0009594521255365109,
      0.0,
      0.0,
      0.0,
      0.013766531631738924,
      0.0,
      0.0,
      0.0,
      0.03012270338501169,
      0.0,
      0.0,
      0.0
    ],
    [
      0.0,
      -5.076578246070286e-06,
      0.0,
      0.0,
      0.0,
      -1.2965569264026214e-05,
      0.0,
      0.0,
      0.0,
      0.00018603421123999228,
      0.0,
      0.0,
      0.0,
      0.00040706355925752103,
      0.0,
      0.0
    ],
    [
      0.0,
      0.0,
      -5.076578246070287e-06,
      0.0,
      0.0,
      0.0,
      -1.2965569264026216e-05,
      0.0,
      0.0,
      0.0,
      0.00018603421123999228,
      0.0,
      0.0,
      0.0,
      0.0004070635592575209,
      0.0
    ],
    [
      0.0,
      0.0,
      0.0,
      -6.860240873078172e-08,
      0.0,
      0.0,
      0.0,
      -1.7521039546007468e-07,
      0.0,
      0.0,
      0.0,
      2.5139758275712078e-06,
      0.0,
      0.0,
      0.0,
      5.500858908893611e-06
    ],
    [
      0.0009594521255365109,
      0.0,
      0.0,
      0.0,
      -0.030122703385011693,
      0.0,
      0.0,
      0.0,
      0.03012270338501169,
      0.0,
      0.0,
      0.0,
      0.945777665241884,
      0.0,
      0.0,
      0.0
    ],
    [
      0.0,
      1.2965569264026214e-05,
      0.0,
      0.0,
      0.0,
      -0.00040706355925752103,
      0.0,
      0.0,
      0.0,
      0.00040706355925752103,
      0.0,
      0.0,
      0.0,
      0.012780779260044494,
      0.0,
      0.0
    ],
    [
      0.0,
      0.0,
      1.2965569264026216e-05,
      0.0,
      0.0,
      0.0,
      -0.000407063559257521,
      0.0,
      0.0,
      0.0,
      0.0004070635592575209,
      0.0,
      0.0,
      0.0,
      0.012780779260044492,
      0.0
    ],
    [
      0.0,
      0.0,
      0.0,
      1.7521039546007468e-07,
      0.0,
      0.0,
      0.0,
      -5.500858908893612e-06,
      0.0,
      0.0,
      0.0,
      5.500858908893611e-06,
      0.0,
      0.0,
      0.0,
      0.00017271323324410172
    ]
  ],