{
  "config": {
    "symbols": [
      "H",
      "H"
    ],
    "geometry": [
      [
        0.0,
        0.0,
        0.0
      ],
      [
        0.0,
        0.0,
        0.7414
      ]
    ],
    "basis": "STO-3G",
    "ansatz": "TwoQubit-RY-CNOT",
    "optimizer": {
      "name": "Nesterov",
      "stepsize": 0.1,
      "iterations_planned": 50
    },
    "seed": 0,
    "noisy": true,
    "depolarizing_prob": 0.04,
    "amplitude_damping_prob": 0.0
  },
  "energies": [
    1.2665864855115714,
    1.2665864855115714,
    1.266545284646601,
    1.2664546290002818,
    1.2662612471435328,
    1.2658512773804482,
    1.2649831789527193,
    1.2631459574834119,
    1.2592615349936773,
    1.2510670209702672,
    1.2338631769255393,
    1.1981114504913704,
    1.1253794488140405,
    0.9837173846449163,
    0.7304506047958249,
    0.3433666344555035,
    -0.11605297538039155,
    -0.5042466768171576,
    -0.7246749551951359,
    -0.7861503500722963,
    -0.7409465398389288,
    -0.6459175496276126,
    -0.5522938649014201,
    -0.49466518823218597,
    -0.48582163272192097,
    -0.520568691414639,
    -0.5828493417350085,
    -0.6531113704042315,
    -0.7147960958961663,
    -0.7582056759834452,
    -0.7809318652514778,
    -0.7860156417683222,
    -0.7794776154281855,
    -0.7680623802181235,
    -0.7574775352293375,
    -0.751322291819968,
    -0.7508150998384974,
    -0.7552088035901113,
    -0.7625973659953506,
    -0.7707799053108814,
    -0.7779312657673922,
    -0.7829631135690746,
    -0.7855830398213388,
    -0.7861353663823243,
    -0.7853323864460774,
    -0.7839747117686146,
    -0.7827315804600217,
    -0.7820175055544047,
    -0.7819681923175258,
    -0.7824930757783458,
    -0.7833687625971363
  ],
  "final_params": [
    -3.2249160887319452
  ],
  "final_state_real": [
    [
      0.0007592197101238135,
      0.0,
      0.0,
      0.0,
      0.0009304893914622044,
      0.0,
      0.0,
      0.0,
      -0.0009304893914622036,
      0.0,
      0.0,
      0.0,
      0.0014702337901396606,
      0.0,
      0.0,
      0.0
    ],
    [
      0.0,
      2.0800540003407527e-05,
      0.0,
      0.0,
      0.0,
      2.549286004007924e-05,
      0.0,
      0.0,
      0.0,
      -2.5492860040079222e-05,
      0.0,
      0.0,
      0.0,
      4.028037781207527e-05,
      0.0,
      0.0
    ],
    [
      0.0,
      0.0,
      2.080054000340753e-05,
      0.0,
      0.0,
      0.0,
      2.5492860040079236e-05,
      0.0,
      0.0,
      0.0,
      -2.5492860040079222e-05,
      0.0,
      0.0,
      0.0,
      4.028037781207527e-05,
      0.0
    ],
    [
      0.0,
      0.0,
      0.0,
      5.698778083129562e-07,
      0.0,
      0.0,
      0.0,
      6.984345216465228e-07,
      0.0,
      0.0,
      0.0,
      -6.984345216465224e-07,
      0.0,
      0.0,
      0.0,
      1.1035719948521928e-06
    ],
    [
      0.0009304893914622044,
      0.0,
      0.0,
      0.0,
      0.026059950333378684,
      0.0,
      0.0,
      0.0,
      -0.0014702337901396606,
      0.0,
      0.0,
      0.0,
      -0.03626116009425565,
      0.0,
      0.0,
      0.0
    ],
    [
      0.0,
      2.549286004007924e-05,
      0.0,
      0.0,
      0.0,
      0.0007139712420109026,
      0.0,
      0.0,
      0.0,
      -4.028037781207527e-05,
      0.0,
      0.0,
      0.0,
      -0.0009934564409392454,
      0.0,
      0.0
    ],
    [
      0.0,
      0.0,
      2.5492860040079236e-05,
      0.0,
      0.0,
      0.0,
      0.0007139712420109027,
      0.0,
      0.0,
      0.0,
      -4.028037781207527e-05,
      0.0,
      0.0,
      0.0,
      -0.0009934564409392454,
      0.0
    ],
    [
      0.0,
      0.0,
      0.0,
      6.984345216465228e-07,
      0.0,
      0.0,
      0.0,
      1.956085594551864e-05,
      0.0,
      0.0,
      0.0,
      -1.1035719948521928e-06,
      0.0,
      0.0,
      0.0,
      -2.7217984683287122e-05
    ],
    [
      -0.0009304893914622036,
      0.0,
      0.0,
      0.0,
      -0.0014702337901396606,
      0.0,
      0.0,
      0.0,
      0.026059950333378695,
      0.0,
      0.0,
      0.0,
      0.036261160094255646,
      0.0,
      0.0,
      0.0
    ],
    [
      0.0,
      -2.5492860040079222e-05,
      0.0,
      0.0,
      0.0,
      -4.028037781207527e-05,
      0.0,
      0.0,
      0.0,
      0.0007139712420109028,
      0.0,
      0.0,
      0.0,
      0.0009934564409392452,
      0.0,
      0.0
    ],
    [
      0.0,
      0.0,
      -2.5492860040079222e-05,
      0.0,
      0.0,
      0.0,
      -4.028037781207527e-05,
      0.0,
      0.0,
      0.0,
      0.0007139712420109028,
      0.0,
      0.0,
      0.0,
      0.0009934564409392454,
      0.0
    ],
    [
      0.0,
      0.0,
      0.0,
      -6.984345216465224e-07,
      0.0,
      0.0,
      0.0,
      -1.1035719948521928e-06,
      0.0,
      0.0,
      0.0,
      1.9560855945518645e-05,
      0.0,
      0.0,
      0.0,
      2.7217984683287115e-05
    ],
    [
      0.0014702337901396606,
      0.0,
      0.0,
      0.0,
      -0.03626116009425565,
      0.0,
      0.0,
      0.0,
      0.036261160094255646,
      0.0,
      0.0,
      0.0,
      0.8944986574010481,
      0.0,
      0.0,
      0.0
    ],
    [
      0.0,
      4.028037781207527e-05,
      0.0,
      0.0,
      0.0,
      -0.0009934564409392454,
      0.0,
      0.0,
      0.0,
      0.0009934564409392452,
      0.0,
      0.0,
      0.0,
      0.02450681253155368,
      0.0,
      0.0
    ],
    [
      0.0,
      0.0,
      4.028037781207527e-05,
      0.0,
      0.0,
      0.0,
      -0.0009934564409392454,
      0.0,
      0.0,
      0.0,
      0.0009934564409392454,
      0.0,
      0.0,
      0.0,
      0.02450681253155367,
      0.0
    ],
    [
      0.0,
      0.0,
      0.0,
      1.1035719948521928e-06,
      0.0,
      0.0,
      0.0,
      -2.7217984683287122e-05,
      0.0,
      0.0,
      0.0,
      2.7217984683287115e-05,
      0.0,
      0.0,
      0.0,
      0.0006714195214129256
    ]
  ],