{
  "config": {
    "symbols": [
      "H",
      "H"
    ],
    "geometry": [
      [
        0.0,
        0.0,
        0.0
      ],
      [
        0.0,
        0.0,
        0.7414
      ]
    ],
    "basis": "STO-3G",
    "ansatz": "TwoQubit-RY-CNOT",
    "optimizer": {
      "name": "GradientDescent",
      "stepsize": 0.1,
      "iterations_planned": 50
    },
    "seed": 9,
    "noisy": true,
    "depolarizing_prob": 0.02,
    "amplitude_damping_prob": 0.0
  },
  "energies": [
    1.3069790794698224,
    1.3069790794698224,
    1.306971955406579,
    1.306962661794218,
    1.306950537941965,
    1.3069347219813587,
    1.306914089680102,
    1.3068871744904982,
    1.3068520634408154,
    1.3068062612728442,
    1.306746513395677,
    1.306668575024447,
    1.3065669102565032,
    1.306434300110549,
    1.306261331840995,
    1.306035734269711,
    1.3057415129347838,
    1.3053578261118353,
    1.3048575247773617,
    1.3042052605052152,
    1.30335503577912,
    1.3022470422258623,
    1.3008035918856187,
    1.2989239051922026,
    1.2964774719812824,
    1.2932956593305778,
    1.289161216471164,
    1.283795333031861,
    1.2768419980758732,
    1.2678496298191406,
    1.2562504017900005,
    1.2413385180504561,
    1.2222500494929232,
    1.1979490170158904,
    1.1672272692340089,
    1.1287291260864987,
    1.0810148507978727,
    1.0226778496830402,
    0.9525257081642441,
    0.8698209204424128,
    0.774551416903172,
    0.667668292135871,
    0.5512036209234956,
    0.4281876510659284,
    0.3023372268634088,
    0.177573159497759,
    0.057498648682039855,
    -0.05501389073942184,
    -0.1580341180766983,
    -0.2505756431910129,
    -0.33244805846907366
  ],
  "final_params": [
    -2.058746463994618
  ],
  "final_state_real": [
    [
      0.07194099923301987,
      0.0,
      0.0,
      0.0,
      0.10556611302287619,
      0.0,
      0.0,
      0.0,
      -0.1055661130228762,
      0.0,
      0.0,
      0.0,
      0.17989387201272017,
      0.0,
      0.0,
      0.0
    ],
    [
      0.0,
      0.0009721756653125272,
      0.0,
      0.0,
      0.0,
      0.0014265690949058568,
      0.0,
      0.0,
      0.0,
      -0.0014265690949058572,
      0.0,
      0.0,
      0.0,
      0.002430998270445785,
      0.0,
      0.0
    ],
    [
      0.0,
      0.0,
      0.000972175665312527,
      0.0,
      0.0,
      0.0,
      0.0014265690949058572,
      0.0,
      0.0,
      0.0,
      -0.0014265690949058572,
      0.0,
      0.0,
      0.0,
      0.0024309982704457853,
      0.0
    ],
    [
      0.0,
      0.0,
      0.0,
      1.3137508990729393e-05,
      0.0,
      0.0,
      0.0,
      1.9277960741999755e-05,
      0.0,
      0.0,
      0.0,
      -1.9277960741999755e-05,
      0.0,
      0.0,
      0.0,
      3.285132797904603e-05
    ],
    [
      0.10556611302287618,
      0.0,
      0.0,
      0.0,
      0.19270095151891825,
      0.0,
      0.0,
      0.0,
      -0.17989387201272017,
      0.0,
      0.0,
      0.0,
      0.30175811009554965,
      0.0,
      0.0,
      0.0
    ],
    [
      0.0,
      0.0014265690949058565,
      0.0,
      0.0,
      0.0,
      0.002604066912421692,
      0.0,
      0.0,
      0.0,
      -0.002430998270445785,
      0.0,
      0.0,
      0.0,
      0.004077812298594582,
      0.0,
      0.0
    ],
    [
      0.0,
      0.0,
      0.001426569094905857,
      0.0,
      0.0,
      0.0,
      0.002604066912421693,
      0.0,
      0.0,
      0.0,
      -0.0024309982704457853,
      0.0,
      0.0,
      0.0,
      0.0040778122985945815,
      0.0
    ],
    [
      0.0,
      0.0,
      0.0,
      1.9277960741999752e-05,
      0.0,
      0.0,
      0.0,
      3.519009341115636e-05,
      0.0,
      0.0,
      0.0,
      -3.285132797904603e-05,
      0.0,
      0.0,
      0.0,
      5.5105571602711556e-05
    ],
    [
      -0.1055661130228762,
      0.0,
      0.0,
      0.0,
      -0.17989387201272017,
      0.0,
      0.0,
      0.0,
      0.19270095151891822,
      0.0,
      0.0,
      0.0,
      -0.3017581100955496,
      0.0,
      0.0,
      0.0
    ],
    [
      0.0,
      -0.0014265690949058572,
      0.0,
      0.0,
      0.0,
      -0.002430998270445785,
      0.0,
      0.0,
      0.0,
      0.002604066912421692,
      0.0,
      0.0,
      0.0,
      -0.0040778122985945815,
      0.0,
      0.0
    ],
    [
      0.0,
      0.0,
      -0.0014265690949058572,
      0.0,
      0.0,
      0.0,
      -0.0024309982704457853,
      0.0,
      0.0,
      0.0,
      0.0026040669124216924,
      0.0,
      0.0,
      0.0,
      -0.004077812298594581,
      0.0
    ],
    [
      0.0,
      0.0,
      0.0,
      -1.9277960741999755e-05,
      0.0,
      0.0,
      0.0,
      -3.285132797904603e-05,
      0.0,
      0.0,
      0.0,
      3.519009341115636e-05,
      0.0,
      0.0,
      0.0,
      -5.510557160271154e-05
    ],
    [
      0.17989387201272017,
      0.0,
      0.0,
      0.0,
      0.30175811009554965,
      0.0,
      0.0,
      0.0,
      -0.3017581100955496,
      0.0,
      0.0,
      0.0,
      0.5161682088404006,
      0.0,
      0.0,
      0.0
    ],
    [
      0.0,
      0.002430998270445785,
      0.0,
      0.0,
      0.0,
      0.004077812298594582,
      0.0,
      0.0,
      0.0,
      -0.0040778122985945815,
      0.0,
      0.0,
      0.0,
      0.006975246065421207,
      0.0,
      0.0
    ],
    [
      0.0,
      0.0,
      0.0024309982704457853,
      0.0,
      0.0,
      0.0,
      0.0040778122985945815,
      0.0,
      0.0,
      0.0,
      -0.004077812298594581,
      0.0,
      0.0,
      0.0,
      0.006975246065421207,
      0.0
    ],
    [
      0.0,
      0.0,
      0.0,
      3.285132797904603e-05,
      0.0,
      0.0,
      0.0,
      5.5105571602711556e-05,
      0.0,
      0.0,
      0.0,
      -5.510557160271154e-05,
      0.0,
      0.0,
      0.0,
      9.426008196529182e-05
    ]
  ],