{
  "config": {
    "symbols": [
      "H",
      "H"
    ],
    "geometry": [
      [
        0.0,
        0.0,
        0.0
      ],
      [
        0.0,
        0.0,
        0.7414
      ]
    ],
    "basis": "STO-3G",
    "ansatz": "RY-CZ",
    "optimizer": {
      "name": "Adam",
      "stepsize": 0.1,
      "iterations_planned": 50
    },
    "seed": 1,
    "noisy": true,
    "depolarizing_prob": 0.04,
    "amplitude_damping_prob": 0.0
  },
  "energies": [
    1.266430967135015,
    1.266430967135015,
    1.2574893056064231,
    1.2401126360954742,
    1.212142619938272,
    1.173957135202828,
    1.126140328670976,
    1.0675620533991015,
    0.997893231896074,
    0.9176981982530461,
    0.8279173728496054,
    0.7299125809973492,
    0.6255365386190725,
    0.5171087253839635,
    0.4069475047231881,
    0.29601896085202317,
    0.18417131588471475,
    0.07252259119344064,
    -0.03660939997745863,
    -0.14054254102835678,
    -0.2369356820216538,
    -0.3248789333915728,
    -0.4052149167653219,
    -0.4784907994977584,
    -0.5438811161663599,
    -0.6001274570841357,
    -0.6467332925872609,
    -0.6847265699322529,
    -0.7158521729821079,
    -0.7409553822032553,
    -0.7599352531582699,
    -0.772789046604763,
    -0.7803850300052675,
    -0.7842075083232568,
    -0.7853778153396114,
    -0.7842883237374024,
    -0.7811176189017276,
    -0.7763983043226577,
    -0.7710192354168532,
    -0.7657536795937442,
    -0.7609376797938059,
    -0.7566220553165333,
    -0.7529090399836127,
    -0.7500640019061656,
    -0.7483376254398445,
    -0.7477662789770951,
    -0.748183962545771,
    -0.7493988195876903,
    -0.7513103308931736,
    -0.7538616106750142,
    -0.75693277607267
  ],
  "final_params": [
    3.4117858369744827,
    -3.4151776676593335,
    0.014408499736175714,
    -0.004259893920811272
  ],
  "final_state_real": [
    [
      0.0018385735054118491,
      -3.8087690774973886e-06,
      -2.3486488907202126e-06,
      -4.865450800414699e-09,
      -0.001032972921933058,
      2.139907754599863e-06,
      7.238043955662337e-06,
      1.4994300296080034e-08,
      0.0009659746152067676,
      -2.001102612007248e-06,
      -3.712707213376774e-05,
      -7.691228073469149e-08,
      0.015306310714977539,
      -3.170856882869774e-05,
      -0.00010725135906438843,
      -2.2218144775372354e-07
    ],
    [
      -3.8087690774973877e-06,
      5.038021163268314e-05,
      4.865450800414699e-09,
      -6.433589786106558e-08,
      2.139907754599862e-06,
      -2.8305310755667077e-05,
      -1.4994300296080027e-08,
      1.982697620258595e-07,
      -2.001102612007248e-06,
      2.6469436986156933e-05,
      7.69122807346915e-08,
      -1.0170117509331207e-06,
      -3.170856882869775e-05,
      0.0004194203663146098,
      2.2218144775372354e-07,
      -2.937907198257738e-06
    ],
    [
      -2.3486488907202105e-06,
      4.865450800414696e-09,
      5.046723259900008e-05,
      -1.0415229925705306e-07,
      -7.23804395566234e-06,
      1.499430029608004e-08,
      -2.8247053759503785e-05,
      5.873859384675722e-08,
      -3.712707213376774e-05,
      7.69122807346915e-08,
      2.651515723840984e-05,
      -5.4720943656367514e-08,
      0.00010725135906438843,
      -2.2218144775372354e-07,
      0.000418557130051913,
      -8.703724456753936e-07
    ],
    [
      -4.865450800414696e-09,
      -6.433589786106553e-08,
      -1.0415229925705305e-07,
      1.382892689016492e-06,
      -1.4994300296080027e-08,
      -1.9826976202585957e-07,
      5.873859384675719e-08,
      -7.740199356809501e-07,
      -7.69122807346915e-08,
      -1.0170117509331207e-06,
      -5.4720943656367514e-08,
      7.265628647497147e-07,
      2.2218144775372354e-07,
      2.937907198257738e-06,
      -8.703724456753938e-07,
      1.146921606904167e-05
    ],
    [
      -0.0010329729219330575,
      2.139907754599862e-06,
      -7.238043955662334e-06,
      -1.4994300296080024e-08,
      0.03969172196630161,
      -8.222494385613868e-05,
      -0.0002778305999488958,
      -5.755526593362082e-07,
      -0.015306310714977536,
      3.170856882869774e-05,
      -0.0001072513590643884,
      -2.2218144775372348e-07,
      0.11426880703143445,
      -0.0002367180302896573,
      -0.0008015112913455319,
      -1.6604072960529643e-06
    ],
    [
      2.139907754599861e-06,
      -2.8305310755667063e-05,
      1.4994300296080024e-08,
      -1.982697620258594e-07,
      -8.222494385613868e-05,
      0.0010876243711996467,
      5.755526593362082e-07,
      -7.610537774128313e-06,
      3.170856882869774e-05,
      -0.0004194203663146097,
      2.2218144775372348e-07,
      -2.9379071982577372e-06,
      -0.0002367180302896573,
      0.0031311702601568418,
      1.6604072960529643e-06,
      -2.195557998398145e-05
    ],
    [
      7.238043955662337e-06,
      -1.4994300296080027e-08,
      -2.824705375950378e-05,
      5.873859384675719e-08,
      -0.00027783059994889575,
      5.75552659336208e-07,
      0.0010895030080831458,
      -2.248473662920513e-06,
      0.0001072513590643884,
      -2.2218144775372348e-07,
      -0.0004185571300519129,
      8.703724456753936e-07,
      -0.0008015112913455319,
      1.6604072960529643e-06,
      0.003136578682489967,
      -6.473148313435771e-06
    ],
    [
      1.4994300296080024e-08,
      1.982697620258595e-07,
      5.873859384675718e-08,
      -7.7401993568095e-07,
      -5.75552659336208e-07,
      -7.610537774128311e-06,
      -2.248473662920513e-06,
      2.985433650605026e-05,
      2.2218144775372348e-07,
      2.9379071982577372e-06,
      8.703724456753936e-07,
      -1.1469216069041666e-05,
      -1.6604072960529643e-06,
      -2.195557998398145e-05,
      -6.473148313435771e-06,
      8.594788152949554e-05
    ],
    [
      0.0009659746152067676,
      -2.001102612007248e-06,
      -3.712707213376774e-05,
      -7.691228073469149e-08,
      -0.015306310714977539,
      3.170856882869774e-05,
      0.00010725135906438843,
      2.2218144775372354e-07,
      0.040100161878144754,
      -8.307106357975313e-05,
      -5.1225148429248376e-05,
      -1.0611779411183987e-07,
      -0.11572237357610961,
      0.00023973058667676005,
      0.0008108669731922948,
      1.6797884857700015e-06
    ],
    [
      -2.001102612007248e-06,
      2.6469436986156933e-05,
      7.69122807346915e-08,
      -1.0170117509331207e-06,
      3.170856882869775e-05,
      -0.0004194203663146098,
      -2.2218144775372354e-07,
      2.937907198257738e-06,
      -8.307106357975313e-05,
      0.0010988163573439715,
      1.0611779411183987e-07,
      -1.403196505992621e-06,
      0.00023973058667676005,
      -0.0031710005905338265,
      -1.6797884857700015e-06,
      2.2211857622623883e-05
    ],
    [
      -3.712707213376774e-05,
      7.69122807346915e-08,
      2.651515723840984e-05,
      -5.4720943656367514e-08,
      -0.00010725135906438843,
      2.2218144775372354e-07,
      -0.000418557130051913,
      8.703724456753936e-07,
      -5.1225148429248376e-05,
      1.0611779411183987e-07,
      0.0011007143259733631,
      -2.271611141950641e-06,
      -0.0008108669731922949,
      1.6797884857700017e-06,
      -0.00316447414852331,
      6.580394661023178e-06
    ],
    [
      -7.69122807346915e-08,
      -1.0170117509331207e-06,
      -5.4720943656367514e-08,
      7.265628647497147e-07,
      -2.2218144775372354e-07,
      -2.937907198257738e-06,
      8.703724456753938e-07,
      -1.146921606904167e-05,
      -1.0611779411183987e-07,
      -1.403196505992621e-06,
      -2.271611141950641e-06,
      3.0161546724367803e-05,
      -1.6797884857700015e-06,
      -2.2211857622623883e-05,
      6.580394661023178e-06,
      -8.671226733088744e-05
    ],
    [
      0.015306310714977536,
      -3.170856882869774e-05,
      0.0001072513590643884,
      2.2218144775372348e-07,
      0.11426880703143445,
      -0.0002367180302896573,
      -0.0008015112913455319,
      -1.6604072960529643e-06,
      -0.11572237357610961,
