{
  "config": {
    "symbols": [
      "H",
      "H"
    ],
    "geometry": [
      [
        0.0,
        0.0,
        0.0
      ],
      [
        0.0,
        0.0,
        0.7414
      ]
    ],
    "basis": "STO-3G",
    "ansatz": "RY-CZ",
    "optimizer": {
      "name": "GradientDescent",
      "stepsize": 0.1,
      "iterations_planned": 50
    },
    "seed": 8,
    "noisy": true,
    "depolarizing_prob": 0.0,
    "amplitude_damping_prob": 0.0
  },
  "energies": [
    1.3487991843566742,
    1.3487991843566742,
    1.3487991710165645,
    1.348799156110221,
    1.3487991394013312,
    1.3487991206171537,
    1.3487990994426986,
    1.3487990755146952,
    1.348799048413379,
    1.3487990176554827,
    1.3487989826815512,
    1.3487989428473883,
    1.3487988974088554,
    1.348798845506073,
    1.3487987861480992,
    1.3487987181905876,
    1.348798640312421,
    1.348798550989604,
    1.3487984484610156,
    1.3487983306956397,
    1.3487981953493584,
    1.3487980397150694,
    1.3487978606683195,
    1.3487976546030058,
    1.3487974173580966,
    1.3487971441284405,
    1.3487968293686432,
    1.3487964666752956,
    1.3487960486603325,
    1.3487955667953746,
    1.3487950112361298,
    1.3487943706185663,
    1.3487936318207248,
    1.3487927797048271,
    1.3487917967904806,
    1.3487906629079975,
    1.3487893547641767,
    1.3487878454837363,
    1.348786104041931,
    1.348784094617146,
    1.3487817758713903,
    1.3487791000911642,
    1.34877601218233,
    1.3487724485791601,
    1.3487683358940497,
    1.3487635894068073,
    1.3487581113449625,
    1.348751788836864,
    1.3487444916234281,
    1.3487360693179031,
    1.348726348358988
  ],
  "final_params": [
    0.01036727291877719,
    0.010867250872769985,
    -0.004388986952787911,
    0.0010609601831949788
  ],
  "final_state_real": [
    [
      0.9999385100380982,
      0.0005304475221544519,
      -0.0021943620596122496,
      1.164065495574031e-06,
      0.0054333447949431925,
      2.882281514868941e-06,
      1.1923458847845313e-05,
      -6.325158135082871e-09,
      0.0051833641436783455,
      2.7496717436491713e-06,
      -1.137487705879928e-05,
      6.0341463900832335e-09,
      -2.8164736438920523e-05,
      -1.4940833367433126e-08,
      -6.180742959703696e-08,
      3.2787613989619054e-11
    ],
    [
      0.0005304475221544519,
      2.8139189653434666e-07,
      -1.1640654955740311e-06,
      6.175135847550211e-10,
      2.8822815148689414e-06,
      1.5289932141085686e-09,
      6.325158135082871e-09,
      -3.3553705431422704e-12,
      2.7496717436491713e-06,
      1.4586463589268178e-09,
      -6.0341463900832335e-09,
      3.2009946024896116e-12,
      -1.494083336743313e-08,
      -7.925815960059294e-12,
      -3.2787613989619054e-11,
      1.7393176867861136e-14
    ],
    [
      -0.002194362059612249,
      -1.1640654955740307e-06,
      4.815520974864726e-06,
      -2.554538226241394e-09,
      -1.1923458847845312e-05,
      -6.32515813508287e-09,
      -2.6165994552408735e-08,
      1.388054060422919e-11,
      -1.137487705879928e-05,
      -6.0341463900832335e-09,
      2.4962133674893464e-08,
      -1.3241916090471238e-11,
      6.180742959703696e-08,
      3.2787613989619054e-11,
      1.3563621821252882e-10,
      -7.195232080829826e-14
    ],
    [
      1.1640654955740307e-06,
      6.175135847550209e-10,
      -2.554538226241394e-09,
      1.3551319069274401e-12,
      6.32515813508287e-09,
      3.35537054314227e-12,
      1.3880540604229192e-11,
      -7.36335160401928e-15,
      6.0341463900832335e-09,
      3.2009946024896116e-12,
      -1.3241916090471238e-11,
      7.024574077114526e-15,
      -3.2787613989619054e-11,
      -1.7393176867861136e-14,
      -7.195232080829826e-14,
      3.816927970912507e-17
    ],
    [
      0.0054333447949431925,
      2.882281514868941e-06,
      -1.1923458847845313e-05,
      6.325158135082871e-09,
      2.952305105201941e-05,
      1.5661392295398634e-08,
      6.478824685160834e-08,
      -3.436887834818684e-11,
      2.8164736438920523e-05,
      1.4940833367433126e-08,
      -6.180742959703696e-08,
      3.2787613989619054e-11,
      -1.530381343367506e-07,
      -8.11836911361446e-11,
      -3.358417270123745e-10,
      1.7815736681948388e-13
    ],
    [
      2.8822815148689414e-06,
      1.5289932141085686e-09,
      -6.325158135082871e-09,
      3.3553705431422704e-12,
      1.5661392295398637e-08,
      8.308058189189604e-12,
      3.4368878348186846e-11,
      -1.8232006148702436e-14,
      1.494083336743313e-08,
      7.925815960059294e-12,
      -3.2787613989619054e-11,
      1.7393176867861136e-14,
      -8.11836911361446e-11,
      -4.3066339010641395e-14,
      -1.7815736681948386e-13,
      9.450893841756191e-17
    ],
    [
      1.1923458847845312e-05,
      6.32515813508287e-09,
      -2.6165994552408735e-08,
      1.388054060422919e-11,
      6.478824685160834e-08,
      3.436887834818684e-11,
      1.4217761407907443e-10,
      -7.542240018817386e-14,
      6.180742959703696e-08,
      3.2787613989619054e-11,
      -1.3563621821252882e-10,
      7.195232080829826e-14,
      -3.3584172701237444e-10,
      -1.7815736681948386e-13,
      -7.370036641800206e-13,
      3.9096580470833193e-16
    ],
    [
      -6.32515813508287e-09,
      -3.35537054314227e-12,
      1.3880540604229192e-11,
      -7.36335160401928e-15,
      -3.4368878348186846e-11,
      -1.8232006148702436e-14,
      -7.542240018817388e-14,
      4.00100886892684e-17,
      -3.2787613989619054e-11,
      -1.7393176867861136e-14,
      7.195232080829826e-14,
      -3.816927970912507e-17,
      1.7815736681948383e-13,
      9.45089384175619e-17,
      3.9096580470833193e-16,
      -2.0739961181060725e-19
    ],
    [
      0.0051833641436783455,
      2.7496717436491713e-06,
      -1.137487705879928e-05,
      6.0341463900832335e-09,
      2.8164736438920523e-05,
      1.4940833367433126e-08,
      6.180742959703696e-08,
      -3.2787613989619054e-11,
      2.686891603459229e-05,
      1.4253426376170335e-08,
      -5.896375560830245e-08,
      3.127910141009873e-11,
      -1.4599706221879075e-07,
      -7.744854220369631e-11,
      -3.203901149237235e-10,
      1.6996059345448564e-13
    ],
    [
      2.7496717436491713e-06,
      1.4586463589268178e-09,
      -6.0341463900832335e-09,
      3.2009946024896116e-12,
      1.494083336743313e-08,
      7.925815960059294e-12,
      3.2787613989619054e-11,
      -1.7393176867861136e-14,
      1.4253426376170333e-08,
      7.561160176247215e-12,
      -3.127910141009873e-11,
      1.6592940958310127e-14,
      -7.744854220369631e-11,
      -4.1084916536141115e-14,
      -1.6996059345448564e-13,
      9.016071323324913e-17
    ],
    [
      -1.137487705879928e-05,
      -6.0341463900832335e-09,
      2.4962133674893464e-08,
      -1.3241916090471238e-11,
      -6.180742959703696e-08,
      -3.2787613989619054e-11,
      -1.3563621821252882e-10,
      7.195232080829826e-14,
      -5.896375560830245e-08,
      -3.127910141009873e-11,
      1.2939578527836505e-10,
      -6.86418938954769e-14,
      3.2039011492372347e-10,
      1.6996059345448562e-13,
      7.030951428372397e-13,
      -3.729780138584579e-16
    ],
    [
      6.0341463900832335e-09,
      3.2009946024896116e-12,
      -1.3241916090471238e-11,
      7.024574077114526e-15,
      3.2787613989619054e-11,
      1.7393176867861136e-14,
      7.195232080829826e-14,
      -3.816927970912507e-17,
      3.127910141009873e-11,
      1.6592940958310127e-14,
      -6.86418938954769e-14,
      3.641316446712611e-17,
      -1.6996059345448562e-13,
      -9.016071323324911e-17,
      -3.7297801385845793e-16,
      1.978574419336248e-19
    ],
    [
      -2.8164736438920523e-05,
      -1.4940833367433126e-08,
      6.180742959703696e-08,
      -3.2787613989619054e-11,
      -1.530381343367506e-07,
      -8.11836911361446e-11,
      -3.358417270123745e-10,
      1.7815736681948388e-13,
