{
  "config": {
    "symbols": [
      "H",
      "H"
    ],
    "geometry": [
      [
        0.0,
        0.0,
        0.0
      ],
      [
        0.0,
        0.0,
        0.7414
      ]
    ],
    "basis": "STO-3G",
    "ansatz": "TwoQubit-RY-CNOT",
    "optimizer": {
      "name": "GradientDescent",
      "stepsize": 0.1,
      "iterations_planned": 50
    },
    "seed": 6,
    "noisy": true,
    "depolarizing_prob": 0.06,
    "amplitude_damping_prob": 0.0
  },
  "energies": [
    1.2277639148682622,
    1.2277639148682622,
    1.227763913306235,
    1.2277639113137813,
    1.2277639087722345,
    1.227763905530445,
    1.2277639013952768,
    1.2277638961205422,
    1.2277638893926113,
    1.2277638808101983,
    1.22776386986285,
    1.227763855899278,
    1.2277638380878,
    1.2277638153687986,
    1.2277637863888073,
    1.2277637494233418,
    1.227763702271071,
    1.2277636421263278,
    1.2277635654081418,
    1.2277634675484328,
    1.227763342724022,
    1.2277631835039053,
    1.227762980408046,
    1.2277627213477869,
    1.2277623909017932,
    1.2277619693987352,
    1.2277614317507195,
    1.2277607459488835,
    1.2277598711729,
    1.2277587553456122,
    1.2277573320476969,
    1.2277555165518204,
    1.2277532007906249,
    1.2277502469081016,
    1.2277464790796975,
    1.227741673024498,
    1.2277355426631136,
    1.227727723105874,
    1.227717748925762,
    1.2277050264490572,
    1.2276887984908613,
    1.2276680992479534,
    1.2276416969246795,
    1.2276080204523754,
    1.2275650661456097,
    1.22751027865429,
    1.2274403992266218,
    1.227351272411466,
    1.2272375997050935,
    1.2270926258759016,
    1.2269077395675005
  ],
  "final_params": [
    -0.04108596806264631
  ],
  "final_state_real": [
    [
      0.8486597926054787,
      0.0,
      0.0,
      0.0,
      0.016709056685957506,
      0.0,
      0.0,
      0.0,
      -0.016709056685957513,
      0.0,
      0.0,
      0.0,
      0.0003290037081871559,
      0.0,
      0.0,
      0.0
    ],
    [
      0.0,
      0.03536082469191223,
      0.0,
      0.0,
      0.0,
      0.0006962106952485694,
      0.0,
      0.0,
      0.0,
      -0.0006962106952485698,
      0.0,
      0.0,
      0.0,
      1.3708487841138195e-05,
      0.0,
      0.0
    ],
    [
      0.0,
      0.0,
      0.035360824691912235,
      0.0,
      0.0,
      0.0,
      0.0006962106952485696,
      0.0,
      0.0,
      0.0,
      -0.0006962106952485698,
      0.0,
      0.0,
      0.0,
      1.3708487841138191e-05,
      0.0
    ],
    [
      0.0,
      0.0,
      0.0,
      0.0014733676954970625,
      0.0,
      0.0,
      0.0,
      2.900877896870457e-05,
      0.0,
      0.0,
      0.0,
      -2.9008778968704584e-05,
      0.0,
      0.0,
      0.0,
      5.71186993381037e-07
    ],
    [
      0.016709056685957503,
      0.0,
      0.0,
      0.0,
      0.03571844370820746,
      0.0,
      0.0,
      0.0,
      -0.0003290037081871559,
      0.0,
      0.0,
      0.0,
      -0.0006891693735377862,
      0.0,
      0.0,
      0.0
    ],
    [
      0.0,
      0.0006962106952485693,
      0.0,
      0.0,
      0.0,
      0.0014882684878427047,
      0.0,
      0.0,
      0.0,
      -1.3708487841138195e-05,
      0.0,
      0.0,
      0.0,
      -2.8715390564088448e-05,
      0.0,
      0.0
    ],
    [
      0.0,
      0.0,
      0.0006962106952485695,
      0.0,
      0.0,
      0.0,
      0.0014882684878427047,
      0.0,
      0.0,
      0.0,
      -1.3708487841138191e-05,
      0.0,
      0.0,
      0.0,
      -2.871539056408845e-05,
      0.0
    ],
    [
      0.0,
      0.0,
      0.0,
      2.9008778968704567e-05,
      0.0,
      0.0,
      0.0,
      6.201118699347631e-05,
      0.0,
      0.0,
      0.0,
      -5.71186993381037e-07,
      0.0,
      0.0,
      0.0,
      -1.1964746068376035e-06
    ],
    [
      -0.016709056685957513,
      0.0,
      0.0,
      0.0,
      -0.0003290037081871559,
      0.0,
      0.0,
      0.0,
      0.035718443708207454,
      0.0,
      0.0,
      0.0,
      0.0006891693735377862,
      0.0,
      0.0,
      0.0
    ],
    [
      0.0,
      -0.0006962106952485698,
      0.0,
      0.0,
      0.0,
      -1.3708487841138195e-05,
      0.0,
      0.0,
      0.0,
      0.0014882684878427044,
      0.0,
      0.0,
      0.0,
      2.8715390564088448e-05,
      0.0,
      0.0
    ],
    [
      0.0,
      0.0,
      -0.0006962106952485698,
      0.0,
      0.0,
      0.0,
      -1.3708487841138191e-05,
      0.0,
      0.0,
      0.0,
      0.0014882684878427042,
      0.0,
      0.0,
      0.0,
      2.871539056408845e-05,
      0.0
    ],
    [
      0.0,
      0.0,
      0.0,
      -2.9008778968704584e-05,
      0.0,
      0.0,
      0.0,
      -5.71186993381037e-07,
      0.0,
      0.0,
      0.0,
      6.201118699347629e-05,
      0.0,
      0.0,
      0.0,
      1.1964746068376035e-06
    ],
    [
      0.0003290037081871559,
      0.0,
      0.0,
      0.0,
      -0.0006891693735377862,
      0.0,
      0.0,
      0.0,
      0.0006891693735377861,
      0.0,
      0.0,
      0.0,
      0.0015033199782206199,
      0.0,
      0.0,
      0.0
    ],
    [
      0.0,
      1.3708487841138195e-05,
      0.0,
      0.0,
      0.0,
      -2.8715390564088448e-05,
      0.0,
      0.0,
      0.0,
      2.8715390564088444e-05,
      0.0,
      0.0,
      0.0,
      6.263833242588977e-05,
      0.0,
      0.0
    ],
    [
      0.0,
      0.0,
      1.3708487841138191e-05,
      0.0,
      0.0,
      0.0,
      -2.871539056408845e-05,
      0.0,
      0.0,
      0.0,
      2.8715390564088448e-05,
      0.0,
      0.0,
      0.0,
      6.263833242588979e-05,
      0.0
    ],
    [
      0.0,
      0.0,
      0.0,
      5.71186993381037e-07,
      0.0,
      0.0,
      0.0,
      -1.1964746068376035e-06,
      0.0,
      0.0,
      0.0,
      1.196474606837603e-06,
      0.0,
      0.0,
      0.0,
      2.609930517746683e-06
    ]
  ],