{
  "config": {
    "symbols": [
      "H",
      "H"
    ],
    "geometry": [
      [
        0.0,
        0.0,
        0.0
      ],
      [
        0.0,
        0.0,
        0.7414
      ]
    ],
    "basis": "STO-3G",
    "ansatz": "RY-CZ",
    "optimizer": {
      "name": "Adagrad",
      "stepsize": 0.1,
      "iterations_planned": 50
    },
    "seed": 4,
    "noisy": true,
    "depolarizing_prob": 0.08,
    "amplitude_damping_prob": 0.0
  },
  "energies": [
    1.1902322079394696,
    1.1902322079394696,
    1.183129555475687,
    1.163983951097581,
    1.137089552877212,
    1.1060142305769385,
    1.0725641779078872,
    1.0379538715453887,
    1.002833523601558,
    0.9676178249043861,
    0.9325886428841677,
    0.8979959510882182,
    0.8637803118043663,
    0.8300898058204363,
    0.7970475896452227,
    0.7646837280292292,
    0.7330148373115937,
    0.7020522684026821,
    0.6718019096479311,
    0.6422649297065506,
    0.6134387575058047,
    0.5853174429759092,
    0.5578905528467901,
    0.531141670754303,
    0.5050513597742197,
    0.47960455514211686,
    0.4547917237250233,
    0.43060326788598613,
    0.40702651501991693,
    0.3840465663295136,
    0.3616477252591741,
    0.3398142765508988,
    0.318530755355119,
    0.2977820255414961,
    0.27755328906719867,
    0.2578300935292695,
    0.23859832719093296,
    0.21984421705423368,
    0.20155430372531494,
    0.18371540947592996,
    0.16631457487926968,
    0.14933901269362482,
    0.1327760937808754,
    0.1166134449948032,
    0.1008391224908172,
    0.08544181018686611,
    0.0704108786750758,
    0.05573629808490439,
    0.041408440956443596,
    0.027417925920527053,
    0.013755526811217611
  ],
  "final_params": [
    1.6862827902752349,
    1.6833352073182235,
    -0.007569642692908215,
    -0.007567107141458095
  ],
  "final_state_real": [
    [
      0.18081369917768125,
      -0.0006455779580104739,
      -0.0005606297687152263,
      -2.001681238293111e-06,
      0.15474499210367562,
      -0.0005525039251099191,
      0.0005526881655632234,
      1.973326414988307e-06,
      0.15527521785646894,
      -0.0005543952616936677,
      -0.0006388266809691143,
      -2.2808767089684613e-06,
      -0.17647786646431446,
      0.0006300993175354715,
      -0.0006303094332986604,
      -2.2504665955295806e-06
    ],
    [
      -0.0006455779580104739,
      0.010189267482957115,
      2.001681238293111e-06,
      -3.157677552164156e-05,
      -0.0005525039251099191,
      0.008720235929928159,
      -1.9733264149883067e-06,
      3.112947458614638e-05,
      -0.0005543952616936677,
      0.008750115369628435,
      2.280876708968461e-06,
      -3.598111949785444e-05,
      0.0006300993175354715,
      -0.009944933345229882,
      2.2504665955295806e-06,
      -3.55013960997044e-05
    ],
    [
      -0.0005606297687152264,
      2.0016812382931117e-06,
      0.010189269212388595,
      -3.6361370618549305e-05,
      -0.0005526881655632234,
      1.973326414988307e-06,
      0.008715818034721294,
      -3.1134871193107276e-05,
      -0.0006388266809691143,
      2.2808767089684613e-06,
      0.008750116854791623,
      -3.1225619353137875e-05,
      0.0006303094332986604,
      -2.2504665955295806e-06,
      -0.009939894986897435,
      3.550755062315396e-05
    ],
    [
      -2.0016812382931117e-06,
      -3.157677552164157e-05,
      -3.6361370618549305e-05,
      0.0005741887364345363,
      -1.9733264149883067e-06,
      -3.112947458614638e-05,
      -3.1134871193107276e-05,
      0.0004911563763832274,
      -2.280876708968461e-06,
      -3.598111949785444e-05,
      -3.1225619353137875e-05,
      0.0004930891937175099,
      2.2504665955295806e-06,
      3.55013960997044e-05,
      3.550755062315396e-05,
      -0.0005601359257324678
    ],
    [
      0.15474499210367562,
      -0.0005525039251099191,
      -0.0005526881655632234,
      -1.973326414988307e-06,
      0.22113862360373984,
      -0.0007895542301972382,
      0.0007218512414378751,
      2.5773088898508614e-06,
      0.1764778664643145,
      -0.0006300993175354716,
      -0.0006303094332986604,
      -2.250466595529581e-06,
      -0.19992803634222084,
      0.000713823864219611,
      -0.0007812972888300544,
      -2.7895559812393497e-06
    ],
    [
      -0.0005525039251099191,
      0.008720235929928159,
      1.9733264149883067e-06,
      -3.112947458614638e-05,
      -0.0007895542301972382,
      0.012461669646486649,
      -2.5773088898508614e-06,
      4.0657374764700034e-05,
      -0.0006300993175354716,
      0.009944933345229882,
      2.250466595529581e-06,
      -3.550139609970441e-05,
      0.0007138238642196107,
      -0.011266404309506605,
      2.7895559812393497e-06,
      -4.4005599562775665e-05
    ],
    [
      0.0005526881655632234,
      -1.973326414988307e-06,
      0.008715818034721294,
      -3.1134871193107276e-05,
      0.0007218512414378751,
      -2.5773088898508614e-06,
      0.01246167176161454,
      -4.44706539797621e-05,
      0.0006303094332986604,
      -2.250466595529581e-06,
      0.009939894986897435,
      -3.550755062315397e-05,
      -0.0007812972888300542,
      2.7895559812393497e-06,
      -0.011266406221761277,
      4.020523588389488e-05
    ],
    [
      1.9733264149883067e-06,
      3.112947458614638e-05,
      -3.1134871193107276e-05,
      0.0004911563763832274,
      2.5773088898508614e-06,
      4.0657374764700034e-05,
      -4.44706539797621e-05,
      0.0007022438423713038,
      2.250466595529581e-06,
      3.550139609970441e-05,
      -3.550755062315397e-05,
      0.0005601359257324678,
      -2.7895559812393497e-06,
      -4.4005599562775644e-05,
      4.0205235883894874e-05,
      -0.0006348878823189732
    ],
    [
      0.15527521785646894,
      -0.0005543952616936677,
      -0.0006388266809691143,
      -2.2808767089684613e-06,
      0.17647786646431446,
      -0.0006300993175354715,
      0.0006303094332986604,
      2.2504665955295806e-06,
      0.22231082719284254,
      -0.0007937394706014062,
      -0.0006892954914303205,
      -2.461071334114172e-06,
      -0.2005775990753149,
      0.0007161453774477456,
      -0.0007163841865185527,
      -2.5577892320099935e-06
    ],
    [
      -0.0005543952616936677,
      0.008750115369628435,
      2.280876708968461e-06,
      -3.598111949785444e-05,
      -0.0006300993175354715,
      0.009944933345229882,
      -2.2504665955295806e-06,
      3.55013960997044e-05,
      -0.0007937394706014062,
      0.012527726012614707,
      2.461071334114172e-06,
      -3.8823712573905085e-05,
      0.0007161453774477454,
      -0.01130300866229932,
      2.5577892320099935e-06,
      -4.0349449685467184e-05
    ],
    [
      -0.0006388266809691143,
      2.2808767089684613e-06,
      0.008750116854791623,
      -3.1225619353137875e-05,
      -0.0006303094332986604,
      2.2504665955295806e-06,
      0.009939894986897435,
      -3.550755062315396e-05,
      -0.0006892954914303206,
      2.4610713341141724e-06,
      0.01252772813895439,
      -4.470638240818097e-05,
      0.0007163841865185527,
      -2.5577892320099935e-06,
      -0.011297282268174945,
      4.035644466768053e-05
    ],
    [
      -2.280876708968461e-06,
      -3.598111949785444e-05,
      -3.1225619353137875e-05,
      0.0004930891937175099,
      -2.2504665955295806e-06,
      -3.55013960997044e-05,
      -3.550755062315396e-05,
      0.0005601359257324678,
      -2.4610713341141724e-06,
      -3.88237125739051e-05,
      -4.470638240818097e-05,
      0.0007059662710408787,
      2.5577892320099935e-06,
      4.0349449685467184e-05,
      4.0356444667680516e-05,
      -0.0006366278184917069
    ],
    [
      -0.1764778664643145,
      0.0006300993175354716,
      0.0006303094332986604,
      2.250466595529581e-06,
      -0.19992803634222084,
      0.000713823864219611,
      -0.0007812972888300544,
      -2.7895559812393497e-06,
      -0.2005775990753149,
      0.0007161453774477456,
      0.0007163841865185527,
