{
  "config": {
    "symbols": [
      "H",
      "H"
    ],
    "geometry": [
      [
        0.0,
        0.0,
        0.0
      ],
      [
        0.0,
        0.0,
        0.7414
      ]
    ],
    "basis": "STO-3G",
    "ansatz": "TwoQubit-RY-CNOT",
    "optimizer": {
      "name": "Adam",
      "stepsize": 0.1,
      "iterations_planned": 50
    },
    "seed": 4,
    "noisy": true,
    "depolarizing_prob": 0.1,
    "amplitude_damping_prob": 0.0
  },
  "energies": [
    1.1543177769808992,
    1.1543177769808992,
    1.1478719583908203,
    1.134910601522015,
    1.1128109250154024,
    1.0813263184440678,
    1.0404071117702034,
    0.9901785912530571,
    0.9309498801406337,
    0.8632223728747607,
    0.7876927523072762,
    0.7052490155101045,
    0.6169584673524704,
    0.5240469849069145,
    0.4278693384299406,
    0.3298710022614472,
    0.23154267191461003,
    0.13436955801238104,
    0.03977835131554962,
    -0.05091459137226825,
    -0.13654996038638167,
    -0.2161633655739335,
    -0.28901132147469877,
    -0.35458352192443776,
    -0.41260116758076204,
    -0.4630027745018319,
    -0.5059202851655722,
    -0.5416491263714662,
    -0.5706159569018829,
    -0.5933472645616179,
    -0.6104409331320881,
    -0.6225417182495909,
    -0.6303205505375014,
    -0.6344569277465777,
    -0.6356234319332438,
    -0.6344715556433056,
    -0.6316184043041554,
    -0.6276342958612648,
    -0.6230316587146707,
    -0.6182558427951155,
    -0.6136784760934886,
    -0.6095938463131628,
    -0.6062185262716084,
    -0.6036941650416321,
    -0.6020930993056279,
    -0.6014262419746993,
    -0.6016525940262307,
    -0.6026896971326418,
    -0.6044243825914927,
    -0.6067232538329328,
    -0.6094424463103923
  ],
  "final_params": [
    3.415304859975329
  ],
  "final_state_real": [
    [
      0.005971894280374033,
      0.0,
      0.0,
      0.0,
      -0.004903208956086635,
      0.0,
      0.0,
      0.0,
      0.004903208956086637,
      0.0,
      0.0,
      0.0,
      0.011951800089250255,
      0.0,
      0.0,
      0.0
    ],
    [
      0.0,
      0.0004265638771696964,
      0.0,
      0.0,
      0.0,
      -0.0003502292111491462,
      0.0,
      0.0,
      0.0,
      0.0003502292111491463,
      0.0,
      0.0,
      0.0,
      0.0008537000063752636,
      0.0,
      0.0
    ],
    [
      0.0,
      0.0,
      0.0004265638771696964,
      0.0,
      0.0,
      0.0,
      -0.0003502292111491462,
      0.0,
      0.0,
      0.0,
      0.00035022921114914626,
      0.0,
      0.0,
      0.0,
      0.0008537000063752637,
      0.0
    ],
    [
      0.0,
      0.0,
      0.0,
      3.046884836927279e-05,
      0.0,
      0.0,
      0.0,
      -2.501637222494621e-05,
      0.0,
      0.0,
      0.0,
      2.5016372224946215e-05,
      0.0,
      0.0,
      0.0,
      6.097857188396494e-05
    ],
    [
      -0.004903208956086635,
      0.0,
      0.0,
      0.0,
      0.0661542692250804,
      0.0,
      0.0,
      0.0,
      -0.011951800089250255,
      0.0,
      0.0,
      0.0,
      0.09333441133231547,
      0.0,
      0.0,
      0.0
    ],
    [
      0.0,
      -0.0003502292111491462,
      0.0,
      0.0,
      0.0,
      0.00472530494464996,
      0.0,
      0.0,
      0.0,
      -0.0008537000063752636,
      0.0,
      0.0,
      0.0,
      0.006666743666595879,
      0.0,
      0.0
    ],
    [
      0.0,
      0.0,
      -0.0003502292111491462,
      0.0,
      0.0,
      0.0,
      0.00472530494464996,
      0.0,
      0.0,
      0.0,
      -0.0008537000063752637,
      0.0,
      0.0,
      0.0,
      0.00666674366659588,
      0.0
    ],
    [
      0.0,
      0.0,
      0.0,
      -2.501637222494621e-05,
      0.0,
      0.0,
      0.0,
      0.0003375217817608084,
      0.0,
      0.0,
      0.0,
      -6.097857188396494e-05,
      0.0,
      0.0,
      0.0,
      0.0004761959761855569
    ],
    [
      0.004903208956086637,
      0.0,
      0.0,
      0.0,
      -0.011951800089250255,
      0.0,
      0.0,
      0.0,
      0.06615426922508043,
      0.0,
      0.0,
      0.0,
      -0.09333441133231547,
      0.0,
      0.0,
      0.0
    ],
    [
      0.0,
      0.0003502292111491463,
      0.0,
      0.0,
      0.0,
      -0.0008537000063752636,
      0.0,
      0.0,
      0.0,
      0.004725304944649961,
      0.0,
      0.0,
      0.0,
      -0.006666743666595879,
      0.0,
      0.0
    ],
    [
      0.0,
      0.0,
      0.00035022921114914626,
      0.0,
      0.0,
      0.0,
      -0.0008537000063752637,
      0.0,
      0.0,
      0.0,
      0.004725304944649962,
      0.0,
      0.0,
      0.0,
      -0.00666674366659588,
      0.0
    ],
    [
      0.0,
      0.0,
      0.0,
      2.5016372224946215e-05,
      0.0,
      0.0,
      0.0,
      -6.097857188396494e-05,
      0.0,
      0.0,
      0.0,
      0.0003375217817608085,
      0.0,
      0.0,
      0.0,
      -0.0004761959761855569
    ],
    [
      0.011951800089250255,
      0.0,
      0.0,
      0.0,
      0.09333441133231547,
      0.0,
      0.0,
      0.0,
      -0.09333441133231547,
      0.0,
      0.0,
      0.0,
      0.7328306783807161,
      0.0,
      0.0,
      0.0
    ],
    [
      0.0,
      0.0008537000063752636,
      0.0,
      0.0,
      0.0,
      0.006666743666595879,
      0.0,
      0.0,
      0.0,
      -0.006666743666595879,
      0.0,
      0.0,
      0.0,
      0.052345048455780495,
      0.0,
      0.0
    ],
    [
      0.0,
      0.0,
      0.0008537000063752637,
      0.0,
      0.0,
      0.0,
      0.00666674366659588,
      0.0,
      0.0,
      0.0,
      -0.00666674366659588,
      0.0,
      0.0,
      0.0,
      0.052345048455780495,
      0.0
    ],
    [
      0.0,
      0.0,
      0.0,
      6.097857188396494e-05,
      0.0,
      0.0,
      0.0,
      0.0004761959761855569,
      0.0,
      0.0,
      0.0,
      -0.0004761959761855569,
      0.0,
      0.0,
      0.0,
      0.003738932032556825
    ]
  ],