{
  "config": {
    "symbols": [
      "H",
      "H"
    ],
    "geometry": [
      [
        0.0,
        0.0,
        0.0
      ],
      [
        0.0,
        0.0,
        0.7414
      ]
    ],
    "basis": "STO-3G",
    "ansatz": "RY-CZ",
    "optimizer": {
      "name": "Momentum",
      "stepsize": 0.1,
      "iterations_planned": 50
    },
    "seed": 1,
    "noisy": true,
    "depolarizing_prob": 0.04,
    "amplitude_damping_prob": 0.0
  },
  "energies": [
    1.266551788362761,
    1.266551788362761,
    1.2665371587611964,
    1.2665055682538957,
    1.2664508068786242,
    1.26636188176598,
    1.2662210327235102,
    1.2660003551675663,
    1.2656564153075642,
    1.2651218430096938,
    1.2642923110566175,
    1.2630064581692886,
    1.2610150624889072,
    1.2579339800640499,
    1.2531729209924811,
    1.2458291373400099,
    1.2345322624945418,
    1.217226254575958,
    1.1908829108444257,
    1.1511730385792527,
    1.0922042023481966,
    1.006610850151219,
    0.8865805781865973,
    0.7267024988568119,
    0.5292838309000738,
    0.3108683089801675,
    0.1046587148513122,
    -0.04869333442656945,
    -0.12178093790074099,
    -0.11731984112443664,
    -0.06511716400572046,
    -0.003483537254448721,
    0.03723264952157823,
    0.04012321753489656,
    -0.00020375067659617052,
    -0.0809446130522547,
    -0.19328647022920847,
    -0.3239344460752924,
    -0.4572117553622643,
    -0.5780587679040747,
    -0.6749939994374712,
    -0.741807073537617,
    -0.7776150217532081,
    -0.7858328184733513,
    -0.7727592025707211,
    -0.7461462430247652,
    -0.713883789306234,
    -0.6829066167259881,
    -0.6584449399463823,
    -0.6436794142486645,
    -0.6397642036185918
  ],
  "final_params": [
    -3.9220720936331763,
    -2.6917099721534994,
    0.00026335524027544163,
    0.00012503645668859788
  ],
  "final_state_real": [
    [
      0.011437022669575502,
      6.954327403532604e-07,
      4.583854655210457e-07,
      -2.7872311702637562e-11,
      -0.02301907895255073,
      -1.3996843102692575e-06,
      2.9480537839807586e-06,
      -1.7925759031179242e-10,
      0.007283576978228803,
      4.428808129425151e-07,
      2.980724086578461e-06,
      -1.8124412113773724e-10,
      0.0649448925935179,
      3.949000191651732e-06,
      -8.317493360842258e-06,
      5.057485129344054e-10
    ],
    [
      6.954327403532604e-07,
      0.00031334313150629636,
      2.7872311702637562e-11,
      1.2558504114427434e-08,
      -1.3996843102692575e-06,
      -0.0006306597872338251,
      1.7925759031179242e-10,
      8.076858530754593e-08,
      4.4288081294251483e-07,
      0.00019955008264489947,
      1.8124412113773726e-10,
      8.16636619634483e-08,
      3.949000191651733e-06,
      0.0017793123794995753,
      -5.057485129344054e-10,
      -2.278764979494416e-07
    ],
    [
      4.583854655210457e-07,
      2.7872311702637562e-11,
      0.0003133432849955542,
      1.90529397414599e-08,
      -2.9480537839807586e-06,
      -1.7925759031179242e-10,
      -0.0006306592985024978,
      -3.8347539600774816e-08,
      2.980724086578461e-06,
      1.812441211377372e-10,
      0.00019955018039331332,
      1.2133713229199063e-08,
      8.317493360842258e-06,
      5.057485129344052e-10,
      0.0017793110006171437,
      1.0819185449303251e-07
    ],
    [
      -2.7872311702637562e-11,
      1.2558504114427434e-08,
      1.90529397414599e-08,
      8.584748757923117e-06,
      1.7925759031179242e-10,
      -8.076858530754593e-08,
      -3.8347539600774816e-08,
      -1.7278339408386555e-05,
      -1.8124412113773724e-10,
      8.16636619634483e-08,
      1.213371322919906e-08,
      5.467129009320039e-06,
      -5.057485129344052e-10,
      2.2787649794944156e-07,
      1.0819185449303253e-07,
      4.8748253541554886e-05
    ],
    [
      -0.023019078952550724,
      -1.3996843102692573e-06,
      -2.9480537839807582e-06,
      1.792575903117924e-10,
      0.143611354318954,
      8.732345870534164e-06,
      -1.8339619907453737e-05,
      1.1151479290195307e-09,
      -0.0649448925935179,
      -3.949000191651733e-06,
      -8.317493360842262e-06,
      5.057485129344054e-10,
      -0.29140983603299636,
      -1.7719291697954017e-05,
      3.742808205350426e-05,
      -2.275829510085697e-09
    ],
    [
      -1.3996843102692573e-06,
      -0.0006306597872338249,
      -1.792575903117924e-10,
      -8.076858530754593e-08,
      8.732345870534165e-06,
      0.003934558213464793,
      -1.115147929019531e-09,
      -5.024552683034811e-07,
      -3.949000191651734e-06,
      -0.0017793123794995756,
      -5.057485129344054e-10,
      -2.2787649794944166e-07,
      -1.7719291697954017e-05,
      -0.00798383226232641,
      2.275829510085697e-09,
      1.0254267593972832e-06
    ],
    [
      2.9480537839807582e-06,
      1.792575903117924e-10,
      -0.0006306592985024976,
      -3.834753960077481e-08,
      -1.8339619907453737e-05,
      -1.1151479290195307e-09,
      0.00393456014078459,
      2.3924220132109225e-07,
      8.317493360842258e-06,
      5.057485129344054e-10,
      -0.0017793110006171437,
      -1.0819185449303253e-07,
      3.742808205350426e-05,
      2.275829510085697e-09,
      -0.00798383617315887,
      -4.854597395155352e-07
    ],
    [
      -1.792575903117924e-10,
      8.076858530754593e-08,
      -3.834753960077481e-08,
      -1.7278339408386548e-05,
      1.115147929019531e-09,
      -5.024552683034811e-07,
      2.3924220132109225e-07,
      0.00010779618360755221,
      -5.057485129344054e-10,
      2.278764979494416e-07,
      -1.0819185449303255e-07,
      -4.8748253541554886e-05,
      -2.275829510085697e-09,
      1.0254267593972832e-06,
      -4.854597395155352e-07,
      -0.0002187352688025841
    ],
    [
      0.007283576978228803,
      4.428808129425151e-07,
      2.980724086578461e-06,
      -1.8124412113773724e-10,
      -0.0649448925935179,
      -3.949000191651732e-06,
      8.317493360842258e-06,
      -5.057485129344054e-10,
      0.058445559190577895,
      3.5538056156437496e-06,
      2.342444850483562e-06,
      -1.4243329671175716e-10,
      0.16158305314233956,
      9.825122228171303e-06,
      -2.0693944020321176e-05,
      1.2583035490352882e-09
    ],
    [
      4.4288081294251483e-07,
      0.00019955008264489947,
      1.8124412113773726e-10,
      8.16636619634483e-08,
      -3.949000191651733e-06,
      -0.0017793123794995753,
      5.057485129344054e-10,
      2.278764979494416e-07,
      3.5538056156437496e-06,
      0.0016012484252680074,
      1.4243329671175716e-10,
      6.417656209753128e-08,
      9.825122228171303e-06,
      0.0044269335938850775,
      -1.2583035490352882e-09,
      -5.669572895980107e-07
    ],
    [
      2.980724086578461e-06,
      1.812441211377372e-10,
      0.00019955018039331332,
      1.2133713229199063e-08,
      -8.317493360842258e-06,
      -5.057485129344052e-10,
      -0.0017793110006171437,
      -1.0819185449303251e-07,
      2.3424448504835606e-06,
      1.424332967117571e-10,
      0.001601249209629967,
      9.736447584180053e-08,
      2.0693944020321176e-05,
      1.2583035490352882e-09,
      0.004426930163222182,
      2.6918160113888303e-07
    ],
    [
      -1.8124412113773724e-10,
      8.16636619634483e-08,
      1.213371322919906e-08,
      5.467129009320039e-06,
      5.057485129344052e-10,
      -2.2787649794944156e-07,
      -1.0819185449303253e-07,
      -4.8748253541554886e-05,
      -1.424332967117571e-10,
      6.417656209753126e-08,
      9.736447584180053e-08,
      4.386984761358863e-05,
      -1.2583035490352882e-09,
      5.669572895980107e-07,
      2.6918160113888303e-07,
      0.00012128577518638458
    ],
    [
      0.0649448925935179,
      3.949000191651733e-06,
      8.317493360842262e-06,
      -5.057485129344054e-10,
      -0.29140983603299636,
      -1.7719291697954017e-05,
      3.742808205350426e-05,
      -2.275829510085697e-09,
      0.16158305314233956,
      9.825122228171303e-06,
