{
  "config": {
    "symbols": [
      "H",
      "H"
    ],
    "geometry": [
      [
        0.0,
        0.0,
        0.0
      ],
      [
        0.0,
        0.0,
        0.7414
      ]
    ],
    "basis": "STO-3G",
    "ansatz": "TwoQubit-RY-CNOT",
    "optimizer": {
      "name": "Momentum",
      "stepsize": 0.1,
      "iterations_planned": 50
    },
    "seed": 2,
    "noisy": true,
    "depolarizing_prob": 0.04,
    "amplitude_damping_prob": 0.0
  },
  "energies": [
    1.2665985682299228,
    1.2665985682299228,
    1.2665815583633462,
    1.2665402522177582,
    1.2664559162791627,
    1.2662905309828998,
    1.2659701593089296,
    1.265352358577035,
    1.2641634397353525,
    1.2618784526565552,
    1.2574931100147153,
    1.2490952799662884,
    1.233077673312669,
    1.2027553408645644,
    1.1461647184915997,
    1.043335840216761,
    0.8654658240545506,
    0.5835525640318696,
    0.19739856884599669,
    -0.22653267616012415,
    -0.57108568781987,
    -0.7556171497024226,
    -0.777161485364996,
    -0.6758273716244316,
    -0.5115472234538945,
    -0.35208258993084496,
    -0.24967020017816782,
    -0.22751158403240337,
    -0.2832784814634078,
    -0.39622106737300744,
    -0.5332453709861035,
    -0.6584938697724265,
    -0.7454828415616854,
    -0.7838083438657333,
    -0.7776101386261283,
    -0.7406813943422467,
    -0.6916152941579753,
    -0.648722488646829,
    -0.6251920898227329,
    -0.6262740742814948,
    -0.6492909591339229,
    -0.6858950085327593,
    -0.7254896559686344,
    -0.7586396063609017,
    -0.7794101137973596,
    -0.7861578476792508,
    -0.7810178682179821,
    -0.7686240765901682,
    -0.7545104432475785,
    -0.7435556995070824,
    -0.7388294640431815
  ],
  "final_params": [
    -3.5007242273133734
  ],
  "final_state_real": [
    [
      0.0030633812975840516,
      0.0,
      0.0,
      0.0,
      -0.0008246067030230676,
      0.0,
      0.0,
      0.0,
      0.000824606703023067,
      0.0,
      0.0,
      0.0,
      0.026218781337387323,
      0.0,
      0.0,
      0.0
    ],
    [
      0.0,
      8.39282547283922e-05,
      0.0,
      0.0,
      0.0,
      -2.2591964466402116e-05,
      0.0,
      0.0,
      0.0,
      2.2591964466402102e-05,
      0.0,
      0.0,
      0.0,
      0.0007183227763673068,
      0.0,
      0.0
    ],
    [
      0.0,
      0.0,
      8.392825472839223e-05,
      0.0,
      0.0,
      0.0,
      -2.259196446640211e-05,
      0.0,
      0.0,
      0.0,
      2.2591964466402095e-05,
      0.0,
      0.0,
      0.0,
      0.000718322776367307,
      0.0
    ],
    [
      0.0,
      0.0,
      0.0,
      2.2994042391357334e-06,
      0.0,
      0.0,
      0.0,
      -6.189579305868167e-07,
      0.0,
      0.0,
      0.0,
      6.189579305868164e-07,
      0.0,
      0.0,
      0.0,
      1.968007606487227e-05
    ],
    [
      -0.0008246067030230676,
      0.0,
      0.0,
      0.0,
      0.05080849788062583,
      0.0,
      0.0,
      0.0,
      -0.026218781337387326,
      0.0,
      0.0,
      0.0,
      -0.14837405681202784,
      0.0,
      0.0,
      0.0
    ],
    [
      0.0,
      -2.2591964466402116e-05,
      0.0,
      0.0,
      0.0,
      0.00139201364056612,
      0.0,
      0.0,
      0.0,
      -0.0007183227763673069,
      0.0,
      0.0,
      0.0,
      -0.0040650426523873295,
      0.0,
      0.0
    ],
    [
      0.0,
      0.0,
      -2.259196446640211e-05,
      0.0,
      0.0,
      0.0,
      0.0013920136405661202,
      0.0,
      0.0,
      0.0,
      -0.000718322776367307,
      0.0,
      0.0,
      0.0,
      -0.0040650426523873295,
      0.0
    ],
    [
      0.0,
      0.0,
      0.0,
      -6.189579305868167e-07,
      0.0,
      0.0,
      0.0,
      3.813736001553833e-05,
      0.0,
      0.0,
      0.0,
      -1.9680076064872274e-05,
      0.0,
      0.0,
      0.0,
      -0.00011137103157233793
    ],
    [
      0.000824606703023067,
      0.0,
      0.0,
      0.0,
      -0.026218781337387323,
      0.0,
      0.0,
      0.0,
      0.05080849788062584,
      0.0,
      0.0,
      0.0,
      0.14837405681202778,
      0.0,
      0.0,
      0.0
    ],
    [
      0.0,
      2.2591964466402102e-05,
      0.0,
      0.0,
      0.0,
      -0.0007183227763673068,
      0.0,
      0.0,
      0.0,
      0.0013920136405661202,
      0.0,
      0.0,
      0.0,
      0.004065042652387328,
      0.0,
      0.0
    ],
    [
      0.0,
      0.0,
      2.2591964466402095e-05,
      0.0,
      0.0,
      0.0,
      -0.000718322776367307,
      0.0,
      0.0,
      0.0,
      0.0013920136405661204,
      0.0,
      0.0,
      0.0,
      0.004065042652387328,
      0.0
    ],
    [
      0.0,
      0.0,
      0.0,
      6.189579305868164e-07,
      0.0,
      0.0,
      0.0,
      -1.968007606487227e-05,
      0.0,
      0.0,
      0.0,
      3.8137360015538334e-05,
      0.0,
      0.0,
      0.0,
      0.00011137103157233789
    ],
    [
      0.026218781337387326,
      0.0,
      0.0,
      0.0,
      -0.14837405681202784,
      0.0,
      0.0,
      0.0,
      0.14837405681202778,
      0.0,
      0.0,
      0.0,
      0.8426974007190924,
      0.0,
      0.0,
      0.0
    ],
    [
      0.0,
      0.0007183227763673069,
      0.0,
      0.0,
      0.0,
      -0.0040650426523873295,
      0.0,
      0.0,
      0.0,
      0.004065042652387328,
      0.0,
      0.0,
      0.0,
      0.023087600019718227,
      0.0,
      0.0
    ],
    [
      0.0,
      0.0,
      0.000718322776367307,
      0.0,
      0.0,
      0.0,
      -0.0040650426523873295,
      0.0,
      0.0,
      0.0,
      0.004065042652387328,
      0.0,
      0.0,
      0.0,
      0.023087600019718223,
      0.0
    ],
    [
      0.0,
      0.0,
      0.0,
      1.9680076064872274e-05,
      0.0,
      0.0,
      0.0,
      -0.00011137103157233793,
      0.0,
      0.0,
      0.0,
      0.00011137103157233789,
      0.0,
      0.0,
      0.0,
      0.0006325369868420626
    ]
  ],