{
  "config": {
    "symbols": [
      "H",
      "H"
    ],
    "geometry": [
      [
        0.0,
        0.0,
        0.0
      ],
      [
        0.0,
        0.0,
        0.7414
      ]
    ],
    "basis": "STO-3G",
    "ansatz": "TwoQubit-RY-CNOT",
    "optimizer": {
      "name": "Adam",
      "stepsize": 0.1,
      "iterations_planned": 50
    },
    "seed": 2,
    "noisy": true,
    "depolarizing_prob": 0.0,
    "amplitude_damping_prob": 0.0
  },
  "energies": [
    1.3487806563947697,
    1.3487806563947697,
    1.3406055131992258,
    1.324167291042301,
    1.2961377191154104,
    1.2562109618197947,
    1.2043347419627408,
    1.1406827182351993,
    1.0656658060591648,
    0.979942659051984,
    0.8844229478709577,
    0.7802613862424407,
    0.6688411466212376,
    0.5517457729221307,
    0.4307193529427287,
    0.30761559278247014,
    0.18433749923137382,
    0.06277053470040717,
    -0.055286779078397574,
    -0.16818996209174095,
    -0.2745081272105011,
    -0.37307098327785226,
    -0.46299932432881885,
    -0.5437168003330289,
    -0.6149430053304006,
    -0.6766702178646999,
    -0.7291279920677569,
    -0.7727408163717702,
    -0.8080840434853603,
    -0.8358423521840612,
    -0.85677346901819,
    -0.8716782051286995,
    -0.8813764565841941,
    -0.8866879307668322,
    -0.8884160616639488,
    -0.887333772825602,
    -0.8841702519580438,
    -0.8795985063259713,
    -0.8742239952395364,
    -0.8685749699509391,
    -0.8630952507346108,
    -0.8581400587201,
    -0.8539752614913115,
    -0.8507800683283242,
    -0.8486528989535376,
    -0.8476199013082434,
    -0.8476454369671989,
    -0.8486437884241563,
    -0.8504913584910024,
    -0.8530387058119496,
    -0.8561218705686737
  ],
  "final_params": [
    3.418638861325397
  ],
  "final_state_real": [
    [
      0.00036352109299348667,
      0.0,
      0.0,
      0.0,
      0.00260745639755888,
      0.0,
      0.0,
      0.0,
      -0.00260745639755888,
      0.0,
      0.0,
      0.0,
      0.018702708030575076,
      0.0,
      0.0,
      0.0
    ],
    [
      0.0,
      7.270421859869659e-18,
      0.0,
      0.0,
      0.0,
      5.214912795117708e-17,
      0.0,
      0.0,
      0.0,
      -5.214912795117708e-17,
      0.0,
      0.0,
      0.0,
      3.740541606114978e-16,
      0.0,
      0.0
    ],
    [
      0.0,
      0.0,
      7.270421859869657e-18,
      0.0,
      0.0,
      0.0,
      5.2149127951177085e-17,
      0.0,
      0.0,
      0.0,
      -5.2149127951177085e-17,
      0.0,
      0.0,
      0.0,
      3.7405416061149783e-16,
      0.0
    ],
    [
      0.0,
      0.0,
      0.0,
      1.4540843719739166e-31,
      0.0,
      0.0,
      0.0,
      1.0429825590235312e-30,
      0.0,
      0.0,
      0.0,
      -1.0429825590235312e-30,
      0.0,
      0.0,
      0.0,
      7.481083212229882e-30
    ],
    [
      0.00260745639755888,
      0.0,
      0.0,
      0.0,
      0.018702708030604694,
      0.0,
      0.0,
      0.0,
      -0.018702708030575076,
      0.0,
      0.0,
      0.0,
      0.13415038809618796,
      0.0,
      0.0,
      0.0
    ],
    [
      0.0,
      5.214912795117708e-17,
      0.0,
      0.0,
      0.0,
      3.740541606120901e-16,
      0.0,
      0.0,
      0.0,
      -3.740541606114978e-16,
      0.0,
      0.0,
      0.0,
      2.6830077619237314e-15,
      0.0,
      0.0
    ],
    [
      0.0,
      0.0,
      5.2149127951177085e-17,
      0.0,
      0.0,
      0.0,
      3.7405416061209017e-16,
      0.0,
      0.0,
      0.0,
      -3.7405416061149783e-16,
      0.0,
      0.0,
      0.0,
      2.683007761923731e-15,
      0.0
    ],
    [
      0.0,
      0.0,
      0.0,
      1.0429825590235312e-30,
      0.0,
      0.0,
      0.0,
      7.481083212241729e-30,
      0.0,
      0.0,
      0.0,
      -7.481083212229882e-30,
      0.0,
      0.0,
      0.0,
      5.366015523847407e-29
    ],
    [
      -0.00260745639755888,
      0.0,
      0.0,
      0.0,
      -0.018702708030575076,
      0.0,
      0.0,
      0.0,
      0.018702708030604694,
      0.0,
      0.0,
      0.0,
      -0.13415038809618796,
      0.0,
      0.0,
      0.0
    ],
    [
      0.0,
      -5.214912795117708e-17,
      0.0,
      0.0,
      0.0,
      -3.740541606114978e-16,
      0.0,
      0.0,
      0.0,
      3.740541606120901e-16,
      0.0,
      0.0,
      0.0,
      -2.6830077619237314e-15,
      0.0,
      0.0
    ],
    [
      0.0,
      0.0,
      -5.2149127951177085e-17,
      0.0,
      0.0,
      0.0,
      -3.7405416061149783e-16,
      0.0,
      0.0,
      0.0,
      3.7405416061209017e-16,
      0.0,
      0.0,
      0.0,
      -2.683007761923731e-15,
      0.0
    ],
    [
      0.0,
      0.0,
      0.0,
      -1.0429825590235312e-30,
      0.0,
      0.0,
      0.0,
      -7.481083212229882e-30,
      0.0,
      0.0,
      0.0,
      7.481083212241729e-30,
      0.0,
      0.0,
      0.0,
      -5.366015523847407e-29
    ],
    [
      0.018702708030575076,
      0.0,
      0.0,
      0.0,
      0.13415038809618796,
      0.0,
      0.0,
      0.0,
      -0.13415038809618796,
      0.0,
      0.0,
      0.0,
      0.962231062845955,
      0.0,
      0.0,
      0.0
    ],
    [
      0.0,
      3.740541606114978e-16,
      0.0,
      0.0,
      0.0,
      2.6830077619237314e-15,
      0.0,
      0.0,
      0.0,
      -2.6830077619237314e-15,
      0.0,
      0.0,
      0.0,
      1.924462125691891e-14,
      0.0,
      0.0
    ],
    [
      0.0,
      0.0,
      3.7405416061149783e-16,
      0.0,
      0.0,
      0.0,
      2.683007761923731e-15,
      0.0,
      0.0,
      0.0,
      -2.683007761923731e-15,
      0.0,
      0.0,
      0.0,
      1.924462125691891e-14,
      0.0
    ],
    [
      0.0,
      0.0,
      0.0,
      7.481083212229882e-30,
      0.0,
      0.0,
      0.0,
      5.366015523847407e-29,
      0.0,
      0.0,
      0.0,
      -5.366015523847407e-29,
      0.0,
      0.0,
      0.0,
      3.8489242513837435e-28
    ]
  ],