{
  "config": {
    "symbols": [
      "H",
      "H"
    ],
    "geometry": [
      [
        0.0,
        0.0,
        0.0
      ],
      [
        0.0,
        0.0,
        0.7414
      ]
    ],
    "basis": "STO-3G",
    "ansatz": "RY-CZ",
    "optimizer": {
      "name": "Adam",
      "stepsize": 0.1,
      "iterations_planned": 50
    },
    "seed": 1,
    "noisy": true,
    "depolarizing_prob": 0.02,
    "amplitude_damping_prob": 0.0
  },
  "energies": [
    1.3069979227744823,
    1.3069979227744823,
    1.299296524783131,
    1.2838296056785148,
    1.257182649777616,
    1.219620171863441,
    1.1720201990811319,
    1.1153433067571528,
    1.048254565178437,
    0.9697185805805395,
    0.8802618373304771,
    0.7809113942204718,
    0.6730800346198361,
    0.5586249914132271,
    0.43989995714977304,
    0.3197324131151005,
    0.2011472885581082,
    0.08645298322588232,
    -0.024011580414622452,
    -0.13109637545888153,
    -0.23447322802444096,
    -0.3323376328967356,
    -0.4223150233949896,
    -0.5022379924523924,
    -0.570974282143458,
    -0.6291492588191421,
    -0.6786890553389295,
    -0.7211855850160692,
    -0.7569465047414096,
    -0.785483662469383,
    -0.8064927878760497,
    -0.8205397608457239,
    -0.8290376757807973,
    -0.8335847968072602,
    -0.8353082921705678,
    -0.834707827313509,
    -0.8320059023484376,
    -0.827582255864638,
    -0.8220970550665163,
    -0.8163076047233655,
    -0.8108465369138546,
    -0.8061092793584631,
    -0.8022716901345139,
    -0.7994005526867793,
    -0.7975376827254024,
    -0.7966995362370276,
    -0.7968589657528113,
    -0.7979531069702603,
    -0.7998915232053914,
    -0.8025522124874733,
    -0.8057723228811681
  ],
  "final_params": [
    3.4174684430871487,
    -3.4178448457525805,
    -0.022530794364237054,
    0.005692234908113856
  ],
  "final_state_real": [
    [
      0.0009818852676358122,
      2.7567941483852615e-06,
      -1.9309299233801863e-06,
      5.421403003525596e-09,
      0.000720082949807049,
      2.0217576807079913e-06,
      8.002749052753567e-06,
      -2.2469032783494403e-08,
      -0.0007257485442044707,
      -2.0376508394706836e-06,
      4.55817260520027e-05,
      -1.2797818477618183e-07,
      0.017127864396905234,
      4.8089447761326694e-05,
      0.0001903530705938165,
      -5.344475198981345e-07
    ],
    [
      2.7567941483852615e-06,
      1.327667207081778e-05,
      -5.421403003525596e-09,
      -2.607800910851086e-08,
      2.021757680707993e-06,
      9.7366825875641e-06,
      2.2469032783494403e-08,
      1.080804436058985e-07,
      -2.037650839470684e-06,
      -9.813290559371177e-06,
      1.2797818477618183e-07,
      6.156001068567676e-07,
      4.808944776132669e-05,
      0.0002315963446713924,
      5.344475198981344e-07,
      2.5707971318238123e-06
    ],
    [
      -1.930929923380189e-06,
      -5.421403003525596e-09,
      1.3393317653105016e-05,
      3.690414620380286e-08,
      -8.002749052753574e-06,
      -2.2469032783494403e-08,
      9.639474341640706e-06,
      2.7577603746439367e-08,
      4.55817260520027e-05,
      1.2797818477618183e-07,
      -9.899507721725265e-06,
      -2.7277250474495297e-08,
      -0.00019035307059381653,
      -5.344475198981345e-07,
      0.0002292841532011138,
      6.559597855874346e-07
    ],
    [
      5.421403003525598e-09,
      -2.6078009108510886e-08,
      3.690414620380286e-08,
      1.8109925088164598e-07,
      2.2469032783494413e-08,
      -1.0808044360589858e-07,
      2.7577603746439394e-08,
      1.3034123638210495e-07,
      -1.2797818477618183e-07,
      6.156001068567676e-07,
      -2.7277250474495304e-08,
      -1.3385730697471266e-07,
      5.344475198981345e-07,
      -2.5707971318238123e-06,
      6.559597855874346e-07,
      3.1002914631930518e-06
    ],
    [
      0.000720082949807049,
      2.0217576807079913e-06,
      -8.002749052753567e-06,
      2.2469032783494403e-08,
      0.02990901277393494,
      8.397416084844065e-05,
      0.00033222356840957205,
      -9.327722512398065e-07,
      -0.017127864396905234,
      -4.8089447761326694e-05,
      0.0001903530705938165,
      -5.344475198981345e-07,
      0.12486769623497529,
      0.00035058529305748506,
      0.0013884559343984488,
      -3.898318153272821e-06
    ],
    [
      2.021757680707993e-06,
      9.7366825875641e-06,
      -2.2469032783494403e-08,
      -1.080804436058985e-07,
      8.397416084844065e-05,
      0.00040441807984099257,
      9.327722512398065e-07,
      4.486817019169977e-06,
      -4.808944776132669e-05,
      -0.0002315963446713924,
      5.344475198981344e-07,
      2.5707971318238123e-06,
      0.000350585293057485,
      0.0016884125974738168,
      3.898318153272821e-06,
      1.8751672997342412e-05
    ],
    [
      8.002749052753574e-06,
      2.2469032783494403e-08,
      9.639474341640706e-06,
      2.7577603746439367e-08,
      0.00033222356840957194,
      9.327722512398065e-07,
      0.00040797119783313044,
      1.1241298923634504e-06,
      -0.00019035307059381653,
      -5.344475198981345e-07,
      -0.0002292841532011138,
      -6.559597855874346e-07,
      0.0013884559343984488,
      3.898318153272821e-06,
      0.0017032465761638773,
      4.693150890310294e-06
    ],
    [
      -2.2469032783494413e-08,
      1.0808044360589858e-07,
      2.7577603746439394e-08,
      1.3034123638210495e-07,
      -9.327722512398063e-07,
      4.486817019169975e-06,
      1.1241298923634504e-06,
      5.516428432632535e-06,
      5.344475198981345e-07,
      -2.5707971318238123e-06,
      -6.559597855874346e-07,
      -3.1002914631930518e-06,
      -3.898318153272821e-06,
      1.8751672997342412e-05,
      4.693150890310293e-06,
      2.3030640129594485e-05
    ],
    [
      -0.0007257485442044707,
      -2.0376508394706836e-06,
      4.55817260520027e-05,
      -1.2797818477618183e-07,
      -0.017127864396905234,
      -4.8089447761326694e-05,
      -0.0001903530705938165,
      5.344475198981345e-07,
      0.029957613938853,
      8.411061610596111e-05,
      -5.8913250961474e-05,
      1.654086312727909e-07,
      -0.125039910761671,
      -0.0003510712203992471,
      -0.0013896496614348218,
      3.901669738051751e-06
    ],
    [
      -2.037650839470684e-06,
      -9.813290559371177e-06,
      1.2797818477618183e-07,
      6.156001068567676e-07,
      -4.808944776132669e-05,
      -0.0002315963446713924,
      -5.344475198981344e-07,
      -2.5707971318238123e-06,
      8.411061610596111e-05,
      0.0004050752459582016,
      -1.6540863127279102e-07,
      -7.956478775241447e-07,
      -0.00035107122039924703,
      -0.0016907412155640698,
      -3.901669738051751e-06,
      -1.8767794775844406e-05
    ],
    [
      4.55817260520027e-05,
      1.2797818477618183e-07,
      -9.899507721725265e-06,
      -2.7277250474495297e-08,
      0.00019035307059381653,
      5.344475198981345e-07,
      -0.0002292841532011138,
      -6.559597855874346e-07,
      -5.891325096147408e-05,
      -1.6540863127279102e-07,
      0.0004086341376505552,
      1.1259565665736961e-06,
      0.0013896496614348216,
      3.901669738051751e-06,
      -0.0016738613402680136,
      -4.788755396026945e-06
    ],
    [
      -1.2797818477618183e-07,
      6.156001068567676e-07,
      -2.7277250474495304e-08,
      -1.3385730697471266e-07,
      -5.344475198981345e-07,
      2.5707971318238123e-06,
      -6.559597855874346e-07,
      -3.1002914631930518e-06,
      1.6540863127279102e-07,
      -7.956478775241459e-07,
      1.1259565665736961e-06,
      5.525392447929176e-06,
      -3.901669738051751e-06,
      1.8767794775844406e-05,
      -4.788755396026944e-06,
      -2.2633304357715176e-05
    ],
    [
      0.017127864396905234,
      4.8089447761326694e-05,
      -0.0001903530705938165,
      5.344475198981345e-07,
      0.12486769623497529,
      0.00035058529305748506,
      0.0013884559343984488,
      -3.898318153272821e-06,
      -0.125039910761671,
