{
  "config": {
    "symbols": [
      "H",
      "H"
    ],
    "geometry": [
      [
        0.0,
        0.0,
        0.0
      ],
      [
        0.0,
        0.0,
        0.7414
      ]
    ],
    "basis": "STO-3G",
    "ansatz": "TwoQubit-RY-CNOT",
    "optimizer": {
      "name": "GradientDescent",
      "stepsize": 0.1,
      "iterations_planned": 50
    },
    "seed": 8,
    "noisy": true,
    "depolarizing_prob": 0.0,
    "amplitude_damping_prob": 0.0
  },
  "energies": [
    1.3486409469659535,
    1.3486409469659535,
    1.3485902464504749,
    1.3485233427175662,
    1.3484350591108152,
    1.348318566432789,
    1.3481648562310418,
    1.3479620470635951,
    1.3476944711333616,
    1.3473414723923225,
    1.346875827140555,
    1.3462616707551516,
    1.3454517808346314,
    1.3443840251724841,
    1.3429767327419615,
    1.341122684617794,
    1.3386813573757457,
    1.3354689836801095,
    1.3312459467039548,
    1.325701012938324,
    1.3184319990041709,
    1.3089227259639455,
    1.2965167030468858,
    1.2803890714467487,
    1.259520222524789,
    1.232677433764151,
    1.1984150141557026,
    1.1551084519287826,
    1.1010425385278797,
    1.034574155830078,
    0.9543819879668041,
    0.8597917548532361,
    0.7511247324566056,
    0.629969806095794,
    0.4992532057948201,
    0.36301117011465744,
    0.2258711578879187,
    0.09237558169242585,
    -0.03364234414261563,
    -0.1494525501493603,
    -0.25352816108511883,
    -0.34540578126543175,
    -0.4254186542133753,
    -0.49440836389297227,
    -0.5534801745579606,
    -0.6038257943435927,
    -0.6466107222785789,
    -0.6829119363978211,
    -0.71369000965523,
    -0.7397824644896892,
    -0.7619089487004836
  ],
  "final_params": [
    -2.6080577080180776
  ],
  "final_state_real": [
    [
      0.004829231833723457,
      0.0,
      0.0,
      0.0,
      0.01767129753738836,
      0.0,
      0.0,
      0.0,
      -0.017671297537388362,
      0.0,
      0.0,
      0.0,
      0.06466344284296624,
      0.0,
      0.0,
      0.0
    ],
    [
      0.0,
      9.658463667446817e-17,
      0.0,
      0.0,
      0.0,
      3.5342595074776356e-16,
      0.0,
      0.0,
      0.0,
      -3.5342595074776366e-16,
      0.0,
      0.0,
      0.0,
      1.2932688568593114e-15,
      0.0,
      0.0
    ],
    [
      0.0,
      0.0,
      9.658463667446817e-17,
      0.0,
      0.0,
      0.0,
      3.5342595074776356e-16,
      0.0,
      0.0,
      0.0,
      -3.534259507477636e-16,
      0.0,
      0.0,
      0.0,
      1.2932688568593113e-15,
      0.0
    ],
    [
      0.0,
      0.0,
      0.0,
      1.931692733489344e-30,
      0.0,
      0.0,
      0.0,
      7.0685190149552e-30,
      0.0,
      0.0,
      0.0,
      -7.068519014955202e-30,
      0.0,
      0.0,
      0.0,
      2.586537713718597e-29
    ],
    [
      0.017671297537388362,
      0.0,
      0.0,
      0.0,
      0.06466344284299491,
      0.0,
      0.0,
      0.0,
      -0.06466344284296624,
      0.0,
      0.0,
      0.0,
      0.2366187786413111,
      0.0,
      0.0,
      0.0
    ],
    [
      0.0,
      3.5342595074776366e-16,
      0.0,
      0.0,
      0.0,
      1.293268856859885e-15,
      0.0,
      0.0,
      0.0,
      -1.2932688568593114e-15,
      0.0,
      0.0,
      0.0,
      4.732375572826174e-15,
      0.0,
      0.0
    ],
    [
      0.0,
      0.0,
      3.534259507477636e-16,
      0.0,
      0.0,
      0.0,
      1.2932688568598848e-15,
      0.0,
      0.0,
      0.0,
      -1.2932688568593113e-15,
      0.0,
      0.0,
      0.0,
      4.732375572826172e-15,
      0.0
    ],
    [
      0.0,
      0.0,
      0.0,
      7.068519014955202e-30,
      0.0,
      0.0,
      0.0,
      2.5865377137197437e-29,
      0.0,
      0.0,
      0.0,
      -2.586537713718597e-29,
      0.0,
      0.0,
      0.0,
      9.46475114565225e-29
    ],
    [
      -0.017671297537388362,
      0.0,
      0.0,
      0.0,
      -0.06466344284296624,
      0.0,
      0.0,
      0.0,
      0.06466344284299491,
      0.0,
      0.0,
      0.0,
      -0.23661877864131106,
      0.0,
      0.0,
      0.0
    ],
    [
      0.0,
      -3.5342595074776366e-16,
      0.0,
      0.0,
      0.0,
      -1.2932688568593114e-15,
      0.0,
      0.0,
      0.0,
      1.293268856859885e-15,
      0.0,
      0.0,
      0.0,
      -4.732375572826173e-15,
      0.0,
      0.0
    ],
    [
      0.0,
      0.0,
      -3.534259507477636e-16,
      0.0,
      0.0,
      0.0,
      -1.2932688568593113e-15,
      0.0,
      0.0,
      0.0,
      1.2932688568598848e-15,
      0.0,
      0.0,
      0.0,
      -4.732375572826172e-15,
      0.0
    ],
    [
      0.0,
      0.0,
      0.0,
      -7.068519014955202e-30,
      0.0,
      0.0,
      0.0,
      -2.586537713718597e-29,
      0.0,
      0.0,
      0.0,
      2.5865377137197437e-29,
      0.0,
      0.0,
      0.0,
      -9.46475114565225e-29
    ],
    [
      0.06466344284296624,
      0.0,
      0.0,
      0.0,
      0.2366187786413111,
      0.0,
      0.0,
      0.0,
      -0.23661877864131106,
      0.0,
      0.0,
      0.0,
      0.8658438824804425,
      0.0,
      0.0,
      0.0
    ],
    [
      0.0,
      1.2932688568593114e-15,
      0.0,
      0.0,
      0.0,
      4.732375572826174e-15,
      0.0,
      0.0,
      0.0,
      -4.732375572826173e-15,
      0.0,
      0.0,
      0.0,
      1.731687764960868e-14,
      0.0,
      0.0
    ],
    [
      0.0,
      0.0,
      1.2932688568593113e-15,
      0.0,
      0.0,
      0.0,
      4.732375572826172e-15,
      0.0,
      0.0,
      0.0,
      -4.732375572826172e-15,
      0.0,
      0.0,
      0.0,
      1.7316877649608682e-14,
      0.0
    ],
    [
      0.0,
      0.0,
      0.0,
      2.586537713718597e-29,
      0.0,
      0.0,
      0.0,
      9.46475114565225e-29,
      0.0,
      0.0,
      0.0,
      -9.46475114565225e-29,
      0.0,
      0.0,
      0.0,
      3.4633755299217016e-28
    ]
  ],