{
  "config": {
    "symbols": [
      "H",
      "H"
    ],
    "geometry": [
      [
        0.0,
        0.0,
        0.0
      ],
      [
        0.0,
        0.0,
        0.7414
      ]
    ],
    "basis": "STO-3G",
    "ansatz": "TwoQubit-RY-CNOT",
    "optimizer": {
      "name": "GradientDescent",
      "stepsize": 0.1,
      "iterations_planned": 50
    },
    "seed": 5,
    "noisy": true,
    "depolarizing_prob": 0.02,
    "amplitude_damping_prob": 0.0
  },
  "energies": [
    1.306965651619035,
    1.306965651619035,
    1.3069544382707274,
    1.306939810086316,
    1.3069207272262113,
    1.3068958332509384,
    1.3068633588028744,
    1.3068209959472163,
    1.3067657343554802,
    1.3066936477449556,
    1.3065996154706918,
    1.3064769599052442,
    1.3063169737450155,
    1.306108304992328,
    1.3058361563554728,
    1.3054812442366712,
    1.3050184467233414,
    1.3044150496443767,
    1.3036284756696064,
    1.302603349311426,
    1.3012677176333787,
    1.2995282013624925,
    1.2972638064693118,
    1.2943180829475285,
    1.2904892842926567,
    1.2855181762947665,
    1.2790732051787834,
    1.2707329113571229,
    1.2599658469316122,
    1.246108962442861,
    1.2283466053338885,
    1.2056941295020986,
    1.1769927427044025,
    1.1409255337523903,
    1.0960679631027646,
    1.0409878750377686,
    0.9744073585791337,
    0.8954276911493795,
    0.8037961179319323,
    0.7001615373714428,
    0.5862370095756261,
    0.46478202504400584,
    0.33935623626646183,
    0.21387588898145152,
    0.09208763483306445,
    -0.022889656605842745,
    -0.12884013792622842,
    -0.22451041008057152,
    -0.3094971735651747,
    -0.3840432443451349,
    -0.44881622970056834
  ],
  "final_params": [
    -2.192165351824795
  ],
  "final_state_real": [
    [
      0.04570975545124849,
      0.0,
      0.0,
      0.0,
      0.07534572741880033,
      0.0,
      0.0,
      0.0,
      -0.07534572741880033,
      0.0,
      0.0,
      0.0,
      0.15243091880629572,
      0.0,
      0.0,
      0.0
    ],
    [
      0.0,
      0.0006176993979907642,
      0.0,
      0.0,
      0.0,
      0.0010181855056609801,
      0.0,
      0.0,
      0.0,
      -0.0010181855056609801,
      0.0,
      0.0,
      0.0,
      0.0020598772811692262,
      0.0,
      0.0
    ],
    [
      0.0,
      0.0,
      0.0006176993979907641,
      0.0,
      0.0,
      0.0,
      0.00101818550566098,
      0.0,
      0.0,
      0.0,
      -0.00101818550566098,
      0.0,
      0.0,
      0.0,
      0.0020598772811692275,
      0.0
    ],
    [
      0.0,
      0.0,
      0.0,
      8.347289162049785e-06,
      0.0,
      0.0,
      0.0,
      1.3759263590033735e-05,
      0.0,
      0.0,
      0.0,
      -1.3759263590033735e-05,
      0.0,
      0.0,
      0.0,
      2.7836179475301285e-05
    ],
    [
      0.07534572741880033,
      0.0,
      0.0,
      0.0,
      0.1652379983124947,
      0.0,
      0.0,
      0.0,
      -0.15243091880629572,
      0.0,
      0.0,
      0.0,
      0.29960015340856044,
      0.0,
      0.0,
      0.0
    ],
    [
      0.0,
      0.0010181855056609801,
      0.0,
      0.0,
      0.0,
      0.002232945923145146,
      0.0,
      0.0,
      0.0,
      -0.0020598772811692262,
      0.0,
      0.0,
      0.0,
      0.0040486507217433335,
      0.0,
      0.0
    ],
    [
      0.0,
      0.0,
      0.00101818550566098,
      0.0,
      0.0,
      0.0,
      0.002232945923145146,
      0.0,
      0.0,
      0.0,
      -0.0020598772811692275,
      0.0,
      0.0,
      0.0,
      0.0040486507217433335,
      0.0
    ],
    [
      0.0,
      0.0,
      0.0,
      1.3759263590033735e-05,
      0.0,
      0.0,
      0.0,
      3.017494490741178e-05,
      0.0,
      0.0,
      0.0,
      -2.7836179475301285e-05,
      0.0,
      0.0,
      0.0,
      5.471149623985625e-05
    ],
    [
      -0.07534572741880033,
      0.0,
      0.0,
      0.0,
      -0.15243091880629572,
      0.0,
      0.0,
      0.0,
      0.16523799831249467,
      0.0,
      0.0,
      0.0,
      -0.2996001534085604,
      0.0,
      0.0,
      0.0
    ],
    [
      0.0,
      -0.0010181855056609801,
      0.0,
      0.0,
      0.0,
      -0.0020598772811692262,
      0.0,
      0.0,
      0.0,
      0.0022329459231451455,
      0.0,
      0.0,
      0.0,
      -0.004048650721743333,
      0.0,
      0.0
    ],
    [
      0.0,
      0.0,
      -0.00101818550566098,
      0.0,
      0.0,
      0.0,
      -0.0020598772811692275,
      0.0,
      0.0,
      0.0,
      0.0022329459231451455,
      0.0,
      0.0,
      0.0,
      -0.004048650721743333,
      0.0
    ],
    [
      0.0,
      0.0,
      0.0,
      -1.3759263590033735e-05,
      0.0,
      0.0,
      0.0,
      -2.7836179475301285e-05,
      0.0,
      0.0,
      0.0,
      3.0174944907411768e-05,
      0.0,
      0.0,
      0.0,
      -5.471149623985623e-05
    ],
    [
      0.15243091880629572,
      0.0,
      0.0,
      0.0,
      0.29960015340856044,
      0.0,
      0.0,
      0.0,
      -0.29960015340856044,
      0.0,
      0.0,
      0.0,
      0.5973253590350208,
      0.0,
      0.0,
      0.0
    ],
    [
      0.0,
      0.0020598772811692262,
      0.0,
      0.0,
      0.0,
      0.0040486507217433335,
      0.0,
      0.0,
      0.0,
      -0.0040486507217433335,
      0.0,
      0.0,
      0.0,
      0.008071964311296087,
      0.0,
      0.0
    ],
    [
      0.0,
      0.0,
      0.0020598772811692275,
      0.0,
      0.0,
      0.0,
      0.0040486507217433335,
      0.0,
      0.0,
      0.0,
      -0.0040486507217433335,
      0.0,
      0.0,
      0.0,
      0.008071964311296089,
      0.0
    ],
    [
      0.0,
      0.0,
      0.0,
      2.7836179475301285e-05,
      0.0,
      0.0,
      0.0,
      5.471149623985625e-05,
      0.0,
      0.0,
      0.0,
      -5.471149623985625e-05,
      0.0,
      0.0,
      0.0,
      0.00010908059880146092
    ]
  ],