{
  "config": {
    "symbols": [
      "H",
      "H"
    ],
    "geometry": [
      [
        0.0,
        0.0,
        0.0
      ],
      [
        0.0,
        0.0,
        0.7414
      ]
    ],
    "basis": "STO-3G",
    "ansatz": "TwoQubit-RY-CNOT",
    "optimizer": {
      "name": "Adam",
      "stepsize": 0.1,
      "iterations_planned": 50
    },
    "seed": 3,
    "noisy": true,
    "depolarizing_prob": 0.06,
    "amplitude_damping_prob": 0.0
  },
  "energies": [
    1.2277628888963938,
    1.2277628888963938,
    1.2211397722356374,
    1.2077354215081595,
    1.184297097024114,
    1.1505349007171155,
    1.1063739683637719,
    1.0519322524346744,
    0.9875317832721278,
    0.9137089822547861,
    0.8312186357533901,
    0.7410299638302574,
    0.6443136778293486,
    0.5424192357179256,
    0.43684201583023663,
    0.32918084739712317,
    0.2210872191976346,
    0.1142084622199423,
    0.010128152717842037,
    -0.08969224809480467,
    -0.18396609596193086,
    -0.27162431424984756,
    -0.3518446689778597,
    -0.42406543195039814,
    -0.4879831199870188,
    -0.5435359287717645,
    -0.5908761107730238,
    -0.6303355219601166,
    -0.6623886959683148,
    -0.6876171395442927,
    -0.706677337839889,
    -0.7202735767535696,
    -0.7291354840226931,
    -0.7339993995979435,
    -0.7355923889812942,
    -0.7346178504498814,
    -0.7317420852596683,
    -0.7275817153361019,
    -0.7226922834421863,
    -0.7175586489726477,
    -0.7125878580035472,
    -0.7081050405051592,
    -0.7043526316479751,
    -0.7014929057044137,
    -0.6996135199651586,
    -0.6987355410219404,
    -0.6988232894940457,
    -0.6997952908256023,
    -0.7015356453215464,
    -0.7039052074865332,
    -0.7067520721487582
  ],
  "final_params": [
    -3.41825963536322
  ],
  "final_state_real": [
    [
      0.0030463245922613047,
      0.0,
      0.0,
      0.0,
      0.002430100854460364,
      0.0,
      0.0,
      0.0,
      -0.002430100854460365,
      0.0,
      0.0,
      0.0,
      0.01455001410566339,
      0.0,
      0.0,
      0.0
    ],
    [
      0.0,
      0.00012693019134428303,
      0.0,
      0.0,
      0.0,
      0.00010125420226923129,
      0.0,
      0.0,
      0.0,
      -0.00010125420226923136,
      0.0,
      0.0,
      0.0,
      0.0006062505877362707,
      0.0,
      0.0
    ],
    [
      0.0,
      0.0,
      0.00012693019134428306,
      0.0,
      0.0,
      0.0,
      0.0001012542022692313,
      0.0,
      0.0,
      0.0,
      -0.00010125420226923137,
      0.0,
      0.0,
      0.0,
      0.0006062505877362708,
      0.0
    ],
    [
      0.0,
      0.0,
      0.0,
      5.288757972681045e-06,
      0.0,
      0.0,
      0.0,
      4.218925094553365e-06,
      0.0,
      0.0,
      0.0,
      -4.218925094553368e-06,
      0.0,
      0.0,
      0.0,
      2.5260441155690285e-05
    ],
    [
      0.002430100854460364,
      0.0,
      0.0,
      0.0,
      0.04993945410569186,
      0.0,
      0.0,
      0.0,
      -0.014550014105663393,
      0.0,
      0.0,
      0.0,
      -0.10896472243361537,
      0.0,
      0.0,
      0.0
    ],
    [
      0.0,
      0.0001012542022692313,
      0.0,
      0.0,
      0.0,
      0.002080810587738177,
      0.0,
      0.0,
      0.0,
      -0.0006062505877362708,
      0.0,
      0.0,
      0.0,
      -0.004540196768069525,
      0.0,
      0.0
    ],
    [
      0.0,
      0.0,
      0.00010125420226923133,
      0.0,
      0.0,
      0.0,
      0.002080810587738177,
      0.0,
      0.0,
      0.0,
      -0.0006062505877362709,
      0.0,
      0.0,
      0.0,
      -0.0045401967680695245,
      0.0
    ],
    [
      0.0,
      0.0,
      0.0,
      4.218925094553366e-06,
      0.0,
      0.0,
      0.0,
      8.670044115579972e-05,
      0.0,
      0.0,
      0.0,
      -2.526044115569029e-05,
      0.0,
      0.0,
      0.0,
      -0.00018917486533632263
    ],
    [
      -0.002430100854460365,
      0.0,
      0.0,
      0.0,
      -0.01455001410566339,
      0.0,
      0.0,
      0.0,
      0.049939454105691866,
      0.0,
      0.0,
      0.0,
      0.10896472243361534,
      0.0,
      0.0,
      0.0
    ],
    [
      0.0,
      -0.00010125420226923136,
      0.0,
      0.0,
      0.0,
      -0.0006062505877362707,
      0.0,
      0.0,
      0.0,
      0.0020808105877381773,
      0.0,
      0.0,
      0.0,
      0.0045401967680695245,
      0.0,
      0.0
    ],
    [
      0.0,
      0.0,
      -0.00010125420226923137,
      0.0,
      0.0,
      0.0,
      -0.0006062505877362708,
      0.0,
      0.0,
      0.0,
      0.0020808105877381773,
      0.0,
      0.0,
      0.0,
      0.004540196768069524,
      0.0
    ],
    [
      0.0,
      0.0,
      0.0,
      -4.218925094553368e-06,
      0.0,
      0.0,
      0.0,
      -2.5260441155690285e-05,
      0.0,
      0.0,
      0.0,
      8.670044115579974e-05,
      0.0,
      0.0,
      0.0,
      0.0001891748653363226
    ],
    [
      0.014550014105663393,
      0.0,
      0.0,
      0.0,
      -0.10896472243361537,
      0.0,
      0.0,
      0.0,
      0.10896472243361534,
      0.0,
      0.0,
      0.0,
      0.8186747671965026,
      0.0,
      0.0,
      0.0
    ],
    [
      0.0,
      0.0006062505877362708,
      0.0,
      0.0,
      0.0,
      -0.004540196768069525,
      0.0,
      0.0,
      0.0,
      0.0045401967680695245,
      0.0,
      0.0,
      0.0,
      0.034111448633204276,
      0.0,
      0.0
    ],
    [
      0.0,
      0.0,
      0.0006062505877362709,
      0.0,
      0.0,
      0.0,
      -0.0045401967680695245,
      0.0,
      0.0,
      0.0,
      0.004540196768069524,
      0.0,
      0.0,
      0.0,
      0.034111448633204276,
      0.0
    ],
    [
      0.0,
      0.0,
      0.0,
      2.526044115569029e-05,
      0.0,
      0.0,
      0.0,
      -0.00018917486533632263,
      0.0,
      0.0,
      0.0,
      0.0001891748653363226,
      0.0,
      0.0,
      0.0,
      0.0014213103597175395
    ]
  ],