{
  "config": {
    "symbols": [
      "H",
      "H"
    ],
    "geometry": [
      [
        0.0,
        0.0,
        0.0
      ],
      [
        0.0,
        0.0,
        0.7414
      ]
    ],
    "basis": "STO-3G",
    "ansatz": "RY-CZ",
    "optimizer": {
      "name": "Adam",
      "stepsize": 0.1,
      "iterations_planned": 50
    },
    "seed": 0,
    "noisy": true,
    "depolarizing_prob": 0.04,
    "amplitude_damping_prob": 0.0
  },
  "energies": [
    1.2665213178291301,
    1.2665213178291301,
    1.2576974430667256,
    1.240402287953024,
    1.2125139244116543,
    1.174402521079724,
    1.1266594827984668,
    1.0681644104713435,
    0.9985715752929437,
    0.9184407210201021,
    0.8287088154562391,
    0.7307331959970514,
    0.626359780970706,
    0.5178938109494918,
    0.40763098154602817,
    0.2966150365192264,
    0.18479011637014386,
    0.07319379557217368,
    -0.03591403777753677,
    -0.13989371304918383,
    -0.23647118235525752,
    -0.3247038351194592,
    -0.4051383465255808,
    -0.47827549187317897,
    -0.5434922833564723,
    -0.599737043036854,
    -0.6466539706881469,
    -0.6850184038680832,
    -0.7161214097656582,
    -0.7408769251838951,
    -0.7595957084159154,
    -0.7726096749853439,
    -0.7806504154973871,
    -0.7846445722421445,
    -0.7855112309560255,
    -0.7840280302209635,
    -0.7808380053526865,
    -0.7764808013862403,
    -0.7713796091975776,
    -0.7659748294678346,
    -0.7608031305268526,
    -0.7563515079809578,
    -0.7528522856802713,
    -0.7502717548979673,
    -0.7485376214423145,
    -0.7477295756353491,
    -0.7479933604935581,
    -0.7493023795639189,
    -0.7513986666652837,
    -0.7539874729608953,
    -0.7569305876278487
  ],
  "final_params": [
    -3.412841874234067,
    3.4142353504941916,
    -0.01349757676853814,
    0.020224133495062982
  ],
  "final_state_real": [
    [
      0.0018390045782683531,
      1.808717452432351e-05,
      2.241407522892262e-06,
      -2.204510955008131e-08,
      0.0010123643876177489,
      9.956964205667182e-06,
      6.645120498193461e-06,
      -6.535732920496998e-08,
      -0.0009848381316421599,
      -9.686185328583299e-06,
      -3.481422047306157e-05,
      3.424113180627604e-07,
      0.015311707089036574,
      0.00015059609097071777,
      0.00010050545029455283,
      -9.885099605914764e-07
    ],
    [
      1.808717452432351e-05,
      5.0571603589760286e-05,
      2.2045109550081323e-08,
      6.117938841722478e-08,
      9.956964205667178e-06,
      2.7839457880634174e-05,
      6.535732920496998e-08,
      1.813790682355005e-07,
      -9.686185328583296e-06,
      -2.7082501143300465e-05,
      -3.4241131806276035e-07,
      -9.502567895444292e-07,
      0.00015059609097071777,
      0.00042106343308748764,
      9.885099605914764e-07,
      2.743303892227582e-06
    ],
    [
      2.241407522892264e-06,
      2.204510955008132e-08,
      5.046738621066176e-05,
      4.947158193268317e-07,
      -6.645120498193464e-06,
      -6.535732920496998e-08,
      2.768993447838437e-05,
      2.732467140056321e-07,
      -3.481422047306157e-05,
      -3.424113180627604e-07,
      -2.702668983639623e-05,
      -2.6493408932044605e-07,
      -0.00010050545029455284,
      -9.885099605914766e-07,
      0.0004188019365688353,
      4.132774422993374e-06
    ],
    [
      -2.2045109550081333e-08,
      6.117938841722482e-08,
      4.947158193268317e-07,
      1.3878250656994799e-06,
      6.535732920496998e-08,
      -1.813790682355006e-07,
      2.73246714005632e-07,
      7.614578051708095e-07,
      3.4241131806276035e-07,
      -9.502567895444292e-07,
      -2.6493408932044605e-07,
      -7.432189462174293e-07,
      9.885099605914766e-07,
      -2.7433038922275827e-06,
      4.132774422993374e-06,
      1.1516820441374938e-05
    ],
    [
      0.0010123643876177489,
      9.956964205667178e-06,
      -6.645120498193464e-06,
      6.535732920496997e-08,
      0.03981422330872431,
      0.00039158510753321374,
      0.00026106905500225807,
      -2.5677150892375326e-06,
      -0.015311707089036574,
      -0.00015059609097071777,
      0.00010050545029455283,
      -9.885099605914764e-07,
      -0.11470951075698982,
      -0.0011282032492899445,
      -0.0007537235984147567,
      7.413162991482247e-06
    ],
    [
      9.956964205667172e-06,
      2.7839457880634174e-05,
      -6.535732920496997e-08,
      -1.813790682355006e-07,
      0.00039158510753321374,
      0.0010948690080472376,
      2.5677150892375326e-06,
      7.125899666425227e-06,
      -0.00015059609097071777,
      -0.00042106343308748764,
      9.885099605914764e-07,
      2.743303892227582e-06,
      -0.0011282032492899443,
      -0.003154447778178031,
      -7.413162991482245e-06,
      -2.057294281190883e-05
    ],
    [
      6.645120498193464e-06,
      6.535732920496997e-08,
      2.768993447838437e-05,
      2.73246714005632e-07,
      0.0002610690550022581,
      2.5677150892375326e-06,
      0.001092612714586573,
      1.0710536742428263e-05,
      -0.00010050545029455284,
      -9.885099605914766e-07,
      -0.0004188019365688353,
      -4.132774422993374e-06,
      -0.0007537235984147567,
      -7.413162991482247e-06,
      -0.0031479471284732736,
      -3.085832970147359e-05
    ],
    [
      -6.535732920496997e-08,
      1.813790682355006e-07,
      2.732467140056318e-07,
      7.614578051708095e-07,
      -2.5677150892375326e-06,
      7.1258996664252276e-06,
      1.0710536742428263e-05,
      3.0046242261796625e-05,
      9.885099605914766e-07,
      -2.7433038922275827e-06,
      -4.132774422993374e-06,
      -1.1516820441374938e-05,
      7.413162991482245e-06,
      -2.057294281190883e-05,
      -3.085832970147358e-05,
      -8.656679607213251e-05
    ],
    [
      -0.0009848381316421599,
      -9.686185328583299e-06,
      -3.481422047306157e-05,
      3.424113180627604e-07,
      -0.015311707089036574,
      -0.00015059609097071777,
      -0.00010050545029455283,
      9.885099605914764e-07,
      0.03998204331370252,
      0.00039323566879585705,
      4.873073929392903e-05,
      -4.792856610050537e-07,
      0.11530647443775695,
      0.00113408023109158,
      0.0007568672172119829,
      -7.444081697724076e-06
    ],
    [
      -9.686185328583296e-06,
      -2.7082501143300465e-05,
      -3.4241131806276035e-07,
      -9.502567895444292e-07,
      -0.00015059609097071777,
      -0.00042106343308748764,
      -9.885099605914764e-07,
      -2.743303892227582e-06,
      0.00039323566879585705,
      0.001099483964892087,
      4.79285661005054e-07,
      1.3301092267571123e-06,
      0.00113408023109158,
      0.0031708639475437786,
      7.444081697724076e-06,
      2.0658748125519546e-05
    ],
    [
      -3.481422047306157e-05,
      -3.424113180627604e-07,
      -2.702668983639623e-05,
      -2.6493408932044605e-07,
      0.00010050545029455284,
      9.885099605914766e-07,
      -0.0004188019365688353,
      -4.132774422993374e-06,
      4.873073929392903e-05,
      4.792856610050537e-07,
      0.001097218160981429,
      1.075568247629065e-05,
      -0.000756867217211983,
      -7.444081697724078e-06,
      0.003153833502211802,
      3.11223069766733e-05
    ],
    [
      3.4241131806276035e-07,
      -9.502567895444292e-07,
      -2.6493408932044605e-07,
      -7.432189462174293e-07,
      -9.885099605914766e-07,
      2.7433038922275827e-06,
      -4.132774422993374e-06,
      -1.1516820441374938e-05,
      -4.79285661005054e-07,
      1.3301092267571123e-06,
      1.075568247629065e-05,
      3.0172889477462535e-05,
      7.444081697724078e-06,
      -2.0658748125519546e-05,
      3.11223069766733e-05,
      8.672866807767494e-05
    ],
    [
      0.015311707089036574,
      0.00015059609097071777,
      -0.00010050545029455283,
      9.885099605914764e-07,
      -0.11470951075698982,
      -0.0011282032492899445,
      -0.0007537235984147567,
      7.413162991482247e-06,
      0.11530647443775692,
