{
  "config": {
    "symbols": [
      "H",
      "H"
    ],
    "geometry": [
      [
        0.0,
        0.0,
        0.0
      ],
      [
        0.0,
        0.0,
        0.7414
      ]
    ],
    "basis": "STO-3G",
    "ansatz": "RY-CZ",
    "optimizer": {
      "name": "Adam",
      "stepsize": 0.1,
      "iterations_planned": 50
    },
    "seed": 3,
    "noisy": true,
    "depolarizing_prob": 0.0,
    "amplitude_damping_prob": 0.0
  },
  "energies": [
    1.3487195040082076,
    1.3487195040082076,
    1.3392068975736748,
    1.3204818065289992,
    1.2900384440315522,
    1.2485339796102841,
    1.197370940857999,
    1.1375645486943728,
    1.0666898999413068,
    0.9832737555137508,
    0.8877527719850724,
    0.7812839513067649,
    0.6656438209061852,
    0.5432716364151267,
    0.4172582695735428,
    0.29116803041714723,
    0.16841695617471406,
    0.050827325564642645,
    -0.062474244108609106,
    -0.17288192229433522,
    -0.27977316284905673,
    -0.38091983136586394,
    -0.47362738887252825,
    -0.5555476096459786,
    -0.6254220052883237,
    -0.683750372332932,
    -0.7326121056376452,
    -0.7741757157049709,
    -0.809394033955444,
    -0.838090408133943,
    -0.8597456311492988,
    -0.8742377733112947,
    -0.8823015690241676,
    -0.8855086278641097,
    -0.8856691007937891,
    -0.8840903034475365,
    -0.8813163162470695,
    -0.8774012198093146,
    -0.8723570873655915,
    -0.8664872617129367,
    -0.8604592747010835,
    -0.8550898386114871,
    -0.8509965067607177,
    -0.8483804654401064,
    -0.847070854526964,
    -0.8467451382352763,
    -0.8471601158873584,
    -0.8482649739749826,
    -0.8501470319997025,
    -0.8528667703287369,
    -0.8563175741472855
  ],
  "final_params": [
    3.4143686434984564,
    3.414302132568623,
    0.020709100791069655,
    0.02067233390398414
  ],
  "final_state_real": [
    [
      0.00034151676950090607,
      3.530100061693722e-06,
      3.5363789879208403e-06,
      -3.655390539584797e-08,
      -0.002489077969356285,
      -2.5728441698561432e-05,
      2.5774204420532667e-05,
      -2.66415967649248e-07,
      -0.0024884634684062806,
      -2.5722089887947002e-05,
      -2.576784131214772e-05,
      2.6635019515633334e-07,
      -0.018136677756261838,
      -0.00018747040550853294,
      0.00018780385578685282,
      -1.941241139837287e-06
    ],
    [
      3.530100061693722e-06,
      3.6489003061590897e-08,
      3.655390539584797e-08,
      -3.778407246515535e-10,
      -2.5728441698561432e-05,
      -2.659429397189208e-07,
      2.66415967649248e-07,
      -2.7538179897672606e-09,
      -2.5722089887947006e-05,
      -2.658772840057947e-07,
      -2.6635019515633334e-07,
      2.753138130088358e-09,
      -0.0001874704055085329,
      -1.9377944197073124e-06,
      1.941241139837287e-06,
      -2.0065707099051664e-08
    ],
    [
      3.5363789879208403e-06,
      3.655390539584797e-08,
      3.66189231846424e-08,
      -3.7851278323449167e-10,
      -2.5774204420532667e-05,
      -2.66415967649248e-07,
      2.668898369460574e-07,
      -2.758716157912338e-09,
      -2.5767841312147724e-05,
      -2.663501951563334e-07,
      -2.668239475634791e-07,
      2.7580350879411797e-09,
      -0.0001878038557868528,
      -1.941241139837287e-06,
      1.9446939905878987e-06,
      -2.010139762314811e-08
    ],
    [
      -3.655390539584797e-08,
      -3.778407246515535e-10,
      -3.7851278323449167e-10,
      3.912510656941649e-12,
      2.66415967649248e-07,
      2.7538179897672606e-09,
      -2.758716157912338e-09,
      2.85155662829211e-11,
      2.663501951563334e-07,
      2.753138130088359e-09,
      2.7580350879411797e-09,
      -2.850852640055707e-11,
      1.941241139837287e-06,
      2.0065707099051664e-08,
      -2.0101397623148114e-08,
      2.0777880125804779e-10
    ],
    [
      -0.002489077969356285,
      -2.5728441698561432e-05,
      -2.5774204420532667e-05,
      2.66415967649248e-07,
      0.018141156425901275,
      0.00018751669943428538,
      -0.00018785023205478816,
      1.9417205097567754e-06,
      0.018136677756261838,
      0.00018747040550853294,
      0.00018780385578685282,
      -1.941241139837287e-06,
      0.13218561743429477,
      0.0013663412691030069,
      -0.0013687715560340382,
      1.4148355178756605e-05
    ],
    [
      -2.5728441698561432e-05,
      -2.659429397189208e-07,
      -2.66415967649248e-07,
      2.7538179897672606e-09,
      0.00018751669943428538,
      1.9382729384940316e-06,
      -1.9417205097567754e-06,
      2.0070662123030486e-08,
      0.0001874704055085329,
      1.9377944197073124e-06,
      1.941241139837287e-06,
      -2.0065707099051664e-08,
      0.0013663412691030069,
      1.4123234435331205e-05,
      -1.4148355178756603e-05,
      1.4624496932620958e-07
    ],
    [
      2.5774204420532667e-05,
      2.66415967649248e-07,
      2.668898369460574e-07,
      -2.758716157912338e-09,
      -0.00018785023205478816,
      -1.9417205097567754e-06,
      1.9451742138797017e-06,
      -2.010636145304121e-08,
      -0.0001878038557868528,
      -1.941241139837287e-06,
      -1.9446939905878987e-06,
      2.010139762314811e-08,
      -0.0013687715560340384,
      -1.4148355178756607e-05,
      1.4173520609295092e-05,
      -1.465050926539991e-07
    ],
    [
      -2.66415967649248e-07,
      -2.7538179897672606e-09,
      -2.758716157912338e-09,
      2.85155662829211e-11,
      1.9417205097567754e-06,
      2.0070662123030486e-08,
      -2.010636145304121e-08,
      2.0783011021482446e-10,
      1.941241139837287e-06,
      2.0065707099051664e-08,
      2.0101397623148114e-08,
      -2.0777880125804779e-10,
      1.4148355178756605e-05,
      1.462449693262096e-07,
      -1.465050926539991e-07,
      1.5143550276078558e-09
    ],
    [
      -0.0024884634684062806,
      -2.5722089887947002e-05,
      -2.576784131214772e-05,
      2.6635019515633334e-07,
      0.018136677756261838,
      0.00018747040550853294,
      -0.00018780385578685282,
      1.941241139837287e-06,
      0.018132200192370877,
      0.00018742412301238842,
      0.00018775749096825657,
      -1.940761888264295e-06,
      0.13215298358815175,
      0.001366003948208191,
      -0.0013684336351525409,
      1.4144862247717333e-05
    ],
    [
      -2.5722089887947006e-05,
      -2.658772840057947e-07,
      -2.6635019515633334e-07,
      2.753138130088358e-09,
      0.0001874704055085329,
      1.9377944197073124e-06,
      -1.941241139837287e-06,
      2.0065707099051664e-08,
      0.00018742412301238842,
      1.937316019063139e-06,
      1.940761888264295e-06,
      -2.0060753298365553e-08,
      0.001366003948208191,
      1.411974770607465e-05,
      -1.4144862247717333e-05,
      1.4620886452206496e-07
    ],
    [
      -2.5767841312147724e-05,
      -2.663501951563334e-07,
      -2.668239475634791e-07,
      2.7580350879411797e-09,
      0.0001878038557868528,
      1.941241139837287e-06,
      -1.9446939905878987e-06,
      2.010139762314811e-08,
      0.0001877574909682566,
      1.9407618882642954e-06,
      1.9442138873102254e-06,
      -2.0096435003789992e-08,
      0.0013684336351525409,
      1.4144862247717333e-05,
      -1.4170021460154698e-05,
      1.4646892368552134e-07
    ],
    [
      2.663501951563334e-07,
      2.753138130088359e-09,
      2.7580350879411797e-09,
      -2.850852640055707e-11,
      -1.941241139837287e-06,
      -2.0065707099051664e-08,
      2.0101397623148114e-08,
      -2.0777880125804779e-10,
      -1.9407618882642954e-06,
      -2.0060753298365557e-08,
      -2.0096435003789992e-08,
      2.0772750512405558e-10,
      -1.4144862247717333e-05,
      -1.4620886452206496e-07,
      1.4646892368552134e-07,
      -1.5139811646672942e-09
    ],
    [
      -0.018136677756261838,
      -0.00018747040550853294,
      -0.00018780385578685282,
      1.941241139837287e-06,
      0.13218561743429477,
      0.0013663412691030069,
      -0.0013687715560340382,
      1.4148355178756605e-05,
