{
  "config": {
    "symbols": [
      "H",
      "H"
    ],
    "geometry": [
      [
        0.0,
        0.0,
        0.0
      ],
      [
        0.0,
        0.0,
        0.7414
      ]
    ],
    "basis": "STO-3G",
    "ansatz": "RY-CZ",
    "optimizer": {
      "name": "GradientDescent",
      "stepsize": 0.1,
      "iterations_planned": 50
    },
    "seed": 2,
    "noisy": true,
    "depolarizing_prob": 0.06,
    "amplitude_damping_prob": 0.0
  },
  "energies": [
    1.2277120654334819,
    1.2277120654334819,
    1.2277051551621245,
    1.2276973218410638,
    1.2276884421784824,
    1.227678376417207,
    1.2276669661441182,
    1.227654031780409,
    1.22763936978189,
    1.2276227494319394,
    1.2276039091968152,
    1.227582552645001,
    1.227558343729239,
    1.227530901659555,
    1.227499794718377,
    1.2274645336828487,
    1.2274245639905594,
    1.227379257137131,
    1.2273279008080098,
    1.227269687760369,
    1.22720370318427,
    1.2271289102546348,
    1.2270441341556737,
    1.2269480437428448,
    1.2268391305480355,
    1.2267156855501467,
    1.2265757726293627,
    1.2264171983807985,
    1.2262374784261059,
    1.2260337986252232,
    1.2258029723501136,
    1.2255413909684296,
    1.2252449691010432,
    1.22490908190629,
    1.224528495290823,
    1.2240972868741882,
    1.2236087567808926,
    1.2230553278594711,
    1.2224284338597537,
    1.221718393117684,
    1.2209142680388256,
    1.2200037082314088,
    1.218972774555306,
    1.2178057446025847,
    1.216484896142546,
    1.214990268348069,
    1.2132993979314102,
    1.2113870308374155,
    1.209224806710315,
    1.2067809176296431,
    1.2040197402374626
  ],
  "final_params": [
    0.22570877829512087,
    0.18053270886151546,
    0.004840090130843674,
    -0.0013412599697847339
  ],
  "final_state_real": [
    [
      0.8324850595183773,
      -0.0005350271918281744,
      0.0019293931199429264,
      1.239996218056058e-06,
      0.07210866032043524,
      -4.6343332237536954e-05,
      -0.00016723547662035463,
      -1.0748009640470599e-07,
      0.0903091728409093,
      -5.804051687047771e-05,
      0.00020958931270957868,
      1.3470036376647493e-07,
      -0.007836176632977603,
      5.036212509847289e-06,
      1.8173777300448742e-05,
      1.1680053633142487e-08
    ],
    [
      -0.0005350271918281743,
      0.03468725123568525,
      -1.239996218056058e-06,
      8.039051376977615e-05,
      -4.6343332237536954e-05,
      0.0030045598875380283,
      1.0748009640470599e-07,
      -6.968069776490854e-06,
      -5.804051687047771e-05,
      0.0037629227472645013,
      -1.3470036376647493e-07,
      8.732793931532064e-06,
      5.0362125098472884e-06,
      -0.00032651087786795256,
      -1.1680053633142487e-08,
      7.572325614822283e-07
    ],
    [
      0.0019293931199429269,
      -1.2399962180560584e-06,
      0.03469174458035642,
      -2.2289671636613387e-05,
      0.00016723547662035463,
      -1.0748009640470599e-07,
      0.00300410593189958,
      -1.931243121549065e-06,
      0.00020958931270957862,
      -1.3470036376647493e-07,
      0.0037634101917368113,
      -2.418015537194872e-06,
      -1.8173777300448742e-05,
      1.1680053633142487e-08,
      -0.00032646154569965826,
      2.098716319847192e-07
    ],
    [
      1.2399962180560582e-06,
      8.039051376977617e-05,
      -2.228967163661338e-05,
      0.0014455049328563727,
      1.0748009640470599e-07,
      6.968069776490854e-06,
      -1.931243121549065e-06,
      0.00012517242923098103,
      1.3470036376647493e-07,
      8.732793931532064e-06,
      -2.418015537194872e-06,
      0.00015681044762441338,
      -1.1680053633142487e-08,
      -7.572325614822283e-07,
      2.0987163198471918e-07,
      -1.3602710973606612e-05
    ],
    [
      0.07210866032043524,
      -4.6343332237536954e-05,
      0.00016723547662035463,
      1.0748009640470599e-07,
      0.04149283102026478,
      -2.6666896430089225e-05,
      6.460691910749897e-05,
      4.1522038471829034e-08,
      0.007836176632977601,
      -5.036212509847288e-06,
      1.817377730044874e-05,
      1.1680053633142485e-08,
      0.003024058375708506,
      -1.943522519930674e-06,
      1.0446378390193803e-05,
      6.7137534400485645e-09
    ],
    [
      -4.6343332237536954e-05,
      0.0030045598875380283,
      -1.0748009640470599e-07,
      6.968069776490854e-06,
      -2.6666896430089222e-05,
      0.001728886587961626,
      -4.1522038471829034e-08,
      2.6919259566385563e-06,
      -5.036212509847287e-06,
      0.00032651087786795245,
      -1.1680053633142485e-08,
      7.572325614822281e-07,
      -1.943522519930674e-06,
      0.00012600379001428025,
      -6.7137534400485645e-09,
      4.3526107621136784e-07
    ],
    [
      -0.00016723547662035463,
      1.0748009640470599e-07,
      0.00300410593189958,
      -1.931243121549065e-06,
      6.460691910749898e-05,
      -4.152203847182904e-08,
      0.0017291105458441438,
      -1.1109647772540856e-06,
      -1.817377730044874e-05,
      1.1680053633142485e-08,
      0.00032646154569965826,
      -2.0987163198471918e-07,
      1.04463783901938e-05,
      -6.7137534400485645e-09,
      0.00012602011239320167,
      -8.09687422420403e-08
    ],
    [
      -1.0748009640470599e-07,
      -6.968069776490854e-06,
      -1.931243121549065e-06,
      0.00012517242923098103,
      4.1522038471829054e-08,
      2.6919259566385575e-06,
      -1.1109647772540854e-06,
      7.204704905174895e-05,
      -1.1680053633142485e-08,
      -7.572325614822281e-07,
      -2.098716319847191e-07,
      1.3602710973606609e-05,
      6.7137534400485645e-09,
      4.3526107621136763e-07,
      -8.09687422420403e-08,
      5.2508945948666355e-06
    ],
    [
      0.0903091728409093,
      -5.804051687047771e-05,
      0.00020958931270957868,
      1.3470036376647493e-07,
      0.007836176632977603,
      -5.036212509847289e-06,
      -1.8173777300448742e-05,
      -1.1680053633142487e-08,
      0.04535590466374435,
      -2.9149643020751234e-05,
      0.00010511824735646657,
      6.7558149670688e-08,
      0.0020794019575114363,
      -1.336405576585473e-06,
      -4.822579921806879e-06,
      -3.099410276994515e-09
    ],
    [
      -5.804051687047771e-05,
      0.0037629227472645013,
      -1.3470036376647493e-07,
      8.732793931532064e-06,
      -5.0362125098472884e-06,
      0.00032651087786795256,
      1.1680053633142487e-08,
      -7.572325614822283e-07,
      -2.9149643020751227e-05,
      0.0018898497241539483,
      -6.7558149670688e-08,
      4.379879778888575e-06,
      -1.336405576585473e-06,
      8.664268180609028e-05,
      3.099410276994515e-09,
      -2.009386649110319e-07
    ],
    [
      0.00020958931270957862,
      -1.3470036376647493e-07,
      0.0037634101917368113,
      -2.418015537194872e-06,
      1.8173777300448742e-05,
      -1.1680053633142487e-08,
      0.00032646154569965826,
      -2.098716319847192e-07,
      0.00010511824735646657,
      -6.7558149670688e-08,
      0.001890094533006908,
      -1.214398036550091e-06,
      4.822579921806879e-06,
      -3.099410276994515e-09,
      8.662959105888993e-05,
      -5.569137894857765e-08
    ],
    [
      1.3470036376647493e-07,
      8.732793931532064e-06,
      -2.418015537194872e-06,
      0.00015681044762441338,
      1.1680053633142487e-08,
      7.572325614822283e-07,
      -2.0987163198471918e-07,
      1.3602710973606612e-05,
      6.7558149670688e-08,
      4.379879778888575e-06,
      -1.2143980365500908e-06,
      7.875478745953219e-05,
      3.099410276994515e-09,
      2.009386649110319e-07,
      -5.569137894857765e-08,
      3.6096051876809133e-06
    ],
    [
      -0.007836176632977601,
      5.036212509847288e-06,
      -1.817377730044874e-05,
      -1.1680053633142485e-08,
      0.003024058375708506,
      -1.943522519930674e-06,
      1.0446378390193803e-05,
      6.7137534400485645e-09,
      0.0020794019575114363,
      -1.336405576585473e-06,
