{
  "config": {
    "symbols": [
      "H",
      "H"
    ],
    "geometry": [
      [
        0.0,
        0.0,
        0.0
      ],
      [
        0.0,
        0.0,
        0.7414
      ]
    ],
    "basis": "STO-3G",
    "ansatz": "TwoQubit-RY-CNOT",
    "optimizer": {
      "name": "GradientDescent",
      "stepsize": 0.1,
      "iterations_planned": 50
    },
    "seed": 3,
    "noisy": true,
    "depolarizing_prob": 0.06,
    "amplitude_damping_prob": 0.0
  },
  "energies": [
    1.2276867924615067,
    1.2276867924615067,
    1.2276655405129975,
    1.2276384332137096,
    1.2276038575712092,
    1.2275597564348055,
    1.2275035062334698,
    1.2274317613311732,
    1.2273402554293091,
    1.2272235488169654,
    1.2270747062800553,
    1.226884887155696,
    1.2266428239019185,
    1.226334159052417,
    1.2259406030191617,
    1.2254388658128468,
    1.2247993038505849,
    1.2239842088934787,
    1.2229456505476393,
    1.221622764219318,
    1.219938356556669,
    1.2177946798642065,
    1.2150682091790013,
    1.2116032480616812,
    1.2072041987389184,
    1.2016263786515928,
    1.1945653665508371,
    1.1856450637882228,
    1.1744050030207371,
    1.1602879843149532,
    1.1426299635773507,
    1.120655258823819,
    1.0934816105091592,
    1.0601411693460083,
    1.0196246674230691,
    0.9709558499416828,
    0.9133004049872733,
    0.8461065947797975,
    0.7692630145388304,
    0.6832441422923381,
    0.5892021853842712,
    0.48896269933215464,
    0.3848988968712136,
    0.27969432069579503,
    0.1760425975456006,
    0.07635631141706883,
    -0.01744849912720453,
    -0.10405650074225473,
    -0.18274853379061903,
    -0.25331879701056703,
    -0.31595334698269406
  ],
  "final_params": [
    -2.107346250789579
  ],
  "final_state_real": [
    [
      0.06465102578227613,
      0.0,
      0.0,
      0.0,
      0.07448065686901045,
      0.0,
      0.0,
      0.0,
      -0.07448065686901047,
      0.0,
      0.0,
      0.0,
      0.14405456767998498,
      0.0,
      0.0,
      0.0
    ],
    [
      0.0,
      0.002693792740929488,
      0.0,
      0.0,
      0.0,
      0.003103360702876952,
      0.0,
      0.0,
      0.0,
      -0.0031033607028769523,
      0.0,
      0.0,
      0.0,
      0.006002273653335641,
      0.0,
      0.0
    ],
    [
      0.0,
      0.0,
      0.0026937927409294887,
      0.0,
      0.0,
      0.0,
      0.003103360702876952,
      0.0,
      0.0,
      0.0,
      -0.0031033607028769523,
      0.0,
      0.0,
      0.0,
      0.0060022736533356415,
      0.0
    ],
    [
      0.0,
      0.0,
      0.0,
      0.00011224136420545018,
      0.0,
      0.0,
      0.0,
      0.00012930669595326947,
      0.0,
      0.0,
      0.0,
      -0.0001293066959532695,
      0.0,
      0.0,
      0.0,
      0.00025009473555577397
    ],
    [
      0.07448065686901045,
      0.0,
      0.0,
      0.0,
      0.1794440076800103,
      0.0,
      0.0,
      0.0,
      -0.14405456767998498,
      0.0,
      0.0,
      0.0,
      0.26073367405276243,
      0.0,
      0.0,
      0.0
    ],
    [
      0.0,
      0.003103360702876952,
      0.0,
      0.0,
      0.0,
      0.007476833653337414,
      0.0,
      0.0,
      0.0,
      -0.006002273653335641,
      0.0,
      0.0,
      0.0,
      0.010863903085537077,
      0.0,
      0.0
    ],
    [
      0.0,
      0.0,
      0.003103360702876952,
      0.0,
      0.0,
      0.0,
      0.007476833653337414,
      0.0,
      0.0,
      0.0,
      -0.0060022736533356415,
      0.0,
      0.0,
      0.0,
      0.010863903085537079,
      0.0
    ],
    [
      0.0,
      0.0,
      0.0,
      0.00012930669595326947,
      0.0,
      0.0,
      0.0,
      0.0003115347355558778,
      0.0,
      0.0,
      0.0,
      -0.00025009473555577397,
      0.0,
      0.0,
      0.0,
      0.00045266262856426606
    ],
    [
      -0.07448065686901047,
      0.0,
      0.0,
      0.0,
      -0.14405456767998498,
      0.0,
      0.0,
      0.0,
      0.1794440076800103,
      0.0,
      0.0,
      0.0,
      -0.2607336740527623,
      0.0,
      0.0,
      0.0
    ],
    [
      0.0,
      -0.0031033607028769523,
      0.0,
      0.0,
      0.0,
      -0.006002273653335641,
      0.0,
      0.0,
      0.0,
      0.007476833653337414,
      0.0,
      0.0,
      0.0,
      -0.010863903085537072,
      0.0,
      0.0
    ],
    [
      0.0,
      0.0,
      -0.0031033607028769523,
      0.0,
      0.0,
      0.0,
      -0.0060022736533356415,
      0.0,
      0.0,
      0.0,
      0.007476833653337414,
      0.0,
      0.0,
      0.0,
      -0.010863903085537073,
      0.0
    ],
    [
      0.0,
      0.0,
      0.0,
      -0.0001293066959532695,
      0.0,
      0.0,
      0.0,
      -0.00025009473555577397,
      0.0,
      0.0,
      0.0,
      0.0003115347355558778,
      0.0,
      0.0,
      0.0,
      -0.00045266262856426585
    ],
    [
      0.14405456767998498,
      0.0,
      0.0,
      0.0,
      0.26073367405276243,
      0.0,
      0.0,
      0.0,
      -0.2607336740527623,
      0.0,
      0.0,
      0.0,
      0.4980609588578429,
      0.0,
      0.0,
      0.0
    ],
    [
      0.0,
      0.006002273653335641,
      0.0,
      0.0,
      0.0,
      0.010863903085537077,
      0.0,
      0.0,
      0.0,
      -0.010863903085537072,
      0.0,
      0.0,
      0.0,
      0.020752539952420258,
      0.0,
      0.0
    ],
    [
      0.0,
      0.0,
      0.0060022736533356415,
      0.0,
      0.0,
      0.0,
      0.010863903085537079,
      0.0,
      0.0,
      0.0,
      -0.010863903085537073,
      0.0,
      0.0,
      0.0,
      0.020752539952420258,
      0.0
    ],
    [
      0.0,
      0.0,
      0.0,
      0.00025009473555577397,
      0.0,
      0.0,
      0.0,
      0.00045266262856426606,
      0.0,
      0.0,
      0.0,
      -0.00045266262856426585,
      0.0,
      0.0,
      0.0,
      0.0008646891646845998
    ]
  ],