{
  "config": {
    "symbols": [
      "H",
      "H"
    ],
    "geometry": [
      [
        0.0,
        0.0,
        0.0
      ],
      [
        0.0,
        0.0,
        0.7414
      ]
    ],
    "basis": "STO-3G",
    "ansatz": "RY-CZ",
    "optimizer": {
      "name": "Adam",
      "stepsize": 0.1,
      "iterations_planned": 50
    },
    "seed": 4,
    "noisy": true,
    "depolarizing_prob": 0.04,
    "amplitude_damping_prob": 0.0
  },
  "energies": [
    1.266639948578425,
    1.266639948578425,
    1.2590723157525967,
    1.2439419486699603,
    1.218298553667154,
    1.1824344599831111,
    1.1369774201214962,
    1.0809381071869681,
    1.0137206848524756,
    0.9357863614585353,
    0.8479803324981785,
    0.7515524358707791,
    0.6482334405902823,
    0.5402539400643589,
    0.4300697985735669,
    0.31921389939427613,
    0.20757338656902521,
    0.09571383894092805,
    -0.0143283776892906,
    -0.11990755080188076,
    -0.21844540728072814,
    -0.30837504931960985,
    -0.3900949754163827,
    -0.46465619324354734,
    -0.5317678488414721,
    -0.5902037820025977,
    -0.6390112601300573,
    -0.6785758056927081,
    -0.7106531586771515,
    -0.7366992750187619,
    -0.7569352097155162,
    -0.7711298299763618,
    -0.7796544321470587,
    -0.7838415774965838,
    -0.7851957476658449,
    -0.7844653845460959,
    -0.781778271154641,
    -0.7773479984316921,
    -0.7718915537344179,
    -0.7663716721287858,
    -0.7614055833029094,
    -0.757093849547628,
    -0.753358817708282,
    -0.7503120838786961,
    -0.7482741003227967,
    -0.7474717343885158,
    -0.7478152320230808,
    -0.7490106634332974,
    -0.7508295644306653,
    -0.7532268317833903,
    -0.7562031626136625
  ],
  "final_params": [
    3.41648925780145,
    3.4174654686928125,
    0.014718084248119646,
    -0.011827275361909553
  ],
  "final_state_real": [
    [
      0.0018760141160765844,
      -1.0790204128498406e-05,
      -2.338325082148683e-06,
      -1.3449327466398192e-08,
      0.0009640424783152288,
      -5.544881980585689e-06,
      -6.900182860924045e-06,
      -3.96877318654596e-08,
      0.0009445661503346216,
      -5.432827763735446e-06,
      -3.8823069854846e-05,
      -2.2329837015171486e-07,
      -0.015692433773572528,
      9.025815274725326e-05,
      0.00011231938945244724,
      6.460266201240791e-07
    ],
    [
      -1.0790204128498406e-05,
      5.146320553389994e-05,
      1.3449327466398185e-08,
      -6.39819864525752e-08,
      -5.544881980585689e-06,
      2.644581177710156e-05,
      3.968773186545958e-08,
      -1.8880497399542574e-07,
      -5.432827763735449e-06,
      2.5911533137446205e-05,
      2.2329837015171486e-07,
      -1.0622890497405155e-06,
      9.025815274725326e-05,
      -0.0004304780746028823,
      -6.460266201240791e-07,
      3.0733184659270765e-06
    ],
    [
      -2.3383250821486838e-06,
      1.3449327466398192e-08,
      5.1499170755546926e-05,
      -2.950380986773793e-07,
      6.900182860924038e-06,
      -3.968773186545958e-08,
      2.6359951717237397e-05,
      -1.5221464566308222e-07,
      -3.882306985484599e-05,
      2.2329837015171486e-07,
      2.5929641493170136e-05,
      -1.485505885491757e-07,
      -0.00011231938945244724,
      6.460266201240791e-07,
      -0.0004290804667862976,
      2.4777105782829184e-06
    ],
    [
      -1.3449327466398192e-08,
      -6.398198645257522e-08,
      -2.950380986773793e-07,
      1.412735856679411e-06,
      3.968773186545956e-08,
      1.8880497399542553e-07,
      -1.5221464566308222e-07,
      7.231116234481936e-07,
      -2.2329837015171486e-07,
      -1.0622890497405155e-06,
      -1.4855058854917572e-07,
      7.113072647737368e-07,
      -6.460266201240791e-07,
      -3.0733184659270765e-06,
      2.4777105782829184e-06,
      -1.1770623719498446e-05
    ],
    [
      0.0009640424783152284,
      -5.544881980585686e-06,
      6.9001828609240415e-06,
      3.9687731865459595e-08,
      0.04022065476160798,
      -0.00023133571935334785,
      -0.0002875767026018981,
      -1.6540528408675741e-06,
      0.015692433773572528,
      -9.025815274725326e-05,
      0.00011231938945244724,
      6.460266201240791e-07,
      0.11616657622856884,
      -0.0006681511933590687,
      -0.0008323441044693109,
      -4.787387566936214e-06
    ],
    [
      -5.544881980585687e-06,
      2.6445811777101545e-05,
      -3.968773186545957e-08,
      1.8880497399542564e-07,
      -0.0002313357193533478,
      0.0011033412835045873,
      1.6540528408675743e-06,
      -7.868764198108595e-06,
      -9.025815274725326e-05,
      0.0004304780746028823,
      -6.460266201240791e-07,
      3.0733184659270765e-06,
      -0.0006681511933590688,
      0.0031867054396813727,
      4.787387566936214e-06,
      -2.2774861212667792e-05
    ],
    [
      -6.900182860924036e-06,
      3.968773186545957e-08,
      2.635995171723739e-05,
      -1.5221464566308214e-07,
      -0.0002875767026018981,
      1.6540528408675741e-06,
      0.0011041123570007256,
      -6.325445745174591e-06,
      -0.00011231938945244724,
      6.460266201240791e-07,
      0.0004290804667862976,
      -2.4777105782829184e-06,
      -0.0008323441044693109,
      4.787387566936214e-06,
      0.0031889324787138774,
      -1.826935388525543e-05
    ],
    [
      -3.968773186545955e-08,
      -1.8880497399542548e-07,
      -1.5221464566308217e-07,
      7.231116234481934e-07,
      -1.6540528408675743e-06,
      -7.868764198108595e-06,
      -6.325445745174591e-06,
      3.0288237531858446e-05,
      -6.460266201240791e-07,
      -3.0733184659270765e-06,
      -2.4777105782829184e-06,
      1.1770623719498446e-05,
      -4.787387566936214e-06,
      -2.2774861212667792e-05,
      -1.8269353885255437e-05,
      8.747945240891875e-05
    ],
    [
      0.0009445661503346216,
      -5.432827763735446e-06,
      -3.8823069854846e-05,
      -2.2329837015171486e-07,
      0.015692433773572528,
      -9.025815274725326e-05,
      -0.00011231938945244724,
      -6.460266201240791e-07,
      0.040339678312042555,
      -0.0002320203029043359,
      -5.0280688612370494e-05,
      -2.8919907310850555e-07,
      0.11658447089500573,
      -0.0006705587631486651,
      -0.000834459254664264,
      -4.799553261017723e-06
    ],
    [
      -5.432827763735449e-06,
      2.5911533137446205e-05,
      2.2329837015171486e-07,
      -1.0622890497405155e-06,
      -9.025815274725326e-05,
      0.0004304780746028823,
      6.460266201240791e-07,
      -3.0733184659270765e-06,
      -0.0002320203029043359,
      0.001106606362048985,
      2.8919907310850566e-07,
      -1.3757960183477534e-06,
      -0.0006705587631486652,
      0.0031981692122223485,
      4.799553261017722e-06,
      -2.2832736617653963e-05
    ],
    [
      -3.882306985484599e-05,
      2.2329837015171486e-07,
      2.5929641493170136e-05,
      -1.485505885491757e-07,
      0.00011231938945244724,
      -6.460266201240791e-07,
      0.0004290804667862976,
      -2.4777105782829184e-06,
      -5.028068861237052e-05,
      2.8919907310850566e-07,
      0.0011073797173554447,
      -6.3441644113707115e-06,
      0.0008344592546642638,
      -4.799553261017722e-06,
      0.0031877859045617053,
      -1.8407761407063794e-05
    ],
    [
      -2.2329837015171486e-07,
      -1.0622890497405155e-06,
      -1.4855058854917572e-07,
      7.113072647737368e-07,
      6.460266201240791e-07,
      3.0733184659270765e-06,
      -2.4777105782829184e-06,
      1.1770623719498446e-05,
      -2.8919907310850576e-07,
      -1.3757960183477542e-06,
      -6.3441644113707115e-06,
      3.0377868433911514e-05,
      4.79955326101772e-06,
      2.2832736617653956e-05,
      -1.84077614070638e-05,
      8.744799935067818e-05
    ],
    [
      -0.015692433773572528,
      9.025815274725326e-05,
      -0.00011231938945244724,
      -6.460266201240791e-07,
      0.11616657622856884,
      -0.0006681511933590687,
      -0.0008323441044693109,
      -4.787387566936214e-06,
