{
  "config": {
    "symbols": [
      "H",
      "H"
    ],
    "geometry": [
      [
        0.0,
        0.0,
        0.0
      ],
      [
        0.0,
        0.0,
        0.7414
      ]
    ],
    "basis": "STO-3G",
    "ansatz": "TwoQubit-RY-CNOT",
    "optimizer": {
      "name": "Nesterov",
      "stepsize": 0.1,
      "iterations_planned": 50
    },
    "seed": 3,
    "noisy": true,
    "depolarizing_prob": 0.02,
    "amplitude_damping_prob": 0.0
  },
  "energies": [
    1.3070019654166174,
    1.3070019654166174,
    1.3070016548434134,
    1.3070009589289207,
    1.3069994438386159,
    1.3069961623250312,
    1.3069890592905982,
    1.3069736825036757,
    1.3069403897511158,
    1.3068683012797093,
    1.3067122078223474,
    1.306374240533012,
    1.305642623566669,
    1.3040595201807599,
    1.3006370998251282,
    1.2932531728848966,
    1.2773909993861978,
    1.243631329122526,
    1.1731913223544057,
    1.0322001580052178,
    0.7727234854378475,
    0.3649513200286105,
    -0.1285125914315831,
    -0.5461545469223458,
    -0.7781649279744886,
    -0.8367530854011165,
    -0.7816679229017118,
    -0.676571473225922,
    -0.5779782559551303,
    -0.5223372818128932,
    -0.5210319166773709,
    -0.5657109769362978,
    -0.636859101251054,
    -0.7124513276729938,
    -0.7752142910043225,
    -0.8162956028390176,
    -0.8348925242777802,
    -0.8356972553725552,
    -0.826009841034076,
    -0.8132578899497377,
    -0.8031706110549562,
    -0.7988308389637799,
    -0.8006700523286984,
    -0.8071799310095427,
    -0.8159373018965734,
    -0.8245566247752161,
    -0.8313270691698262,
    -0.8354642108379308,
    -0.837038377421047,
    -0.8367048194159625,
    -0.8353666589693856
  ],
  "final_params": [
    3.2058612928731196
  ],
  "final_state_real": [
    [
      0.0002001345343944676,
      0.0,
      0.0,
      0.0,
      -0.00037429639458186716,
      0.0,
      0.0,
      0.0,
      0.00037429639458186716,
      0.0,
      0.0,
      0.0,
      0.0009510520748665364,
      0.0,
      0.0,
      0.0
    ],
    [
      0.0,
      2.704520735064401e-06,
      0.0,
      0.0,
      0.0,
      -5.058059386248981e-06,
      0.0,
      0.0,
      0.0,
      5.058059386248981e-06,
      0.0,
      0.0,
      0.0,
      1.2852055065783147e-05,
      0.0,
      0.0
    ],
    [
      0.0,
      0.0,
      2.7045207350644017e-06,
      0.0,
      0.0,
      0.0,
      -5.058059386248982e-06,
      0.0,
      0.0,
      0.0,
      5.058059386248982e-06,
      0.0,
      0.0,
      0.0,
      1.285205506578315e-05,
      0.0
    ],
    [
      0.0,
      0.0,
      0.0,
      3.654757750092472e-08,
      0.0,
      0.0,
      0.0,
      -6.835215386833127e-08,
      0.0,
      0.0,
      0.0,
      6.835215386833127e-08,
      0.0,
      0.0,
      0.0,
      1.7367641980813906e-07
    ],
    [
      -0.00037429639458186716,
      0.0,
      0.0,
      0.0,
      0.013758131581068945,
      0.0,
      0.0,
      0.0,
      -0.0009510520748665362,
      0.0,
      0.0,
      0.0,
      0.029990828331636535,
      0.0,
      0.0,
      0.0
    ],
    [
      0.0,
      -5.058059386248981e-06,
      0.0,
      0.0,
      0.0,
      0.00018592069704174917,
      0.0,
      0.0,
      0.0,
      -1.2852055065783146e-05,
      0.0,
      0.0,
      0.0,
      0.0004052814639416379,
      0.0,
      0.0
    ],
    [
      0.0,
      0.0,
      -5.058059386248982e-06,
      0.0,
      0.0,
      0.0,
      0.00018592069704174914,
      0.0,
      0.0,
      0.0,
      -1.2852055065783147e-05,
      0.0,
      0.0,
      0.0,
      0.0004052814639416379,
      0.0
    ],
    [
      0.0,
      0.0,
      0.0,
      -6.835215386833127e-08,
      0.0,
      0.0,
      0.0,
      2.5124418519192706e-06,
      0.0,
      0.0,
      0.0,
      -1.73676419808139e-07,
      0.0,
      0.0,
      0.0,
      5.476776539760021e-06
    ],
    [
      0.00037429639458186716,
      0.0,
      0.0,
      0.0,
      -0.0009510520748665364,
      0.0,
      0.0,
      0.0,
      0.013758131581068941,
      0.0,
      0.0,
      0.0,
      -0.029990828331636535,
      0.0,
      0.0,
      0.0
    ],
    [
      0.0,
      5.058059386248981e-06,
      0.0,
      0.0,
      0.0,
      -1.2852055065783147e-05,
      0.0,
      0.0,
      0.0,
      0.00018592069704174914,
      0.0,
      0.0,
      0.0,
      -0.0004052814639416379,
      0.0,
      0.0
    ],
    [
      0.0,
      0.0,
      5.058059386248982e-06,
      0.0,
      0.0,
      0.0,
      -1.285205506578315e-05,
      0.0,
      0.0,
      0.0,
      0.00018592069704174912,
      0.0,
      0.0,
      0.0,
      -0.0004052814639416379,
      0.0
    ],
    [
      0.0,
      0.0,
      0.0,
      6.835215386833127e-08,
      0.0,
      0.0,
      0.0,
      -1.7367641980813906e-07,
      0.0,
      0.0,
      0.0,
      2.51244185191927e-06,
      0.0,
      0.0,
      0.0,
      -5.476776539760021e-06
    ],
    [
      0.0009510520748665362,
      0.0,
      0.0,
      0.0,
      0.029990828331636535,
      0.0,
      0.0,
      0.0,
      -0.029990828331636535,
      0.0,
      0.0,
      0.0,
      0.9457947134147336,
      0.0,
      0.0,
      0.0
    ],
    [
      0.0,
      1.2852055065783146e-05,
      0.0,
      0.0,
      0.0,
      0.0004052814639416379,
      0.0,
      0.0,
      0.0,
      -0.0004052814639416379,
      0.0,
      0.0,
      0.0,
      0.01278100964075868,
      0.0,
      0.0
    ],
    [
      0.0,
      0.0,
      1.2852055065783147e-05,
      0.0,
      0.0,
      0.0,
      0.0004052814639416379,
      0.0,
      0.0,
      0.0,
      -0.0004052814639416379,
      0.0,
      0.0,
      0.0,
      0.01278100964075868,
      0.0
    ],
    [
      0.0,
      0.0,
      0.0,
      1.73676419808139e-07,
      0.0,
      0.0,
      0.0,
      5.476776539760021e-06,
      0.0,
      0.0,
      0.0,
      -5.476776539760021e-06,
      0.0,
      0.0,
      0.0,
      0.0001727163464969961
    ]
  ],