{
  "config": {
    "symbols": [
      "H",
      "H"
    ],
    "geometry": [
      [
        0.0,
        0.0,
        0.0
      ],
      [
        0.0,
        0.0,
        0.7414
      ]
    ],
    "basis": "STO-3G",
    "ansatz": "RY-CZ",
    "optimizer": {
      "name": "Adam",
      "stepsize": 0.1,
      "iterations_planned": 50
    },
    "seed": 4,
    "noisy": true,
    "depolarizing_prob": 0.06,
    "amplitude_damping_prob": 0.0
  },
  "energies": [
    1.2276834978499065,
    1.2276834978499065,
    1.2197742555341637,
    1.204213273017775,
    1.1789297326196393,
    1.1433107124034478,
    1.0968710671322623,
    1.0398073415938858,
    0.9727834617188342,
    0.8969860938764928,
    0.8134271569255607,
    0.7219704166330928,
    0.6236319728569122,
    0.5204453342298719,
    0.4146373730734349,
    0.30740308972765856,
    0.19940212352941444,
    0.09261529062925714,
    -0.010545453872755045,
    -0.1087179956940971,
    -0.20163864981076726,
    -0.2881422127585209,
    -0.36666563703128174,
    -0.436805407538954,
    -0.4990780477602035,
    -0.5532288204453226,
    -0.5988535107576203,
    -0.6365986765920403,
    -0.667420110330999,
    -0.6915614530606164,
    -0.7093955866219708,
    -0.7219861955852148,
    -0.7302047127029248,
    -0.7344619418581283,
    -0.7354491493880853,
    -0.7341235064035753,
    -0.7310887599518194,
    -0.7267595306784713,
    -0.7217692636649555,
    -0.7167071889141995,
    -0.7118586878269638,
    -0.7074726652235638,
    -0.7038748733584906,
    -0.7012291069003457,
    -0.6995311323085771,
    -0.6988061954878023,
    -0.6990643939876595,
    -0.7001880621594637,
    -0.7020284863165366,
    -0.7044772074768234,
    -0.7073891778104967
  ],
  "final_params": [
    3.4151737033576093,
    -3.414028468558174,
    -0.007022680582212462,
    -0.0009251264140439034
  ],
  "final_state_real": [
    [
      0.0029980831762395086,
      -1.3290182292968942e-06,
      3.818161032981607e-06,
      1.6925517476328217e-09,
      -0.0024416517979262754,
      1.0823603704621857e-06,
      -8.216280246353368e-06,
      -3.6421930269260623e-09,
      0.0024693455186806743,
      -1.0946344767110746e-06,
      2.195601075132043e-05,
      9.73287507970108e-09,
      0.01417704923387767,
      -6.284547319102954e-06,
      4.770647873329779e-05,
      2.1147794253820883e-08
    ],
    [
      -1.3290182292968946e-06,
      0.00012492077271380079,
      -1.6925517476328221e-09,
      1.590892275074152e-07,
      1.082360370462186e-06,
      -0.0001017360131007335,
      3.6421930269260623e-09,
      -3.4234325532259174e-07,
      -1.0946344767110748e-06,
      0.00010288992404736004,
      -9.73287507970108e-09,
      9.148290916489735e-07,
      -6.284547319102954e-06,
      0.0005907134128676741,
      -2.1147794253820883e-08,
      1.9877597574381408e-06
    ],
    [
      3.818161032981607e-06,
      -1.6925517476328217e-09,
      0.00012495703335098067,
      -5.535940171497344e-08,
      8.216280246353368e-06,
      -3.6421930269260623e-09,
      -0.00010170543921056487,
      4.511167067728425e-08,
      2.1956010751320435e-05,
      -9.732875079701082e-09,
      0.0001029197898104697,
      -4.559629686898061e-08,
      -4.770647873329779e-05,
      2.1147794253820883e-08,
      0.000590535890607309,
      -2.61933489761936e-07
    ],
    [
      1.6925517476328221e-09,
      1.590892275074152e-07,
      -5.535940171497344e-08,
      5.206569746276331e-06,
      3.6421930269260623e-09,
      3.4234325532259174e-07,
      4.5111670677284264e-08,
      -4.237748357374218e-06,
      9.732875079701082e-09,
      9.148290916489738e-07,
      -4.5596296868980625e-08,
      4.288346558414076e-06,
      -2.1147794253820883e-08,
      -1.9877597574381408e-06,
      -2.61933489761936e-07,
      2.4605788243149215e-05
    ],
    [
      -0.0024416517979262754,
      1.0823603704621857e-06,
      8.216280246353368e-06,
      3.6421930269260623e-09,
      0.049631658929148476,
      -2.2001183953081498e-05,
      0.0001667515674999926,
      7.391926494316211e-08,
      -0.01417704923387767,
      6.2845473191029526e-06,
      4.7706478733297776e-05,
      2.1147794253820876e-08,
      0.10784438696592515,
      -4.780626412934878e-05,
      0.0003634699816504351,
      1.6112252661436582e-07
    ],
    [
      1.082360370462186e-06,
      -0.0001017360131007335,
      -3.6421930269260623e-09,
      3.4234325532259174e-07,
      -2.2001183953081498e-05,
      0.002067996389704478,
      -7.391926494316211e-08,
      6.94794636215445e-06,
      6.2845473191029526e-06,
      -0.0005907134128676741,
      -2.1147794253820876e-08,
      1.98775975743814e-06,
      -4.7806264129348794e-05,
      0.004493539158419024,
      -1.6112252661436582e-07,
      1.5144504934027662e-05
    ],
    [
      -8.216280246353368e-06,
      3.6421930269260623e-09,
      -0.00010170543921056487,
      4.511167067728425e-08,
      0.0001667515674999926,
      -7.391926494316211e-08,
      0.002068596665104216,
      -9.164452027930603e-07,
      -4.7706478733297776e-05,
      2.1147794253820876e-08,
      -0.000590535890607309,
      2.619334897619359e-07,
      0.00036346998165043515,
      -1.6112252661436582e-07,
      0.004494843493875305,
      -1.991339262388347e-06
    ],
    [
      -3.6421930269260623e-09,
      -3.4234325532259174e-07,
      4.5111670677284264e-08,
      -4.237748357374218e-06,
      7.391926494316211e-08,
      6.94794636215445e-06,
      -9.164452027930603e-07,
      8.619196955106967e-05,
      -2.1147794253820876e-08,
      -1.98775975743814e-06,
      2.619334897619359e-07,
      -2.4605788243149215e-05,
      1.6112252661436582e-07,
      1.5144504934027662e-05,
      -1.9913392623883475e-06,
      0.00018728610564660553
    ],
    [
      0.0024693455186806743,
      -1.0946344767110746e-06,
      2.195601075132043e-05,
      9.73287507970108e-09,
      -0.01417704923387767,
      6.284547319102954e-06,
      -4.770647873329779e-05,
      -2.1147794253820883e-08,
      0.04950075361976753,
      -2.1943155028514697e-05,
      6.304089562027574e-05,
      2.7945384475079048e-08,
      -0.10738646752413784,
      4.7603371156676646e-05,
      -0.00036136082654930727,
      -1.601875597228163e-07
    ],
    [
      -1.0946344767110748e-06,
      0.00010288992404736004,
      -9.73287507970108e-09,
      9.148290916489735e-07,
      6.284547319102954e-06,
      -0.0005907134128676741,
      2.1147794253820883e-08,
      -1.9877597574381408e-06,
      -2.1943155028514697e-05,
      0.0020625419738531073,
      -2.7945384475079055e-08,
      2.6266905190673702e-06,
      4.760337115667666e-05,
      -0.00447445908386936,
      1.601875597228163e-07,
      -1.5056623921981997e-05
    ],
    [
      2.1956010751320435e-05,
      -9.732875079701082e-09,
      0.0001029197898104697,
      -4.559629686898061e-08,
      4.770647873329779e-05,
      -2.1147794253820883e-08,
      -0.000590535890607309,
      2.61933489761936e-07,
      6.304089562027573e-05,
      -2.7945384475079038e-08,
      0.0020631406660046,
      -9.140280451684569e-07,
      0.00036136082654930727,
      -1.601875597228163e-07,
      -0.004473114411354439,
      1.98405971001278e-06
    ],
    [
      9.732875079701082e-09,
      9.148290916489738e-07,
      -4.5596296868980625e-08,
      4.288346558414076e-06,
      2.1147794253820883e-08,
      1.9877597574381408e-06,
      2.61933489761936e-07,
      -2.4605788243149215e-05,
      2.7945384475079045e-08,
      2.62669051906737e-06,
      -9.140280451684569e-07,
      8.596463508988749e-05,
      1.601875597228163e-07,
      1.5056623921981997e-05,
      1.9840597100127804e-06,
      -0.0001863807225670496
    ],
    [
      0.01417704923387767,
      -6.2845473191029526e-06,
      -4.7706478733297776e-05,
      -2.1147794253820876e-08,
      0.10784438696592515,
      -4.780626412934878e-05,
      0.0003634699816504351,
      1.6112252661436582e-07,
      -0.10738646752413784,
