{
  "config": {
    "symbols": [
      "H",
      "H"
    ],
    "geometry": [
      [
        0.0,
        0.0,
        0.0
      ],
      [
        0.0,
        0.0,
        0.7414
      ]
    ],
    "basis": "STO-3G",
    "ansatz": "RY-CZ",
    "optimizer": {
      "name": "Momentum",
      "stepsize": 0.1,
      "iterations_planned": 50
    },
    "seed": 0,
    "noisy": true,
    "depolarizing_prob": 0.0,
    "amplitude_damping_prob": 0.0
  },
  "energies": [
    1.348787344350273,
    1.348787344350273,
    1.3487861651623207,
    1.348783602674238,
    1.34877911617633,
    1.3487717346927313,
    1.3487598575325974,
    1.3487409116005138,
    1.3487107939744165,
    1.3486629799583025,
    1.3485871034529429,
    1.3484667015820684,
    1.3482756343643583,
    1.3479724045777879,
    1.3474911523838602,
    1.3467273936493351,
    1.3455154710670858,
    1.3435929967666125,
    1.340545018643445,
    1.3357169424183468,
    1.3280802161435887,
    1.3160288790764214,
    1.2970806603657088,
    1.2674607779161884,
    1.2215787035596632,
    1.1515082674539248,
    1.0468170906847656,
    0.8955175256080726,
    0.6873771151383214,
    0.4205366574956624,
    0.1097673541862932,
    -0.2103124286484506,
    -0.4948740392864179,
    -0.708222034198125,
    -0.8367219575198157,
    -0.8861386244589108,
    -0.8719999446119441,
    -0.8135401095790661,
    -0.7316550465674482,
    -0.6469193146280021,
    -0.5765802302637024,
    -0.5321058520824042,
    -0.5184445051198685,
    -0.5347222537544418,
    -0.5756005447722168,
    -0.632851460156191,
    -0.6970513112033093,
    -0.7592746209459693,
    -0.8124862241150921,
    -0.8523166964756219,
    -0.8771445868916403
  ],
  "final_params": [
    -3.1780086017769,
    3.192931039171446,
    -0.000814594669990613,
    0.0007090745333248479
  ],
  "final_state_real": [
    [
      2.1837562825338434e-07,
      7.742230159055193e-11,
      -8.894381632576211e-11,
      3.1533898847895265e-14,
      -8.505435475356256e-06,
      -3.01549397155223e-09,
      -3.4642413936493825e-09,
      1.2282027262235927e-12,
      1.1992080713891601e-05,
      4.251639696037221e-09,
      -4.8843427863508575e-09,
      1.7316816134706745e-12,
      0.00046707533057058274,
      1.6559561796421295e-07,
      1.9023854790307591e-07,
      -6.744665761332426e-11
    ],
    [
      7.742230159055194e-11,
      2.744909670222791e-14,
      -3.1533898847895265e-14,
      1.1179940994293306e-17,
      -3.0154939715522305e-09,
      -1.0691052052141965e-12,
      -1.2282027262235927e-12,
      4.3544358642243925e-16,
      4.251639696037221e-09,
      1.5073650196650599e-12,
      -1.7316816134706745e-12,
      6.139455940062721e-16,
      1.6559561796421295e-07,
      5.870982956569143e-11,
      6.744665761332426e-11,
      -2.3912350832875155e-14
    ],
    [
      -8.894381632576211e-11,
      -3.1533898847895265e-14,
      3.6226585727828444e-14,
      -1.2843672125699776e-17,
      3.4642413936493825e-09,
      1.2282027262235927e-12,
      1.4109761953279619e-12,
      -5.002437851967286e-16,
      -4.8843427863508575e-09,
      -1.7316816134706745e-12,
      1.9893801497516643e-12,
      -7.053092601315239e-16,
      -1.902385479030759e-07,
      -6.744665761332424e-11,
      -7.7483648517412e-11,
      2.74708487312174e-14
    ],
    [
      3.1533898847895265e-14,
      1.1179940994293306e-17,
      -1.2843672125699776e-17,
      4.553562422638631e-21,
      -1.2282027262235927e-12,
      -4.3544358642243925e-16,
      -5.002437851967286e-16,
      1.7735505715482069e-19,
      1.7316816134706745e-12,
      6.139455940062721e-16,
      -7.053092601315238e-16,
      2.500585277980981e-19,
      6.744665761332426e-11,
      2.3912350832875155e-14,
      2.74708487312174e-14,
      -9.739439231414875e-18
    ],
    [
      -8.505435475356256e-06,
      -3.01549397155223e-09,
      3.4642413936493825e-09,
      -1.2282027262235927e-12,
      0.00033127521250211553,
      1.1744941327451209e-07,
      1.349275186632059e-07,
      -4.783683566870585e-11,
      -0.0004670753305705827,
      -1.6559561796421295e-07,
      1.902385479030759e-07,
      -6.744665761332424e-11,
      -0.018191952641294723,
      -6.449725434933137e-06,
      -7.409534238885367e-06,
      2.62695612636257e-09
    ],
    [
      -3.0154939715522305e-09,
      -1.0691052052141965e-12,
      1.2282027262235927e-12,
      -4.3544358642243925e-16,
      1.174494132745121e-07,
      4.164020232363423e-11,
      4.783683566870585e-11,
      -1.6959938975815326e-14,
      -1.6559561796421292e-07,
      -5.870982956569143e-11,
      6.744665761332426e-11,
      -2.3912350832875155e-14,
      -6.449725434933137e-06,
      -2.2866684860722776e-09,
      -2.62695612636257e-09,
      9.313537355147302e-13
    ],
    [
      -3.4642413936493825e-09,
      -1.2282027262235927e-12,
      1.4109761953279619e-12,
      -5.002437851967286e-16,
      1.3492751866320586e-07,
      4.7836835668705843e-11,
      5.4955628433442104e-11,
      -1.948381441088193e-14,
      -1.902385479030759e-07,
      -6.744665761332424e-11,
      7.7483648517412e-11,
      -2.74708487312174e-14,
      -7.409534238885367e-06,
      -2.62695612636257e-09,
      -3.0178840797736523e-09,
      1.0699521595877817e-12
    ],
    [
      1.2282027262235927e-12,
      4.3544358642243925e-16,
      -5.002437851967286e-16,
      1.7735505715482069e-19,
      -4.7836835668705843e-11,
      -1.6959938975815323e-14,
      -1.948381441088193e-14,
      6.9077413595391886e-18,
      6.744665761332426e-11,
      2.3912350832875155e-14,
      -2.74708487312174e-14,
      9.739439231414875e-18,
      2.62695612636257e-09,
      9.313537355147302e-13,
      1.069952159587782e-12,
      -3.793380818380646e-16
    ],
    [
      1.1992080713891601e-05,
      4.251639696037221e-09,
      -4.8843427863508575e-09,
      1.7316816134706745e-12,
      -0.00046707533057058274,
      -1.6559561796421295e-07,
      -1.9023854790307591e-07,
      6.744665761332426e-11,
      0.000658544183881276,
      2.334784647121895e-07,
      -2.682233058790401e-07,
      9.509516170589452e-11,
      0.025649405611269247,
      9.093670537949812e-06,
      1.0446935127368059e-05,
      -3.703827980242966e-09
    ],
    [
      4.251639696037221e-09,
      1.5073650196650599e-12,
      -1.7316816134706745e-12,
      6.139455940062721e-16,
      -1.6559561796421295e-07,
      -5.870982956569143e-11,
      -6.744665761332426e-11,
      2.3912350832875155e-14,
      2.3347846471218947e-07,
      8.277683334274157e-11,
      -9.509516170589451e-11,
      3.371477475217567e-14,
      9.093670537949814e-06,
      3.2240457445254562e-09,
      3.7038279802429662e-09,
      -1.3131448943838023e-12
    ],
    [
      -4.8843427863508575e-09,
      -1.7316816134706745e-12,
      1.9893801497516643e-12,
      -7.053092601315239e-16,
      1.902385479030759e-07,
      6.744665761332424e-11,
      7.7483648517412e-11,
      -2.74708487312174e-14,
      -2.682233058790401e-07,
      -9.509516170589452e-11,
      1.0924665689000991e-10,
      -3.8732003409481005e-14,
      -1.0446935127368059e-05,
      -3.703827980242966e-09,
      -4.255008558547263e-09,
      1.5085595309263223e-12
    ],
    [
      1.7316816134706745e-12,
      6.139455940062721e-16,
      -7.053092601315238e-16,
      2.500585277980981e-19,
      -6.744665761332426e-11,
      -2.3912350832875155e-14,
      -2.74708487312174e-14,
      9.739439231414875e-18,
      9.509516170589451e-11,
      3.371477475217567e-14,
      -3.8732003409481005e-14,
      1.373194469251641e-17,
      3.7038279802429662e-09,
      1.3131448943838023e-12,
      1.5085595309263225e-12,
      -5.348405512397696e-16
    ],
    [
      0.0004670753305705827,
      1.6559561796421295e-07,
      -1.902385479030759e-07,
      6.744665761332424e-11,
      -0.018191952641294723,
      -6.449725434933137e-06,
      -7.409534238885367e-06,
      2.62695612636257e-09,
