{
  "config": {
    "symbols": [
      "H",
      "H"
    ],
    "geometry": [
      [
        0.0,
        0.0,
        0.0
      ],
      [
        0.0,
        0.0,
        0.7414
      ]
    ],
    "basis": "STO-3G",
    "ansatz": "TwoQubit-RY-CNOT",
    "optimizer": {
      "name": "GradientDescent",
      "stepsize": 0.1,
      "iterations_planned": 50
    },
    "seed": 8,
    "noisy": true,
    "depolarizing_prob": 0.08,
    "amplitude_damping_prob": 0.0
  },
  "energies": [
    1.1903163599356585,
    1.1903163599356585,
    1.1903147622634882,
    1.1903127465372685,
    1.1903102033673094,
    1.1903069947410367,
    1.1903029465337753,
    1.1902978390767807,
    1.1902913952049412,
    1.1902832652473756,
    1.1902730080592492,
    1.19026006707454,
    1.1902437401440231,
    1.1902231414476554,
    1.1901971534923816,
    1.1901643665008703,
    1.1901230021048304,
    1.1900708170033865,
    1.1900049815586613,
    1.1899219267498595,
    1.1898171513834306,
    1.1896849791067972,
    1.1895182525474126,
    1.1893079482562856,
    1.1890426925611797,
    1.188708152782291,
    1.1882862731656383,
    1.1877543169851577,
    1.1870836671420804,
    1.1862383282673314,
    1.1851730602536557,
    1.1838310617680998,
    1.1821411060859892,
    1.180014021813719,
    1.177338398876409,
    1.1739754014303276,
    1.1697525796239188,
    1.1644566169267654,
    1.157825028431878,
    1.1495369815579837,
    1.1392036566612003,
    1.1263589584834406,
    1.1104519622059537,
    1.0908432452002967,
    1.066808226283112,
    1.0375516613515285,
    1.0022382504048426,
    0.9600443578379376,
    0.9102343386650908,
    0.8522609641727383,
    0.7858824369812547
  ],
  "final_params": [
    0.938081575207388
  ],
  "final_state_real": [
    [
      0.5232736346880104,
      0.0,
      0.0,
      0.0,
      -0.23963021259735504,
      0.0,
      0.0,
      0.0,
      0.23963021259735492,
      0.0,
      0.0,
      0.0,
      0.11627581344413798,
      0.0,
      0.0,
      0.0
    ],
    [
      0.0,
      0.029480204771166217,
      0.0,
      0.0,
      0.0,
      -0.013500293667461524,
      0.0,
      0.0,
      0.0,
      0.013500293667461518,
      0.0,
      0.0,
      0.0,
      0.006550750053193251,
      0.0,
      0.0
    ],
    [
      0.0,
      0.0,
      0.02948020477116622,
      0.0,
      0.0,
      0.0,
      -0.013500293667461522,
      0.0,
      0.0,
      0.0,
      0.013500293667461515,
      0.0,
      0.0,
      0.0,
      0.006550750053193251,
      0.0
    ],
    [
      0.0,
      0.0,
      0.0,
      0.0016608566068268688,
      0.0,
      0.0,
      0.0,
      -0.0007605799249276858,
      0.0,
      0.0,
      0.0,
      0.0007605799249276856,
      0.0,
      0.0,
      0.0,
      0.00036905634102510587
    ],
    [
      -0.2396302125973551,
      0.0,
      0.0,
      0.0,
      0.1615228336910724,
      0.0,
      0.0,
      0.0,
      -0.11627581344413798,
      0.0,
      0.0,
      0.0,
      -0.048743267045176696,
      0.0,
      0.0,
      0.0
    ],
    [
      0.0,
      -0.013500293667461527,
      0.0,
      0.0,
      0.0,
      0.00909987795442992,
      0.0,
      0.0,
      0.0,
      -0.006550750053193251,
      0.0,
      0.0,
      0.0,
      -0.0027460995518419377,
      0.0,
      0.0
    ],
    [
      0.0,
      0.0,
      -0.013500293667461524,
      0.0,
      0.0,
      0.0,
      0.009099877954429918,
      0.0,
      0.0,
      0.0,
      -0.006550750053193251,
      0.0,
      0.0,
      0.0,
      -0.002746099551841938,
      0.0
    ],
    [
      0.0,
      0.0,
      0.0,
      -0.000760579924927686,
      0.0,
      0.0,
      0.0,
      0.0005126691805314492,
      0.0,
      0.0,
      0.0,
      -0.00036905634102510587,
      0.0,
      0.0,
      0.0,
      -0.00015470983390664423
    ],
    [
      0.23963021259735492,
      0.0,
      0.0,
      0.0,
      -0.11627581344413798,
      0.0,
      0.0,
      0.0,
      0.1615228336910724,
      0.0,
      0.0,
      0.0,
      0.048743267045176696,
      0.0,
      0.0,
      0.0
    ],
    [
      0.0,
      0.013500293667461518,
      0.0,
      0.0,
      0.0,
      -0.006550750053193251,
      0.0,
      0.0,
      0.0,
      0.00909987795442992,
      0.0,
      0.0,
      0.0,
      0.0027460995518419377,
      0.0,
      0.0
    ],
    [
      0.0,
      0.0,
      0.013500293667461515,
      0.0,
      0.0,
      0.0,
      -0.006550750053193251,
      0.0,
      0.0,
      0.0,
      0.009099877954429918,
      0.0,
      0.0,
      0.0,
      0.002746099551841939,
      0.0
    ],
    [
      0.0,
      0.0,
      0.0,
      0.0007605799249276856,
      0.0,
      0.0,
      0.0,
      -0.00036905634102510587,
      0.0,
      0.0,
      0.0,
      0.0005126691805314492,
      0.0,
      0.0,
      0.0,
      0.00015470983390664426
    ],
    [
      0.11627581344413798,
      0.0,
      0.0,
      0.0,
      -0.048743267045176696,
      0.0,
      0.0,
      0.0,
      0.048743267045176696,
      0.0,
      0.0,
      0.0,
      0.049858475707741594,
      0.0,
      0.0,
      0.0
    ],
    [
      0.0,
      0.006550750053193251,
      0.0,
      0.0,
      0.0,
      -0.0027460995518419377,
      0.0,
      0.0,
      0.0,
      0.0027460995518419377,
      0.0,
      0.0,
      0.0,
      0.0028089282088878706,
      0.0,
      0.0
    ],
    [
      0.0,
      0.0,
      0.006550750053193251,
      0.0,
      0.0,
      0.0,
      -0.002746099551841938,
      0.0,
      0.0,
      0.0,
      0.002746099551841939,
      0.0,
      0.0,
      0.0,
      0.0028089282088878706,
      0.0
    ],
    [
      0.0,
      0.0,
      0.0,
      0.00036905634102510587,
      0.0,
      0.0,
      0.0,
      -0.00015470983390664423,
      0.0,
      0.0,
      0.0,
      0.00015470983390664426,
      0.0,
      0.0,
      0.0,
      0.00015824947655712062
    ]
  ],