{
  "config": {
    "symbols": [
      "H",
      "H"
    ],
    "geometry": [
      [
        0.0,
        0.0,
        0.0
      ],
      [
        0.0,
        0.0,
        0.7414
      ]
    ],
    "basis": "STO-3G",
    "ansatz": "TwoQubit-RY-CNOT",
    "optimizer": {
      "name": "Adam",
      "stepsize": 0.1,
      "iterations_planned": 50
    },
    "seed": 3,
    "noisy": true,
    "depolarizing_prob": 0.04,
    "amplitude_damping_prob": 0.0
  },
  "energies": [
    1.2666522414071386,
    1.2666522414071386,
    1.2595088062032436,
    1.2450851780077574,
    1.2201174791927814,
    1.1843114620966233,
    1.1376003721076056,
    1.0801211145794367,
    1.0122254948529057,
    0.9344905437044204,
    0.847722238203016,
    0.7529508851448224,
    0.651416974837491,
    0.5445466806596271,
    0.4339167396727636,
    0.32120922041668876,
    0.20815762581754615,
    0.0964868131030421,
    -0.012149785002118468,
    -0.11623135216583966,
    -0.21442460143883538,
    -0.30562788916378225,
    -0.38900086382330756,
    -0.46397749305832625,
    -0.5302622717686089,
    -0.5878114635419824,
    -0.636802933858799,
    -0.6775991224489011,
    -0.710707787473687,
    -0.7367443990427067,
    -0.7563987474459481,
    -0.7704068554322726,
    -0.77952801335017,
    -0.784525934360189,
    -0.7861527296796633,
    -0.7851345607590086,
    -0.7821582717830395,
    -0.7778588505540129,
    -0.7728080407992493,
    -0.7675047246356331,
    -0.7623677702528743,
    -0.7577319179737397,
    -0.7538470208639898,
    -0.7508806428311785,
    -0.7489237194842459,
    -0.747998754397985,
    -0.7480698807032624,
    -0.7490540645994084,
    -0.7508327497678382,
    -0.7532633179156695,
    -0.7561898490342287
  ],
  "final_params": [
    -3.418322457284757
  ],
  "final_state_real": [
    [
      0.0018908368906428222,
      0.0,
      0.0,
      0.0,
      0.0009364653978873734,
      0.0,
      0.0,
      0.0,
      -0.0009364653978873726,
      0.0,
      0.0,
      0.0,
      0.015843634114111917,
      0.0,
      0.0,
      0.0
    ],
    [
      0.0,
      5.180375042860876e-05,
      0.0,
      0.0,
      0.0,
      2.5656586243508646e-05,
      0.0,
      0.0,
      0.0,
      -2.5656586243508622e-05,
      0.0,
      0.0,
      0.0,
      0.0004340721675102363,
      0.0,
      0.0
    ],
    [
      0.0,
      0.0,
      5.1803750428608765e-05,
      0.0,
      0.0,
      0.0,
      2.5656586243508646e-05,
      0.0,
      0.0,
      0.0,
      -2.5656586243508622e-05,
      0.0,
      0.0,
      0.0,
      0.00043407216751023623,
      0.0
    ],
    [
      0.0,
      0.0,
      0.0,
      1.4192808336615632e-06,
      0.0,
      0.0,
      0.0,
      7.029201710555508e-07,
      0.0,
      0.0,
      0.0,
      -7.029201710555503e-07,
      0.0,
      0.0,
      0.0,
      1.1892388150974167e-05
    ],
    [
      0.0009364653978873737,
      0.0,
      0.0,
      0.0,
      0.040433350657350646,
      0.0,
      0.0,
      0.0,
      -0.015843634114111917,
      0.0,
      0.0,
      0.0,
      -0.11691726118508096,
      0.0,
      0.0,
      0.0
    ],
    [
      0.0,
      2.5656586243508656e-05,
      0.0,
      0.0,
      0.0,
      0.0011077630317090556,
      0.0,
      0.0,
      0.0,
      -0.0004340721675102363,
      0.0,
      0.0,
      0.0,
      -0.0032032126352100655,
      0.0,
      0.0
    ],
    [
      0.0,
      0.0,
      2.565658624350866e-05,
      0.0,
      0.0,
      0.0,
      0.0011077630317090556,
      0.0,
      0.0,
      0.0,
      -0.00043407216751023623,
      0.0,
      0.0,
      0.0,
      -0.0032032126352100655,
      0.0
    ],
    [
      0.0,
      0.0,
      0.0,
      7.029201710555513e-07,
      0.0,
      0.0,
      0.0,
      3.0349672101640398e-05,
      0.0,
      0.0,
      0.0,
      -1.1892388150974167e-05,
      0.0,
      0.0,
      0.0,
      -8.775925027979271e-05
    ],
    [
      -0.0009364653978873726,
      0.0,
      0.0,
      0.0,
      -0.015843634114111917,
      0.0,
      0.0,
      0.0,
      0.040433350657350646,
      0.0,
      0.0,
      0.0,
      0.11691726118508101,
      0.0,
      0.0,
      0.0
    ],
    [
      0.0,
      -2.5656586243508622e-05,
      0.0,
      0.0,
      0.0,
      -0.0004340721675102363,
      0.0,
      0.0,
      0.0,
      0.0011077630317090556,
      0.0,
      0.0,
      0.0,
      0.003203212635210067,
      0.0,
      0.0
    ],
    [
      0.0,
      0.0,
      -2.5656586243508622e-05,
      0.0,
      0.0,
      0.0,
      -0.00043407216751023623,
      0.0,
      0.0,
      0.0,
      0.0011077630317090556,
      0.0,
      0.0,
      0.0,
      0.0032032126352100673,
      0.0
    ],
    [
      0.0,
      0.0,
      0.0,
      -7.029201710555503e-07,
      0.0,
      0.0,
      0.0,
      -1.1892388150974167e-05,
      0.0,
      0.0,
      0.0,
      3.0349672101640398e-05,
      0.0,
      0.0,
      0.0,
      8.775925027979275e-05
    ],
    [
      0.015843634114111917,
      0.0,
      0.0,
      0.0,
      -0.11691726118508096,
      0.0,
      0.0,
      0.0,
      0.11691726118508101,
      0.0,
      0.0,
      0.0,
      0.864620239572584,
      0.0,
      0.0,
      0.0
    ],
    [
      0.0,
      0.0004340721675102363,
      0.0,
      0.0,
      0.0,
      -0.0032032126352100655,
      0.0,
      0.0,
      0.0,
      0.003203212635210067,
      0.0,
      0.0,
      0.0,
      0.023688225741732138,
      0.0,
      0.0
    ],
    [
      0.0,
      0.0,
      0.00043407216751023623,
      0.0,
      0.0,
      0.0,
      -0.0032032126352100655,
      0.0,
      0.0,
      0.0,
      0.0032032126352100673,
      0.0,
      0.0,
      0.0,
      0.023688225741732138,
      0.0
    ],
    [
      0.0,
      0.0,
      0.0,
      1.1892388150974167e-05,
      0.0,
      0.0,
      0.0,
      -8.775925027979271e-05,
      0.0,
      0.0,
      0.0,
      8.775925027979275e-05,
      0.0,
      0.0,
      0.0,
      0.0006489924860753328
    ]
  ],