{
  "config": {
    "symbols": [
      "H",
      "H"
    ],
    "geometry": [
      [
        0.0,
        0.0,
        0.0
      ],
      [
        0.0,
        0.0,
        0.7414
      ]
    ],
    "basis": "STO-3G",
    "ansatz": "TwoQubit-RY-CNOT",
    "optimizer": {
      "name": "GradientDescent",
      "stepsize": 0.1,
      "iterations_planned": 50
    },
    "seed": 8,
    "noisy": true,
    "depolarizing_prob": 0.06,
    "amplitude_damping_prob": 0.0
  },
  "energies": [
    1.2277311185586546,
    1.2277311185586546,
    1.2277220799614175,
    1.2277105508631807,
    1.2276958450621536,
    1.227677087356275,
    1.2276531614330313,
    1.2276226435220514,
    1.2275837178080897,
    1.227534068425165,
    1.2274707420368456,
    1.227389972491811,
    1.2272869575178915,
    1.2271555742475848,
    1.2269880170598428,
    1.2267743365120063,
    1.2265018531587455,
    1.226154412625441,
    1.2257114397301292,
    1.2251467395235427,
    1.224426979987468,
    1.2235097758333497,
    1.2223412754912757,
    1.2208531342330693,
    1.2189587343514352,
    1.2165484952989807,
    1.2134841025480705,
    1.209591481441086,
    1.204652369611011,
    1.1983944093302032,
    1.1904798284855254,
    1.1804930397012883,
    1.1679279288334532,
    1.1521762839937564,
    1.1325198073638747,
    1.1081294544166491,
    1.0780774041819556,
    1.041368394812575,
    0.9969978425037409,
    0.9440428690274802,
    0.8817876397569724,
    0.8098750474131888,
    0.728463095128427,
    0.6383499068741507,
    0.5410234186574822,
    0.4385992167906313,
    0.33363672106867026,
    0.2288631014098408,
    0.12686808867335203,
    0.02984285099688555,
    -0.06058330480249158
  ],
  "final_params": [
    1.8207673769036203
  ],
  "final_state_real": [
    [
      0.13746208664955298,
      0.0,
      0.0,
      0.0,
      -0.13814349964089936,
      0.0,
      0.0,
      0.0,
      0.13814349964089936,
      0.0,
      0.0,
      0.0,
      0.18307691989023922,
      0.0,
      0.0,
      0.0
    ],
    [
      0.0,
      0.005727586943734173,
      0.0,
      0.0,
      0.0,
      -0.005755979151706951,
      0.0,
      0.0,
      0.0,
      0.005755979151706951,
      0.0,
      0.0,
      0.0,
      0.007628204995430361,
      0.0,
      0.0
    ],
    [
      0.0,
      0.0,
      0.005727586943734175,
      0.0,
      0.0,
      0.0,
      -0.005755979151706954,
      0.0,
      0.0,
      0.0,
      0.005755979151706954,
      0.0,
      0.0,
      0.0,
      0.007628204995430359,
      0.0
    ],
    [
      0.0,
      0.0,
      0.0,
      0.00023864945598904054,
      0.0,
      0.0,
      0.0,
      -0.00023983246465457354,
      0.0,
      0.0,
      0.0,
      0.00023983246465457354,
      0.0,
      0.0,
      0.0,
      0.0003178418748097536
    ],
    [
      -0.13814349964089936,
      0.0,
      0.0,
      0.0,
      0.21846635989026303,
      0.0,
      0.0,
      0.0,
      -0.18307691989023922,
      0.0,
      0.0,
      0.0,
      -0.23975560155343897,
      0.0,
      0.0,
      0.0
    ],
    [
      0.0,
      -0.005755979151706951,
      0.0,
      0.0,
      0.0,
      0.009102764995432075,
      0.0,
      0.0,
      0.0,
      -0.007628204995430361,
      0.0,
      0.0,
      0.0,
      -0.00998981673139817,
      0.0,
      0.0
    ],
    [
      0.0,
      0.0,
      -0.005755979151706954,
      0.0,
      0.0,
      0.0,
      0.009102764995432073,
      0.0,
      0.0,
      0.0,
      -0.007628204995430359,
      0.0,
      0.0,
      0.0,
      -0.00998981673139817,
      0.0
    ],
    [
      0.0,
      0.0,
      0.0,
      -0.00023983246465457354,
      0.0,
      0.0,
      0.0,
      0.000379281874809855,
      0.0,
      0.0,
      0.0,
      -0.0003178418748097536,
      0.0,
      0.0,
      0.0,
      -0.0004162423638084605
    ],
    [
      0.13814349964089936,
      0.0,
      0.0,
      0.0,
      -0.18307691989023922,
      0.0,
      0.0,
      0.0,
      0.21846635989026303,
      0.0,
      0.0,
      0.0,
      0.23975560155343892,
      0.0,
      0.0,
      0.0
    ],
    [
      0.0,
      0.005755979151706951,
      0.0,
      0.0,
      0.0,
      -0.007628204995430361,
      0.0,
      0.0,
      0.0,
      0.009102764995432075,
      0.0,
      0.0,
      0.0,
      0.009989816731398168,
      0.0,
      0.0
    ],
    [
      0.0,
      0.0,
      0.005755979151706954,
      0.0,
      0.0,
      0.0,
      -0.007628204995430359,
      0.0,
      0.0,
      0.0,
      0.009102764995432073,
      0.0,
      0.0,
      0.0,
      0.009989816731398168,
      0.0
    ],
    [
      0.0,
      0.0,
      0.0,
      0.00023983246465457354,
      0.0,
      0.0,
      0.0,
      -0.0003178418748097536,
      0.0,
      0.0,
      0.0,
      0.000379281874809855,
      0.0,
      0.0,
      0.0,
      0.00041624236380846045
    ],
    [
      0.18307691989023922,
      0.0,
      0.0,
      0.0,
      -0.23975560155343897,
      0.0,
      0.0,
      0.0,
      0.23975560155343892,
      0.0,
      0.0,
      0.0,
      0.34720519357005636,
      0.0,
      0.0,
      0.0
    ],
    [
      0.0,
      0.007628204995430361,
      0.0,
      0.0,
      0.0,
      -0.00998981673139817,
      0.0,
      0.0,
      0.0,
      0.009989816731398168,
      0.0,
      0.0,
      0.0,
      0.014466883065426081,
      0.0,
      0.0
    ],
    [
      0.0,
      0.0,
      0.007628204995430359,
      0.0,
      0.0,
      0.0,
      -0.00998981673139817,
      0.0,
      0.0,
      0.0,
      0.009989816731398168,
      0.0,
      0.0,
      0.0,
      0.014466883065426076,
      0.0
    ],
    [
      0.0,
      0.0,
      0.0,
      0.0003178418748097536,
      0.0,
      0.0,
      0.0,
      -0.0004162423638084605,
      0.0,
      0.0,
      0.0,
      0.00041624236380846045,
      0.0,
      0.0,
      0.0,
      0.0006027867943930477
    ]
  ],