{
  "config": {
    "symbols": [
      "H",
      "H"
    ],
    "geometry": [
      [
        0.0,
        0.0,
        0.0
      ],
      [
        0.0,
        0.0,
        0.7414
      ]
    ],
    "basis": "STO-3G",
    "ansatz": "RY-CZ",
    "optimizer": {
      "name": "Nesterov",
      "stepsize": 0.1,
      "iterations_planned": 50
    },
    "seed": 1,
    "noisy": true,
    "depolarizing_prob": 0.02,
    "amplitude_damping_prob": 0.0
  },
  "energies": [
    1.3069952171587211,
    1.3069952171587211,
    1.3069948341943758,
    1.3069941732734258,
    1.3069930993108156,
    1.3069913801202655,
    1.3069886268631001,
    1.306984194408996,
    1.3069770159497882,
    1.306965329581681,
    1.3069462268332657,
    1.3069149073552844,
    1.3068634490706863,
    1.3067787789909646,
    1.3066393260082092,
    1.3064095019818298,
    1.3060306078015562,
    1.3054058643645712,
    1.3043758170710065,
    1.3026780389857273,
    1.299881432372162,
    1.2952799796570744,
    1.2877232700637742,
    1.2753525046622727,
    1.2552062478123855,
    1.2226768156300984,
    1.1708799344051735,
    1.090240070439262,
    0.9691222098060358,
    0.7971183209513371,
    0.5726926183213681,
    0.31363966906963847,
    0.060657801298146116,
    -0.13889296158842424,
    -0.26085878358721226,
    -0.3180946338673823,
    -0.3451171981715706,
    -0.37408466993824974,
    -0.4218106304391236,
    -0.48884497785452036,
    -0.564732533687726,
    -0.6354353255742078,
    -0.6902029176247317,
    -0.7252855193664733,
    -0.7434133148681913,
    -0.75054956173621,
    -0.7525477147399837,
    -0.7533523954932799,
    -0.7548285719631525,
    -0.7574730741846122,
    -0.7612389115395088
  ],
  "final_params": [
    -3.759553712553723,
    3.285694111591593,
    0.001959520875390447,
    -0.005551654417189831
  ],
  "final_state_real": [
    [
      0.0018487479614641236,
      -5.0624685225021476e-06,
      -7.92527147674857e-07,
      -2.170195592684284e-09,
      -0.005384022071166827,
      1.4743190657768162e-05,
      5.203767985842901e-06,
      1.4249599375062668e-08,
      -0.00223737727583342,
      6.126660998667501e-06,
      4.875564963428149e-06,
      1.3350873375783248e-08,
      0.019183333031812914,
      -5.253015916373945e-05,
      -1.854108563694585e-05,
      -5.07714877035225e-08
    ],
    [
      -5.0624685225021476e-06,
      2.4997323034340967e-05,
      2.170195592684284e-09,
      -1.0703720809696626e-08,
      1.4743190657768162e-05,
      -7.279853270555747e-05,
      -1.4249599375062668e-08,
      7.028109995009429e-08,
      6.126660998667503e-06,
      -3.025206446713754e-05,
      -1.3350873375783248e-08,
      6.584845239835722e-08,
      -5.253015916373945e-05,
      0.00025938201564901437,
      5.07714877035225e-08,
      -2.5041237356826075e-07
    ],
    [
      -7.92527147674857e-07,
      2.170195592684284e-09,
      2.4984854906977573e-05,
      -6.840687805692108e-08,
      -5.203767985842901e-06,
      1.4249599375062668e-08,
      -7.275188766922839e-05,
      1.9924645604938128e-07,
      4.875564963428149e-06,
      -1.3350873375783248e-08,
      -3.023697538770837e-05,
      8.278683609963409e-08,
      1.854108563694585e-05,
      -5.07714877035225e-08,
      0.00025921581884403216,
      -7.099174318532104e-07
    ],
    [
      -2.170195592684284e-09,
      -1.0703720809696626e-08,
      -6.840687805692108e-08,
      3.378256539529807e-07,
      -1.4249599375062668e-08,
      -7.028109995009429e-08,
      1.9924645604938128e-07,
      -9.836940866647611e-07,
      1.3350873375783248e-08,
      6.584845239835722e-08,
      8.278683609963412e-08,
      -4.0884071658387114e-07,
      5.07714877035225e-08,
      2.5041237356826075e-07,
      -7.099174318532104e-07,
      3.5049134302351595e-06
    ],
    [
      -0.005384022071166827,
      1.4743190657768162e-05,
      -5.203767985842901e-06,
      -1.4249599375062668e-08,
      0.09874987215032781,
      -0.0002704090172281969,
      -9.543034166064101e-05,
      -2.6131913271095233e-07,
      -0.01918333303181291,
      5.2530159163739446e-05,
      -1.8541085636945845e-05,
      -5.077148770352249e-08,
      -0.26940866124643303,
      0.0007377278545688768,
      0.00026042566473899025,
      7.13129678265988e-07
    ],
    [
      1.4743190657768162e-05,
      -7.279853270555747e-05,
      1.4249599375062668e-08,
      -7.028109995009429e-08,
      -0.0002704090172281969,
      0.0013352184858052203,
      2.6131913271095233e-07,
      -1.2888640305966238e-06,
      5.253015916373944e-05,
      -0.00025938201564901437,
      5.0771487703522496e-08,
      -2.5041237356826075e-07,
      0.000737727854568877,
      -0.0036427330678936954,
      -7.13129678265988e-07,
      3.517259459469545e-06
    ],
    [
      5.203767985842901e-06,
      -1.4249599375062668e-08,
      -7.275188766922839e-05,
      1.9924645604938128e-07,
      -9.543034166064101e-05,
      2.6131913271095233e-07,
      0.0013345525075276223,
      -3.6539163818599895e-06,
      1.8541085636945845e-05,
      -5.077148770352249e-08,
      -0.0002592158188440321,
      7.099174318532104e-07,
      0.00026042566473899025,
      -7.13129678265988e-07,
      -0.003640916150947071,
      9.968587293406872e-06
    ],
    [
      1.4249599375062668e-08,
      7.028109995009429e-08,
      1.9924645604938128e-07,
      -9.836940866647611e-07,
      -2.6131913271095233e-07,
      -1.2888640305966238e-06,
      -3.6539163818599895e-06,
      1.8044774535160508e-05,
      5.0771487703522496e-08,
      2.5041237356826075e-07,
      7.099174318532102e-07,
      -3.504913430235159e-06,
      7.13129678265988e-07,
      3.517259459469545e-06,
      9.968587293406872e-06,
      -4.922961867343724e-05
    ],
    [
      -0.00223737727583342,
      6.126660998667501e-06,
      4.875564963428149e-06,
      1.3350873375783248e-08,
      -0.019183333031812914,
      5.253015916373945e-05,
      1.854108563694585e-05,
      5.07714877035225e-08,
      0.016041768783159757,
      -4.392753972028105e-05,
      -6.8768363900229165e-06,
      -1.8831001649626018e-08,
      0.06083681749962606,
      -0.00016659084742838928,
      -5.880003445017678e-05,
      -1.6101350721907393e-07
    ],
    [
      6.126660998667503e-06,
      -3.025206446713754e-05,
      -1.3350873375783248e-08,
      6.584845239835722e-08,
      5.253015916373945e-05,
      -0.00025938201564901437,
      -5.07714877035225e-08,
      2.5041237356826075e-07,
      -4.3927539720281056e-05,
      0.00021690424258657555,
      1.8831001649626015e-08,
      -9.287724337105697e-08,
      -0.00016659084742838928,
      0.0008225878330191801,
      1.6101350721907395e-07,
      -7.941420734945542e-07
    ],
    [
      4.875564963428149e-06,
      -1.3350873375783248e-08,
      -3.023697538770837e-05,
      8.278683609963409e-08,
      -1.854108563694585e-05,
      5.07714877035225e-08,
      -0.00025921581884403216,
      7.099174318532104e-07,
      -6.8768363900229165e-06,
      1.883100164962601e-08,
      0.0002167960554131525,
      -5.935732419133371e-07,
      5.880003445017678e-05,
      -1.6101350721907393e-07,
      0.000822060766910441,
      -2.251387554489816e-06
    ],
    [
      1.3350873375783248e-08,
      6.584845239835722e-08,
      8.278683609963412e-08,
      -4.0884071658387114e-07,
      -5.07714877035225e-08,
      -2.5041237356826075e-07,
      7.099174318532104e-07,
      -3.5049134302351595e-06,
      -1.8831001649626015e-08,
      -9.287724337105697e-08,
      -5.935732419133372e-07,
      2.9313465884455146e-06,
      1.6101350721907395e-07,
      7.941420734945542e-07,
      -2.251387554489816e-06,
      1.1115262314092964e-05
    ],
    [
      0.01918333303181291,
      -5.2530159163739446e-05,
      1.8541085636945845e-05,
      5.077148770352249e-08,
      -0.26940866124643303,
      0.0007377278545688768,
      0.00026042566473899025,
      7.13129678265988e-07,
      0.06083681749962606,
