{
  "config": {
    "symbols": [
      "H",
      "H"
    ],
    "geometry": [
      [
        0.0,
        0.0,
        0.0
      ],
      [
        0.0,
        0.0,
        0.7414
      ]
    ],
    "basis": "STO-3G",
    "ansatz": "RY-CZ",
    "optimizer": {
      "name": "Nesterov",
      "stepsize": 0.1,
      "iterations_planned": 50
    },
    "seed": 3,
    "noisy": true,
    "depolarizing_prob": 0.08,
    "amplitude_damping_prob": 0.0
  },
  "energies": [
    1.190306186308305,
    1.190306186308305,
    1.1903020928562111,
    1.1902948865688394,
    1.190283004630699,
    1.190263879156885,
    1.1902333962144913,
    1.1901850239050098,
    1.1901084252734915,
    1.1899872625900274,
    1.1897957289169334,
    1.1894930758793476,
    1.1890149905735263,
    1.188260030652469,
    1.1870683380476503,
    1.1851883705953248,
    1.1822252377218432,
    1.1775612911248674,
    1.170236109413729,
    1.1587701598836233,
    1.1409181229025556,
    1.1133543025004085,
    1.0713463010827802,
    1.0086053249715003,
    0.9177593187955956,
    0.79224245379506,
    0.630450520909654,
    0.4417479821314411,
    0.2504246992286462,
    0.09064587627422901,
    -0.009486606778037754,
    -0.04336797873139095,
    -0.026614650749170354,
    0.015346089855909878,
    0.05984403756313704,
    0.09237346447225694,
    0.10634487776475554,
    0.10091781535900378,
    0.0789756597388172,
    0.045610157697652975,
    0.006807455313631833,
    -0.03190623395601222,
    -0.06673547780023617,
    -0.09641526927062688,
    -0.12223420176461142,
    -0.14732579441300986,
    -0.175576216615452,
    -0.21053813095885682,
    -0.2545776869566255,
    -0.30830844291661375,
    -0.37030686749081976
  ],
  "final_params": [
    -1.6710314132529538,
    -2.895334510064571,
    0.0016765195119881257,
    0.002370853375878877
  ],
  "final_state_real": [
    [
      0.02726005617703396,
      3.0494255556272175e-05,
      -1.234552438079326e-05,
      1.3810230705862542e-08,
      -0.03870417963076066,
      -4.329614451214777e-05,
      3.06163199243184e-05,
      -3.424872273365231e-08,
      0.015233927367822381,
      1.7041317569676754e-05,
      -2.1048408237458014e-05,
      2.3545648186698974e-08,
      -0.04336778130407879,
      -4.8513048059035e-05,
      3.43053871566443e-05,
      -3.8375470856811806e-08
    ],
    [
      3.0494255556272175e-05,
      0.0015358159980632038,
      -1.3810230705862543e-08,
      -6.955052069917246e-07,
      -4.329614451214777e-05,
      -0.0021805713782392447,
      3.424872273365231e-08,
      1.724820207671057e-06,
      1.7041317569676758e-05,
      0.0008582707685153473,
      -2.3545648186698974e-08,
      -1.185796332054946e-06,
      -4.8513048059035e-05,
      -0.0024433160333478627,
      3.8375470856811806e-08,
      1.932649813760284e-06
    ],
    [
      -1.234552438079326e-05,
      -1.3810230705862543e-08,
      0.0015357969070821,
      1.7179648688372916e-06,
      -3.06163199243184e-05,
      -3.424872273365231e-08,
      -0.002180490051974339,
      -2.4392497358958504e-06,
      -2.1048408237458014e-05,
      -2.3545648186698974e-08,
      0.0008582600997691924,
      9.600622926957363e-07,
      -3.43053871566443e-05,
      -3.8375470856811806e-08,
      -0.0024432249077974847,
      -2.733163449052652e-06
    ],
    [
      1.3810230705862543e-08,
      -6.955052069917246e-07,
      1.7179648688372916e-06,
      8.652592072278389e-05,
      3.424872273365231e-08,
      -1.724820207671057e-06,
      -2.4392497358958504e-06,
      -0.00012284756435172633,
      2.3545648186698974e-08,
      -1.185796332054946e-06,
      9.600622926957365e-07,
      4.835388390854983e-05,
      3.8375470856811806e-08,
      -1.932649813760284e-06,
      -2.733163449052652e-06,
      -0.00013764989609313957
    ],
    [
      -0.03870417963076066,
      -4.329614451214777e-05,
      -3.06163199243184e-05,
      3.424872273365231e-08,
      0.38077179693083774,
      0.000425947489206287,
      -0.000300684063263173,
      3.363580318792233e-07,
      0.04336778130407879,
      4.8513048059035e-05,
      3.43053871566443e-05,
      -3.8375470856811806e-08,
      0.3710331808618211,
      0.00041505346003611887,
      -0.00029400673920338105,
      3.2888849207522755e-07
    ],
    [
      -4.329614451214777e-05,
      -0.0021805713782392447,
      -3.424872273365231e-08,
      -1.724820207671057e-06,
      0.000425947489206287,
      0.02145246559801047,
      -3.363580318792233e-07,
      -1.6939526034578078e-05,
      4.8513048059035e-05,
      0.0024433160333478627,
      3.8375470856811806e-08,
      1.932649813760284e-06,
      0.000415053460036119,
      0.020903797529953003,
      -3.2888849207522755e-07,
      -1.6563348117050208e-05
    ],
    [
      3.06163199243184e-05,
      3.424872273365231e-08,
      -0.002180490051974339,
      -2.4392497358958504e-06,
      -0.00030068406326317303,
      -3.363580318792233e-07,
      0.02145219893285275,
      2.399674329073236e-05,
      -3.43053871566443e-05,
      -3.8375470856811806e-08,
      0.0024432249077974847,
      2.733163449052652e-06,
      -0.00029400673920338105,
      -3.2888849207522755e-07,
      0.02090353768502097,
      2.338300279918631e-05
    ],
    [
      -3.424872273365231e-08,
      1.724820207671057e-06,
      -2.4392497358958504e-06,
      -0.00012284756435172633,
      3.363580318792233e-07,
      -1.6939526034578084e-05,
      2.399674329073236e-05,
      0.0012086046375233256,
      3.8375470856811806e-08,
      -1.932649813760284e-06,
      2.733163449052652e-06,
      0.00013764989609313957,
      3.2888849207522755e-07,
      -1.6563348117050208e-05,
      2.338300279918631e-05,
      0.0011776933761354171
    ],
    [
      0.015233927367822381,
      1.7041317569676754e-05,
      -2.1048408237458014e-05,
      2.3545648186698974e-08,
      0.04336778130407879,
      4.8513048059035e-05,
      -3.43053871566443e-05,
      3.8375470856811806e-08,
      0.03261224983512226,
      3.648144649001302e-05,
      -1.4769423908642496e-05,
      1.6521708214222405e-08,
      0.04846893374884415,
      5.421941454281198e-05,
      -3.834057190210599e-05,
      4.2889400808811356e-08
    ],
    [
      1.7041317569676758e-05,
      0.0008582707685153473,
      -2.3545648186698974e-08,
      -1.185796332054946e-06,
      4.8513048059035e-05,
      0.0024433160333478627,
      -3.8375470856811806e-08,
      -1.932649813760284e-06,
      3.6481446490013024e-05,
      0.0018373555323708984,
      -1.652170821422239e-08,
      -8.320595315262648e-07,
      5.421941454281198e-05,
      0.00273071204905491,
      -4.2889400808811356e-08,
      -2.1599785132206673e-06
    ],
    [
      -2.1048408237458014e-05,
      -2.3545648186698974e-08,
      0.0008582600997691924,
      9.600622926957363e-07,
      3.43053871566443e-05,
      3.8375470856811806e-08,
      0.0024432249077974847,
      2.733163449052652e-06,
      -1.4769423908642488e-05,
      -1.652170821422239e-08,
      0.00183733269309862,
      2.0552672065909434e-06,
      3.834057190210599e-05,
      4.288940080881134e-08,
      0.002730610204825594,
      3.0546528817796826e-06
    ],
    [
      2.3545648186698974e-08,
      -1.185796332054946e-06,
      9.600622926957365e-07,
      4.835388390854983e-05,
      -3.8375470856811806e-08,
      1.932649813760284e-06,
      2.733163449052652e-06,
      0.00013764989609313957,
      1.652170821422239e-08,
      -8.320595315262644e-07,
      2.0552672065909443e-06,
      0.00010351427471388422,
      -4.2889400808811356e-08,
      2.1599785132206673e-06,
      3.0546528817796826e-06,
      0.00015384101961531932
    ],
    [
      -0.04336778130407879,
      -4.8513048059035e-05,
      -3.43053871566443e-05,
      3.8375470856811806e-08,
      0.3710331808618211,
      0.00041505346003611887,
      -0.00029400673920338105,
      3.2888849207522755e-07,
      0.04846893374884413,
      5.421941454281198e-05,
      3.834057190210598e-05,
