{
  "config": {
    "symbols": [
      "H",
      "H"
    ],
    "geometry": [
      [
        0.0,
        0.0,
        0.0
      ],
      [
        0.0,
        0.0,
        0.7414
      ]
    ],
    "basis": "STO-3G",
    "ansatz": "TwoQubit-RY-CNOT",
    "optimizer": {
      "name": "Adagrad",
      "stepsize": 0.1,
      "iterations_planned": 50
    },
    "seed": 2,
    "noisy": true,
    "depolarizing_prob": 0.06,
    "amplitude_damping_prob": 0.0
  },
  "energies": [
    1.227559064944622,
    1.227559064944622,
    1.2188041578302693,
    1.1975947071092126,
    1.168719752247609,
    1.1356769607764625,
    1.1003971114562974,
    1.0639773762493,
    1.0270782119331985,
    0.9901172163335925,
    0.9533682352254345,
    0.91701533818323,
    0.8811840039713417,
    0.8459600783879268,
    0.8114018139075965,
    0.7775477988450319,
    0.7444223466314782,
    0.7120392552631671,
    0.6804044922403014,
    0.6495181479675906,
    0.6193758817638754,
    0.5899700075275036,
    0.5612903195301951,
    0.5333247250079232,
    0.5060597358065126,
    0.47948085121458095,
    0.45357285908531364,
    0.4283200725588081,
    0.40370651821848635,
    0.3797160844169407,
    0.3563326393291103,
    0.3335401243935427,
    0.31132262806430777,
    0.28966444394936086,
    0.2685501161357024,
    0.24796447369180624,
    0.2278926576624746,
    0.20832014026128826,
    0.18923273931058193,
    0.17061662761641488,
    0.15245833867333397,
    0.13474476941597482,
    0.11746318072378378,
    0.10060119547112617,
    0.0841467950796945,
    0.06808831526569706,
    0.05241443991642043,
    0.03711419498685109,
    0.022176941015043194,
    0.007592365689698316,
    -0.00664952392608173
  ],
  "final_params": [
    1.6856526977648418
  ],
  "final_state_real": [
    [
      0.18437651972136843,
      0.0,
      0.0,
      0.0,
      -0.16959335933251407,
      0.0,
      0.0,
      0.0,
      0.1695933593325141,
      0.0,
      0.0,
      0.0,
      0.19244927601746092,
      0.0,
      0.0,
      0.0
    ],
    [
      0.0,
      0.007682354988394103,
      0.0,
      0.0,
      0.0,
      -0.007066389972191539,
      0.0,
      0.0,
      0.0,
      0.00706638997219154,
      0.0,
      0.0,
      0.0,
      0.00801871983406479,
      0.0,
      0.0
    ],
    [
      0.0,
      0.0,
      0.007682354988394107,
      0.0,
      0.0,
      0.0,
      -0.007066389972191537,
      0.0,
      0.0,
      0.0,
      0.0070663899721915375,
      0.0,
      0.0,
      0.0,
      0.008018719834064792,
      0.0
    ],
    [
      0.0,
      0.0,
      0.0,
      0.00032009812451657755,
      0.0,
      0.0,
      0.0,
      -0.0002944329155081246,
      0.0,
      0.0,
      0.0,
      0.0002944329155081247,
      0.0,
      0.0,
      0.0,
      0.0003341133264195295
    ],
    [
      -0.16959335933251404,
      0.0,
      0.0,
      0.0,
      0.22783871601748404,
      0.0,
      0.0,
      0.0,
      -0.1924492760174609,
      0.0,
      0.0,
      0.0,
      -0.21785801097225704,
      0.0,
      0.0,
      0.0
    ],
    [
      0.0,
      -0.0070663899721915375,
      0.0,
      0.0,
      0.0,
      0.009493279834066474,
      0.0,
      0.0,
      0.0,
      -0.00801871983406479,
      0.0,
      0.0,
      0.0,
      -0.009077417123848481,
      0.0,
      0.0
    ],
    [
      0.0,
      0.0,
      -0.007066389972191535,
      0.0,
      0.0,
      0.0,
      0.009493279834066472,
      0.0,
      0.0,
      0.0,
      -0.00801871983406479,
      0.0,
      0.0,
      0.0,
      -0.009077417123848481,
      0.0
    ],
    [
      0.0,
      0.0,
      0.0,
      -0.00029443291550812457,
      0.0,
      0.0,
      0.0,
      0.00039555332641962965,
      0.0,
      0.0,
      0.0,
      -0.00033411332641952946,
      0.0,
      0.0,
      0.0,
      -0.00037822571349387145
    ],
    [
      0.1695933593325141,
      0.0,
      0.0,
      0.0,
      -0.19244927601746092,
      0.0,
      0.0,
      0.0,
      0.22783871601748404,
      0.0,
      0.0,
      0.0,
      0.21785801097225707,
      0.0,
      0.0,
      0.0
    ],
    [
      0.0,
      0.00706638997219154,
      0.0,
      0.0,
      0.0,
      -0.00801871983406479,
      0.0,
      0.0,
      0.0,
      0.009493279834066474,
      0.0,
      0.0,
      0.0,
      0.009077417123848481,
      0.0,
      0.0
    ],
    [
      0.0,
      0.0,
      0.0070663899721915375,
      0.0,
      0.0,
      0.0,
      -0.008018719834064792,
      0.0,
      0.0,
      0.0,
      0.009493279834066472,
      0.0,
      0.0,
      0.0,
      0.009077417123848481,
      0.0
    ],
    [
      0.0,
      0.0,
      0.0,
      0.0002944329155081247,
      0.0,
      0.0,
      0.0,
      -0.0003341133264195295,
      0.0,
      0.0,
      0.0,
      0.00039555332641962965,
      0.0,
      0.0,
      0.0,
      0.00037822571349387145
    ],
    [
      0.1924492760174609,
      0.0,
      0.0,
      0.0,
      -0.21785801097225704,
      0.0,
      0.0,
      0.0,
      0.2178580109722571,
      0.0,
      0.0,
      0.0,
      0.28154604824379686,
      0.0,
      0.0,
      0.0
    ],
    [
      0.0,
      0.00801871983406479,
      0.0,
      0.0,
      0.0,
      -0.009077417123848481,
      0.0,
      0.0,
      0.0,
      0.009077417123848483,
      0.0,
      0.0,
      0.0,
      0.011731085343497266,
      0.0,
      0.0
    ],
    [
      0.0,
      0.0,
      0.00801871983406479,
      0.0,
      0.0,
      0.0,
      -0.009077417123848481,
      0.0,
      0.0,
      0.0,
      0.009077417123848483,
      0.0,
      0.0,
      0.0,
      0.011731085343497268,
      0.0
    ],
    [
      0.0,
      0.0,
      0.0,
      0.00033411332641952946,
      0.0,
      0.0,
      0.0,
      -0.00037822571349387145,
      0.0,
      0.0,
      0.0,
      0.00037822571349387156,
      0.0,
      0.0,
      0.0,
      0.0004887952226459582
    ]
  ],