{
  "config": {
    "symbols": [
      "H",
      "H"
    ],
    "geometry": [
      [
        0.0,
        0.0,
        0.0
      ],
      [
        0.0,
        0.0,
        0.7414
      ]
    ],
    "basis": "STO-3G",
    "ansatz": "RY-CZ",
    "optimizer": {
      "name": "Adam",
      "stepsize": 0.1,
      "iterations_planned": 50
    },
    "seed": 0,
    "noisy": true,
    "depolarizing_prob": 0.1,
    "amplitude_damping_prob": 0.0
  },
  "energies": [
    1.154310796598464,
    1.154310796598464,
    1.1480040769495625,
    1.1349556215220278,
    1.112929113520635,
    1.0815439194010388,
    1.040607505884014,
    0.9903834358741279,
    0.9312779612231783,
    0.8635711918207878,
    0.7880159662146895,
    0.7056812951532105,
    0.61739511627487,
    0.5244557579224172,
    0.428372234820391,
    0.33031476085189726,
    0.2320098613797104,
    0.13484230971302283,
    0.04018906037043213,
    -0.05046069772341133,
    -0.13618751145594662,
    -0.21576722744408078,
    -0.288702088472445,
    -0.354262883598769,
    -0.4123526558192703,
    -0.46275965443582007,
    -0.5057341412132106,
    -0.5414772351260733,
    -0.5704871357574743,
    -0.5932364952755746,
    -0.6103597650327293,
    -0.6224800380381198,
    -0.6302752430058232,
    -0.6344312341629327,
    -0.635602064253217,
    -0.634468713586418,
    -0.6316103366811432,
    -0.6276425308934577,
    -0.6230284965641287,
    -0.6182660126627096,
    -0.6136746067912304,
    -0.6096000889018003,
    -0.6062111441990815,
    -0.603693805472252,
    -0.6020817301025434,
    -0.6014191694120652,
    -0.6016382666300011,
    -0.6026775457519908,
    -0.6044086947426079,
    -0.6067086191702206,
    -0.6094268181283258
  ],
  "final_params": [
    3.4147382480035042,
    -3.416016385160015,
    -0.002782601251284454,
    6.0268414391963926e-05
  ],
  "final_state_real": [
    [
      0.005973115446303629,
      1.6713825953773517e-07,
      4.465154988455773e-06,
      -1.2494291237419817e-10,
      -0.004923449448273354,
      -1.3776683779474188e-07,
      -6.360717687835584e-06,
      1.779841001629155e-10,
      0.004883499082144899,
      1.366488802001861e-07,
      1.0903564961323035e-05,
      -3.0510097970868145e-10,
      0.011957878109028711,
      3.3460261370076507e-07,
      1.5448658018364594e-05,
      -4.3228070023948305e-10
    ],
    [
      1.6713825953773517e-07,
      0.0004266511087038608,
      1.2494291237419817e-10,
      3.189396379986587e-07,
      -1.3776683779474188e-07,
      -0.00035167496503908365,
      -1.779841001629155e-10,
      -4.543369719561619e-07,
      1.366488802001861e-07,
      0.000348821367422386,
      3.0510097970868145e-10,
      7.788260588154662e-07,
      3.3460261370076507e-07,
      0.0008541341614483478,
      4.3228070023948305e-10,
      1.1034755587837494e-06
    ],
    [
      4.465154988455773e-06,
      1.2494291237419817e-10,
      0.000426662606593324,
      1.1938125227615138e-08,
      6.360717687835584e-06,
      1.779841001629155e-10,
      -0.0003516654787951157,
      -9.840753731287638e-09,
      1.0903564961323035e-05,
      3.0510097970868145e-10,
      0.00034883076786561295,
      9.760371135580069e-09,
      -1.5448658018364594e-05,
      -4.3228070023948305e-10,
      0.0008541111216364702,
      2.3900831085200916e-08
    ],
    [
      -1.2494291237419817e-10,
      3.189396379986587e-07,
      1.1938125227615138e-08,
      3.0475900856423443e-05,
      -1.779841001629155e-10,
      4.543369719561619e-07,
      -9.840753731287638e-09,
      -2.5118963088794667e-05,
      -3.0510097970868145e-10,
      7.788260588154662e-07,
      9.760371135580069e-09,
      2.491648373412629e-05,
      4.3228070023948305e-10,
      -1.1034755587837494e-06,
      2.3900831085200916e-08,
      6.100793803140138e-05
    ],
    [
      -0.004923449448273351,
      -1.3776683779474185e-07,
      6.360717687835582e-06,
      -1.7798410016291547e-10,
      0.0660951619806965,
      1.8494587015147307e-06,
      8.515757717720138e-05,
      -2.3828592133438505e-09,
      -0.011957878109028711,
      -3.3460261370076507e-07,
      1.5448658018364594e-05,
      -4.3228070023948305e-10,
      0.09313606158302022,
      2.6061105587400746e-06,
      0.00012065276466934357,
      -3.3760771670324467e-09
    ],
    [
      -1.3776683779474185e-07,
      -0.0003516749650390834,
      1.7798410016291547e-10,
      4.5433697195616176e-07,
      1.8494587015147307e-06,
      0.00472108305833538,
      2.382859213343851e-09,
      6.0826840071530185e-06,
      -3.3460261370076507e-07,
      -0.0008541341614483478,
      4.3228070023948305e-10,
      1.1034755587837494e-06,
      2.6061105587400746e-06,
      0.006652575911503105,
      3.3760771670324467e-09,
      8.618054510239082e-06
    ],
    [
      -6.360717687835584e-06,
      -1.779841001629155e-10,
      -0.0003516654787951156,
      -9.840753731287631e-09,
      8.515757717720138e-05,
      2.382859213343851e-09,
      0.004721210287563296,
      1.3210063119629712e-07,
      -1.5448658018364594e-05,
      -4.3228070023948305e-10,
      -0.0008541111216364702,
      -2.3900831085200916e-08,
      0.00012065276466934357,
      3.3760771670324467e-09,
      0.006652755192843092,
      1.861457352331997e-07
    ],
    [
      1.779841001629155e-10,
      -4.543369719561619e-07,
      -9.840753731287631e-09,
      -2.5118963088794664e-05,
      -2.382859213343851e-09,
      6.0826840071530185e-06,
      1.3210063119629712e-07,
      0.00033722931051993613,
      4.3228070023948305e-10,
      -1.1034755587837494e-06,
      -2.3900831085200916e-08,
      -6.100793803140138e-05,
      -3.3760771670324467e-09,
      8.618054510239082e-06,
      1.861457352331997e-07,
      0.00047519680549927703
    ],
    [
      0.004883499082144899,
      1.366488802001861e-07,
      1.0903564961323035e-05,
      -3.0510097970868145e-10,
      -0.011957878109028711,
      -3.3460261370076507e-07,
      -1.5448658018364594e-05,
      4.3228070023948305e-10,
      0.0662256114003013,
      1.8531089053566732e-06,
      4.950642956191025e-05,
      -1.385277220321608e-09,
      -0.09357855608637265,
      -2.6184937801968643e-06,
      -0.00012089629093469207,
      3.3828914614770774e-09
    ],
    [
      1.366488802001861e-07,
      0.000348821367422386,
      3.0510097970868145e-10,
      7.788260588154662e-07,
      -3.3460261370076507e-07,
      -0.0008541341614483478,
      -4.3228070023948305e-10,
      -1.1034755587837494e-06,
      1.8531089053566738e-06,
      0.004730400874139294,
      1.385277220321608e-09,
      3.536173495411502e-06,
      -2.6184937801968643e-06,
      -0.0066841826621423395,
      -3.3828914614770774e-09,
      -8.635449243258255e-06
    ],
    [
      1.0903564961323035e-05,
      3.0510097970868145e-10,
      0.00034883076786561295,
      9.760371135580069e-09,
      1.5448658018364594e-05,
      4.3228070023948305e-10,
      -0.0008541111216364702,
      -2.3900831085200916e-08,
      4.950642956191025e-05,
      1.385277220321608e-09,
      0.004730528354474531,
      1.3236135301242673e-07,
      0.00012089629093469207,
      3.3828914614770774e-09,
      -0.006684002359892359,
      -1.8704031282344812e-07
    ],
    [
      -3.0510097970868145e-10,
      7.788260588154662e-07,
      9.760371135580069e-09,
      2.491648373412629e-05,
      -4.3228070023948305e-10,
      1.1034755587837494e-06,
      -2.3900831085200916e-08,
      -6.100793803140138e-05,
      -1.385277220321608e-09,
      3.536173495411502e-06,
      1.3236135301242678e-07,
      0.00033789488673629993,
      -3.3828914614770774e-09,
      8.635449243258255e-06,
      -1.8704031282344812e-07,
      -0.0004774287460310265
    ],
    [
      0.011957878109028711,
      3.3460261370076507e-07,
      -1.5448658018364594e-05,
      4.3228070023948305e-10,
      0.09313606158302022,
      2.6061105587400746e-06,
      0.00012065276466934357,
      -3.3760771670324467e-09,
