{
  "config": {
    "symbols": [
      "H",
      "H"
    ],
    "geometry": [
      [
        0.0,
        0.0,
        0.0
      ],
      [
        0.0,
        0.0,
        0.7414
      ]
    ],
    "basis": "STO-3G",
    "ansatz": "RY-CZ",
    "optimizer": {
      "name": "Adagrad",
      "stepsize": 0.1,
      "iterations_planned": 50
    },
    "seed": 1,
    "noisy": true,
    "depolarizing_prob": 0.08,
    "amplitude_damping_prob": 0.0
  },
  "energies": [
    1.1902882888619395,
    1.1902882888619395,
    1.1833745635206536,
    1.1643322357052408,
    1.137485563942569,
    1.106415870961868,
    1.0730144611269212,
    1.038386547278903,
    1.0032587100780144,
    0.9680564062574819,
    0.9330690908968357,
    0.8983662172618903,
    0.8641176745178493,
    0.8304465091487974,
    0.7974104266737752,
    0.7650438390067116,
    0.7333695930066566,
    0.7024017023949921,
    0.6721470943618179,
    0.6426066069152044,
    0.6137750890288931,
    0.5856418400359643,
    0.5581936743977381,
    0.5314190075901305,
    0.5053081633439831,
    0.4798507116483869,
    0.45503406920990236,
    0.43084392299814017,
    0.40726509004470146,
    0.3842820885032838,
    0.3618794289519526,
    0.34004174343672455,
    0.3187538549543877,
    0.2980008058084764,
    0.2777678778171994,
    0.25804058466584323,
    0.23880466624303853,
    0.22004607176906593,
    0.20175098117359655,
    0.18390585563057626,
    0.16649754815835835,
    0.14951340209779343,
    0.13294131520045482,
    0.11676970573857517,
    0.10098743306792773,
    0.08558369064629937,
    0.07054794529731732,
    0.05586990022457072,
    0.041539503328736224,
    0.027546953096744736,
    0.013882719166650015
  ],
  "final_params": [
    -1.6840059102895382,
    -1.6853239246225007,
    0.006611393803283044,
    0.00661269773148202
  ],
  "final_state_real": [
    [
      0.18086660707774807,
      0.00056431851788583,
      0.0004895233689167241,
      -1.5273564694848539e-06,
      -0.15516071251089514,
      -0.00048411522921308934,
      0.0004840191719208406,
      -1.5101828850866572e-06,
      -0.1549238887820726,
      -0.0004833751277538309,
      -0.0005570111400675929,
      1.7379243206305436e-06,
      -0.17648519366438942,
      -0.0005506495078614243,
      0.0005505402489546362,
      -1.7177345645693015e-06
    ],
    [
      0.00056431851788583,
      0.010191638965286708,
      1.5273564694848539e-06,
      2.7573446849122058e-05,
      -0.00048411522921308945,
      -0.00874313942776582,
      1.5101828850866572e-06,
      2.7263411224778025e-05,
      -0.0004833751277538309,
      -0.008729794665116882,
      -1.7379243206305436e-06,
      -3.137483936468706e-05,
      -0.0005506495078614242,
      -0.009944751027330194,
      1.7177345645693011e-06,
      3.101035263433052e-05
    ],
    [
      0.0004895233689167241,
      1.5273564694848539e-06,
      0.010191638188068279,
      3.178644541612662e-05,
      -0.0004840191719208406,
      -1.5101828850866572e-06,
      -0.008739758421240926,
      -2.7279370897650728e-05,
      -0.0005570111400675929,
      -1.7379243206305436e-06,
      -0.008729793999379282,
      -2.7227136141878107e-05,
      -0.0005505402489546362,
      -1.7177345645693011e-06,
      -0.009940905352857129,
      -3.102850572161776e-05
    ],
    [
      -1.5273564694848539e-06,
      2.7573446849122058e-05,
      3.178644541612662e-05,
      0.0005742878608485808,
      1.5101828850866572e-06,
      -2.7263411224778025e-05,
      -2.7279370897650735e-05,
      -0.0004924759960517344,
      1.7379243206305436e-06,
      -3.137483936468706e-05,
      -2.7227136141878107e-05,
      -0.0004919145115867326,
      1.7177345645693007e-06,
      -3.101035263433052e-05,
      -3.1028505721617756e-05,
      -0.0005601593350001562
    ],
    [
      -0.15516071251089514,
      -0.00048411522921308934,
      -0.0004840191719208406,
      1.5101828850866572e-06,
      0.22199373517459875,
      0.0006926385010352837,
      -0.0006331368167810891,
      1.9754432057443845e-06,
      0.17648519366438942,
      0.0005506495078614243,
      0.0005505402489546362,
      -1.7177345645693015e-06,
      0.20037453575278735,
      0.0006251848412762417,
      -0.0006836695038145576,
      2.133109685757008e-06
    ],
    [
      -0.00048411522921308945,
      -0.00874313942776582,
      -1.5101828850866572e-06,
      -2.7263411224778025e-05,
      0.0006926385010352837,
      0.012509108441905031,
      -1.9754432057443845e-06,
      -3.566278031704253e-05,
      0.0005506495078614242,
      0.009944751027330194,
      1.7177345645693011e-06,
      3.101035263433052e-05,
      0.0006251848412762417,
      0.011290889784599637,
      -2.1331096857570084e-06,
      -3.850914159116118e-05
    ],
    [
      0.0004840191719208406,
      1.5101828850866572e-06,
      -0.008739758421240926,
      -2.7279370897650728e-05,
      -0.0006331368167810891,
      -1.975443205744385e-06,
      0.012509107487955468,
      3.901434244750419e-05,
      -0.0005505402489546362,
      -1.7177345645693011e-06,
      0.009940905352857129,
      3.102850572161776e-05,
      -0.0006836695038145576,
      -2.133109685757008e-06,
      0.011290888923551913,
      3.521487103890768e-05
    ],
    [
      -1.5101828850866572e-06,
      2.7263411224778025e-05,
      -2.7279370897650735e-05,
      -0.0004924759960517344,
      1.9754432057443845e-06,
      -3.566278031704253e-05,
      3.90143424475042e-05,
      0.0007048747657460285,
      1.7177345645693007e-06,
      -3.101035263433052e-05,
      3.1028505721617756e-05,
      0.0005601593350001562,
      2.133109685757008e-06,
      -3.850914159116118e-05,
      3.521487103890768e-05,
      0.0006362294586337331
    ],
    [
      -0.1549238887820726,
      -0.0004833751277538309,
      -0.0005570111400675929,
      1.7379243206305436e-06,
      0.17648519366438942,
      0.0005506495078614243,
      -0.0005505402489546362,
      1.7177345645693015e-06,
      0.22146957115222296,
      0.0006910030666728251,
      0.0005994170639601524,
      -1.8702345765129358e-06,
      0.20008372363441715,
      0.0006242790211618982,
      -0.0006241551528165913,
      1.9474196149743e-06
    ],
    [
      -0.0004833751277538309,
      -0.008729794665116882,
      -1.7379243206305436e-06,
      -3.137483936468706e-05,
      0.0005506495078614242,
      0.009944751027330194,
      -1.7177345645693011e-06,
      -3.101035263433052e-05,
      0.0006910030666728253,
      0.012479572362465281,
      1.8702345765129358e-06,
      3.376344338808008e-05,
      0.0006242790211618982,
      0.011274502834210916,
      -1.9474196149743e-06,
      -3.515686895577329e-05
    ],
    [
      -0.0005570111400675929,
      -1.7379243206305436e-06,
      -0.008729793999379282,
      -2.7227136141878107e-05,
      0.0005505402489546362,
      1.7177345645693011e-06,
      0.009940905352857129,
      3.102850572161776e-05,
      0.0005994170639601524,
      1.8702345765129358e-06,
      0.012479571410768149,
      3.89222231151656e-05,
      0.0006241551528165915,
      1.9474196149743005e-06,
      0.01127014293946575,
      3.5177449363820424e-05
    ],
    [
      1.7379243206305436e-06,
      -3.137483936468706e-05,
      -2.7227136141878107e-05,
      -0.0004919145115867326,
      -1.7177345645693007e-06,
      3.101035263433052e-05,
      3.1028505721617756e-05,
      0.0005601593350001562,
      -1.8702345765129358e-06,
      3.376344338808008e-05,
      3.8922223115165616e-05,
      0.0007032104395334262,
      -1.9474196149743e-06,
      3.515686895577329e-05,
      3.5177449363820424e-05,
      0.00063506044472231
    ],
    [
      -0.17648519366438942,
      -0.0005506495078614243,
      -0.0005505402489546362,
      1.7177345645693015e-06,
      0.20037453575278735,
      0.0006251848412762417,
      -0.0006836695038145576,
      2.133109685757008e-06,
      0.20008372363441715,
      0.0006242790211618982,
      0.0006241551528165913,
