{
  "config": {
    "symbols": [
      "H",
      "H"
    ],
    "geometry": [
      [
        0.0,
        0.0,
        0.0
      ],
      [
        0.0,
        0.0,
        0.7414
      ]
    ],
    "basis": "STO-3G",
    "ansatz": "TwoQubit-RY-CNOT",
    "optimizer": {
      "name": "GradientDescent",
      "stepsize": 0.1,
      "iterations_planned": 50
    },
    "seed": 8,
    "noisy": true,
    "depolarizing_prob": 0.04,
    "amplitude_damping_prob": 0.0
  },
  "energies": [
    1.2666520791981961,
    1.2666520791981961,
    1.2666505787241575,
    1.266648643346969,
    1.2666461470070383,
    1.26664292712093,
    1.2666387739612954,
    1.2666334170458649,
    1.266626507476834,
    1.2666175952532774,
    1.2666060999610989,
    1.2665912729873463,
    1.2665721487924801,
    1.266547482066311,
    1.2665156667245898,
    1.2664746313923412,
    1.2664217047954291,
    1.266353442116555,
    1.2662654012856251,
    1.266151854760055,
    1.2660054183182965,
    1.2658165729813406,
    1.2655730503248221,
    1.2652590414496765,
    1.2648541813531096,
    1.2643322455157677,
    1.2636594803919035,
    1.2627924681206608,
    1.2616754045697407,
    1.2602366392051572,
    1.2583842977506465,
    1.2560007760605953,
    1.25293586877478,
    1.248998282396665,
    1.2439453008811823,
    1.2374704454286587,
    1.2291891411454905,
    1.2186227400298588,
    1.20518182500937,
    1.188150663107177,
    1.1666760656755613,
    1.1397658310746424,
    1.106304226655481,
    1.0650941691156448,
    1.014936699074723,
    0.9547561870015087,
    0.8837719369446009,
    0.8017017397152844,
    0.7089616280874982,
    0.6068057407904677,
    0.4973437314839528
  ],
  "final_params": [
    -1.2794077849339536
  ],
  "final_state_real": [
    [
      0.3831868887449749,
      0.0,
      0.0,
      0.0,
      0.2650044719460071,
      0.0,
      0.0,
      0.0,
      -0.2650044719460072,
      0.0,
      0.0,
      0.0,
      0.19473708180350133,
      0.0,
      0.0,
      0.0
    ],
    [
      0.0,
      0.010498270924527623,
      0.0,
      0.0,
      0.0,
      0.007260396491676795,
      0.0,
      0.0,
      0.0,
      -0.007260396491676795,
      0.0,
      0.0,
      0.0,
      0.005335262515168364,
      0.0,
      0.0
    ],
    [
      0.0,
      0.0,
      0.010498270924527622,
      0.0,
      0.0,
      0.0,
      0.007260396491676793,
      0.0,
      0.0,
      0.0,
      -0.0072603964916767945,
      0.0,
      0.0,
      0.0,
      0.005335262515168365,
      0.0
    ],
    [
      0.0,
      0.0,
      0.0,
      0.00028762386094617485,
      0.0,
      0.0,
      0.0,
      0.0001989149723748537,
      0.0,
      0.0,
      0.0,
      -0.00019891497237485375,
      0.0,
      0.0,
      0.0,
      0.0001461715757581454
    ],
    [
      0.2650044719460071,
      0.0,
      0.0,
      0.0,
      0.21932679834673266,
      0.0,
      0.0,
      0.0,
      -0.1947370818035013,
      0.0,
      0.0,
      0.0,
      0.141610167782984,
      0.0,
      0.0,
      0.0
    ],
    [
      0.0,
      0.007260396491676795,
      0.0,
      0.0,
      0.0,
      0.0060089533793669814,
      0.0,
      0.0,
      0.0,
      -0.005335262515168363,
      0.0,
      0.0,
      0.0,
      0.0038797306241942103,
      0.0,
      0.0
    ],
    [
      0.0,
      0.0,
      0.007260396491676793,
      0.0,
      0.0,
      0.0,
      0.006008953379366981,
      0.0,
      0.0,
      0.0,
      -0.005335262515168364,
      0.0,
      0.0,
      0.0,
      0.00387973062419421,
      0.0
    ],
    [
      0.0,
      0.0,
      0.0,
      0.0001989149723748537,
      0.0,
      0.0,
      0.0,
      0.00016462885970880612,
      0.0,
      0.0,
      0.0,
      -0.00014617157575814538,
      0.0,
      0.0,
      0.0,
      0.00010629398970402953
    ],
    [
      -0.2650044719460072,
      0.0,
      0.0,
      0.0,
      -0.19473708180350133,
      0.0,
      0.0,
      0.0,
      0.2193267983467326,
      0.0,
      0.0,
      0.0,
      -0.14161016778298405,
      0.0,
      0.0,
      0.0
    ],
    [
      0.0,
      -0.007260396491676795,
      0.0,
      0.0,
      0.0,
      -0.005335262515168364,
      0.0,
      0.0,
      0.0,
      0.00600895337936698,
      0.0,
      0.0,
      0.0,
      -0.003879730624194212,
      0.0,
      0.0
    ],
    [
      0.0,
      0.0,
      -0.0072603964916767945,
      0.0,
      0.0,
      0.0,
      -0.005335262515168365,
      0.0,
      0.0,
      0.0,
      0.006008953379366979,
      0.0,
      0.0,
      0.0,
      -0.0038797306241942107,
      0.0
    ],
    [
      0.0,
      0.0,
      0.0,
      -0.00019891497237485375,
      0.0,
      0.0,
      0.0,
      -0.0001461715757581454,
      0.0,
      0.0,
      0.0,
      0.00016462885970880607,
      0.0,
      0.0,
      0.0,
      -0.00010629398970402954
    ],
    [
      0.1947370818035013,
      0.0,
      0.0,
      0.0,
      0.141610167782984,
      0.0,
      0.0,
      0.0,
      -0.14161016778298405,
      0.0,
      0.0,
      0.0,
      0.12553729233946595,
      0.0,
      0.0,
      0.0
    ],
    [
      0.0,
      0.005335262515168363,
      0.0,
      0.0,
      0.0,
      0.0038797306241942103,
      0.0,
      0.0,
      0.0,
      -0.003879730624194212,
      0.0,
      0.0,
      0.0,
      0.003439377872316678,
      0.0,
      0.0
    ],
    [
      0.0,
      0.0,
      0.005335262515168364,
      0.0,
      0.0,
      0.0,
      0.00387973062419421,
      0.0,
      0.0,
      0.0,
      -0.0038797306241942107,
      0.0,
      0.0,
      0.0,
      0.0034393778723166776,
      0.0
    ],
    [
      0.0,
      0.0,
      0.0,
      0.00014617157575814538,
      0.0,
      0.0,
      0.0,
      0.00010629398970402953,
      0.0,
      0.0,
      0.0,
      -0.00010629398970402954,
      0.0,
      0.0,
      0.0,
      9.422953074847178e-05
    ]
  ],