{
  "config": {
    "symbols": [
      "H",
      "H"
    ],
    "geometry": [
      [
        0.0,
        0.0,
        0.0
      ],
      [
        0.0,
        0.0,
        0.7414
      ]
    ],
    "basis": "STO-3G",
    "ansatz": "TwoQubit-RY-CNOT",
    "optimizer": {
      "name": "Adam",
      "stepsize": 0.1,
      "iterations_planned": 50
    },
    "seed": 3,
    "noisy": true,
    "depolarizing_prob": 0.08,
    "amplitude_damping_prob": 0.0
  },
  "energies": [
    1.1901966752840476,
    1.1901966752840476,
    1.1822889299440902,
    1.1667129262696492,
    1.1414301113238803,
    1.106225261716618,
    1.0610997344781814,
    1.0062423853308762,
    0.9420361050373474,
    0.8690646480389828,
    0.7881140325080598,
    0.7001665469410178,
    0.6063862036672887,
    0.508094969300444,
    0.4067396790605091,
    0.30385026416809113,
    0.20099076718185105,
    0.09970551856597251,
    0.0014636855990242392,
    -0.09239396838313949,
    -0.18070202748785827,
    -0.26250725401887065,
    -0.33709235127389314,
    -0.4039850963930124,
    -0.4629530024549223,
    -0.5139853937085169,
    -0.5572661400412195,
    -0.5931410044911122,
    -0.6220834916905078,
    -0.6446623376197107,
    -0.6615126168773409,
    -0.6733112018784759,
    -0.6807562905182329,
    -0.6845501088496323,
    -0.685383735020944,
    -0.6839231992409652,
    -0.680796439242775,
    -0.6765811627683498,
    -0.6717940469746847,
    -0.6668819048421825,
    -0.6622154494273149,
    -0.6580861201088719,
    -0.6547061662758522,
    -0.6522118862403996,
    -0.6506696548972135,
    -0.6500841817895856,
    -0.6504083365049458,
    -0.6515538551016127,
    -0.6534022827382171,
    -0.6558155924384081,
    -0.6586460286284802
  ],
  "final_params": [
    3.4125995832860476
  ],
  "final_state_real": [
    [
      0.004345701928559029,
      0.0,
      0.0,
      0.0,
      -0.003759595230808077,
      0.0,
      0.0,
      0.0,
      0.0037595952308080755,
      0.0,
      0.0,
      0.0,
      0.012813379266756174,
      0.0,
      0.0,
      0.0
    ],
    [
      0.0,
      0.0002448282776653862,
      0.0,
      0.0,
      0.0,
      -0.00021180818201743337,
      0.0,
      0.0,
      0.0,
      0.00021180818201743326,
      0.0,
      0.0,
      0.0,
      0.0007218805220710326,
      0.0,
      0.0
    ],
    [
      0.0,
      0.0,
      0.00024482827766538623,
      0.0,
      0.0,
      0.0,
      -0.00021180818201743331,
      0.0,
      0.0,
      0.0,
      0.0002118081820174332,
      0.0,
      0.0,
      0.0,
      0.0007218805220710324,
      0.0
    ],
    [
      0.0,
      0.0,
      0.0,
      1.3793142403688737e-05,
      0.0,
      0.0,
      0.0,
      -1.193285532493015e-05,
      0.0,
      0.0,
      0.0,
      1.1932855324930147e-05,
      0.0,
      0.0,
      0.0,
      4.0669325187115184e-05
    ],
    [
      -0.003759595230808077,
      0.0,
      0.0,
      0.0,
      0.05806039951369786,
      0.0,
      0.0,
      0.0,
      -0.012813379266756174,
      0.0,
      0.0,
      0.0,
      0.09948836223764149,
      0.0,
      0.0,
      0.0
    ],
    [
      0.0,
      -0.00021180818201743337,
      0.0,
      0.0,
      0.0,
      0.0032710084233081096,
      0.0,
      0.0,
      0.0,
      -0.0007218805220710326,
      0.0,
      0.0,
      0.0,
      0.005604978154235359,
      0.0,
      0.0
    ],
    [
      0.0,
      0.0,
      -0.00021180818201743331,
      0.0,
      0.0,
      0.0,
      0.0032710084233081105,
      0.0,
      0.0,
      0.0,
      -0.0007218805220710324,
      0.0,
      0.0,
      0.0,
      0.005604978154235357,
      0.0
    ],
    [
      0.0,
      0.0,
      0.0,
      -1.193285532493015e-05,
      0.0,
      0.0,
      0.0,
      0.00018428216469348159,
      0.0,
      0.0,
      0.0,
      -4.0669325187115184e-05,
      0.0,
      0.0,
      0.0,
      0.0003157734171401347
    ],
    [
      0.0037595952308080755,
      0.0,
      0.0,
      0.0,
      -0.012813379266756174,
      0.0,
      0.0,
      0.0,
      0.058060399513697875,
      0.0,
      0.0,
      0.0,
      -0.09948836223764151,
      0.0,
      0.0,
      0.0
    ],
    [
      0.0,
      0.00021180818201743326,
      0.0,
      0.0,
      0.0,
      -0.0007218805220710326,
      0.0,
      0.0,
      0.0,
      0.00327100842330811,
      0.0,
      0.0,
      0.0,
      -0.0056049781542353615,
      0.0,
      0.0
    ],
    [
      0.0,
      0.0,
      0.0002118081820174332,
      0.0,
      0.0,
      0.0,
      -0.0007218805220710324,
      0.0,
      0.0,
      0.0,
      0.0032710084233081105,
      0.0,
      0.0,
      0.0,
      -0.00560497815423536,
      0.0
    ],
    [
      0.0,
      0.0,
      0.0,
      1.1932855324930147e-05,
      0.0,
      0.0,
      0.0,
      -4.0669325187115184e-05,
      0.0,
      0.0,
      0.0,
      0.00018428216469348159,
      0.0,
      0.0,
      0.0,
      -0.00031577341714013487
    ],
    [
      0.012813379266756174,
      0.0,
      0.0,
      0.0,
      0.09948836223764149,
      0.0,
      0.0,
      0.0,
      -0.09948836223764151,
      0.0,
      0.0,
      0.0,
      0.7757112768219668,
      0.0,
      0.0,
      0.0
    ],
    [
      0.0,
      0.0007218805220710326,
      0.0,
      0.0,
      0.0,
      0.005604978154235359,
      0.0,
      0.0,
      0.0,
      -0.0056049781542353615,
      0.0,
      0.0,
      0.0,
      0.04370204376463372,
      0.0,
      0.0
    ],
    [
      0.0,
      0.0,
      0.0007218805220710324,
      0.0,
      0.0,
      0.0,
      0.005604978154235357,
      0.0,
      0.0,
      0.0,
      -0.00560497815423536,
      0.0,
      0.0,
      0.0,
      0.04370204376463371,
      0.0
    ],
    [
      0.0,
      0.0,
      0.0,
      4.0669325187115184e-05,
      0.0,
      0.0,
      0.0,
      0.0003157734171401347,
      0.0,
      0.0,
      0.0,
      -0.00031577341714013487,
      0.0,
      0.0,
      0.0,
      0.0024620869726563145
    ]
  ],