{
  "config": {
    "symbols": [
      "H",
      "H"
    ],
    "geometry": [
      [
        0.0,
        0.0,
        0.0
      ],
      [
        0.0,
        0.0,
        0.7414
      ]
    ],
    "basis": "STO-3G",
    "ansatz": "RY-CZ",
    "optimizer": {
      "name": "GradientDescent",
      "stepsize": 0.1,
      "iterations_planned": 50
    },
    "seed": 8,
    "noisy": true,
    "depolarizing_prob": 0.06,
    "amplitude_damping_prob": 0.0
  },
  "energies": [
    1.2276262850071398,
    1.2276262850071398,
    1.2276079347161148,
    1.2275871336593294,
    1.227563554600758,
    1.2275368266456232,
    1.2275065293826162,
    1.2274721863905291,
    1.2274332576040057,
    1.2273891310111888,
    1.2273391130056988,
    1.2272824174915118,
    1.2272181536621412,
    1.2271453120680547,
    1.2270627488393901,
    1.2269691679300085,
    1.2268631009143995,
    1.226742884072185,
    1.22660663273298,
    1.2264522120484358,
    1.226277204021307,
    1.2260788702703653,
    1.2258541099414948,
    1.2255994123753635,
    1.225310803335491,
    1.2249837849187515,
    1.2246132675456063,
    1.224193493541966,
    1.2237179509039753,
    1.2231792773276036,
    1.2225691518693012,
    1.2218781735064612,
    1.221095726408619,
    1.2202098287307725,
    1.2192069646964745,
    1.2180718989247308,
    1.2167874697228882,
    1.2153343631488773,
    1.2136908634400168,
    1.2118325816835485,
    1.2097321615262067,
    1.2073589619591,
    1.2046787193595296,
    1.2016531900070506,
    1.1982397799686604,
    1.194391163889051,
    1.1900549067487456,
    1.1851730970307035,
    1.1796820071482694,
    1.1735118049404392,
    1.1665863389685964
  ],
  "final_params": [
    -0.029939375043079103,
    -0.4648553216891028,
    -0.006604971021436651,
    0.002640588894563175
  ],
  "final_state_real": [
    [
      0.8059777292700536,
      0.0010197888488583083,
      -0.002538949689341102,
      3.212489894376938e-06,
      -0.18240087314419498,
      -0.0002307889012557293,
      -0.000577279507833932,
      7.30421950829862e-07,
      -0.011509407779557551,
      -1.4562642718658987e-05,
      3.659650324534581e-05,
      -4.630493362620212e-08,
      -0.002616933821872504,
      -3.311164420421705e-06,
      -8.282319282157497e-06,
      1.0479477835907461e-08
    ],
    [
      0.0010197888488583083,
      0.03358380791081096,
      -3.212489894376938e-06,
      -0.00010578515222777051,
      -0.00023078890125572936,
      -0.0076003537864336446,
      -7.304219508298618e-07,
      -2.4052308271627452e-05,
      -1.4562642718658987e-05,
      -0.00047957868561197196,
      4.630493362620213e-08,
      1.5247906183669538e-06,
      -3.311164420421705e-06,
      -0.00010904346310991303,
      -1.0479477835907463e-08,
      -3.450822242521094e-07
    ],
    [
      -0.002538949689341102,
      -3.212489894376938e-06,
      0.03359118050911345,
      4.248009902358758e-05,
      0.0005772795078339321,
      7.30421950829862e-07,
      -0.007598050480576319,
      -9.618716944700576e-06,
      3.6596503245345806e-05,
      4.6304933626202106e-08,
      -0.00047968396673473334,
      -6.066182282992517e-07,
      8.282319282157495e-06,
      1.0479477835907461e-08,
      -0.00010901041722095294,
      -1.3800123465256662e-07
    ],
    [
      3.212489894376938e-06,
      -0.00010578515222777051,
      4.248009902358758e-05,
      0.0013996909750063971,
      -7.30421950829862e-07,
      2.4052308271627452e-05,
      -9.618716944700578e-06,
      -0.0003165986584609727,
      -4.630493362620212e-08,
      1.5247906183669534e-06,
      -6.066182282992517e-07,
      -1.9987666670771465e-05,
      -1.0479477835907461e-08,
      3.450822242521094e-07,
      -1.3800123465256662e-07,
      -4.542290412343615e-06
    ],
    [
      -0.18240087314419495,
      -0.00023078890125572925,
      0.000577279507833932,
      -7.30421950829862e-07,
      0.07855756109771478,
      9.939744225130083e-05,
      3.655192013655105e-05,
      -4.6248523376300564e-08,
      0.002616933821872504,
      3.311164420421705e-06,
      -8.282319282157497e-06,
      1.0479477835907461e-08,
      0.0001656948760125146,
      2.096506897573409e-07,
      3.567011761308463e-06,
      -4.5132793628931295e-09
    ],
    [
      -0.0002307889012557293,
      -0.007600353786433643,
      7.304219508298618e-07,
      2.4052308271627452e-05,
      9.939744225130084e-05,
      0.0032733684145799316,
      4.6248523376300564e-08,
      1.5229330664152778e-06,
      3.311164420421705e-06,
      0.00010904346310991303,
      -1.0479477835907463e-08,
      -3.450822242521094e-07,
      2.096506897573409e-07,
      6.9042415016227e-06,
      4.51327936289313e-09,
      1.486192829075665e-07
    ],
    [
      -0.000577279507833932,
      -7.30421950829862e-07,
      -0.007598050480576319,
      -9.618716944700575e-06,
      3.655192013655105e-05,
      4.6248523376300564e-08,
      0.0032740870117825113,
      4.140477898197983e-06,
      8.282319282157495e-06,
      1.0479477835907461e-08,
      0.00010901041722095294,
      1.3800123465256662e-07,
      3.567011761308462e-06,
      4.513279362893129e-09,
      6.9057571784426115e-06,
      8.733162822113481e-09
    ],
    [
      7.304219508298618e-07,
      -2.4052308271627452e-05,
      -9.618716944700576e-06,
      -0.0003165986584609727,
      -4.6248523376300564e-08,
      1.5229330664152778e-06,
      4.140477898197984e-06,
      0.00013642598956992104,
      -1.0479477835907461e-08,
      3.450822242521094e-07,
      1.3800123465256662e-07,
      4.542290412343615e-06,
      -4.5132793628931295e-09,
      1.486192829075665e-07,
      8.733162822113481e-09,
      2.877518995091391e-07
    ],
    [
      -0.011509407779557551,
      -1.4562642718658987e-05,
      3.659650324534581e-05,
      -4.630493362620212e-08,
      0.002616933821872504,
      3.311164420421705e-06,
      8.282319282157497e-06,
      -1.0479477835907461e-08,
      0.03376272987171017,
      4.271936330221948e-05,
      -0.00010635761933114629,
      1.3457248827170193e-07,
      -0.007559226372596625,
      -9.56456796945125e-06,
      -2.3924153458016168e-05,
      3.0270824797377286e-08
    ],
    [
      -1.4562642718658987e-05,
      -0.00047957868561197196,
      4.630493362620213e-08,
      1.5247906183669538e-06,
      3.311164420421705e-06,
      0.00010904346310991303,
      1.0479477835907463e-08,
      3.450822242521094e-07,
      4.271936330221948e-05,
      0.0014068391636367307,
      -1.3457248827170193e-07,
      -4.431382393578821e-06,
      -9.56456796945125e-06,
      -0.0003149809197352643,
      -3.0270824797377286e-08,
      -9.967980957249964e-07
    ],
    [
      3.6596503245345806e-05,
      4.6304933626202106e-08,
      -0.00047968396673473334,
      -6.066182282992517e-07,
      -8.282319282157495e-06,
      -1.0479477835907461e-08,
      0.00010901041722095294,
      1.3800123465256662e-07,
      -0.00010635761933114629,
      -1.3457248827170193e-07,
      0.0014071480047323332,
      1.7795083612990537e-06,
      2.392415345801617e-05,
      3.0270824797377286e-08,
      -0.00031488546399494516,
      -3.986278001062119e-07
    ],
    [
      -4.630493362620212e-08,
      1.5247906183669534e-06,
      -6.066182282992517e-07,
      -1.9987666670771465e-05,
      1.0479477835907461e-08,
      -3.450822242521094e-07,
      1.3800123465256662e-07,
      4.542290412343615e-06,
      1.3457248827170193e-07,
      -4.431382393578821e-06,
      1.7795083612990537e-06,
      5.863361551666072e-05,
      -3.0270824797377286e-08,
      9.967980957249968e-07,
      -3.986278001062119e-07,
      -1.3120775615339005e-05
    ],
    [
      -0.002616933821872504,
      -3.311164420421705e-06,
      8.282319282157497e-06,
      -1.0479477835907461e-08,
      0.0001656948760125146,
      2.096506897573409e-07,
      3.567011761308463e-06,
      -4.5132793628931295e-09,
      -0.007559226372596625,
      -9.564567969451248e-06,
