{
  "config": {
    "symbols": [
      "H",
      "H"
    ],
    "geometry": [
      [
        0.0,
        0.0,
        0.0
      ],
      [
        0.0,
        0.0,
        0.7414
      ]
    ],
    "basis": "STO-3G",
    "ansatz": "TwoQubit-RY-CNOT",
    "optimizer": {
      "name": "Momentum",
      "stepsize": 0.1,
      "iterations_planned": 50
    },
    "seed": 3,
    "noisy": true,
    "depolarizing_prob": 0.1,
    "amplitude_damping_prob": 0.0
  },
  "energies": [
    1.1542363843731342,
    1.1542363843731342,
    1.1542124354032643,
    1.1541560570342417,
    1.154045698248067,
    1.1538393160286382,
    1.153458982843631,
    1.1527620297342638,
    1.1514882339576593,
    1.1491640193428703,
    1.14493005823643,
    1.1372349547124705,
    1.1233036186124092,
    1.0982556569799533,
    1.0537748347702602,
    0.9765117083338172,
    0.8474202691167294,
    0.6455861314289596,
    0.36236116151700193,
    0.02493630434670273,
    -0.29598099220001245,
    -0.5243642627445312,
    -0.6276116582074528,
    -0.6175137914439319,
    -0.5273634194636299,
    -0.4011414685508257,
    -0.28401017063884637,
    -0.20896364104574633,
    -0.19062049822447785,
    -0.22753669927334588,
    -0.30651566388955254,
    -0.40655070085440803,
    -0.5041680413975955,
    -0.5801240452199118,
    -0.6241337021924056,
    -0.6354124718657688,
    -0.6204113176096494,
    -0.5898978089713307,
    -0.5559998217960376,
    -0.5292934469384422,
    -0.5165455174895672,
    -0.5197583851965581,
    -0.5365885515512383,
    -0.5617499291966512,
    -0.588870626249086,
    -0.6122622753709104,
    -0.6281514282351199,
    -0.6351660248397031,
    -0.6341525053562392,
    -0.6275487265941351,
    -0.6185444438439822
  ],
  "final_params": [
    -3.428007133946304
  ],
  "final_state_real": [
    [
      0.006193387027754489,
      0.0,
      0.0,
      0.0,
      0.004937422983138942,
      0.0,
      0.0,
      0.0,
      -0.004937422983138942,
      0.0,
      0.0,
      0.0,
      0.013055680616044587,
      0.0,
      0.0,
      0.0
    ],
    [
      0.0,
      0.00044238478769687646,
      0.0,
      0.0,
      0.0,
      0.0003526730702243116,
      0.0,
      0.0,
      0.0,
      -0.00035267307022431157,
      0.0,
      0.0,
      0.0,
      0.0009325486154320244,
      0.0,
      0.0
    ],
    [
      0.0,
      0.0,
      0.0004423847876968765,
      0.0,
      0.0,
      0.0,
      0.00035267307022431157,
      0.0,
      0.0,
      0.0,
      -0.00035267307022431157,
      0.0,
      0.0,
      0.0,
      0.0009325486154320244,
      0.0
    ],
    [
      0.0,
      0.0,
      0.0,
      3.159891340692884e-05,
      0.0,
      0.0,
      0.0,
      2.5190933587458067e-05,
      0.0,
      0.0,
      0.0,
      -2.5190933587458067e-05,
      0.0,
      0.0,
      0.0,
      6.66106153880209e-05
    ],
    [
      0.004937422983138944,
      0.0,
      0.0,
      0.0,
      0.06725814975187468,
      0.0,
      0.0,
      0.0,
      -0.013055680616044587,
      0.0,
      0.0,
      0.0,
      -0.09736224619207215,
      0.0,
      0.0,
      0.0
    ],
    [
      0.0,
      0.00035267307022431173,
      0.0,
      0.0,
      0.0,
      0.004804153553706717,
      0.0,
      0.0,
      0.0,
      -0.0009325486154320244,
      0.0,
      0.0,
      0.0,
      -0.006954446156578582,
      0.0,
      0.0
    ],
    [
      0.0,
      0.0,
      0.00035267307022431173,
      0.0,
      0.0,
      0.0,
      0.004804153553706717,
      0.0,
      0.0,
      0.0,
      -0.0009325486154320244,
      0.0,
      0.0,
      0.0,
      -0.006954446156578582,
      0.0
    ],
    [
      0.0,
      0.0,
      0.0,
      2.519093358745808e-05,
      0.0,
      0.0,
      0.0,
      0.00034315382526486416,
      0.0,
      0.0,
      0.0,
      -6.66106153880209e-05,
      0.0,
      0.0,
      0.0,
      -0.0004967461540414702
    ],
    [
      -0.004937422983138942,
      0.0,
      0.0,
      0.0,
      -0.013055680616044587,
      0.0,
      0.0,
      0.0,
      0.06725814975187468,
      0.0,
      0.0,
      0.0,
      0.09736224619207219,
      0.0,
      0.0,
      0.0
    ],
    [
      0.0,
      -0.00035267307022431157,
      0.0,
      0.0,
      0.0,
      -0.0009325486154320244,
      0.0,
      0.0,
      0.0,
      0.004804153553706717,
      0.0,
      0.0,
      0.0,
      0.006954446156578585,
      0.0,
      0.0
    ],
    [
      0.0,
      0.0,
      -0.00035267307022431157,
      0.0,
      0.0,
      0.0,
      -0.0009325486154320244,
      0.0,
      0.0,
      0.0,
      0.004804153553706717,
      0.0,
      0.0,
      0.0,
      0.006954446156578584,
      0.0
    ],
    [
      0.0,
      0.0,
      0.0,
      -2.5190933587458067e-05,
      0.0,
      0.0,
      0.0,
      -6.66106153880209e-05,
      0.0,
      0.0,
      0.0,
      0.00034315382526486416,
      0.0,
      0.0,
      0.0,
      0.0004967461540414702
    ],
    [
      0.013055680616044587,
      0.0,
      0.0,
      0.0,
      -0.09736224619207215,
      0.0,
      0.0,
      0.0,
      0.09736224619207219,
      0.0,
      0.0,
      0.0,
      0.7304014245797471,
      0.0,
      0.0,
      0.0
    ],
    [
      0.0,
      0.0009325486154320244,
      0.0,
      0.0,
      0.0,
      -0.006954446156578582,
      0.0,
      0.0,
      0.0,
      0.006954446156578585,
      0.0,
      0.0,
      0.0,
      0.052171530327139795,
      0.0,
      0.0
    ],
    [
      0.0,
      0.0,
      0.0009325486154320244,
      0.0,
      0.0,
      0.0,
      -0.006954446156578582,
      0.0,
      0.0,
      0.0,
      0.006954446156578587,
      0.0,
      0.0,
      0.0,
      0.05217153032713978,
      0.0
    ],
    [
      0.0,
      0.0,
      0.0,
      6.66106153880209e-05,
      0.0,
      0.0,
      0.0,
      -0.0004967461540414702,
      0.0,
      0.0,
      0.0,
      0.0004967461540414704,
      0.0,
      0.0,
      0.0,
      0.0037265378805110562
    ]
  ],