{
  "config": {
    "symbols": [
      "H",
      "H"
    ],
    "geometry": [
      [
        0.0,
        0.0,
        0.0
      ],
      [
        0.0,
        0.0,
        0.7414
      ]
    ],
    "basis": "STO-3G",
    "ansatz": "RY-CZ",
    "optimizer": {
      "name": "Adagrad",
      "stepsize": 0.1,
      "iterations_planned": 50
    },
    "seed": 1,
    "noisy": true,
    "depolarizing_prob": 0.04,
    "amplitude_damping_prob": 0.0
  },
  "energies": [
    1.2665348535477268,
    1.2665348535477268,
    1.2579096978313429,
    1.2359097595061836,
    1.2057140965597064,
    1.171568435561061,
    1.1354704607191661,
    1.097938001568268,
    1.0594966085373558,
    1.0206357029995186,
    0.9817824229483534,
    0.9432626149312943,
    0.9052960062392306,
    0.8680160466038567,
    0.831493990131908,
    0.7957623340360805,
    0.7608338834500649,
    0.7267131290381837,
    0.6934004037308992,
    0.6608924652186817,
    0.6291825600221079,
    0.5982609189962564,
    0.5681158493288271,
    0.5387395888938074,
    0.5101753438782483,
    0.482387157238939,
    0.4550972429292692,
    0.42854144700632457,
    0.40270212643209574,
    0.37753644603109104,
    0.3530180284511134,
    0.3291267699536716,
    0.3058445842544689,
    0.28315419732953545,
    0.26103882387879657,
    0.23948208370673463,
    0.21846798652305977,
    0.19798093535472366,
    0.17800573433926337,
    0.15852759603014321,
    0.1395321520275606,
    0.12100546419573771,
    0.10293405041507317,
    0.08530493064492464,
    0.06810572265046541,
    0.05132480694319015,
    0.03495154946538903,
    0.01897627875637392,
    0.0033890631162818707,
    -0.01182363721696203,
    -0.02668083681462277
  ],
  "final_params": [
    1.6867314481729236,
    1.6860105144950988,
    0.013739306483218517,
    0.018393549779034176
  ],
  "final_state_real": [
    [
      0.1879316059508181,
      0.0016810513702162216,
      0.0011718808555239563,
      -1.0482569618091702e-05,
      0.18505933112192,
      0.0016553673850305385,
      -0.0012364787955321853,
      1.1060403448322516e-05,
      0.18520378765469375,
      0.001656650989762915,
      0.0013259139916748147,
      -1.1860408555884097e-05,
      -0.2094047274196092,
      -0.0018731384899108824,
      0.0013991432021763892,
      -1.2515449803074227e-05
    ],
    [
      0.0016810513702162216,
      0.005164695430407492,
      1.0482569618091704e-05,
      3.200727492757407e-05,
      0.0016553673850305387,
      0.005085760199642919,
      -1.1060403448322516e-05,
      -3.377162154681624e-05,
      0.0016566509897629155,
      0.00508973012258874,
      1.1860408555884097e-05,
      3.621434163874809e-05,
      -0.0018731384899108824,
      -0.005754815074015887,
      1.2515449803074227e-05,
      3.821443188871223e-05
    ],
    [
      0.0011718808555239563,
      1.0482569618091702e-05,
      0.00515767362607463,
      4.5976926470532394e-05,
      0.001236478795532185,
      1.1060403448322514e-05,
      0.0050613915853053556,
      4.543059513613959e-05,
      0.0013259139916748147,
      1.1860408555884097e-05,
      0.005082810239410833,
      4.5309573575891e-05,
      -0.001399143202176389,
      -1.2515449803074227e-05,
      -0.0057272406576813276,
      -5.140719645596453e-05
    ],
    [
      -1.0482569618091704e-05,
      3.200727492757407e-05,
      4.5976926470532394e-05,
      0.0001417420623494913,
      -1.1060403448322513e-05,
      3.3771621546816225e-05,
      4.5430595136139606e-05,
      0.00013909606029211766,
      -1.1860408555884097e-05,
      3.621434163874809e-05,
      4.5309573575891016e-05,
      0.00013968468307552003,
      1.2515449803074224e-05,
      -3.821443188871223e-05,
      -5.140719645596453e-05,
      -0.00015739477936091136
    ],
    [
      0.18505933112192,
      0.0016553673850305385,
      0.0012364787955321853,
      -1.1060403448322516e-05,
      0.2338313457458264,
      0.0020916253132450477,
      -0.001495838102803098,
      1.3380393558026806e-05,
      0.2094047274196092,
      0.0018731384899108824,
      0.0013991432021763892,
      -1.2515449803074227e-05,
      -0.23640191837887867,
      -0.0021146191286023396,
      0.0016497504581410333,
      -1.4757152101618697e-05
    ],
    [
      0.0016553673850305387,
      0.005085760199642919,
      1.1060403448322516e-05,
      3.377162154681624e-05,
      0.0020916253132450477,
      0.006426102074472517,
      -1.3380393558026806e-05,
      -4.085543438812566e-05,
      0.0018731384899108824,
      0.005754815074015887,
      1.2515449803074227e-05,
      3.821443188871223e-05,
      -0.0021146191286023396,
      -0.006496745991254297,
      1.4757152101618697e-05,
      4.505920224458507e-05
    ],
    [
      -0.001236478795532185,
      -1.1060403448322514e-05,
      0.0050613915853053556,
      4.543059513613959e-05,
      -0.001495838102803098,
      -1.3380393558026806e-05,
      0.006417365289893844,
      5.7206165697722024e-05,
      -0.001399143202176389,
      -1.2515449803074227e-05,
      0.0057272406576813276,
      5.140719645596453e-05,
      0.0016497504581410333,
      1.4757152101618697e-05,
      -0.006487913160787218,
      -5.783504889349449e-05
    ],
    [
      1.1060403448322513e-05,
      -3.3771621546816225e-05,
      4.5430595136139606e-05,
      0.00013909606029211766,
      1.3380393558026806e-05,
      -4.085543438812566e-05,
      5.7206165697722024e-05,
      0.00017636063407367535,
      1.2515449803074224e-05,
      -3.821443188871223e-05,
      5.140719645596453e-05,
      0.00015739477936091136,
      -1.4757152101618697e-05,
      4.505920224458507e-05,
      -5.783504889349449e-05,
      -0.00017829941528391704
    ],
    [
      0.18520378765469375,
      0.001656650989762915,
      0.0013259139916748147,
      -1.1860408555884097e-05,
      0.2094047274196092,
      0.0018731384899108824,
      -0.0013991432021763892,
      1.2515449803074227e-05,
      0.2341524328783165,
      0.0020944974430355634,
      0.0014600990183432359,
      -1.3060704539154775e-05,
      -0.23658057218723721,
      -0.0021162281348169635,
      0.0015807193248292303,
      -1.413966299652259e-05
    ],
    [
      0.0016566509897629155,
      0.00508973012258874,
      1.1860408555884097e-05,
      3.621434163874809e-05,
      0.0018731384899108824,
      0.005754815074015887,
      -1.2515449803074227e-05,
      -3.821443188871223e-05,
      0.0020944974430355634,
      0.0064349261210587426,
      1.3060704539154775e-05,
      3.987930213323431e-05,
      -0.0021162281348169635,
      -0.006501655716273598,
      1.413966299652259e-05,
      4.317377297755859e-05
    ],
    [
      0.0013259139916748147,
      1.1860408555884097e-05,
      0.005082810239410833,
      4.5309573575891e-05,
      0.001399143202176389,
      1.2515449803074227e-05,
      0.0057272406576813276,
      5.140719645596453e-05,
      0.0014600990183432359,
      1.3060704539154775e-05,
      0.006426177339503791,
      5.7284718740497514e-05,
      -0.0015807193248292303,
      -1.413966299652259e-05,
      -0.006470502784462812,
      -5.807865038177229e-05
    ],
    [
      -1.1860408555884097e-05,
      3.621434163874809e-05,
      4.5309573575891016e-05,
      0.00013968468307552003,
      -1.2515449803074224e-05,
      3.821443188871223e-05,
      5.140719645596453e-05,
      0.00015739477936091136,
      -1.3060704539154775e-05,
      3.987930213323431e-05,
      5.7284718740497514e-05,
      0.00017660280490025218,
      1.413966299652259e-05,
      -4.317377297755859e-05,
      -5.807865038177229e-05,
      -0.00017782094711679106
    ],
    [
      -0.2094047274196092,
      -0.0018731384899108824,
      -0.0013991432021763892,
      1.2515449803074227e-05,
      -0.23640191837887867,
      -0.0021146191286023396,
      0.0016497504581410333,
      -1.4757152101618697e-05,
      -0.23658057218723721,
      -0.0021162281348169635,
      -0.0015807193248292303,
      1.413966299652259e-05,
