{
  "config": {
    "symbols": [
      "H",
      "H"
    ],
    "geometry": [
      [
        0.0,
        0.0,
        0.0
      ],
      [
        0.0,
        0.0,
        0.7414
      ]
    ],
    "basis": "STO-3G",
    "ansatz": "RY-CZ",
    "optimizer": {
      "name": "GradientDescent",
      "stepsize": 0.1,
      "iterations_planned": 50
    },
    "seed": 8,
    "noisy": true,
    "depolarizing_prob": 0.08,
    "amplitude_damping_prob": 0.0
  },
  "energies": [
    1.1902803882968847,
    1.1902803882968847,
    1.19027501976996,
    1.190268969319537,
    1.1902621503336113,
    1.1902544652000018,
    1.1902458039060344,
    1.19023604247614,
    1.190225041192429,
    1.1902126425926958,
    1.1901986692347593,
    1.1901829211378707,
    1.1901651729340537,
    1.1901451706629171,
    1.1901226281112285,
    1.1900972227703797,
    1.1900685912032918,
    1.1900363238494471,
    1.1899999592452013,
    1.189958977331225,
    1.1899127921716417,
    1.1898607435178736,
    1.1898020874868047,
    1.1897359859134342,
    1.189661494506381,
    1.1895775494161747,
    1.1894829522196844,
    1.1893763528870738,
    1.189256230737195,
    1.1891208729970713,
    1.1889683506679358,
    1.1887964914540319,
    1.1886028492377605,
    1.1883846700890177,
    1.1881388536469237,
    1.187861910295541,
    1.1875499127746787,
    1.1871984420854438,
    1.1868025271920573,
    1.1863565771923765,
    1.18585430555994,
    1.1852886459259204,
    1.1846516579429973,
    1.183934422643898,
    1.1831269259392456,
    1.1822179296505693,
    1.1811948289985992,
    1.1800434945177403,
    1.178748099621958,
    1.1772909296476182,
    1.17565217468455
  ],
  "final_params": [
    -0.2032781093487571,
    0.11176958369118806,
    -0.0034383744300303934,
    0.016928363488918043
  ],
  "final_state_real": [
    [
      0.7929348233812975,
      0.006333552853696305,
      -0.0012859403410519193,
      1.0271512031570183e-05,
      0.04180365905731176,
      0.00033390620850324594,
      6.781892759027166e-05,
      -5.417070360681199e-07,
      -0.07624407285066118,
      -0.0006089981811134613,
      0.0001237358969679712,
      -9.88346592660732e-07,
      0.004025733865898736,
      3.215549934905157e-05,
      6.531030051096388e-06,
      -5.216692532836133e-08
    ],
    [
      0.006333552853696305,
      0.04472901431784448,
      -1.0271512031570181e-05,
      -7.235550299497978e-05,
      0.00033390620850324594,
      0.002358121259625448,
      5.4170703606812e-07,
      3.81594111462446e-06,
      -0.0006089981811134613,
      -0.004300885931135458,
      9.88346592660732e-07,
      6.9621993943582765e-06,
      3.215549934905157e-05,
      0.00022708941821946859,
      5.216692532836133e-08,
      3.6747891744017417e-07
    ],
    [
      -0.0012859403410519193,
      -1.0271512031570181e-05,
      0.04467472058342323,
      0.00035680121897840633,
      -6.781892759027166e-05,
      -5.417070360681199e-07,
      0.0023550125583465665,
      1.88126011446209e-05,
      0.0001237358969679712,
      9.88346592660732e-07,
      -0.004295665356479782,
      -3.4307962433770905e-05,
      -6.531030051096388e-06,
      -5.216692532836133e-08,
      0.0002267900472002907,
      1.8116721655804243e-06
    ],
    [
      1.027151203157018e-05,
      -7.235550299497978e-05,
      0.00035680121897840633,
      0.0025200762505302914,
      5.4170703606812e-07,
      -3.81594111462446e-06,
      1.88126011446209e-05,
      0.00013284495438326045,
      -9.88346592660732e-07,
      6.9621993943582765e-06,
      -3.4307962433770905e-05,
      -0.00024231610413490208,
      5.216692532836133e-08,
      -3.6747891744017417e-07,
      1.811672165580424e-06,
      1.2793100982889298e-05
    ],
    [
      0.04180365905731176,
      0.00033390620850324594,
      -6.781892759027166e-05,
      5.417070360681199e-07,
      0.047145659719453024,
      0.00037657512175114745,
      -6.843489959080468e-05,
      5.466271428667058e-07,
      -0.004025733865898736,
      -3.215549934905157e-05,
      6.531030051096388e-06,
      -5.216692532836133e-08,
      -0.004057540854236513,
      -3.240953568762778e-05,
      7.356986124858424e-06,
      -5.876429029029673e-08
    ],
    [
      0.00033390620850324594,
      0.002358121259625448,
      -5.4170703606812e-07,
      -3.81594111462446e-06,
      0.00037657512175114745,
      0.002659460558969035,
      -5.466271428667058e-07,
      -3.8505997706340624e-06,
      -3.215549934905157e-05,
      -0.00022708941821946859,
      5.216692532836133e-08,
      3.6747891744017417e-07,
      -3.240953568762778e-05,
      -0.00022888363281922748,
      5.876429029029673e-08,
      4.1395266529687796e-07
    ],
    [
      6.781892759027166e-05,
      5.417070360681199e-07,
      0.0023550125583465665,
      1.88126011446209e-05,
      -6.843489959080468e-05,
      -5.466271428667058e-07,
      0.0026562324072314093,
      2.1214390340065816e-05,
      -6.531030051096388e-06,
      -5.216692532836133e-08,
      -0.0002267900472002907,
      -1.8116721655804243e-06,
      7.356986124858424e-06,
      5.876429029029673e-08,
      -0.00022860580538745467,
      -1.8257938485696962e-06
    ],
    [
      -5.4170703606812e-07,
      3.81594111462446e-06,
      1.88126011446209e-05,
      0.00013284495438326045,
      5.466271428667058e-07,
      -3.8505997706340624e-06,
      2.1214390340065816e-05,
      0.00014983659926541516,
      5.216692532836133e-08,
      -3.6747891744017417e-07,
      -1.811672165580424e-06,
      -1.2793100982889298e-05,
      -5.876429029029673e-08,
      4.1395266529687796e-07,
      -1.8257938485696962e-06,
      -1.2895526896793626e-05
    ],
    [
      -0.07624407285066118,
      -0.0006089981811134613,
      0.0001237358969679712,
      -9.88346592660732e-07,
      -0.004025733865898736,
      -3.215549934905157e-05,
      -6.531030051096388e-06,
      5.216692532836133e-08,
      0.05288954689235941,
      0.0004224543187829283,
      -8.57735086962336e-05,
      6.851201400546016e-07,
      0.0019214174674887627,
      1.5347298202808056e-05,
      3.1171546949910283e-06,
      -2.4898427191167107e-08
    ],
    [
      -0.0006089981811134613,
      -0.004300885931135458,
      9.88346592660732e-07,
      6.9621993943582765e-06,
      -3.215549934905157e-05,
      -0.00022708941821946859,
      -5.216692532836133e-08,
      -3.6747891744017417e-07,
      0.0004224543187829283,
      0.0029834700538496363,
      -6.851201400546012e-07,
      -4.8261845182362794e-06,
      1.5347298202808056e-05,
      0.00010838609540110213,
      2.489842719116712e-08,
      1.7539172593709962e-07
    ],
    [
      0.0001237358969679712,
      9.88346592660732e-07,
      -0.004295665356479782,
      -3.4307962433770905e-05,
      6.531030051096388e-06,
      5.216692532836133e-08,
      -0.0002267900472002907,
      -1.8116721655804243e-06,
      -8.577350869623357e-05,
      -6.851201400546012e-07,
      0.002979848607385235,
      2.3798998664149882e-05,
      -3.1171546949910275e-06,
      -2.4898427191167107e-08,
      0.0001082432104701381,
      8.646817351231686e-07
    ],
    [
      -9.88346592660732e-07,
      6.9621993943582765e-06,
      -3.4307962433770905e-05,
      -0.00024231610413490208,
      -5.216692532836133e-08,
      3.6747891744017417e-07,
      -1.811672165580424e-06,
      -1.2793100982889298e-05,
      6.851201400546012e-07,
      -4.826184518236278e-06,
      2.3798998664149882e-05,
      0.00016809160992119806,
      2.4898427191167113e-08,
      -1.7539172593709954e-07,
      8.646817351231686e-07,
      6.105939565476848e-06
    ],
    [
      0.004025733865898736,
      3.215549934905157e-05,
      -6.531030051096388e-06,
      5.216692532836133e-08,
      -0.004057540854236513,
      -3.240953568762778e-05,
      7.356986124858424e-06,
      -5.876429029029673e-08,
      0.0019214174674887622,
      1.5347298202808056e-05,
      -3.1171546949910275e-06,
