{
  "config": {
    "symbols": [
      "H",
      "H"
    ],
    "geometry": [
      [
        0.0,
        0.0,
        0.0
      ],
      [
        0.0,
        0.0,
        0.7414
      ]
    ],
    "basis": "STO-3G",
    "ansatz": "RY-CZ",
    "optimizer": {
      "name": "Nesterov",
      "stepsize": 0.1,
      "iterations_planned": 50
    },
    "seed": 2,
    "noisy": true,
    "depolarizing_prob": 0.0,
    "amplitude_damping_prob": 0.0
  },
  "energies": [
    1.3486788619769152,
    1.3486788619769152,
    1.3486424669547372,
    1.3485757505411542,
    1.3484603411736675,
    1.3482645736259666,
    1.347934934871775,
    1.347381593928947,
    1.3464541600544342,
    1.344901285863095,
    1.3423037026625586,
    1.3379640707422125,
    1.3307281075826525,
    1.3187004974877072,
    1.2988113152020122,
    1.266202635356496,
    1.2134922292574664,
    1.130248012512781,
    1.0036544441169497,
    0.8223737472835948,
    0.5858630636427067,
    0.3173015547973634,
    0.06740495729759405,
    -0.10761896591974643,
    -0.1837298680261033,
    -0.18251820100694394,
    -0.14874165480179632,
    -0.1225709609922565,
    -0.12813768517240293,
    -0.1744634575550976,
    -0.25945336170780775,
    -0.37314681178553316,
    -0.5005265431056418,
    -0.6248786781739888,
    -0.7315965133842199,
    -0.8112662207935395,
    -0.8609053148212507,
    -0.8831595406422128,
    -0.8842310661288391,
    -0.8716312273122107,
    -0.8524960296650718,
    -0.8326439099126701,
    -0.8162137326954213,
    -0.8056566019765306,
    -0.8019196719112789,
    -0.8047310361126618,
    -0.8129352680288344,
    -0.8248455807179205,
    -0.8385828200374006,
    -0.8523718516603692,
    -0.8647680718415656
  ],
  "final_params": [
    -3.4530732417252055,
    2.998950244364876,
    0.00042447860127854426,
    0.000246979162397326
  ],
  "final_state_real": [
    [
      0.00012217677919688913,
      1.5087559371918606e-08,
      2.5930714560155488e-08,
      -3.2021730974929966e-12,
      0.0017101442708403589,
      2.1118500086886651e-07,
      -3.6295982948531465e-07,
      4.4821757562918114e-11,
      0.0007781375917479624,
      9.60918858083473e-08,
      1.6515138075543046e-07,
      -2.0394474947538466e-11,
      -0.010891820468828141,
      -1.3450263550236632e-06,
      2.3116723937027218e-06,
      -2.8546745721795095e-10
    ],
    [
      1.5087559371918602e-08,
      1.8631588411546678e-12,
      3.202173097492996e-12,
      -3.954344981308392e-16,
      2.111850008688665e-07,
      2.607918164818784e-11,
      -4.4821757562918114e-11,
      5.5350128389720624e-15,
      9.60918858083473e-08,
      1.1866362358134012e-11,
      2.0394474947538466e-11,
      -2.518501879812725e-15,
      -1.3450263550236634e-06,
      -1.66096959963757e-10,
      2.8546745721795095e-10,
      -3.525221068344015e-14
    ],
    [
      2.5930714560155488e-08,
      3.2021730974929966e-12,
      5.50351924956067e-12,
      -6.796266871993416e-16,
      3.629598294853147e-07,
      4.482175756291812e-11,
      -7.703430732391322e-11,
      9.512942845115415e-15,
      1.6515138075543043e-07,
      2.0394474947538462e-11,
      3.5051629639789425e-11,
      -4.328507242875547e-15,
      -2.3116723937027213e-06,
      -2.854674572179509e-10,
      4.906275216770409e-10,
      -6.05874412854683e-14
    ],
    [
      -3.202173097492996e-12,
      -3.954344981308392e-16,
      -6.796266871993416e-16,
      8.39269999969433e-20,
      -4.482175756291812e-11,
      -5.535012838972063e-15,
      9.512942845115415e-15,
      -1.1747498314019153e-18,
      -2.0394474947538462e-11,
      -2.5185018798127247e-15,
      -4.3285072428755474e-15,
      5.345267250416723e-19,
      2.854674572179509e-10,
      3.525221068344014e-14,
      -6.05874412854683e-14,
      7.48192095695429e-18
    ],
    [
      0.001710144270840359,
      2.1118500086886654e-07,
      3.629598294853147e-07,
      -4.482175756291812e-11,
      0.02393739175597869,
      2.9560184979601985e-06,
      -5.0804553617010325e-06,
      6.273833081040844e-10,
      0.010891820468828141,
      1.3450263550236632e-06,
      2.3116723937027218e-06,
      -2.8546745721795095e-10,
      -0.15245601084250884,
      -1.882672902586045e-05,
      3.235715760531518e-05,
      -3.995771861770862e-09
    ],
    [
      2.1118500086886651e-07,
      2.6079181648187844e-11,
      4.482175756291812e-11,
      -5.535012838972063e-15,
      2.956018497960198e-06,
      3.6503796693201763e-10,
      -6.273833081040845e-10,
      7.747520075352424e-14,
      1.3450263550236634e-06,
      1.66096959963757e-10,
      2.8546745721795095e-10,
      -3.525221068344015e-14,
      -1.882672902586045e-05,
      -2.324907943682508e-09,
      3.995771861770862e-09,
      -4.934355491405928e-13
    ],
    [
      -3.6295982948531476e-07,
      -4.4821757562918127e-11,
      -7.703430732391323e-11,
      9.512942845115416e-15,
      -5.080455361701033e-06,
      -6.273833081040846e-10,
      1.078272787834775e-09,
      -1.331553374237487e-13,
      -2.3116723937027213e-06,
      -2.854674572179509e-10,
      -4.906275216770409e-10,
      6.05874412854683e-14,
      3.235715760531518e-05,
      3.995771861770862e-09,
      -6.867463653063311e-09,
      8.480594616555352e-13
    ],
    [
      4.4821757562918127e-11,
      5.535012838972064e-15,
      9.512942845115416e-15,
      -1.1747498314019155e-18,
      6.273833081040846e-10,
      7.747520075352425e-14,
      -1.331553374237487e-13,
      1.644333310336605e-17,
      2.854674572179509e-10,
      3.525221068344014e-14,
      6.05874412854683e-14,
      -7.48192095695429e-18,
      -3.995771861770862e-09,
      -4.934355491405928e-13,
      8.480594616555351e-13,
      -1.0472673862922564e-16
    ],
    [
      0.0007781375917479624,
      9.60918858083473e-08,
      1.6515138075543046e-07,
      -2.0394474947538466e-11,
      0.010891820468828141,
      1.3450263550236632e-06,
      -2.3116723937027218e-06,
      2.8546745721795095e-10,
      0.004955918102330632,
      6.120042540226285e-07,
      1.05184060784535e-06,
      -1.298913568108347e-10,
      -0.06936944160082391,
      -8.566403334815698e-06,
      1.4722921992162709e-05,
      -1.8181274800746836e-09
    ],
    [
      9.60918858083473e-08,
      1.1866362358134012e-11,
      2.0394474947538466e-11,
      -2.518501879812725e-15,
      1.3450263550236634e-06,
      1.66096959963757e-10,
      -2.8546745721795095e-10,
      3.525221068344015e-14,
      6.120042540226284e-07,
      7.557624852358915e-11,
      1.2989135681083468e-10,
      -1.6040208298620406e-14,
      -8.566403334815698e-06,
      -1.0578629529614272e-09,
      1.8181274800746836e-09,
      -2.2451950776305355e-13
    ],
    [
      1.6515138075543043e-07,
      2.0394474947538462e-11,
      3.5051629639789425e-11,
      -4.328507242875547e-15,
      2.3116723937027213e-06,
      2.854674572179509e-10,
      -4.906275216770409e-10,
      6.05874412854683e-14,
      1.05184060784535e-06,
      1.298913568108347e-10,
      2.2324201746609212e-10,
      -2.7568038902796445e-14,
      -1.4722921992162709e-05,
      -1.8181274800746836e-09,
      3.124781326513576e-09,
      -3.858782819661959e-13
    ],
    [
      -2.0394474947538462e-11,
      -2.5185018798127247e-15,
      -4.3285072428755474e-15,
      5.345267250416723e-19,
      -2.854674572179509e-10,
      -3.525221068344014e-14,
      6.05874412854683e-14,
      -7.48192095695429e-18,
      -1.2989135681083468e-10,
      -1.6040208298620406e-14,
      -2.7568038902796445e-14,
      3.4043730837663476e-18,
      1.8181274800746836e-09,
      2.2451950776305355e-13,
      -3.8587828196619587e-13,
      4.7651967857055855e-17
    ],
    [
      -0.010891820468828141,
      -1.3450263550236632e-06,
      -2.3116723937027218e-06,
      2.8546745721795095e-10,
      -0.15245601084250884,
      -1.882672902586045e-05,
      3.235715760531518e-05,
      -3.995771861770862e-09,
      -0.06936944160082391,
