{
  "config": {
    "symbols": [
      "H",
      "H"
    ],
    "geometry": [
      [
        0.0,
        0.0,
        0.0
      ],
      [
        0.0,
        0.0,
        0.7414
      ]
    ],
    "basis": "STO-3G",
    "ansatz": "TwoQubit-RY-CNOT",
    "optimizer": {
      "name": "GradientDescent",
      "stepsize": 0.1,
      "iterations_planned": 50
    },
    "seed": 3,
    "noisy": true,
    "depolarizing_prob": 0.08,
    "amplitude_damping_prob": 0.0
  },
  "energies": [
    1.1901249106733633,
    1.1901249106733633,
    1.1900732248420534,
    1.1900080192112692,
    1.1899257588555865,
    1.189821985585301,
    1.189691077275606,
    1.1895259448543791,
    1.1893176509231735,
    1.1890549300935582,
    1.1887235860495016,
    1.1883057346883104,
    1.1877788547960848,
    1.1871146000747408,
    1.1862773144700882,
    1.1852221829484524,
    1.1838929350919372,
    1.1822190059029296,
    1.1801120457639653,
    1.177461660955326,
    1.1741302656749768,
    1.1699469371339652,
    1.1647002070513277,
    1.1581298020649182,
    1.149917493058612,
    1.1396774632748266,
    1.1269469826115979,
    1.1111787442443215,
    1.0917369813071693,
    1.0679004405126473,
    1.0388763230224831,
    1.0038301200202533,
    0.9619363768056655,
    0.9124539686337779,
    0.854825621177172,
    0.7887945095572082,
    0.7145213973563134,
    0.632676498440076,
    0.5444756601782654,
    0.4516358841396998,
    0.3562428276010275,
    0.2605486449918266,
    0.16674169176042294,
    0.07673877894657197,
    -0.007958957713376902,
    -0.08632839568873135,
    -0.1578113441365037,
    -0.22224861212958988,
    -0.27978830710186764,
    -0.3307910262376794,
    -0.3757463167454894
  ],
  "final_params": [
    -2.2320109576863905
  ],
  "final_state_real": [
    [
      0.04565689027137546,
      0.0,
      0.0,
      0.0,
      0.04411286767821038,
      0.0,
      0.0,
      0.0,
      -0.04411286767821036,
      0.0,
      0.0,
      0.0,
      0.11137483394993485,
      0.0,
      0.0,
      0.0
    ],
    [
      0.0,
      0.0025722191702192703,
      0.0,
      0.0,
      0.0,
      0.0024852319818719094,
      0.0,
      0.0,
      0.0,
      -0.002485231981871909,
      0.0,
      0.0,
      0.0,
      0.006274638532392973,
      0.0,
      0.0
    ],
    [
      0.0,
      0.0,
      0.00257221917021927,
      0.0,
      0.0,
      0.0,
      0.00248523198187191,
      0.0,
      0.0,
      0.0,
      -0.0024852319818719094,
      0.0,
      0.0,
      0.0,
      0.0062746385323929725,
      0.0
    ],
    [
      0.0,
      0.0,
      0.0,
      0.0001449137560687439,
      0.0,
      0.0,
      0.0,
      0.00014001306940128518,
      0.0,
      0.0,
      0.0,
      -0.00014001306940128515,
      0.0,
      0.0,
      0.0,
      0.0003535007623884649
    ],
    [
      0.04411286767821038,
      0.0,
      0.0,
      0.0,
      0.15662185419687416,
      0.0,
      0.0,
      0.0,
      -0.11137483394993482,
      0.0,
      0.0,
      0.0,
      0.2381177715562775,
      0.0,
      0.0,
      0.0
    ],
    [
      0.0,
      0.0024852319818719094,
      0.0,
      0.0,
      0.0,
      0.00882376643362992,
      0.0,
      0.0,
      0.0,
      -0.0062746385323929725,
      0.0,
      0.0,
      0.0,
      0.013415085721485295,
      0.0,
      0.0
    ],
    [
      0.0,
      0.0,
      0.00248523198187191,
      0.0,
      0.0,
      0.0,
      0.00882376643362992,
      0.0,
      0.0,
      0.0,
      -0.006274638532392972,
      0.0,
      0.0,
      0.0,
      0.013415085721485292,
      0.0
    ],
    [
      0.0,
      0.0,
      0.0,
      0.00014001306940128518,
      0.0,
      0.0,
      0.0,
      0.0004971136018948238,
      0.0,
      0.0,
      0.0,
      -0.0003535007623884648,
      0.0,
      0.0,
      0.0,
      0.0007557794772670514
    ],
    [
      -0.04411286767821036,
      0.0,
      0.0,
      0.0,
      -0.11137483394993485,
      0.0,
      0.0,
      0.0,
      0.1566218541968741,
      0.0,
      0.0,
      0.0,
      -0.2381177715562775,
      0.0,
      0.0,
      0.0
    ],
    [
      0.0,
      -0.002485231981871909,
      0.0,
      0.0,
      0.0,
      -0.006274638532392973,
      0.0,
      0.0,
      0.0,
      0.008823766433629915,
      0.0,
      0.0,
      0.0,
      -0.013415085721485295,
      0.0,
      0.0
    ],
    [
      0.0,
      0.0,
      -0.0024852319818719094,
      0.0,
      0.0,
      0.0,
      -0.0062746385323929725,
      0.0,
      0.0,
      0.0,
      0.008823766433629915,
      0.0,
      0.0,
      0.0,
      -0.013415085721485292,
      0.0
    ],
    [
      0.0,
      0.0,
      0.0,
      -0.00014001306940128515,
      0.0,
      0.0,
      0.0,
      -0.0003535007623884649,
      0.0,
      0.0,
      0.0,
      0.0004971136018948235,
      0.0,
      0.0,
      0.0,
      -0.0007557794772670514
    ],
    [
      0.11137483394993482,
      0.0,
      0.0,
      0.0,
      0.2381177715562775,
      0.0,
      0.0,
      0.0,
      -0.2381177715562775,
      0.0,
      0.0,
      0.0,
      0.5372771791127924,
      0.0,
      0.0,
      0.0
    ],
    [
      0.0,
      0.0062746385323929725,
      0.0,
      0.0,
      0.0,
      0.013415085721485295,
      0.0,
      0.0,
      0.0,
      -0.013415085721485295,
      0.0,
      0.0,
      0.0,
      0.030269136851435913,
      0.0,
      0.0
    ],
    [
      0.0,
      0.0,
      0.006274638532392972,
      0.0,
      0.0,
      0.0,
      0.013415085721485292,
      0.0,
      0.0,
      0.0,
      -0.013415085721485292,
      0.0,
      0.0,
      0.0,
      0.03026913685143591,
      0.0
    ],
    [
      0.0,
      0.0,
      0.0,
      0.0003535007623884648,
      0.0,
      0.0,
      0.0,
      0.0007557794772670514,
      0.0,
      0.0,
      0.0,
      -0.0007557794772670514,
      0.0,
      0.0,
      0.0,
      0.0017053034845885577
    ]
  ],