{
  "config": {
    "symbols": [
      "H",
      "H"
    ],
    "geometry": [
      [
        0.0,
        0.0,
        0.0
      ],
      [
        0.0,
        0.0,
        0.7414
      ]
    ],
    "basis": "STO-3G",
    "ansatz": "RY-CZ",
    "optimizer": {
      "name": "Adagrad",
      "stepsize": 0.1,
      "iterations_planned": 50
    },
    "seed": 2,
    "noisy": true,
    "depolarizing_prob": 0.06,
    "amplitude_damping_prob": 0.0
  },
  "energies": [
    1.2275666888617343,
    1.2275666888617343,
    1.2190339728828654,
    1.1980150714926185,
    1.1695371144442728,
    1.1366403800909572,
    1.101273204128098,
    1.0647304941165359,
    1.0277136562151492,
    0.9906569853103896,
    0.9538237458461312,
    0.9173959306407272,
    0.8815024871082058,
    0.8462602979986547,
    0.8117623408954342,
    0.77786043955476,
    0.7446184353998426,
    0.7121579980264527,
    0.6804711738220663,
    0.6495442221453961,
    0.6193676955423183,
    0.58993209404532,
    0.5612266059475327,
    0.533239176035471,
    0.5059569430003965,
    0.4793666881209385,
    0.4534547070843751,
    0.4282049268303696,
    0.40359539423835455,
    0.3795997409996271,
    0.35619775046109986,
    0.3333795233132878,
    0.3111369235514082,
    0.28945778249856047,
    0.2683268806646023,
    0.2477281759742172,
    0.22764589839157726,
    0.20806485031946195,
    0.18897040463260636,
    0.17034845480659316,
    0.15218536282189687,
    0.13446793119689932,
    0.11718337939195464,
    0.1003193360797616,
    0.08386382339833173,
    0.06780524775484001,
    0.05213236741893612,
    0.0368342492331126,
    0.021900182762233045,
    0.007319585712979942,
    -0.006918082223901112
  ],
  "final_params": [
    1.6849306332102663,
    1.6870192117236,
    -0.010861404638939285,
    -0.01086980168924278
  ],
  "final_state_real": [
    [
      0.18424453789742115,
      -0.0009596337538609074,
      -0.0008630618165027313,
      -4.495261213934201e-06,
      0.16970747387031637,
      -0.0008839221102319204,
      0.0008832370840557499,
      4.60034418247443e-06,
      0.1693120098669786,
      -0.0008818579994639717,
      -0.0009790187325686556,
      -5.099223314112366e-06,
      -0.1924233768304737,
      0.0010022379888579226,
      -0.0010014612696773837,
      -5.216115365965554e-06
    ],
    [
      -0.0009596337538609076,
      0.00768228863997007,
      4.495261213934201e-06,
      -3.593545950062824e-05,
      -0.0008839221102319204,
      0.007076148978472361,
      -4.60034418247443e-06,
      3.6775500730819255e-05,
      -0.0008818579994639717,
      0.007059659650457385,
      5.0992233141123664e-06,
      -4.076357839249392e-05,
      0.0010022379888579224,
      -0.008023314768291535,
      5.216115365965554e-06,
      -4.169802233143454e-05
    ],
    [
      -0.0008630618165027313,
      4.495261213934201e-06,
      0.007682280249107569,
      -3.995648626440434e-05,
      -0.0008832370840557499,
      4.60034418247443e-06,
      0.007066148227263068,
      -3.685611224450419e-05,
      -0.0009790187325686554,
      5.099223314112366e-06,
      0.007059651939651886,
      -3.671811970032527e-05,
      0.0010014612696773837,
      -5.216115365965554e-06,
      -0.008011975383674898,
      4.178942396107949e-05
    ],
    [
      -4.495261213934201e-06,
      -3.593545950062824e-05,
      -3.9956486264404354e-05,
      0.0003203215409275456,
      -4.60034418247443e-06,
      -3.6775500730819255e-05,
      -3.685611224450419e-05,
      0.0002946312052130992,
      -5.099223314112366e-06,
      -4.0763578392493916e-05,
      -3.671811970032527e-05,
      0.0002943603350039366,
      5.216115365965554e-06,
      4.169802233143454e-05,
      4.1789423961079475e-05,
      -0.000334068560056819
    ],
    [
      0.1697074738703164,
      -0.0008839221102319204,
      -0.00088323708405575,
      -4.600344182474432e-06,
      0.22825146666617688,
      -0.0011888429056337677,
      0.001112009730715052,
      5.791907504675209e-06,
      0.1924233768304737,
      -0.0010022379888579226,
      -0.0010014612696773837,
      -5.216115365965554e-06,
      -0.21814961442962552,
      0.0011362276232848984,
      -0.0012128579992253057,
      -6.3171761485408e-06
    ],
    [
      -0.0008839221102319204,
      0.007076148978472363,
      4.600344182474432e-06,
      -3.677550073081926e-05,
      -0.0011888429056337677,
      0.009517208322356576,
      -5.791907504675209e-06,
      4.6300948412179934e-05,
      -0.0010022379888579224,
      0.008023314768291535,
      5.216115365965554e-06,
      -4.169802233143454e-05,
      0.0011362276232848984,
      -0.009095999935040794,
      6.3171761485408e-06,
      -5.0499985838541625e-05
    ],
    [
      0.0008832370840557499,
      -4.60034418247443e-06,
      0.007066148227263069,
      -3.685611224450419e-05,
      0.001112009730715052,
      -5.791907504675209e-06,
      0.009517197927331057,
      -4.950011922608479e-05,
      0.0010014612696773837,
      -5.216115365965554e-06,
      0.008011975383674898,
      -4.178942396107949e-05,
      -0.0012128579992253057,
      6.3171761485408015e-06,
      -0.009095990000073703,
      4.730936489088964e-05
    ],
    [
      4.60034418247443e-06,
      3.6775500730819255e-05,
      -3.685611224450419e-05,
      0.0002946312052130993,
      5.791907504675209e-06,
      4.6300948412179934e-05,
      -4.950011922608479e-05,
      0.0003968305511569006,
      5.216115365965554e-06,
      4.169802233143454e-05,
      -4.1789423961079475e-05,
      0.000334068560056819,
      -6.3171761485408015e-06,
      -5.0499985838541625e-05,
      4.730936489088964e-05,
      -0.0003792678005236303
    ],
    [
      0.1693120098669786,
      -0.0008818579994639717,
      -0.0009790187325686556,
      -5.099223314112366e-06,
      0.1924233768304737,
      -0.0010022379888579226,
      0.0010014612696773837,
      5.216115365965554e-06,
      0.22737195953492206,
      -0.0011842620114615712,
      -0.001065084797939847,
      -5.5474987888249255e-06,
      -0.21765958768929694,
      0.0011336809020535705,
      -0.001132802316616753,
      -5.900205778511561e-06
    ],
    [
      -0.0008818579994639717,
      0.007059659650457385,
      5.0992233141123664e-06,
      -4.076357839249392e-05,
      -0.0010022379888579224,
      0.008023314768291535,
      -5.216115365965554e-06,
      4.169802233143454e-05,
      -0.0011842620114615712,
      0.009480536257500179,
      5.5474987888249255e-06,
      -4.4347126578019626e-05,
      0.0011336809020535705,
      -0.009075567704574326,
      5.900205778511561e-06,
      -4.7166693037068606e-05
    ],
    [
      -0.0009790187325686554,
      5.099223314112366e-06,
      0.007059651939651886,
      -3.671811970032527e-05,
      -0.0010014612696773837,
      5.216115365965554e-06,
      0.008011975383674898,
      -4.178942396107949e-05,
      -0.0010650847979398468,
      5.547498788824925e-06,
      0.009480525902529157,
      -4.930938350598985e-05,
      0.001132802316616753,
      -5.900205778511561e-06,
      -0.009062741166442827,
      4.7270081935810235e-05
    ],
    [
      -5.099223314112366e-06,
      -4.0763578392493916e-05,
      -3.671811970032527e-05,
      0.0002943603350039366,
      -5.216115365965554e-06,
      -4.169802233143454e-05,
      -4.1789423961079475e-05,
      0.000334068560056819,
      -5.547498788824925e-06,
      -4.4347126578019626e-05,
      -4.930938350598985e-05,
      0.00039530146876045426,
      5.900205778511561e-06,
      4.7166693037068606e-05,
      4.7270081935810235e-05,
      -0.0003778814520336852
    ],
    [
      -0.1924233768304737,
      0.0010022379888579226,
      0.0010014612696773837,
      5.216115365965554e-06,
      -0.21814961442962552,
      0.0011362276232848984,
      -0.0012128579992253057,
      -6.3171761485408e-06,
      -0.217659587689297,
      0.001133680902053571,
      0.001132802316616753,
      5.900205778511561e-06,
      0.28167990125983006,
