{
  "config": {
    "symbols": [
      "H",
      "H"
    ],
    "geometry": [
      [
        0.0,
        0.0,
        0.0
      ],
      [
        0.0,
        0.0,
        0.7414
      ]
    ],
    "basis": "STO-3G",
    "ansatz": "TwoQubit-RY-CNOT",
    "optimizer": {
      "name": "Adagrad",
      "stepsize": 0.1,
      "iterations_planned": 50
    },
    "seed": 3,
    "noisy": true,
    "depolarizing_prob": 0.06,
    "amplitude_damping_prob": 0.0
  },
  "energies": [
    1.2276776196197219,
    1.2276776196197219,
    1.2197275114279418,
    1.199138039437138,
    1.1706054663626606,
    1.1377475070385028,
    1.1025652785468198,
    1.0661921169680981,
    1.0293079659155437,
    0.9923416236734115,
    0.9555737587902494,
    0.9191928033087923,
    0.8833271376465869,
    0.8480646007056415,
    0.8134648497578053,
    0.7795674838241355,
    0.7463975554590464,
    0.7139694105519148,
    0.6822894255951298,
    0.6513579992683121,
    0.621171023435241,
    0.5917209874509262,
    0.5629978171104847,
    0.5349895175010488,
    0.5076826726752133,
    0.4810628328939869,
    0.4551148214296271,
    0.429822974042669,
    0.40517132956980567,
    0.38114378090370454,
    0.3577241943199626,
    0.3348965043570148,
    0.31264478851644817,
    0.2909533266644453,
    0.2698066463981113,
    0.24918955865194162,
    0.2290871848818087,
    0.2094849768797487,
    0.1903687312530677,
    0.1717245989551643,
    0.1535390916979801,
    0.13579908436356725,
    0.11849181584363358,
    0.10160488713643054,
    0.08512625828089847,
    0.06904424365454945,
    0.05334750623807209,
    0.03802505145997262,
    0.023066219926007575,
    0.008460679872110272,
    -0.005801580811217816
  ],
  "final_params": [
    -1.6847715343137981
  ],
  "final_state_real": [
    [
      0.18470865490803604,
      0.0,
      0.0,
      0.0,
      0.16979488674499682,
      0.0,
      0.0,
      0.0,
      -0.16979488674499688,
      0.0,
      0.0,
      0.0,
      0.19248825528214117,
      0.0,
      0.0,
      0.0
    ],
    [
      0.0,
      0.007696193954505262,
      0.0,
      0.0,
      0.0,
      0.007074786947711658,
      0.0,
      0.0,
      0.0,
      -0.00707478694771166,
      0.0,
      0.0,
      0.0,
      0.008020343970093135,
      0.0,
      0.0
    ],
    [
      0.0,
      0.0,
      0.007696193954505264,
      0.0,
      0.0,
      0.0,
      0.007074786947711657,
      0.0,
      0.0,
      0.0,
      -0.007074786947711659,
      0.0,
      0.0,
      0.0,
      0.008020343970093139,
      0.0
    ],
    [
      0.0,
      0.0,
      0.0,
      0.00032067474810454263,
      0.0,
      0.0,
      0.0,
      0.00029478278948812976,
      0.0,
      0.0,
      0.0,
      -0.00029478278948812987,
      0.0,
      0.0,
      0.0,
      0.00033418099875404393
    ],
    [
      0.1697948867449968,
      0.0,
      0.0,
      0.0,
      0.22787769528216428,
      0.0,
      0.0,
      0.0,
      -0.1924882552821412,
      0.0,
      0.0,
      0.0,
      0.21769571936562818,
      0.0,
      0.0,
      0.0
    ],
    [
      0.0,
      0.007074786947711657,
      0.0,
      0.0,
      0.0,
      0.00949490397009482,
      0.0,
      0.0,
      0.0,
      -0.008020343970093137,
      0.0,
      0.0,
      0.0,
      0.009070654973572274,
      0.0,
      0.0
    ],
    [
      0.0,
      0.0,
      0.007074786947711655,
      0.0,
      0.0,
      0.0,
      0.00949490397009482,
      0.0,
      0.0,
      0.0,
      -0.008020343970093139,
      0.0,
      0.0,
      0.0,
      0.009070654973572272,
      0.0
    ],
    [
      0.0,
      0.0,
      0.0,
      0.0002947827894881297,
      0.0,
      0.0,
      0.0,
      0.0003956209987541441,
      0.0,
      0.0,
      0.0,
      -0.00033418099875404393,
      0.0,
      0.0,
      0.0,
      0.0003779439572323627
    ],
    [
      -0.16979488674499688,
      0.0,
      0.0,
      0.0,
      -0.19248825528214117,
      0.0,
      0.0,
      0.0,
      0.22787769528216423,
      0.0,
      0.0,
      0.0,
      -0.21769571936562823,
      0.0,
      0.0,
      0.0
    ],
    [
      0.0,
      -0.00707478694771166,
      0.0,
      0.0,
      0.0,
      -0.008020343970093135,
      0.0,
      0.0,
      0.0,
      0.009494903970094818,
      0.0,
      0.0,
      0.0,
      -0.009070654973572276,
      0.0,
      0.0
    ],
    [
      0.0,
      0.0,
      -0.007074786947711659,
      0.0,
      0.0,
      0.0,
      -0.008020343970093139,
      0.0,
      0.0,
      0.0,
      0.009494903970094818,
      0.0,
      0.0,
      0.0,
      -0.009070654973572276,
      0.0
    ],
    [
      0.0,
      0.0,
      0.0,
      -0.00029478278948812987,
      0.0,
      0.0,
      0.0,
      -0.00033418099875404393,
      0.0,
      0.0,
      0.0,
      0.00039562099875414407,
      0.0,
      0.0,
      0.0,
      -0.0003779439572323628
    ],
    [
      0.1924882552821412,
      0.0,
      0.0,
      0.0,
      0.21769571936562818,
      0.0,
      0.0,
      0.0,
      -0.21769571936562823,
      0.0,
      0.0,
      0.0,
      0.28113595452776846,
      0.0,
      0.0,
      0.0
    ],
    [
      0.0,
      0.008020343970093137,
      0.0,
      0.0,
      0.0,
      0.009070654973572274,
      0.0,
      0.0,
      0.0,
      -0.009070654973572276,
      0.0,
      0.0,
      0.0,
      0.01171399810532941,
      0.0,
      0.0
    ],
    [
      0.0,
      0.0,
      0.008020343970093139,
      0.0,
      0.0,
      0.0,
      0.009070654973572272,
      0.0,
      0.0,
      0.0,
      -0.009070654973572276,
      0.0,
      0.0,
      0.0,
      0.01171399810532941,
      0.0
    ],
    [
      0.0,
      0.0,
      0.0,
      0.00033418099875404393,
      0.0,
      0.0,
      0.0,
      0.0003779439572323627,
      0.0,
      0.0,
      0.0,
      -0.0003779439572323628,
      0.0,
      0.0,
      0.0,
      0.00048808325438896383
    ]
  ],