{
  "config": {
    "symbols": [
      "H",
      "H"
    ],
    "geometry": [
      [
        0.0,
        0.0,
        0.0
      ],
      [
        0.0,
        0.0,
        0.7414
      ]
    ],
    "basis": "STO-3G",
    "ansatz": "TwoQubit-RY-CNOT",
    "optimizer": {
      "name": "Adam",
      "stepsize": 0.1,
      "iterations_planned": 50
    },
    "seed": 0,
    "noisy": true,
    "depolarizing_prob": 0.1,
    "amplitude_damping_prob": 0.0
  },
  "energies": [
    1.1542984452575642,
    1.1542984452575642,
    1.1475502238846809,
    1.134050988579481,
    1.1113845544441434,
    1.0793158064207247,
    1.0378092318735739,
    0.9870052262758632,
    0.9272281310928457,
    0.8589940720979784,
    0.7830134996167389,
    0.7001867550137263,
    0.6115915975776325,
    0.5184620088768903,
    0.4221580934423521,
    0.3241275519056932,
    0.2258599890020659,
    0.12883617032793276,
    0.034475154817682915,
    -0.05591713255697356,
    -0.14119401939177953,
    -0.22040519751609847,
    -0.2928218521260183,
    -0.35794807617599866,
    -0.41551843048412807,
    -0.46548315922809946,
    -0.5079839332905142,
    -0.5433237744685894,
    -0.5719348709611607,
    -0.5943473832932763,
    -0.6111612892007314,
    -0.6230221418325146,
    -0.6306006153479172,
    -0.634575080450382,
    -0.6356162492542483,
    -0.6343730922074572,
    -0.6314596186897554,
    -0.6274425640741282,
    -0.6228303978280486,
    -0.6180642705401524,
    -0.6135115260677939,
    -0.6094622460069941,
    -0.6061290305066803,
    -0.603649924275349,
    -0.6020941325766527,
    -0.6014699790743532,
    -0.6017344510071678,
    -0.6028036521887848,
    -0.6045635239517855,
    -0.606880278048125,
    -0.6096100914752597
  ],
  "final_params": [
    -3.414293395341376
  ],
  "final_state_real": [
    [
      0.005954846805128343,
      0.0,
      0.0,
      0.0,
      0.004899415444577993,
      0.0,
      0.0,
      0.0,
      -0.004899415444577991,
      0.0,
      0.0,
      0.0,
      0.011865827679079602,
      0.0,
      0.0,
      0.0
    ],
    [
      0.0,
      0.0004253462003664325,
      0.0,
      0.0,
      0.0,
      0.00034995824604138587,
      0.0,
      0.0,
      0.0,
      -0.0003499582460413857,
      0.0,
      0.0,
      0.0,
      0.0008475591199345008,
      0.0,
      0.0
    ],
    [
      0.0,
      0.0,
      0.0004253462003664326,
      0.0,
      0.0,
      0.0,
      0.0003499582460413858,
      0.0,
      0.0,
      0.0,
      -0.0003499582460413857,
      0.0,
      0.0,
      0.0,
      0.0008475591199345008,
      0.0
    ],
    [
      0.0,
      0.0,
      0.0,
      3.038187145475392e-05,
      0.0,
      0.0,
      0.0,
      2.4997017574391888e-05,
      0.0,
      0.0,
      0.0,
      -2.4997017574391877e-05,
      0.0,
      0.0,
      0.0,
      6.0539937138196035e-05
    ],
    [
      0.004899415444577993,
      0.0,
      0.0,
      0.0,
      0.06606829681490978,
      0.0,
      0.0,
      0.0,
      -0.011865827679079602,
      0.0,
      0.0,
      0.0,
      -0.09301198945982342,
      0.0,
      0.0,
      0.0
    ],
    [
      0.0,
      0.00034995824604138587,
      0.0,
      0.0,
      0.0,
      0.004719164058209198,
      0.0,
      0.0,
      0.0,
      -0.0008475591199345008,
      0.0,
      0.0,
      0.0,
      -0.006643713532846438,
      0.0,
      0.0
    ],
    [
      0.0,
      0.0,
      0.0003499582460413858,
      0.0,
      0.0,
      0.0,
      0.004719164058209197,
      0.0,
      0.0,
      0.0,
      -0.000847559119934501,
      0.0,
      0.0,
      0.0,
      -0.006643713532846439,
      0.0
    ],
    [
      0.0,
      0.0,
      0.0,
      2.4997017574391888e-05,
      0.0,
      0.0,
      0.0,
      0.0003370831470150395,
      0.0,
      0.0,
      0.0,
      -6.0539937138196055e-05,
      0.0,
      0.0,
      0.0,
      -0.000474550966632025
    ],
    [
      -0.004899415444577991,
      0.0,
      0.0,
      0.0,
      -0.011865827679079602,
      0.0,
      0.0,
      0.0,
      0.06606829681490978,
      0.0,
      0.0,
      0.0,
      0.0930119894598234,
      0.0,
      0.0,
      0.0
    ],
    [
      0.0,
      -0.0003499582460413857,
      0.0,
      0.0,
      0.0,
      -0.0008475591199345008,
      0.0,
      0.0,
      0.0,
      0.004719164058209198,
      0.0,
      0.0,
      0.0,
      0.006643713532846438,
      0.0,
      0.0
    ],
    [
      0.0,
      0.0,
      -0.0003499582460413857,
      0.0,
      0.0,
      0.0,
      -0.0008475591199345008,
      0.0,
      0.0,
      0.0,
      0.004719164058209197,
      0.0,
      0.0,
      0.0,
      0.006643713532846438,
      0.0
    ],
    [
      0.0,
      0.0,
      0.0,
      -2.4997017574391877e-05,
      0.0,
      0.0,
      0.0,
      -6.0539937138196035e-05,
      0.0,
      0.0,
      0.0,
      0.0003370831470150395,
      0.0,
      0.0,
      0.0,
      0.0004745509666320249
    ],
    [
      0.011865827679079602,
      0.0,
      0.0,
      0.0,
      -0.09301198945982342,
      0.0,
      0.0,
      0.0,
      0.0930119894598234,
      0.0,
      0.0,
      0.0,
      0.7330196706763032,
      0.0,
      0.0,
      0.0
    ],
    [
      0.0,
      0.0008475591199345008,
      0.0,
      0.0,
      0.0,
      -0.006643713532846438,
      0.0,
      0.0,
      0.0,
      0.006643713532846438,
      0.0,
      0.0,
      0.0,
      0.05235854790546529,
      0.0,
      0.0
    ],
    [
      0.0,
      0.0,
      0.000847559119934501,
      0.0,
      0.0,
      0.0,
      -0.006643713532846439,
      0.0,
      0.0,
      0.0,
      0.006643713532846438,
      0.0,
      0.0,
      0.0,
      0.052358547905465284,
      0.0
    ],
    [
      0.0,
      0.0,
      0.0,
      6.0539937138196055e-05,
      0.0,
      0.0,
      0.0,
      -0.000474550966632025,
      0.0,
      0.0,
      0.0,
      0.0004745509666320249,
      0.0,
      0.0,
      0.0,
      0.003739896278962882
    ]
  ],