{
  "config": {
    "symbols": [
      "H",
      "H"
    ],
    "geometry": [
      [
        0.0,
        0.0,
        0.0
      ],
      [
        0.0,
        0.0,
        0.7414
      ]
    ],
    "basis": "STO-3G",
    "ansatz": "TwoQubit-RY-CNOT",
    "optimizer": {
      "name": "GradientDescent",
      "stepsize": 0.1,
      "iterations_planned": 50
    },
    "seed": 3,
    "noisy": true,
    "depolarizing_prob": 0.0,
    "amplitude_damping_prob": 0.0
  },
  "energies": [
    1.3487981687465385,
    1.3487981687465385,
    1.348797721330715,
    1.3487971308916387,
    1.3487963517076569,
    1.3487953234463985,
    1.3487939664885091,
    1.348792175755593,
    1.348789812590176,
    1.348786694010967,
    1.3487825785422614,
    1.3487771475265304,
    1.3487699804369304,
    1.3487605223505215,
    1.3487480409832362,
    1.348731569976222,
    1.3487098341589019,
    1.3486811508800565,
    1.3486432998088311,
    1.3485933512734536,
    1.348527439735241,
    1.3484404653255218,
    1.348325699964631,
    1.348174268638014,
    1.3479744657744583,
    1.3477108552201753,
    1.347363086171661,
    1.346904336645427,
    1.3462992703646353,
    1.3455013587989493,
    1.3444493805049995,
    1.3430628564248437,
    1.3412361244896422,
    1.338830687448266,
    1.33566540318867,
    1.3315040353426866,
    1.3260396691874439,
    1.3188755762199178,
    1.3095023655351243,
    1.2972718165076078,
    1.2813688510503367,
    1.2607849304043406,
    1.2342990348341178,
    1.2004764637013214,
    1.1577006714982299,
    1.104257936249584,
    1.0384956763041386,
    0.9590674827338301,
    0.8652551820606426,
    0.757318253163649,
    0.6367731582141825
  ],
  "final_params": [
    -1.1731795298957564
  ],
  "final_state_real": [
    [
      0.4810963324412105,
      0.0,
      0.0,
      0.0,
      0.3197500060722771,
      0.0,
      0.0,
      0.0,
      -0.3197500060722771,
      0.0,
      0.0,
      0.0,
      0.21251474910322704,
      0.0,
      0.0,
      0.0
    ],
    [
      0.0,
      9.621926648824112e-15,
      0.0,
      0.0,
      0.0,
      6.395000121445478e-15,
      0.0,
      0.0,
      0.0,
      -6.395000121445478e-15,
      0.0,
      0.0,
      0.0,
      4.250294982064498e-15,
      0.0,
      0.0
    ],
    [
      0.0,
      0.0,
      9.621926648824114e-15,
      0.0,
      0.0,
      0.0,
      6.395000121445479e-15,
      0.0,
      0.0,
      0.0,
      -6.395000121445479e-15,
      0.0,
      0.0,
      0.0,
      4.250294982064498e-15,
      0.0
    ],
    [
      0.0,
      0.0,
      0.0,
      1.9243853297648032e-28,
      0.0,
      0.0,
      0.0,
      1.2790000242890826e-28,
      0.0,
      0.0,
      0.0,
      -1.2790000242890826e-28,
      0.0,
      0.0,
      0.0,
      8.500589964128911e-29
    ],
    [
      0.31975000607227705,
      0.0,
      0.0,
      0.0,
      0.212514749103248,
      0.0,
      0.0,
      0.0,
      -0.212514749103227,
      0.0,
      0.0,
      0.0,
      0.141243214163374,
      0.0,
      0.0,
      0.0
    ],
    [
      0.0,
      6.395000121445476e-15,
      0.0,
      0.0,
      0.0,
      4.2502949820649166e-15,
      0.0,
      0.0,
      0.0,
      -4.250294982064497e-15,
      0.0,
      0.0,
      0.0,
      2.824864283267451e-15,
      0.0,
      0.0
    ],
    [
      0.0,
      0.0,
      6.395000121445478e-15,
      0.0,
      0.0,
      0.0,
      4.2502949820649166e-15,
      0.0,
      0.0,
      0.0,
      -4.250294982064497e-15,
      0.0,
      0.0,
      0.0,
      2.824864283267451e-15,
      0.0
    ],
    [
      0.0,
      0.0,
      0.0,
      1.2790000242890826e-28,
      0.0,
      0.0,
      0.0,
      8.500589964129748e-29,
      0.0,
      0.0,
      0.0,
      -8.500589964128909e-29,
      0.0,
      0.0,
      0.0,
      5.649728566534846e-29
    ],
    [
      -0.3197500060722771,
      0.0,
      0.0,
      0.0,
      -0.21251474910322704,
      0.0,
      0.0,
      0.0,
      0.21251474910324805,
      0.0,
      0.0,
      0.0,
      -0.14124321416337401,
      0.0,
      0.0,
      0.0
    ],
    [
      0.0,
      -6.395000121445478e-15,
      0.0,
      0.0,
      0.0,
      -4.250294982064498e-15,
      0.0,
      0.0,
      0.0,
      4.250294982064918e-15,
      0.0,
      0.0,
      0.0,
      -2.8248642832674515e-15,
      0.0,
      0.0
    ],
    [
      0.0,
      0.0,
      -6.395000121445479e-15,
      0.0,
      0.0,
      0.0,
      -4.250294982064498e-15,
      0.0,
      0.0,
      0.0,
      4.250294982064917e-15,
      0.0,
      0.0,
      0.0,
      -2.8248642832674515e-15,
      0.0
    ],
    [
      0.0,
      0.0,
      0.0,
      -1.2790000242890826e-28,
      0.0,
      0.0,
      0.0,
      -8.500589964128911e-29,
      0.0,
      0.0,
      0.0,
      8.50058996412975e-29,
      0.0,
      0.0,
      0.0,
      -5.649728566534847e-29
    ],
    [
      0.212514749103227,
      0.0,
      0.0,
      0.0,
      0.141243214163374,
      0.0,
      0.0,
      0.0,
      -0.141243214163374,
      0.0,
      0.0,
      0.0,
      0.09387416935242442,
      0.0,
      0.0,
      0.0
    ],
    [
      0.0,
      4.250294982064497e-15,
      0.0,
      0.0,
      0.0,
      2.824864283267451e-15,
      0.0,
      0.0,
      0.0,
      -2.824864283267451e-15,
      0.0,
      0.0,
      0.0,
      1.877483387048469e-15,
      0.0,
      0.0
    ],
    [
      0.0,
      0.0,
      4.250294982064497e-15,
      0.0,
      0.0,
      0.0,
      2.824864283267451e-15,
      0.0,
      0.0,
      0.0,
      -2.824864283267451e-15,
      0.0,
      0.0,
      0.0,
      1.8774833870484687e-15,
      0.0
    ],
    [
      0.0,
      0.0,
      0.0,
      8.500589964128909e-29,
      0.0,
      0.0,
      0.0,
      5.649728566534846e-29,
      0.0,
      0.0,
      0.0,
      -5.649728566534846e-29,
      0.0,
      0.0,
      0.0,
      3.7549667740969e-29
    ]
  ],