{
  "config": {
    "symbols": [
      "H",
      "H"
    ],
    "geometry": [
      [
        0.0,
        0.0,
        0.0
      ],
      [
        0.0,
        0.0,
        0.7414
      ]
    ],
    "basis": "STO-3G",
    "ansatz": "RY-CZ",
    "optimizer": {
      "name": "Nesterov",
      "stepsize": 0.1,
      "iterations_planned": 50
    },
    "seed": 0,
    "noisy": true,
    "depolarizing_prob": 0.02,
    "amplitude_damping_prob": 0.0
  },
  "energies": [
    1.3069793999503212,
    1.3069793999503212,
    1.306974015248039,
    1.3069642707260634,
    1.3069476588768727,
    1.3069199082680998,
    1.3068738942656888,
    1.3067978165349137,
    1.3066721786897855,
    1.3064647995289498,
    1.3061225870709163,
    1.3055579922030125,
    1.304626739745115,
    1.303091317993255,
    1.3005613853138793,
    1.2963972141313678,
    1.289555186804526,
    1.278345794559726,
    1.2600686432085022,
    1.2304993926259966,
    1.183267614525445,
    1.1093645782403443,
    0.9974860967777336,
    0.8366779640325971,
    0.6231347643563021,
    0.3706472462289747,
    0.11667255762764425,
    -0.08981027008836556,
    -0.2179425266166826,
    -0.27442905795891426,
    -0.29288647032431014,
    -0.3092511986162007,
    -0.34601876184632196,
    -0.4090898919980309,
    -0.4912508485583129,
    -0.5781607062720266,
    -0.655114101980959,
    -0.7125986707410674,
    -0.7484693123349216,
    -0.7663795839370833,
    -0.7723884498161402,
    -0.7720934791189251,
    -0.7693659088045117,
    -0.7664179092761014,
    -0.764422689563243,
    -0.7640721135562181,
    -0.7658310964816952,
    -0.7699362231988774,
    -0.7763013725184886,
    -0.7844725506057029,
    -0.7936934365041202
  ],
  "final_params": [
    -2.9274076053051044,
    -3.564071247013797,
    9.4259193786099e-05,
    -0.0007926575196807713
  ],
  "final_state_real": [
    [
      0.001336067408890596,
      -5.223662635576131e-07,
      3.3900189471321726e-08,
      1.3254058340494919e-11,
      -0.00037070388633606233,
      1.449352051598177e-07,
      1.7235028389684102e-08,
      6.738430532083188e-12,
      -0.003084379678810703,
      1.2059091311502147e-06,
      -2.6276275455406097e-07,
      -1.0273313904380619e-10,
      0.020094402662419006,
      -7.856368599819474e-06,
      -9.34243241373984e-07,
      -3.652638707479496e-10
    ],
    [
      -5.223662635576131e-07,
      1.8055174811505487e-05,
      -1.3254058340494917e-11,
      4.5810534458126637e-10,
      1.449352051598177e-07,
      -5.009570195758088e-06,
      -6.738430532083188e-12,
      2.329030823265281e-10,
      1.2059091311502149e-06,
      -4.168129086557375e-05,
      1.0273313904380619e-10,
      -3.5508067682023375e-09,
      -7.856368599819474e-06,
      0.0002715491377070668,
      3.6526387074794954e-10,
      -1.2624761946372145e-08
    ],
    [
      3.3900189471321726e-08,
      -1.3254058340494919e-11,
      1.8054967952164463e-05,
      -7.0590024015323914e-09,
      -1.7235028389684102e-08,
      6.7384305320831834e-12,
      -5.009511154265113e-06,
      1.958584175385097e-09,
      -2.6276275455406097e-07,
      1.0273313904380618e-10,
      -4.168081332024665e-05,
      1.629606666181714e-08,
      9.342432413739842e-07,
      -3.6526387074794965e-10,
      0.000271545937299471,
      -1.061671606883324e-07
    ],
    [
      1.3254058340494917e-11,
      4.5810534458126637e-10,
      -7.0590024015323914e-09,
      2.439888889013025e-07,
      -6.7384305320831834e-12,
      -2.329030823265281e-10,
      1.958584175385097e-09,
      -6.769688341215243e-08,
      -1.0273313904380618e-10,
      -3.5508067682023375e-09,
      1.629606666181714e-08,
      -5.632607799389879e-07,
      3.6526387074794965e-10,
      1.2624761946372148e-08,
      -1.061671606883324e-07,
      3.6695823389383533e-06
    ],
    [
      -0.00037070388633606233,
      1.449352051598177e-07,
      -1.7235028389684102e-08,
      -6.7384305320831834e-12,
      0.022469874615151136,
      -8.7851139599841e-06,
      -1.0433878356797442e-06,
      -4.0793645880831924e-10,
      -0.020094402662419002,
      7.856368599819472e-06,
      -9.34243241373984e-07,
      -3.652638707479496e-10,
      0.09493174780664164,
      -3.711574884977203e-05,
      -4.419122949241069e-06,
      -1.72775769977953e-09
    ],
    [
      1.449352051598177e-07,
      -5.009570195758088e-06,
      6.7384305320831834e-12,
      -2.329030823265281e-10,
      -8.7851139599841e-06,
      0.00030365048310401814,
      4.079364588083193e-10,
      -1.4099671755531786e-08,
      7.856368599819472e-06,
      -0.0002715491377070667,
      3.6526387074794954e-10,
      -1.2624761946372145e-08,
      -3.711574884977203e-05,
      0.0012828763656722198,
      1.72775769977953e-09,
      -5.971718367891862e-08
    ],
    [
      1.7235028389684102e-08,
      -6.7384305320831834e-12,
      -5.009511154265113e-06,
      1.958584175385097e-09,
      -1.0433878356797442e-06,
      4.0793645880831924e-10,
      0.000303647004160198,
      -1.1871773670625615e-07,
      9.34243241373984e-07,
      -3.652638707479496e-10,
      -0.000271545937299471,
      1.0616716068833236e-07,
      -4.419122949241069e-06,
      1.72775769977953e-09,
      0.001282861667672207,
      -5.015640912199091e-07
    ],
    [
      6.7384305320831834e-12,
      2.329030823265281e-10,
      1.958584175385097e-09,
      -6.769688341215243e-08,
      -4.0793645880831924e-10,
      -1.4099671755531786e-08,
      -1.1871773670625615e-07,
      4.103385581162123e-06,
      3.6526387074794954e-10,
      1.2624761946372145e-08,
      1.0616716068833236e-07,
      -3.6695823389383533e-06,
      -1.72775769977953e-09,
      -5.971718367891862e-08,
      -5.015640912199091e-07,
      1.7336169952707674e-05
    ],
    [
      -0.003084379678810703,
      1.2059091311502147e-06,
      -2.6276275455406097e-07,
      -1.0273313904380619e-10,
      -0.020094402662419006,
      7.856368599819474e-06,
      9.34243241373984e-07,
      3.652638707479496e-10,
      0.0533005549117159,
      -2.0839077077629915e-05,
      1.352401007920788e-06,
      5.287522618093316e-10,
      -0.1894489645361023,
      7.406942725564814e-05,
      8.807995822347403e-06,
      3.4436884369329866e-09
    ],
    [
      1.2059091311502149e-06,
      -4.168129086557375e-05,
      1.0273313904380619e-10,
      -3.5508067682023375e-09,
      7.856368599819474e-06,
      -0.0002715491377070668,
      -3.6526387074794954e-10,
      1.2624761946372145e-08,
      -2.0839077077629915e-05,
      0.0007202861398141328,
      -5.287522618093315e-10,
      1.8275476904626558e-08,
      7.406942725564814e-05,
      -0.0025601508949299736,
      -3.4436884369329866e-09,
      1.1902558729591352e-07
    ],
    [
      -2.6276275455406097e-07,
      1.0273313904380618e-10,
      -4.168081332024665e-05,
      1.629606666181714e-08,
      -9.342432413739842e-07,
      3.6526387074794965e-10,
      -0.000271545937299471,
      1.061671606883324e-07,
      1.352401007920788e-06,
      -5.287522618093316e-10,
      0.000720277887447829,
      -2.816091034188386e-07,
      -8.807995822347401e-06,
      3.4436884369329857e-09,
      -0.0025601207216565847,
      1.0009383706517843e-06
    ],
    [
      -1.0273313904380618e-10,
      -3.5508067682023375e-09,
      1.629606666181714e-08,
      -5.632607799389879e-07,
      -3.6526387074794965e-10,
      -1.2624761946372148e-08,
      1.061671606883324e-07,
      -3.6695823389383533e-06,
      5.287522618093315e-10,
      1.8275476904626558e-08,
      -2.816091034188386e-07,
      9.733598083595886e-06,
      -3.4436884369329857e-09,
      -1.190255872959135e-07,
      1.0009383706517843e-06,
      -3.459662802975553e-05
    ],
    [
      0.020094402662419002,
      -7.856368599819472e-06,
      9.34243241373984e-07,
      3.652638707479496e-10,
      0.09493174780664164,
      -3.711574884977203e-05,
      -4.419122949241069e-06,
      -1.72775769977953e-09,
      -0.18944896453610227,
