{
  "config": {
    "symbols": [
      "H",
      "H"
    ],
    "geometry": [
      [
        0.0,
        0.0,
        0.0
      ],
      [
        0.0,
        0.0,
        0.7414
      ]
    ],
    "basis": "STO-3G",
    "ansatz": "RY-CZ",
    "optimizer": {
      "name": "Adam",
      "stepsize": 0.1,
      "iterations_planned": 50
    },
    "seed": 0,
    "noisy": true,
    "depolarizing_prob": 0.06,
    "amplitude_damping_prob": 0.0
  },
  "energies": [
    1.2276535716365244,
    1.2276535716365244,
    1.2194593520881307,
    1.2033756626875107,
    1.1774119609708995,
    1.141422083456692,
    1.0947220115953056,
    1.037421756753491,
    0.9699873285738962,
    0.8932842596288497,
    0.8086249029496478,
    0.717285997933405,
    0.6195344344293428,
    0.5163090680053979,
    0.40957118691644256,
    0.3016492974522318,
    0.19443367576540083,
    0.0885780646632174,
    -0.014804279647583268,
    -0.11360456432897517,
    -0.20591338963222489,
    -0.29123520314242435,
    -0.3696150891040629,
    -0.4401005802540122,
    -0.5017541075052347,
    -0.5549303303573785,
    -0.6004601508229173,
    -0.6383251585452892,
    -0.6685626840563235,
    -0.6921243015866269,
    -0.7099949355873836,
    -0.722557939822847,
    -0.7303677802886903,
    -0.7344043133050336,
    -0.7354705886380728,
    -0.7340835072237303,
    -0.7308692134437158,
    -0.7265242027254413,
    -0.7216034100954234,
    -0.7165278810768667,
    -0.7116629671772479,
    -0.7073254438128467,
    -0.7037796414655086,
    -0.701170154628497,
    -0.699512388196364,
    -0.6988203446926079,
    -0.6991148581282223,
    -0.7002859178620331,
    -0.7021461520564529,
    -0.7045944847247574,
    -0.7075324133735968
  ],
  "final_params": [
    -3.4142555809831094,
    3.413263190282973,
    -0.0008115233191982596,
    -0.003250696181860296
  ],
  "final_state_real": [
    [
      0.0029871618618592223,
      -4.652882274508903e-06,
      4.4243943669762343e-07,
      6.891555225988764e-10,
      0.0024490745703021843,
      -3.8147433908076655e-06,
      9.523345545171629e-07,
      1.4833818217153711e-09,
      -0.002473026499678506,
      3.852051444438001e-06,
      -2.5246940157110767e-06,
      -3.932531052806508e-09,
      0.014092094102326749,
      -2.1950218866899456e-05,
      5.4797793100670614e-06,
      8.535451094375871e-09
    ],
    [
      -4.652882274508903e-06,
      0.00012447295524428407,
      -6.891555225988766e-10,
      1.843380973886897e-08,
      -3.814743390807664e-06,
      0.0001020512323993726,
      -1.4833818217153711e-09,
      3.9678094965385383e-08,
      3.852051444437998e-06,
      -0.00010304929262213451,
      3.932531052806508e-09,
      -1.0518892592815079e-07,
      -2.1950218866899456e-05,
      0.0005872077509068781,
      -8.535451094375871e-09,
      2.283096867827412e-07
    ],
    [
      4.4243943669762343e-07,
      -6.891555225988761e-10,
      0.0001244655685376051,
      -1.9386933003889568e-07,
      -9.523345545171629e-07,
      1.4833818217153711e-09,
      0.00010204437124081213,
      -1.5894826826237917e-07,
      -2.5246940157110767e-06,
      3.932531052806508e-09,
      -0.00010304317727847151,
      1.605015104078423e-07,
      -5.4797793100670614e-06,
      8.535451094375871e-09,
      0.0005871682714670695,
      -9.145960604535402e-07
    ],
    [
      6.891555225988765e-10,
      1.843380973886897e-08,
      -1.9386933003889568e-07,
      5.1863935931456464e-06,
      -1.4833818217153711e-09,
      -3.9678094965385383e-08,
      -1.5894826826237912e-07,
      4.252117910504884e-06,
      -3.932531052806508e-09,
      -1.0518892592815079e-07,
      1.6050151040784214e-07,
      -4.293737462766415e-06,
      -8.535451094375871e-09,
      -2.283096867827412e-07,
      -9.145960604535402e-07,
      2.4466893109600295e-05
    ],
    [
      0.0024490745703021847,
      -3.814743390807667e-06,
      -9.523345545171638e-07,
      -1.4833818217153721e-09,
      0.04953808243843682,
      -7.716182662679772e-05,
      1.9233160081848876e-05,
      2.9958085532264704e-08,
      -0.014092094102326745,
      2.195021886689945e-05,
      5.47977931006706e-06,
      8.53545109437587e-09,
      -0.10750423811672533,
      0.00016745144290794016,
      -4.186867202578716e-05,
      -6.521576549735103e-08
    ],
    [
      -3.814743390807667e-06,
      0.0001020512323993726,
      1.4833818217153721e-09,
      -3.967809496538542e-08,
      -7.716182662679772e-05,
      0.002064217408831459,
      -2.995808553226471e-08,
      8.01330948869089e-07,
      2.195021886689945e-05,
      -0.000587207750906878,
      -8.53545109437587e-09,
      2.2830968678274114e-07,
      0.0001674514429079401,
      -0.004479626762289133,
      6.521576549735103e-08,
      -1.7444175860614722e-06
    ],
    [
      9.523345545171638e-07,
      -1.4833818217153721e-09,
      0.00010204437124081214,
      -1.5894826826237928e-07,
      1.9233160081848876e-05,
      -2.9958085532264704e-08,
      0.0020640949101851406,
      -3.215063427387832e-06,
      -5.47977931006706e-06,
      8.53545109437587e-09,
      -0.0005871682714670695,
      9.1459606045354e-07,
      -4.186867202578716e-05,
      6.521576549735103e-08,
      -0.004479360923907941,
      6.977115932733368e-06
    ],
    [
      1.4833818217153721e-09,
      3.967809496538542e-08,
      -1.5894826826237928e-07,
      4.252117910504885e-06,
      2.995808553226471e-08,
      8.01330948869089e-07,
      -3.215063427387832e-06,
      8.600939796932165e-05,
      -8.53545109437587e-09,
      -2.2830968678274114e-07,
      9.1459606045354e-07,
      -2.4466893109600295e-05,
      -6.521576549735103e-08,
      -1.7444175860614722e-06,
      6.9771159327333665e-06,
      -0.0001866518513521597
    ],
    [
      -0.002473026499678506,
      3.852051444438001e-06,
      -2.5246940157110767e-06,
      -3.932531052806508e-09,
      -0.014092094102326749,
      2.1950218866899456e-05,
      -5.4797793100670614e-06,
      -8.535451094375871e-09,
      0.049424987849318154,
      -7.698566750540162e-05,
      7.3205151893673256e-06,
      1.1402630625961442e-08,
      0.10710747959964889,
      -0.00016683344593236018,
      4.1649264218770615e-05,
      6.487401001769636e-08
    ],
    [
      3.852051444437998e-06,
      -0.00010304929262213451,
      3.932531052806508e-09,
      -1.0518892592815079e-07,
      2.1950218866899456e-05,
      -0.0005872077509068781,
      8.535451094375871e-09,
      -2.283096867827412e-07,
      -7.698566750540162e-05,
      0.002059504836034692,
      -1.1402630625961442e-08,
      3.050021607443713e-07,
      -0.00016683344593236018,
      0.00446309411108954,
      -6.487401001769636e-08,
      1.735276172719223e-06
    ],
    [
      -2.5246940157110767e-06,
      3.932531052806508e-09,
      -0.00010304317727847151,
      1.605015104078423e-07,
      5.4797793100670614e-06,
      -8.535451094375871e-09,
      -0.0005871682714670695,
      9.145960604535402e-07,
      7.3205151893673256e-06,
      -1.140263062596144e-08,
      0.0020593826170506742,
      -3.207723492949259e-06,
      -4.1649264218770615e-05,
      6.487401001769636e-08,
      0.004462794046155033,
      -6.951421000713628e-06
    ],
    [
      -3.932531052806508e-09,
      -1.0518892592815079e-07,
      1.6050151040784214e-07,
      -4.293737462766415e-06,
      8.535451094375871e-09,
      2.283096867827412e-07,
      9.145960604535402e-07,
      -2.4466893109600295e-05,
      1.140263062596144e-08,
      3.050021607443713e-07,
      -3.207723492949259e-06,
      8.581303999491332e-05,
      -6.487401001769636e-08,
      -1.735276172719223e-06,
      -6.951421000713628e-06,
      0.0001859615210893758
    ],
    [
      0.014092094102326745,
      -2.195021886689945e-05,
      -5.47977931006706e-06,
      -8.53545109437587e-09,
      -0.10750423811672533,
      0.00016745144290794016,
      -4.186867202578716e-05,
      -6.521576549735103e-08,
      0.10710747959964895,
