{
  "config": {
    "symbols": [
      "H",
      "H"
    ],
    "geometry": [
      [
        0.0,
        0.0,
        0.0
      ],
      [
        0.0,
        0.0,
        0.7414
      ]
    ],
    "basis": "STO-3G",
    "ansatz": "TwoQubit-RY-CNOT",
    "optimizer": {
      "name": "GradientDescent",
      "stepsize": 0.1,
      "iterations_planned": 50
    },
    "seed": 1,
    "noisy": true,
    "depolarizing_prob": 0.0,
    "amplitude_damping_prob": 0.0
  },
  "energies": [
    1.3484427262511016,
    1.3484427262511016,
    1.3483286832941404,
    1.3481782050226379,
    1.3479796593995281,
    1.3477177071926634,
    1.3473721252913922,
    1.3469162596910529,
    1.3463149951284048,
    1.3455220933730558,
    1.3444767137408693,
    1.3430988759640012,
    1.3412835694274476,
    1.3388931446095746,
    1.3357475581201452,
    1.3316119893034761,
    1.3261813317691544,
    1.3190611424645104,
    1.3097448768195021,
    1.2975877853636757,
    1.2817789001643358,
    1.2613143443694022,
    1.234978043211548,
    1.2013399670390565,
    1.1587870112324787,
    1.105606218788925,
    1.0401412259585294,
    0.961035299934096,
    0.8675520286399675,
    0.759925021187458,
    0.6396402085751632,
    0.5095252857123356,
    0.373546572430508,
    0.2363093498095419,
    0.10238660560926603,
    -0.024316486484143363,
    -0.14097810648264109,
    -0.24598168057076064,
    -0.33879084739833154,
    -0.41968822921099536,
    -0.4894858914119208,
    -0.5492760434879665,
    -0.6002485004823096,
    -0.6435735142664407,
    -0.680336182743035,
    -0.711506439560328,
    -0.7379311620968008,
    -0.7603386931848456,
    -0.7793494560028176,
    -0.7954888549151703,
    -0.8092003480560612
  ],
  "final_params": [
    -2.718381453225973
  ],
  "final_state_real": [
    [
      0.0019459199677873417,
      0.0,
      0.0,
      0.0,
      0.009058308414007123,
      0.0,
      0.0,
      0.0,
      -0.009058308414007121,
      0.0,
      0.0,
      0.0,
      0.04216666290586761,
      0.0,
      0.0,
      0.0
    ],
    [
      0.0,
      3.891839935574644e-17,
      0.0,
      0.0,
      0.0,
      1.811661682801406e-16,
      0.0,
      0.0,
      0.0,
      -1.8116616828014058e-16,
      0.0,
      0.0,
      0.0,
      8.433332581173438e-16,
      0.0,
      0.0
    ],
    [
      0.0,
      0.0,
      3.891839935574644e-17,
      0.0,
      0.0,
      0.0,
      1.8116616828014058e-16,
      0.0,
      0.0,
      0.0,
      -1.8116616828014053e-16,
      0.0,
      0.0,
      0.0,
      8.433332581173436e-16,
      0.0
    ],
    [
      0.0,
      0.0,
      0.0,
      7.783679871149209e-31,
      0.0,
      0.0,
      0.0,
      3.6233233656027745e-30,
      0.0,
      0.0,
      0.0,
      -3.6233233656027745e-30,
      0.0,
      0.0,
      0.0,
      1.6866665162346696e-29
    ],
    [
      0.009058308414007123,
      0.0,
      0.0,
      0.0,
      0.04216666290589677,
      0.0,
      0.0,
      0.0,
      -0.04216666290586762,
      0.0,
      0.0,
      0.0,
      0.19628692017889027,
      0.0,
      0.0,
      0.0
    ],
    [
      0.0,
      1.811661682801406e-16,
      0.0,
      0.0,
      0.0,
      8.433332581179267e-16,
      0.0,
      0.0,
      0.0,
      -8.433332581173438e-16,
      0.0,
      0.0,
      0.0,
      3.925738403577765e-15,
      0.0,
      0.0
    ],
    [
      0.0,
      0.0,
      1.8116616828014058e-16,
      0.0,
      0.0,
      0.0,
      8.433332581179267e-16,
      0.0,
      0.0,
      0.0,
      -8.433332581173438e-16,
      0.0,
      0.0,
      0.0,
      3.9257384035777635e-15,
      0.0
    ],
    [
      0.0,
      0.0,
      0.0,
      3.6233233656027745e-30,
      0.0,
      0.0,
      0.0,
      1.686666516235836e-29,
      0.0,
      0.0,
      0.0,
      -1.6866665162346702e-29,
      0.0,
      0.0,
      0.0,
      7.851476807155449e-29
    ],
    [
      -0.009058308414007121,
      0.0,
      0.0,
      0.0,
      -0.04216666290586761,
      0.0,
      0.0,
      0.0,
      0.04216666290589677,
      0.0,
      0.0,
      0.0,
      -0.19628692017889027,
      0.0,
      0.0,
      0.0
    ],
    [
      0.0,
      -1.8116616828014058e-16,
      0.0,
      0.0,
      0.0,
      -8.433332581173438e-16,
      0.0,
      0.0,
      0.0,
      8.433332581179267e-16,
      0.0,
      0.0,
      0.0,
      -3.925738403577765e-15,
      0.0,
      0.0
    ],
    [
      0.0,
      0.0,
      -1.8116616828014053e-16,
      0.0,
      0.0,
      0.0,
      -8.433332581173436e-16,
      0.0,
      0.0,
      0.0,
      8.433332581179267e-16,
      0.0,
      0.0,
      0.0,
      -3.9257384035777635e-15,
      0.0
    ],
    [
      0.0,
      0.0,
      0.0,
      -3.6233233656027745e-30,
      0.0,
      0.0,
      0.0,
      -1.6866665162346696e-29,
      0.0,
      0.0,
      0.0,
      1.686666516235836e-29,
      0.0,
      0.0,
      0.0,
      -7.851476807155449e-29
    ],
    [
      0.04216666290586762,
      0.0,
      0.0,
      0.0,
      0.19628692017889027,
      0.0,
      0.0,
      0.0,
      -0.1962869201788903,
      0.0,
      0.0,
      0.0,
      0.9137207542205756,
      0.0,
      0.0,
      0.0
    ],
    [
      0.0,
      8.433332581173438e-16,
      0.0,
      0.0,
      0.0,
      3.925738403577765e-15,
      0.0,
      0.0,
      0.0,
      -3.925738403577765e-15,
      0.0,
      0.0,
      0.0,
      1.827441508441133e-14,
      0.0,
      0.0
    ],
    [
      0.0,
      0.0,
      8.433332581173438e-16,
      0.0,
      0.0,
      0.0,
      3.9257384035777635e-15,
      0.0,
      0.0,
      0.0,
      -3.925738403577764e-15,
      0.0,
      0.0,
      0.0,
      1.827441508441133e-14,
      0.0
    ],
    [
      0.0,
      0.0,
      0.0,
      1.6866665162346702e-29,
      0.0,
      0.0,
      0.0,
      7.851476807155449e-29,
      0.0,
      0.0,
      0.0,
      -7.851476807155449e-29,
      0.0,
      0.0,
      0.0,
      3.654883016882229e-28
    ]
  ],