{
  "config": {
    "symbols": [
      "H",
      "H"
    ],
    "geometry": [
      [
        0.0,
        0.0,
        0.0
      ],
      [
        0.0,
        0.0,
        0.7414
      ]
    ],
    "basis": "STO-3G",
    "ansatz": "RY-CZ",
    "optimizer": {
      "name": "Adam",
      "stepsize": 0.1,
      "iterations_planned": 50
    },
    "seed": 3,
    "noisy": true,
    "depolarizing_prob": 0.1,
    "amplitude_damping_prob": 0.0
  },
  "energies": [
    1.1542895383474503,
    1.1542895383474503,
    1.1475740119145228,
    1.1338100252139403,
    1.1110303047577257,
    1.0788536604501444,
    1.0371150223919012,
    0.9861585566632508,
    0.9263055319219131,
    0.8578680813840555,
    0.7817877224031704,
    0.6988991967761715,
    0.6101542821758636,
    0.5170411720802675,
    0.4206638308316657,
    0.32262260469893056,
    0.22441110327726527,
    0.12736659682577187,
    0.03313560709519962,
    -0.05723539409607181,
    -0.14237255773982221,
    -0.22150869293674635,
    -0.2937915755836923,
    -0.3588144799497185,
    -0.41625595629359036,
    -0.46611687440288174,
    -0.5084973008950858,
    -0.5437475154544811,
    -0.5722536093207243,
    -0.594595787996502,
    -0.6113250282215357,
    -0.6231355925491543,
    -0.6306514757140091,
    -0.6345946102565158,
    -0.6355943810392899,
    -0.6343366855126463,
    -0.6314003764607049,
    -0.6273824550770037,
    -0.6227622352030746,
    -0.6180050175667496,
    -0.6134545680655564,
    -0.6094197821103545,
    -0.606094663563996,
    -0.603631798693641,
    -0.6020858098969118,
    -0.6014767164737906,
    -0.6017494934260046,
    -0.6028308212193526,
    -0.6045954404407318,
    -0.606920750821754,
    -0.6096508964322614
  ],
  "final_params": [
    -3.413602581605476,
    -3.41443221271922,
    -0.0008474281778879291,
    -0.0014105131158435595
  ],
  "final_state_real": [
    [
      0.005950209362972761,
      -3.8966799980413504e-06,
      1.363724828240477e-06,
      8.93077781091983e-10,
      -0.004911295254950904,
      3.2163148888862364e-06,
      -1.9323432122829058e-06,
      -1.2654552829109743e-09,
      -0.004885412683243806,
      3.1993647153724207e-06,
      -3.2997662595166624e-06,
      -2.160954958174064e-09,
      -0.011842382185119947,
      7.75535335683319e-06,
      -4.6593710304035265e-06,
      -3.0513345910743157e-09
    ],
    [
      -3.8966799980413504e-06,
      0.0004250178989549431,
      -8.93077781091983e-10,
      9.74082414646339e-08,
      3.2163148888862364e-06,
      -0.000350809234276043,
      1.2654552829109743e-09,
      -1.3802355894440616e-07,
      3.1993647153724207e-06,
      -0.00034896046634613493,
      2.160954958174064e-09,
      -2.35695957078499e-07,
      7.75535335683319e-06,
      -0.0008458903019887184,
      3.0513345910743157e-09,
      -3.3280991077096803e-07
    ],
    [
      1.363724828240477e-06,
      -8.930777810919828e-10,
      0.0004250160173106516,
      -2.7833358955857993e-07,
      1.9323432122829058e-06,
      -1.2654552829109743e-09,
      -0.00035080592668107534,
      2.2973735226829466e-07,
      -3.2997662595166616e-06,
      2.160954958174064e-09,
      -0.00034895892142421266,
      2.28525479635041e-07,
      4.6593710304035265e-06,
      -3.0513345910743157e-09,
      -0.0008458823265358721,
      5.539551964456018e-07
    ],
    [
      8.930777810919828e-10,
      9.74082414646339e-08,
      -2.7833358955857993e-07,
      3.0358497269635967e-05,
      1.2654552829109743e-09,
      1.3802355894440616e-07,
      2.2973735226829466e-07,
      -2.5057739787569726e-05,
      -2.160954958174064e-09,
      -2.3569595707849894e-07,
      2.28525479635041e-07,
      -2.492580992666172e-05,
      3.0513345910743157e-09,
      3.3280991077096803e-07,
      5.539551964456018e-07,
      -6.042058476540388e-05
    ],
    [
      -0.004911295254950903,
      3.2163148888862364e-06,
      1.9323432122829058e-06,
      1.2654552829109743e-09,
      0.0660027418824777,
      -4.3223952036007445e-05,
      2.5898886057886806e-05,
      1.6960694132975772e-08,
      0.011842382185119947,
      -7.75535335683319e-06,
      -4.6593710304035265e-06,
      -3.0513345910743157e-09,
      -0.09278026168397584,
      6.0760045212319377e-05,
      -3.6602681924888817e-05,
      -2.3970409043349174e-08
    ],
    [
      3.2163148888862364e-06,
      -0.0003508092342760429,
      -1.2654552829109743e-09,
      1.3802355894440616e-07,
      -4.3223952036007445e-05,
      0.0047145142244441945,
      -1.6960694132975772e-08,
      1.849907616660932e-06,
      -7.75535335683319e-06,
      0.0008458903019887184,
      3.0513345910743157e-09,
      -3.3280991077096803e-07,
      6.0760045212319377e-05,
      -0.006627207461102196,
      2.3970409043349174e-08,
      -2.614459167538191e-06
    ],
    [
      -1.9323432122829058e-06,
      1.2654552829109743e-09,
      -0.00035080592668107523,
      2.2973735226829466e-07,
      2.5898886057886806e-05,
      -1.6960694132975772e-08,
      0.0047144933522908095,
      -3.0874174248686094e-06,
      4.6593710304035265e-06,
      -3.0513345910743157e-09,
      0.0008458823265358721,
      -5.539551964456018e-07,
      -3.6602681924888817e-05,
      2.3970409043349174e-08,
      -0.006627178121050591,
      4.339992376635233e-06
    ],
    [
      -1.2654552829109743e-09,
      -1.3802355894440616e-07,
      2.2973735226829466e-07,
      -2.5057739787569722e-05,
      1.6960694132975772e-08,
      1.849907616660932e-06,
      -3.0874174248686094e-06,
      0.0003367518581273254,
      3.0513345910743157e-09,
      3.3280991077096803e-07,
      -5.539551964456018e-07,
      6.042058476540388e-05,
      -2.3970409043349174e-08,
      -2.614459167538191e-06,
      4.339992376635233e-06,
      -0.00047337314524372733
    ],
    [
      -0.004885412683243806,
      3.1993647153724207e-06,
      -3.2997662595166624e-06,
      -2.160954958174064e-09,
      0.011842382185119947,
      -7.75535335683319e-06,
      4.6593710304035265e-06,
      3.0513345910743157e-09,
      0.06608700581372712,
      -4.327913489688273e-05,
      1.5146440260250877e-05,
      9.919119296610627e-09,
      -0.09306754674846528,
      6.094818591438911e-05,
      -3.661731435550126e-05,
      -2.3979991547379846e-08
    ],
    [
      3.1993647153724207e-06,
      -0.00034896046634613493,
      2.160954958174064e-09,
      -2.35695957078499e-07,
      -7.75535335683319e-06,
      0.0008458903019887184,
      -3.0513345910743157e-09,
      3.3280991077096803e-07,
      -4.327913489688273e-05,
      0.004720533118374241,
      -9.919119296610627e-09,
      1.0818810948127745e-06,
      6.094818591438911e-05,
      -0.006647727965014252,
      2.3979991547379846e-08,
      -2.6155043339125185e-06
    ],
    [
      -3.2997662595166616e-06,
      2.160954958174064e-09,
      -0.00034895892142421266,
      2.28525479635041e-07,
      -4.6593710304035265e-06,
      3.0513345910743157e-09,
      0.0008458823265358721,
      -5.539551964456018e-07,
      1.5146440260250877e-05,
      -9.919119296610625e-09,
      0.004720512219573937,
      -3.0913590479316396e-06,
      3.661731435550126e-05,
      -2.3979991547379846e-08,
      -0.006647665287098691,
      4.353452737451415e-06
    ],
    [
      -2.160954958174064e-09,
      -2.3569595707849894e-07,
      2.28525479635041e-07,
      -2.492580992666172e-05,
      -3.0513345910743157e-09,
      -3.3280991077096803e-07,
      -5.539551964456018e-07,
      6.042058476540388e-05,
      9.919119296610625e-09,
      1.0818810948127745e-06,
      -3.0913590479316396e-06,
      0.00033718178019740943,
      2.3979991547379846e-08,
      2.6155043339125185e-06,
      4.353452737451415e-06,
      -0.0004748365243852226
    ],
    [
      -0.011842382185119947,
      7.75535335683319e-06,
      4.6593710304035265e-06,
      3.0513345910743157e-09,
      -0.09278026168397584,
      6.0760045212319377e-05,
      -3.6602681924888817e-05,
      -2.3970409043349174e-08,
