{
  "config": {
    "symbols": [
      "H",
      "H"
    ],
    "geometry": [
      [
        0.0,
        0.0,
        0.0
      ],
      [
        0.0,
        0.0,
        0.7414
      ]
    ],
    "basis": "STO-3G",
    "ansatz": "TwoQubit-RY-CNOT",
    "optimizer": {
      "name": "Adam",
      "stepsize": 0.1,
      "iterations_planned": 50
    },
    "seed": 2,
    "noisy": true,
    "depolarizing_prob": 0.0,
    "amplitude_damping_prob": 0.0
  },
  "energies": [
    1.348557980429494,
    1.348557980429494,
    1.3384594948873247,
    1.318762107335827,
    1.2873091815565505,
    1.2438693881932956,
    1.1884780465254183,
    1.1214005473418152,
    1.0431392506155874,
    0.9544407138717999,
    0.8562961523047028,
    0.7499326485339725,
    0.6367936895415829,
    0.5185082649728019,
    0.3968485148150527,
    0.2736768452398093,
    0.15088451020345434,
    0.0303247903515749,
    -0.08625506133675487,
    -0.19727819393575227,
    -0.3013937059060592,
    -0.397518673193346,
    -0.48486318206261037,
    -0.5629367704686277,
    -0.6315369311684715,
    -0.6907225092293116,
    -0.740776461157556,
    -0.782163180594885,
    -0.8154853272759344,
    -0.8414439875490147,
    -0.8608044197407444,
    -0.8743680352646501,
    -0.8829500016423739,
    -0.8873611297550549,
    -0.8883925461049298,
    -0.88680193426534,
    -0.8833006657901034,
    -0.8785417289841477,
    -0.8731088429005174,
    -0.8675074188196629,
    -0.8621580773205447,
    -0.8573932799976377,
    -0.8534573600909988,
    -0.8505099162495222,
    -0.8486322377622263,
    -0.8478362043142333,
    -0.8480749690052004,
    -0.8492546885871527,
    -0.8512465943528087,
    -0.8538987782710402,
    -0.8570471819988182
  ],
  "final_params": [
    -3.414038256172621
  ],
  "final_state_real": [
    [
      0.00034011297438088316,
      0.0,
      0.0,
      0.0,
      -0.002481277568532648,
      0.0,
      0.0,
      0.0,
      0.0024812775685326477,
      0.0,
      0.0,
      0.0,
      0.018102039133761023,
      0.0,
      0.0,
      0.0
    ],
    [
      0.0,
      6.8022594876175925e-18,
      0.0,
      0.0,
      0.0,
      -4.962555137065245e-17,
      0.0,
      0.0,
      0.0,
      4.9625551370652447e-17,
      0.0,
      0.0,
      0.0,
      3.6204078267521687e-16,
      0.0,
      0.0
    ],
    [
      0.0,
      0.0,
      6.802259487617591e-18,
      0.0,
      0.0,
      0.0,
      -4.962555137065245e-17,
      0.0,
      0.0,
      0.0,
      4.962555137065245e-17,
      0.0,
      0.0,
      0.0,
      3.6204078267521697e-16,
      0.0
    ],
    [
      0.0,
      0.0,
      0.0,
      1.3604518975235044e-31,
      0.0,
      0.0,
      0.0,
      -9.925110274130393e-31,
      0.0,
      0.0,
      0.0,
      9.925110274130393e-31,
      0.0,
      0.0,
      0.0,
      7.240815653504265e-30
    ],
    [
      -0.0024812775685326477,
      0.0,
      0.0,
      0.0,
      0.018102039133790656,
      0.0,
      0.0,
      0.0,
      -0.018102039133761023,
      0.0,
      0.0,
      0.0,
      -0.13206254106971516,
      0.0,
      0.0,
      0.0
    ],
    [
      0.0,
      -4.9625551370652447e-17,
      0.0,
      0.0,
      0.0,
      3.6204078267580955e-16,
      0.0,
      0.0,
      0.0,
      -3.6204078267521687e-16,
      0.0,
      0.0,
      0.0,
      -2.641250821394277e-15,
      0.0,
      0.0
    ],
    [
      0.0,
      0.0,
      -4.962555137065245e-17,
      0.0,
      0.0,
      0.0,
      3.6204078267580965e-16,
      0.0,
      0.0,
      0.0,
      -3.6204078267521697e-16,
      0.0,
      0.0,
      0.0,
      -2.641250821394277e-15,
      0.0
    ],
    [
      0.0,
      0.0,
      0.0,
      -9.925110274130393e-31,
      0.0,
      0.0,
      0.0,
      7.240815653516119e-30,
      0.0,
      0.0,
      0.0,
      -7.240815653504265e-30,
      0.0,
      0.0,
      0.0,
      -5.2825016427885e-29
    ],
    [
      0.0024812775685326477,
      0.0,
      0.0,
      0.0,
      -0.018102039133761023,
      0.0,
      0.0,
      0.0,
      0.01810203913379066,
      0.0,
      0.0,
      0.0,
      0.13206254106971518,
      0.0,
      0.0,
      0.0
    ],
    [
      0.0,
      4.9625551370652447e-17,
      0.0,
      0.0,
      0.0,
      -3.6204078267521687e-16,
      0.0,
      0.0,
      0.0,
      3.620407826758096e-16,
      0.0,
      0.0,
      0.0,
      2.6412508213942773e-15,
      0.0,
      0.0
    ],
    [
      0.0,
      0.0,
      4.962555137065245e-17,
      0.0,
      0.0,
      0.0,
      -3.6204078267521697e-16,
      0.0,
      0.0,
      0.0,
      3.620407826758097e-16,
      0.0,
      0.0,
      0.0,
      2.6412508213942777e-15,
      0.0
    ],
    [
      0.0,
      0.0,
      0.0,
      9.925110274130393e-31,
      0.0,
      0.0,
      0.0,
      -7.240815653504265e-30,
      0.0,
      0.0,
      0.0,
      7.24081565351612e-30,
      0.0,
      0.0,
      0.0,
      5.282501642788501e-29
    ],
    [
      0.018102039133761023,
      0.0,
      0.0,
      0.0,
      -0.13206254106971516,
      0.0,
      0.0,
      0.0,
      0.13206254106971518,
      0.0,
      0.0,
      0.0,
      0.9634558087581951,
      0.0,
      0.0,
      0.0
    ],
    [
      0.0,
      3.6204078267521687e-16,
      0.0,
      0.0,
      0.0,
      -2.641250821394277e-15,
      0.0,
      0.0,
      0.0,
      2.6412508213942773e-15,
      0.0,
      0.0,
      0.0,
      1.926911617516371e-14,
      0.0,
      0.0
    ],
    [
      0.0,
      0.0,
      3.6204078267521697e-16,
      0.0,
      0.0,
      0.0,
      -2.641250821394277e-15,
      0.0,
      0.0,
      0.0,
      2.6412508213942777e-15,
      0.0,
      0.0,
      0.0,
      1.9269116175163712e-14,
      0.0
    ],
    [
      0.0,
      0.0,
      0.0,
      7.240815653504265e-30,
      0.0,
      0.0,
      0.0,
      -5.2825016427885e-29,
      0.0,
      0.0,
      0.0,
      5.282501642788501e-29,
      0.0,
      0.0,
      0.0,
      3.8538232350327032e-28
    ]
  ],