{
  "config": {
    "symbols": [
      "H",
      "H"
    ],
    "geometry": [
      [
        0.0,
        0.0,
        0.0
      ],
      [
        0.0,
        0.0,
        0.7414
      ]
    ],
    "basis": "STO-3G",
    "ansatz": "RY-CZ",
    "optimizer": {
      "name": "Adam",
      "stepsize": 0.1,
      "iterations_planned": 50
    },
    "seed": 0,
    "noisy": true,
    "depolarizing_prob": 0.04,
    "amplitude_damping_prob": 0.0
  },
  "energies": [
    1.266634042579228,
    1.266634042579228,
    1.2588797487767387,
    1.2434571307394056,
    1.217694787803903,
    1.1821090267842456,
    1.1365407178250995,
    1.0795497957385625,
    1.0111364374092324,
    0.9319178401171717,
    0.8430443282425459,
    0.7462748505520447,
    0.643918144612582,
    0.5380972434573087,
    0.4291030669720566,
    0.3167275677029498,
    0.20260061501525045,
    0.08946993589258774,
    -0.01971300706749024,
    -0.12272451318633773,
    -0.21915368855926212,
    -0.30954779947685684,
    -0.3933169002026844,
    -0.4688751437197337,
    -0.5348267440028724,
    -0.5910235832559846,
    -0.6387376440239694,
    -0.6791988800426066,
    -0.7125737331407656,
    -0.7385854961328981,
    -0.7575072968572686,
    -0.7705654006974747,
    -0.7792428532825028,
    -0.7843509789723324,
    -0.7861110280827607,
    -0.7848417729974113,
    -0.7813814573181104,
    -0.7768184958507852,
    -0.7718888769512271,
    -0.7668327995130684,
    -0.761762068126712,
    -0.7570063935865136,
    -0.7530629771023591,
    -0.7502564914415556,
    -0.7485689862870099,
    -0.7478185411956063,
    -0.7479186532403153,
    -0.7489177017997164,
    -0.750814552741589,
    -0.7534237693874433,
    -0.7564637652823165
  ],
  "final_params": [
    3.4163125994332466,
    -3.416887635450139,
    -0.006640189771706917,
    0.012045093282333916
  ],
  "final_state_real": [
    [
      0.001872000972408741,
      1.0965445672613105e-05,
      1.0651274536309522e-06,
      -6.239114010716518e-09,
      -0.0009650375875052419,
      -5.6528175877365645e-06,
      -3.116241286561423e-06,
      1.8253763533631676e-08,
      0.0009535760084964655,
      5.58567333563978e-06,
      1.7475635532225097e-05,
      -1.0236566724817405e-07,
      0.015651264839317187,
      9.167906649390946e-05,
      5.054012228194419e-05,
      -2.96044932423513e-07
    ],
    [
      1.0965445672613105e-05,
      5.1355547956117545e-05,
      6.239114010716515e-09,
      2.9142968788436238e-08,
      -5.6528175877365645e-06,
      -2.6474363440533654e-05,
      -1.825376353363167e-08,
      -8.526352620234148e-08,
      5.58567333563978e-06,
      2.6159932155981142e-05,
      1.0236566724817405e-07,
      4.781511350003978e-07,
      9.167906649390946e-05,
      0.00042936905155300815,
      2.96044932423513e-07,
      1.3828290700849592e-06
    ],
    [
      1.0651274536309514e-06,
      6.239114010716518e-09,
      5.130831765359845e-05,
      3.0030238647971243e-07,
      3.116241286561423e-06,
      1.8253763533631676e-08,
      -2.6428756224131416e-05,
      -1.5493397957814078e-07,
      1.7475635532225097e-05,
      1.0236566724817405e-07,
      2.61358735769419e-05,
      1.5297062088211446e-07,
      -5.054012228194419e-05,
      -2.96044932423513e-07,
      0.00042862938023684644,
      2.512765076079143e-06
    ],
    [
      -6.239114010716515e-09,
      2.914296878843622e-08,
      3.0030238647971243e-07,
      1.4075669866862423e-06,
      -1.825376353363167e-08,
      8.526352620234148e-08,
      -1.5493397957814078e-07,
      -7.250334148825269e-07,
      -1.0236566724817405e-07,
      4.781511350003978e-07,
      1.5297062088211446e-07,
      7.169986173290289e-07,
      2.96044932423513e-07,
      -1.3828290700849592e-06,
      2.512765076079143e-06,
      1.1758806227451043e-05
    ],
    [
      -0.0009650375875052419,
      -5.6528175877365645e-06,
      3.116241286561423e-06,
      -1.8253763533631676e-08,
      0.04020488489024809,
      0.00023550440813628924,
      0.00012969068224170507,
      -7.59678994166612e-07,
      -0.01565126483931719,
      -9.167906649390945e-05,
      5.0540122281944174e-05,
      -2.9604493242351297e-07,
      0.11610809832161006,
      0.0006801155891803911,
      0.000375323477558338,
      -2.1985030612086964e-06
    ],
    [
      -5.6528175877365645e-06,
      -2.6474363440533654e-05,
      1.825376353363167e-08,
      8.526352620234148e-08,
      0.0002355044081362893,
      0.0011029609089329554,
      7.596789941666118e-07,
      3.5484687694760775e-06,
      -9.167906649390943e-05,
      -0.0004293690515530082,
      2.9604493242351297e-07,
      1.3828290700849592e-06,
      0.0006801155891803911,
      0.003185252090855813,
      2.1985030612086964e-06,
      1.0269231494092946e-05
    ],
    [
      -3.116241286561423e-06,
      -1.8253763533631676e-08,
      -2.6428756224131416e-05,
      -1.5493397957814078e-07,
      0.00012969068224170507,
      7.59678994166612e-07,
      0.0011019465457439937,
      6.44958152193065e-06,
      -5.0540122281944174e-05,
      -2.9604493242351297e-07,
      -0.0004286293802368466,
      -2.5127650760791428e-06,
      0.000375323477558338,
      2.1985030612086964e-06,
      0.003182322701026709,
      1.8625812448556495e-05
    ],
    [
      1.825376353363167e-08,
      -8.526352620234148e-08,
      -1.5493397957814078e-07,
      -7.250334148825269e-07,
      -7.596789941666118e-07,
      3.5484687694760775e-06,
      6.44958152193065e-06,
      3.023025602503662e-05,
      2.9604493242351297e-07,
      -1.3828290700849592e-06,
      -2.5127650760791424e-06,
      -1.1758806227451047e-05,
      -2.1985030612086964e-06,
      1.0269231494092946e-05,
      1.8625812448556495e-05,
      8.730226559344681e-05
    ],
    [
      0.0009535760084964655,
      5.58567333563978e-06,
      1.7475635532225097e-05,
      -1.0236566724817405e-07,
      -0.015651264839317187,
      -9.167906649390946e-05,
      -5.054012228194419e-05,
      2.96044932423513e-07,
      0.04027490483185252,
      0.00023591455742412578,
      2.291553661619224e-05,
      -1.3423055154365578e-07,
      -0.11635441480849187,
      -0.000681559237646446,
      -0.000375724672276505,
      2.2008531082181967e-06
    ],
    [
      5.58567333563978e-06,
      2.6159932155981142e-05,
      1.0236566724817405e-07,
      4.781511350003978e-07,
      -9.167906649390946e-05,
      -0.00042936905155300815,
      -2.96044932423513e-07,
      -1.3828290700849592e-06,
      0.00023591455742412578,
      0.0011048818013480507,
      1.3423055154365573e-07,
      6.269923529802741e-07,
      -0.000681559237646446,
      -0.00319200941541968,
      -2.2008531082181967e-06,
      -1.0280208589002822e-05
    ],
    [
      1.7475635532225097e-05,
      1.0236566724817405e-07,
      2.61358735769419e-05,
      1.5297062088211446e-07,
      5.054012228194419e-05,
      2.96044932423513e-07,
      -0.00042862938023684644,
      -2.512765076079143e-06,
      2.2915536616192227e-05,
      1.3423055154365573e-07,
      0.0011038656715665102,
      6.460813970991785e-06,
      0.00037572467227650505,
      2.2008531082181967e-06,
      -0.0031865105612359328,
      -1.868036308758541e-05
    ],
    [
      -1.0236566724817405e-07,
      4.781511350003978e-07,
      1.5297062088211446e-07,
      7.169986173290289e-07,
      -2.96044932423513e-07,
      1.3828290700849592e-06,
      -2.512765076079143e-06,
      -1.1758806227451043e-05,
      -1.3423055154365562e-07,
      6.269923529802737e-07,
      6.460813970991785e-06,
      3.0282904372801767e-05,
      -2.2008531082181967e-06,
      1.0280208589002826e-05,
      -1.868036308758541e-05,
      -8.741715327725588e-05
    ],
    [
      0.01565126483931719,
      9.167906649390945e-05,
      -5.0540122281944174e-05,
      2.9604493242351297e-07,
      0.11610809832161006,
      0.0006801155891803911,
      0.000375323477558338,
      -2.1985030612086964e-06,
      -0.11635441480849187,
