{
  "config": {
    "symbols": [
      "H",
      "H"
    ],
    "geometry": [
      [
        0.0,
        0.0,
        0.0
      ],
      [
        0.0,
        0.0,
        0.7414
      ]
    ],
    "basis": "STO-3G",
    "ansatz": "RY-CZ",
    "optimizer": {
      "name": "Adagrad",
      "stepsize": 0.1,
      "iterations_planned": 50
    },
    "seed": 0,
    "noisy": true,
    "depolarizing_prob": 0.04,
    "amplitude_damping_prob": 0.0
  },
  "energies": [
    1.2665790913964812,
    1.2665790913964812,
    1.2582534314835323,
    1.2364952804576395,
    1.2069371633526935,
    1.1735251410977379,
    1.137315177246399,
    1.0991694118811026,
    1.0600791145421529,
    1.0207792337262065,
    0.9817391760759908,
    0.9432087075575046,
    0.9053016515667321,
    0.8680806017754803,
    0.8315937064435619,
    0.7958762186575377,
    0.7609501316412497,
    0.7268269978609706,
    0.6935105710056831,
    0.6609987554291696,
    0.6292850627452585,
    0.598359714859692,
    0.5682104783398293,
    0.5388233044318889,
    0.5101828228664587,
    0.4822727253563599,
    0.4550760665462979,
    0.42857549893433755,
    0.4027534590926256,
    0.37759231393552195,
    0.353074476429514,
    0.32918249576216474,
    0.30589912933535557,
    0.2832073976552363,
    0.2610906265504356,
    0.2395324810298822,
    0.21851698774606604,
    0.19802855318373672,
    0.17805197533566272,
    0.15857245128006306,
    0.13957558181106972,
    0.12104737680990202,
    0.10297428076906087,
    0.08534332064141623,
    0.06814300402981086,
    0.051368731719063435,
    0.03505122641055955,
    0.01929414227805365,
    0.0038303146630279117,
    -0.011614355243179525,
    -0.02664081536250948
  ],
  "final_params": [
    1.6857850758458115,
    1.6868671606529966,
    0.008147423893838383,
    0.00875921376086293
  ],
  "final_state_real": [
    [
      0.1879669250556341,
      0.0008006712021269137,
      0.0006949703056098093,
      -2.960328263591174e-06,
      0.18526785518812927,
      0.0007891755747107716,
      -0.0007340540218520527,
      3.1268111030796444e-06,
      0.18505188964436128,
      0.0007882542042625528,
      0.0007857127850520101,
      -3.346859205176338e-06,
      -0.2094267776547404,
      -0.0008920840447344603,
      0.0008297746431234542,
      -3.5345471721906767e-06
    ],
    [
      0.0008006712021269137,
      0.00515338149198846,
      2.960328263591174e-06,
      1.902696197878312e-05,
      0.0007891755747107716,
      0.005079382639814514,
      -3.1268111030796444e-06,
      -2.0096999614820245e-05,
      0.0007882542042625527,
      0.005073461636234594,
      3.346859205176338e-06,
      2.151131806172725e-05,
      -0.0008920840447344603,
      -0.005741733975662395,
      3.5345471721906767e-06,
      2.2717647730020447e-05
    ],
    [
      0.0006949703056098093,
      2.960328263591174e-06,
      0.005152895795689129,
      2.1922919897259485e-05,
      0.0007340540218520527,
      3.1268111030796444e-06,
      0.005072759377428722,
      2.163433540120998e-05,
      0.0007857127850520101,
      3.346859205176338e-06,
      0.00507298347222804,
      2.15829340843294e-05,
      -0.0008297746431234542,
      -3.5345471721906767e-06,
      -0.005734247040070627,
      -2.445545205441328e-05
    ],
    [
      -2.960328263591174e-06,
      1.902696197878312e-05,
      2.1922919897259485e-05,
      0.00014127399177163677,
      -3.1268111030796444e-06,
      2.0096999614820245e-05,
      2.163433540120998e-05,
      0.00013907693750490766,
      -3.346859205176338e-06,
      2.151131806172725e-05,
      2.1582934084329397e-05,
      0.00013908308138362946,
      3.5345471721906767e-06,
      -2.2717647730020447e-05,
      -2.445545205441328e-05,
      -0.00015721256576412687
    ],
    [
      0.1852678551881293,
      0.0007891755747107718,
      0.0007340540218520528,
      -3.1268111030796444e-06,
      0.23425694476930567,
      0.0009978499649313489,
      -0.0008887096537586823,
      3.7855895207489e-06,
      0.2094267776547404,
      0.0008920840447344603,
      0.0008297746431234542,
      -3.5345471721906767e-06,
      -0.23663946422707263,
      -0.0010079986371925808,
      0.0009792077858271542,
      -4.171079628746286e-06
    ],
    [
      0.0007891755747107718,
      0.005079382639814516,
      3.1268111030796444e-06,
      2.0096999614820245e-05,
      0.0009978499649313487,
      0.006422488441445713,
      -3.7855895207489007e-06,
      -2.4331175959247045e-05,
      0.0008920840447344603,
      0.005741733975662395,
      3.5345471721906767e-06,
      2.2717647730020447e-05,
      -0.001007998637192581,
      -0.00648780861239773,
      4.171079628746286e-06,
      2.6808842276956563e-05
    ],
    [
      -0.0007340540218520528,
      -3.1268111030796444e-06,
      0.005072759377428723,
      2.1634335401209986e-05,
      -0.0008887096537586823,
      -3.7855895207489e-06,
      0.0064218831342559915,
      2.7321807993795736e-05,
      -0.0008297746431234542,
      -3.5345471721906767e-06,
      0.005734247040070627,
      2.445545205441328e-05,
      0.0009792077858271542,
      4.171079628746285e-06,
      -0.0064871971489074585,
      -2.7599685515124715e-05
    ],
    [
      3.1268111030796444e-06,
      -2.0096999614820245e-05,
      2.1634335401209986e-05,
      0.00013907693750490766,
      3.7855895207489007e-06,
      -2.4331175959247045e-05,
      2.732180799379573e-05,
      0.00017606509058970052,
      3.5345471721906767e-06,
      -2.2717647730020447e-05,
      2.445545205441328e-05,
      0.00015721256576412687,
      -4.171079628746285e-06,
      2.6808842276956563e-05,
      -2.759968551512472e-05,
      -0.00017785576750891228
    ],
    [
      0.18505188964436128,
      0.0007882542042625528,
      0.0007857127850520101,
      -3.346859205176338e-06,
      0.2094267776547404,
      0.0008920840447344603,
      -0.0008297746431234542,
      3.5345471721906767e-06,
      0.23377496180733412,
      0.0009957968916183065,
      0.0008643364070730951,
      -3.681768090600868e-06,
      -0.23637016587979756,
      -0.001006853354637538,
      0.0009365276600936191,
      -3.9892773539113325e-06
    ],
    [
      0.0007882542042625527,
      0.005073461636234594,
      3.346859205176338e-06,
      2.151131806172725e-05,
      0.0008920840447344603,
      0.005741733975662395,
      -3.5345471721906767e-06,
      -2.2717647730020447e-05,
      0.0009957968916183063,
      0.006409274190720792,
      3.681768090600868e-06,
      2.3663882933569858e-05,
      -0.001006853354637538,
      -0.006480425413900121,
      3.989277353911332e-06,
      2.5640341805747082e-05
    ],
    [
      0.0007857127850520101,
      3.346859205176338e-06,
      0.00507298347222804,
      2.15829340843294e-05,
      0.0008297746431234542,
      3.5345471721906767e-06,
      0.005734247040070627,
      2.445545205441328e-05,
      0.0008643364070730951,
      3.681768090600868e-06,
      0.006408670128948797,
      2.7265593455711355e-05,
      -0.000936527660093619,
      -3.989277353911332e-06,
      -0.006471975261404937,
      -2.7601719911370957e-05
    ],
    [
      -3.346859205176338e-06,
      2.151131806172725e-05,
      2.1582934084329397e-05,
      0.00013908308138362946,
      -3.5345471721906767e-06,
      2.2717647730020447e-05,
      2.445545205441328e-05,
      0.00015721256576412687,
      -3.681768090600868e-06,
      2.3663882933569858e-05,
      2.726559345571135e-05,
      0.00017570283719334643,
      3.989277353911331e-06,
      -2.564034180574708e-05,
      -2.7601719911370957e-05,
      -0.00017743843774036178
    ],
    [
      -0.2094267776547404,
      -0.0008920840447344603,
      -0.0008297746431234542,
      3.5345471721906767e-06,
      -0.23663946422707263,
      -0.0010079986371925808,
      0.0009792077858271542,
      -4.171079628746286e-06,
      -0.23637016587979756,
      -0.001006853354637538,
      -0.0009365276600936191,
      3.9892773539113325e-06,
