{
  "config": {
    "symbols": [
      "H",
      "H"
    ],
    "geometry": [
      [
        0.0,
        0.0,
        0.0
      ],
      [
        0.0,
        0.0,
        0.7414
      ]
    ],
    "basis": "STO-3G",
    "ansatz": "RY-CZ",
    "optimizer": {
      "name": "GradientDescent",
      "stepsize": 0.1,
      "iterations_planned": 50
    },
    "seed": 1,
    "noisy": true,
    "depolarizing_prob": 0.02,
    "amplitude_damping_prob": 0.0
  },
  "energies": [
    1.3069752849044494,
    1.3069752849044494,
    1.3069723861616827,
    1.3069690692497113,
    1.3069652726726064,
    1.3069609258996229,
    1.3069559480106137,
    1.3069502461681057,
    1.306943713875797,
    1.3069362289558142,
    1.3069276512808115,
    1.3069178200755325,
    1.3069065509017486,
    1.3068936322002667,
    1.3068788212597726,
    1.3068618396856806,
    1.3068423681073282,
    1.3068200401774392,
    1.3067944356821581,
    1.306765072571495,
    1.3067313979238637,
    1.3066927775427981,
    1.3066484839750552,
    1.3065976828748,
    1.3065394173046303,
    1.3064725897260654,
    1.3063959414579198,
    1.3063080290739892,
    1.3062071973200418,
    1.3060915481377202,
    1.305958905339117,
    1.3058067739105315,
    1.3056322935729492,
    1.305432185751454,
    1.3052026928203393,
    1.3049395086078623,
    1.3046376993328146,
    1.3042916128942055,
    1.3038947759581805,
    1.3034397762183156,
    1.3029181285801181,
    1.3023201231562231,
    1.3016346524022244,
    1.3008490153154555,
    1.2999486961316804,
    1.298917113899286,
    1.2977353409993881,
    1.2963817867874983,
    1.2948318439591062,
    1.2930574941264332,
    1.2910268706273622
  ],
  "final_params": [
    -0.06742056186856736,
    0.2170777309825443,
    -0.02191405946803294,
    0.010849753949491699
  ],
  "final_state_real": [
    [
      0.9355654019827966,
      0.005006772581951601,
      -0.01010962607133791,
      5.410290187496485e-05,
      0.10054865496134045,
      0.0005380997576543543,
      0.0010868709615494646,
      -5.8165230413588796e-06,
      -0.03111330679835415,
      -0.0001665059984921421,
      0.0003364231351348485,
      -1.8004096037015914e-06,
      0.0033450376009209167,
      1.7901422183044712e-05,
      3.6157860442090224e-05,
      -1.935032177948983e-07
    ],
    [
      0.005006772581951601,
      0.012670304229399163,
      -5.410290187496485e-05,
      -0.00013631909778936768,
      0.0005380997576543543,
      0.0013617241996305627,
      5.81652304135888e-06,
      1.4655464786372443e-05,
      -0.00016650599849214214,
      -0.0004213655847921463,
      1.8004096037015914e-06,
      4.53635949870338e-06,
      1.7901422183044712e-05,
      4.530163682049763e-05,
      1.9350321779489834e-07,
      4.875558085609092e-07
    ],
    [
      -0.010109626071337911,
      -5.410290187496486e-05,
      0.012755084705908951,
      6.705805403907943e-05,
      -0.0010868709615494646,
      -5.8165230413588796e-06,
      0.0013466953067251368,
      7.336213988422556e-06,
      0.00033642313513484854,
      1.8004096037015918e-06,
      -0.00042418505734913596,
      -2.230092951488659e-06,
      -3.615786044209023e-05,
      -1.9350321779489836e-07,
      4.4801657861175e-05,
      2.440600687210656e-07
    ],
    [
      5.410290187496486e-05,
      -0.0001363190977893677,
      6.705805403907943e-05,
      0.00017274132129417336,
      5.81652304135888e-06,
      -1.4655464786372443e-05,
      7.336213988422556e-06,
      1.8238211037249606e-05,
      -1.8004096037015918e-06,
      4.536359498703382e-06,
      -2.2300929514886592e-06,
      -5.7447119301206405e-06,
      1.9350321779489836e-07,
      -4.875558085609093e-07,
      2.440600687210656e-07,
      6.067460744908756e-07
    ],
    [
      0.10054865496134045,
      0.0005380997576543543,
      -0.0010868709615494646,
      5.8165230413588796e-06,
      0.023747709585361553,
      0.00012708826233221883,
      -1.6579249229883535e-05,
      8.872588243278794e-08,
      -0.003345037600920917,
      -1.7901422183044712e-05,
      3.615786044209023e-05,
      -1.9350321779489836e-07,
      -5.102416886003342e-05,
      -2.730609844312962e-07,
      8.53951941152067e-06,
      -4.570028382065744e-08
    ],
    [
      0.0005380997576543543,
      0.0013617241996305627,
      -5.81652304135888e-06,
      -1.4655464786372443e-05,
      0.00012708826233221883,
      0.00032161375843982136,
      -8.872588243278794e-08,
      -2.2355607231115858e-07,
      -1.7901422183044716e-05,
      -4.530163682049763e-05,
      1.9350321779489836e-07,
      4.875558085609093e-07,
      -2.730609844312966e-07,
      -6.910171551221454e-07,
      4.5700283820657446e-08,
      1.1514763983542989e-07
    ],
    [
      0.0010868709615494646,
      5.8165230413588796e-06,
      0.0013466953067251368,
      7.336213988422556e-06,
      -1.6579249229883562e-05,
      -8.872588243278804e-08,
      0.0003237657642006116,
      1.7021527188847685e-06,
      -3.615786044209024e-05,
      -1.935032177948984e-07,
      -4.4801657861175e-05,
      -2.440600687210656e-07,
      8.539519411520672e-06,
      4.5700283820657446e-08,
      -6.956409402047289e-07,
      -3.657233866775834e-09
    ],
    [
      -5.81652304135888e-06,
      1.4655464786372443e-05,
      7.336213988422556e-06,
      1.8238211037249606e-05,
      8.872588243278804e-08,
      -2.2355607231115897e-07,
      1.7021527188847685e-06,
      4.384739669499977e-06,
      1.9350321779489842e-07,
      -4.875558085609094e-07,
      -2.4406006872106566e-07,
      -6.067460744908756e-07,
      -4.5700283820657446e-08,
      1.1514763983542989e-07,
      -3.657233866775839e-09,
      -9.421022120034813e-09
    ],
    [
      -0.03111330679835415,
      -0.0001665059984921421,
      0.0003364231351348485,
      -1.8004096037015914e-06,
      -0.0033450376009209167,
      -1.7901422183044712e-05,
      -3.6157860442090224e-05,
      1.935032177948983e-07,
      0.013706531671905697,
      7.335188627444628e-05,
      -0.0001481114090412512,
      7.926363421729529e-07,
      0.0012444363268224287,
      6.6597697019108555e-06,
      1.3451614122939882e-05,
      -7.198796016962824e-08
    ],
    [
      -0.00016650599849214214,
      -0.0004213655847921463,
      1.8004096037015914e-06,
      4.53635949870338e-06,
      -1.7901422183044712e-05,
      -4.530163682049763e-05,
      -1.9350321779489834e-07,
      -4.875558085609092e-07,
      7.335188627444628e-05,
      0.00018562670856027847,
      -7.926363421729529e-07,
      -1.997147422698232e-06,
      6.6597697019108555e-06,
      1.685332401298665e-05,
      7.198796016962824e-08,
      1.8138276214277496e-07
    ],
    [
      0.00033642313513484854,
      1.8004096037015918e-06,
      -0.00042418505734913596,
      -2.230092951488659e-06,
      3.615786044209023e-05,
      1.9350321779489836e-07,
      -4.4801657861175e-05,
      -2.440600687210656e-07,
      -0.00014811140904125123,
      -7.926363421729529e-07,
      0.00018686878771794914,
      9.82436224763159e-07,
      -1.3451614122939882e-05,
      -7.198796016962824e-08,
      1.6667319532960273e-05,
      9.079635318887192e-08
    ],
    [
      -1.8004096037015918e-06,
      4.536359498703382e-06,
      -2.2300929514886592e-06,
      -5.7447119301206405e-06,
      -1.9350321779489836e-07,
      4.875558085609093e-07,
      -2.440600687210656e-07,
      -6.067460744908756e-07,
      7.926363421729529e-07,
      -1.9971474226982323e-06,
      9.82436224763159e-07,
      2.5307524052807614e-06,
      7.198796016962824e-08,
      -1.8138276214277496e-07,
      9.079635318887192e-08,
      2.2572447497913895e-07
    ],
    [
      0.003345037600920917,
      1.7901422183044712e-05,
      -3.615786044209023e-05,
      1.9350321779489836e-07,
      -5.102416886003342e-05,
      -2.730609844312962e-07,
      8.53951941152067e-06,
      -4.570028382065744e-08,
      0.0012444363268224287,
      6.6597697019108555e-06,
