{
  "config": {
    "symbols": [
      "H",
      "H"
    ],
    "geometry": [
      [
        0.0,
        0.0,
        0.0
      ],
      [
        0.0,
        0.0,
        0.7414
      ]
    ],
    "basis": "STO-3G",
    "ansatz": "TwoQubit-RY-CNOT",
    "optimizer": {
      "name": "GradientDescent",
      "stepsize": 0.1,
      "iterations_planned": 50
    },
    "seed": 0,
    "noisy": true,
    "depolarizing_prob": 0.06,
    "amplitude_damping_prob": 0.0
  },
  "energies": [
    1.227752879775023,
    1.227752879775023,
    1.2277498374426912,
    1.2277459567864657,
    1.2277410068115084,
    1.2277346928802189,
    1.2277266391679789,
    1.2277163663034385,
    1.2277032628725832,
    1.2276865489959226,
    1.2276652299667967,
    1.2276380370912578,
    1.227603352307655,
    1.2275591119698737,
    1.227502684247977,
    1.2274307129313335,
    1.227338918284702,
    1.227221843457634,
    1.2270725313691904,
    1.2268821135678192,
    1.226639287019269,
    1.2263296492021656,
    1.225934853131007,
    1.2254315359089822,
    1.2247899612331639,
    1.2239723033316148,
    1.2229304829651186,
    1.2216034474571487,
    1.2199137663273407,
    1.2177633938485053,
    1.2150284316771316,
    1.2115527190637552,
    1.2071400846719957,
    1.2015451433038185,
    1.1944626241262717,
    1.185515418333183,
    1.1742418814530655,
    1.160083487948205,
    1.1423747620808657,
    1.120338582307961,
    1.0930914046579145,
    1.0596645027296399,
    1.019048488068726,
    0.9702681735897145,
    0.9124919489801463,
    0.8451727584121601,
    0.7682059227092188,
    0.6820742758492625,
    0.5879390188057821,
    0.48763387302375866,
    0.3835377888046132
  ],
  "final_params": [
    -1.383270992603176
  ],
  "final_state_real": [
    [
      0.3162113032742022,
      0.0,
      0.0,
      0.0,
      0.23041577453216935,
      0.0,
      0.0,
      0.0,
      -0.2304157745321693,
      0.0,
      0.0,
      0.0,
      0.1882328765546499,
      0.0,
      0.0,
      0.0
    ],
    [
      0.0,
      0.013175470969764864,
      0.0,
      0.0,
      0.0,
      0.009600657272178414,
      0.0,
      0.0,
      0.0,
      -0.009600657272178414,
      0.0,
      0.0,
      0.0,
      0.007843036523114244,
      0.0,
      0.0
    ],
    [
      0.0,
      0.0,
      0.013175470969764867,
      0.0,
      0.0,
      0.0,
      0.009600657272178414,
      0.0,
      0.0,
      0.0,
      -0.009600657272178412,
      0.0,
      0.0,
      0.0,
      0.007843036523114244,
      0.0
    ],
    [
      0.0,
      0.0,
      0.0,
      0.0005489779570738044,
      0.0,
      0.0,
      0.0,
      0.00040002738634096265,
      0.0,
      0.0,
      0.0,
      -0.0004000273863409626,
      0.0,
      0.0,
      0.0,
      0.0003267931884632531
    ],
    [
      0.23041577453216935,
      0.0,
      0.0,
      0.0,
      0.2236223165546718,
      0.0,
      0.0,
      0.0,
      -0.1882328765546499,
      0.0,
      0.0,
      0.0,
      0.15276772546403197,
      0.0,
      0.0,
      0.0
    ],
    [
      0.0,
      0.009600657272178414,
      0.0,
      0.0,
      0.0,
      0.009317596523115876,
      0.0,
      0.0,
      0.0,
      -0.007843036523114244,
      0.0,
      0.0,
      0.0,
      0.006365321894337776,
      0.0,
      0.0
    ],
    [
      0.0,
      0.0,
      0.009600657272178414,
      0.0,
      0.0,
      0.0,
      0.009317596523115876,
      0.0,
      0.0,
      0.0,
      -0.007843036523114244,
      0.0,
      0.0,
      0.0,
      0.006365321894337775,
      0.0
    ],
    [
      0.0,
      0.0,
      0.0,
      0.00040002738634096265,
      0.0,
      0.0,
      0.0,
      0.00038823318846335124,
      0.0,
      0.0,
      0.0,
      -0.0003267931884632531,
      0.0,
      0.0,
      0.0,
      0.0002652217455975369
    ],
    [
      -0.2304157745321693,
      0.0,
      0.0,
      0.0,
      -0.1882328765546499,
      0.0,
      0.0,
      0.0,
      0.2236223165546718,
      0.0,
      0.0,
      0.0,
      -0.15276772546403203,
      0.0,
      0.0,
      0.0
    ],
    [
      0.0,
      -0.009600657272178414,
      0.0,
      0.0,
      0.0,
      -0.007843036523114244,
      0.0,
      0.0,
      0.0,
      0.009317596523115876,
      0.0,
      0.0,
      0.0,
      -0.006365321894337778,
      0.0,
      0.0
    ],
    [
      0.0,
      0.0,
      -0.009600657272178412,
      0.0,
      0.0,
      0.0,
      -0.007843036523114244,
      0.0,
      0.0,
      0.0,
      0.009317596523115876,
      0.0,
      0.0,
      0.0,
      -0.006365321894337778,
      0.0
    ],
    [
      0.0,
      0.0,
      0.0,
      -0.0004000273863409626,
      0.0,
      0.0,
      0.0,
      -0.0003267931884632531,
      0.0,
      0.0,
      0.0,
      0.00038823318846335124,
      0.0,
      0.0,
      0.0,
      -0.000265221745597537
    ],
    [
      0.1882328765546499,
      0.0,
      0.0,
      0.0,
      0.15276772546403197,
      0.0,
      0.0,
      0.0,
      -0.15276772546403203,
      0.0,
      0.0,
      0.0,
      0.15814406361658223,
      0.0,
      0.0,
      0.0
    ],
    [
      0.0,
      0.007843036523114244,
      0.0,
      0.0,
      0.0,
      0.006365321894337776,
      0.0,
      0.0,
      0.0,
      -0.006365321894337778,
      0.0,
      0.0,
      0.0,
      0.006589335984027479,
      0.0,
      0.0
    ],
    [
      0.0,
      0.0,
      0.007843036523114244,
      0.0,
      0.0,
      0.0,
      0.006365321894337775,
      0.0,
      0.0,
      0.0,
      -0.006365321894337778,
      0.0,
      0.0,
      0.0,
      0.00658933598402748,
      0.0
    ],
    [
      0.0,
      0.0,
      0.0,
      0.0003267931884632531,
      0.0,
      0.0,
      0.0,
      0.0002652217455975369,
      0.0,
      0.0,
      0.0,
      -0.000265221745597537,
      0.0,
      0.0,
      0.0,
      0.0002745556660012792
    ]
  ],