{
  "config": {
    "symbols": [
      "H",
      "H"
    ],
    "geometry": [
      [
        0.0,
        0.0,
        0.0
      ],
      [
        0.0,
        0.0,
        0.7414
      ]
    ],
    "basis": "STO-3G",
    "ansatz": "TwoQubit-RY-CNOT",
    "optimizer": {
      "name": "Adam",
      "stepsize": 0.1,
      "iterations_planned": 50
    },
    "seed": 0,
    "noisy": true,
    "depolarizing_prob": 0.06,
    "amplitude_damping_prob": 0.0
  },
  "energies": [
    1.227746054223279,
    1.227746054223279,
    1.2206073702012168,
    1.2062581946648177,
    1.1818205560865853,
    1.1470258008269314,
    1.1018242348485892,
    1.0463608244154106,
    0.9809849472266365,
    0.906259569361744,
    0.8229643330789248,
    0.7320907883609603,
    0.6348286039908021,
    0.5325419868266623,
    0.42673608841866884,
    0.31901391473417484,
    0.21102514508185233,
    0.1044092362045922,
    0.0007361199821435127,
    -0.0985514605366993,
    -0.19218957373046017,
    -0.2791344625412986,
    -0.35859025393384747,
    -0.43002104674182795,
    -0.49314724578925007,
    -0.5479279144689705,
    -0.5945324899474778,
    -0.6333061030367244,
    -0.6647328012189301,
    -0.6894002552561305,
    -0.7079683029702817,
    -0.7211423158675346,
    -0.729651206240115,
    -0.7342291474198729,
    -0.7355998256147087,
    -0.7344622073658643,
    -0.7314772365788964,
    -0.7272553868814323,
    -0.7223454316314558,
    -0.7172250538376104,
    -0.7122939669550732,
    -0.7078700801506221,
    -0.7041889805944119,
    -0.7014066980514482,
    -0.6996054317434925,
    -0.6988017015827204,
    -0.6989562573451179,
    -0.6999850372643652,
    -0.7017704968267602,
    -0.7041727081449862,
    -0.7070397384292412
  ],
  "final_params": [
    -3.4166644364263092
  ],
  "final_state_real": [
    [
      0.0030251805864344597,
      0.0,
      0.0,
      0.0,
      0.0024414618977134177,
      0.0,
      0.0,
      0.0,
      -0.0024414618977134173,
      0.0,
      0.0,
      0.0,
      0.01438695541708495,
      0.0,
      0.0,
      0.0
    ],
    [
      0.0,
      0.0001260491911014974,
      0.0,
      0.0,
      0.0,
      0.00010172757907144211,
      0.0,
      0.0,
      0.0,
      -0.00010172757907144208,
      0.0,
      0.0,
      0.0,
      0.0005994564757121658,
      0.0,
      0.0
    ],
    [
      0.0,
      0.0,
      0.0001260491911014974,
      0.0,
      0.0,
      0.0,
      0.00010172757907144212,
      0.0,
      0.0,
      0.0,
      -0.0001017275790714421,
      0.0,
      0.0,
      0.0,
      0.0005994564757121657,
      0.0
    ],
    [
      0.0,
      0.0,
      0.0,
      5.252049629231623e-06,
      0.0,
      0.0,
      0.0,
      4.238649127978824e-06,
      0.0,
      0.0,
      0.0,
      -4.238649127978823e-06,
      0.0,
      0.0,
      0.0,
      2.4977353154685777e-05
    ],
    [
      0.002441461897713418,
      0.0,
      0.0,
      0.0,
      0.04977639541711343,
      0.0,
      0.0,
      0.0,
      -0.01438695541708495,
      0.0,
      0.0,
      0.0,
      -0.10837744695625498,
      0.0,
      0.0,
      0.0
    ],
    [
      0.0,
      0.00010172757907144213,
      0.0,
      0.0,
      0.0,
      0.0020740164757140724,
      0.0,
      0.0,
      0.0,
      -0.0005994564757121658,
      0.0,
      0.0,
      0.0,
      -0.004515726956512829,
      0.0,
      0.0
    ],
    [
      0.0,
      0.0,
      0.00010172757907144215,
      0.0,
      0.0,
      0.0,
      0.002074016475714073,
      0.0,
      0.0,
      0.0,
      -0.0005994564757121657,
      0.0,
      0.0,
      0.0,
      -0.004515726956512829,
      0.0
    ],
    [
      0.0,
      0.0,
      0.0,
      4.238649127978826e-06,
      0.0,
      0.0,
      0.0,
      8.641735315479525e-05,
      0.0,
      0.0,
      0.0,
      -2.4977353154685777e-05,
      0.0,
      0.0,
      0.0,
      -0.00018815528985479315
    ],
    [
      -0.0024414618977134173,
      0.0,
      0.0,
      0.0,
      -0.01438695541708495,
      0.0,
      0.0,
      0.0,
      0.04977639541711342,
      0.0,
      0.0,
      0.0,
      0.10837744695625495,
      0.0,
      0.0,
      0.0
    ],
    [
      0.0,
      -0.00010172757907144208,
      0.0,
      0.0,
      0.0,
      -0.0005994564757121658,
      0.0,
      0.0,
      0.0,
      0.002074016475714072,
      0.0,
      0.0,
      0.0,
      0.004515726956512828,
      0.0,
      0.0
    ],
    [
      0.0,
      0.0,
      -0.0001017275790714421,
      0.0,
      0.0,
      0.0,
      -0.0005994564757121657,
      0.0,
      0.0,
      0.0,
      0.0020740164757140724,
      0.0,
      0.0,
      0.0,
      0.004515726956512828,
      0.0
    ],
    [
      0.0,
      0.0,
      0.0,
      -4.238649127978823e-06,
      0.0,
      0.0,
      0.0,
      -2.4977353154685777e-05,
      0.0,
      0.0,
      0.0,
      8.641735315479524e-05,
      0.0,
      0.0,
      0.0,
      0.00018815528985479313
    ],
    [
      0.01438695541708495,
      0.0,
      0.0,
      0.0,
      -0.10837744695625498,
      0.0,
      0.0,
      0.0,
      0.10837744695625497,
      0.0,
      0.0,
      0.0,
      0.819022028579486,
      0.0,
      0.0,
      0.0
    ],
    [
      0.0,
      0.0005994564757121658,
      0.0,
      0.0,
      0.0,
      -0.004515726956512829,
      0.0,
      0.0,
      0.0,
      0.004515726956512828,
      0.0,
      0.0,
      0.0,
      0.034125917857495254,
      0.0,
      0.0
    ],
    [
      0.0,
      0.0,
      0.0005994564757121657,
      0.0,
      0.0,
      0.0,
      -0.004515726956512829,
      0.0,
      0.0,
      0.0,
      0.004515726956512829,
      0.0,
      0.0,
      0.0,
      0.03412591785749526,
      0.0
    ],
    [
      0.0,
      0.0,
      0.0,
      2.4977353154685777e-05,
      0.0,
      0.0,
      0.0,
      -0.00018815528985479315,
      0.0,
      0.0,
      0.0,
      0.00018815528985479315,
      0.0,
      0.0,
      0.0,
      0.001421913244062997
    ]
  ],