{
  "config": {
    "symbols": [
      "H",
      "H"
    ],
    "geometry": [
      [
        0.0,
        0.0,
        0.0
      ],
      [
        0.0,
        0.0,
        0.7414
      ]
    ],
    "basis": "STO-3G",
    "ansatz": "TwoQubit-RY-CNOT",
    "optimizer": {
      "name": "Adam",
      "stepsize": 0.1,
      "iterations_planned": 50
    },
    "seed": 0,
    "noisy": true,
    "depolarizing_prob": 0.04,
    "amplitude_damping_prob": 0.0
  },
  "energies": [
    1.266523031953494,
    1.266523031953494,
    1.2578451343523034,
    1.240743267325747,
    1.21295707924921,
    1.1742514048790045,
    1.124630798038859,
    1.0643076979828674,
    0.9937096764961147,
    0.9134868908362306,
    0.8245134297732849,
    0.7278803765274484,
    0.6248793000750896,
    0.5169754348519001,
    0.40577046002427697,
    0.2929556061793253,
    0.18025677460083767,
    0.06937437072128255,
    -0.03807849977059696,
    -0.1406351215237403,
    -0.23702692720290577,
    -0.32622363337645766,
    -0.4074584706399229,
    -0.48023683516714377,
    -0.5443286658276557,
    -0.5997468146672846,
    -0.6467152092682226,
    -0.6856313711701804,
    -0.7170277301161968,
    -0.7415352759188709,
    -0.7598517331419813,
    -0.7727150148095174,
    -0.7808815514352795,
    -0.7851084009288843,
    -0.786137862971722,
    -0.7846835531200917,
    -0.7814173665186013,
    -0.7769572928592527,
    -0.771856479378082,
    -0.7665941844311548,
    -0.7615692950168507,
    -0.75709692872868,
    -0.7534083707118826,
    -0.7506542863945753,
    -0.7489108681937402,
    -0.7481883620034286,
    -0.748441296505829,
    -0.7495797022021984,
    -0.7514806398239161,
    -0.7539994411456583,
    -0.7569801748888507
  ],
  "final_params": [
    3.414092504413277
  ],
  "final_state_real": [
    [
      0.0018451569588474564,
      0.0,
      0.0,
      0.0,
      -0.0009917289682161666,
      0.0,
      0.0,
      0.0,
      0.0009917289682161681,
      0.0,
      0.0,
      0.0,
      0.015374942322961205,
      0.0,
      0.0,
      0.0
    ],
    [
      0.0,
      5.0552245447912876e-05,
      0.0,
      0.0,
      0.0,
      -2.71706566634767e-05,
      0.0,
      0.0,
      0.0,
      2.717065666347674e-05,
      0.0,
      0.0,
      0.0,
      0.00042123129651979645,
      0.0,
      0.0
    ],
    [
      0.0,
      0.0,
      5.0552245447912876e-05,
      0.0,
      0.0,
      0.0,
      -2.7170656663476707e-05,
      0.0,
      0.0,
      0.0,
      2.7170656663476744e-05,
      0.0,
      0.0,
      0.0,
      0.00042123129651979645,
      0.0
    ],
    [
      0.0,
      0.0,
      0.0,
      1.3849930259712394e-06,
      0.0,
      0.0,
      0.0,
      -7.444015524245695e-07,
      0.0,
      0.0,
      0.0,
      7.444015524245705e-07,
      0.0,
      0.0,
      0.0,
      1.1540583466304322e-05
    ],
    [
      -0.000991728968216166,
      0.0,
      0.0,
      0.0,
      0.03996465886619995,
      0.0,
      0.0,
      0.0,
      -0.015374942322961205,
      0.0,
      0.0,
      0.0,
      0.11524415475003388,
      0.0,
      0.0,
      0.0
    ],
    [
      0.0,
      -2.7170656663476683e-05,
      0.0,
      0.0,
      0.0,
      0.0010949221607186165,
      0.0,
      0.0,
      0.0,
      -0.00042123129651979645,
      0.0,
      0.0,
      0.0,
      0.0031573741027429887,
      0.0,
      0.0
    ],
    [
      0.0,
      0.0,
      -2.717065666347669e-05,
      0.0,
      0.0,
      0.0,
      0.0010949221607186158,
      0.0,
      0.0,
      0.0,
      -0.00042123129651979645,
      0.0,
      0.0,
      0.0,
      0.0031573741027429887,
      0.0
    ],
    [
      0.0,
      0.0,
      0.0,
      -7.44401552424569e-07,
      0.0,
      0.0,
      0.0,
      2.9997867416970555e-05,
      0.0,
      0.0,
      0.0,
      -1.1540583466304322e-05,
      0.0,
      0.0,
      0.0,
      8.65034000752143e-05
    ],
    [
      0.0009917289682161681,
      0.0,
      0.0,
      0.0,
      -0.015374942322961205,
      0.0,
      0.0,
      0.0,
      0.039964658866199966,
      0.0,
      0.0,
      0.0,
      -0.11524415475003386,
      0.0,
      0.0,
      0.0
    ],
    [
      0.0,
      2.717065666347674e-05,
      0.0,
      0.0,
      0.0,
      -0.00042123129651979645,
      0.0,
      0.0,
      0.0,
      0.0010949221607186167,
      0.0,
      0.0,
      0.0,
      -0.0031573741027429883,
      0.0,
      0.0
    ],
    [
      0.0,
      0.0,
      2.7170656663476744e-05,
      0.0,
      0.0,
      0.0,
      -0.00042123129651979645,
      0.0,
      0.0,
      0.0,
      0.0010949221607186163,
      0.0,
      0.0,
      0.0,
      -0.0031573741027429887,
      0.0
    ],
    [
      0.0,
      0.0,
      0.0,
      7.444015524245705e-07,
      0.0,
      0.0,
      0.0,
      -1.1540583466304322e-05,
      0.0,
      0.0,
      0.0,
      2.999786741697056e-05,
      0.0,
      0.0,
      0.0,
      -8.65034000752143e-05
    ],
    [
      0.015374942322961205,
      0.0,
      0.0,
      0.0,
      0.11524415475003388,
      0.0,
      0.0,
      0.0,
      -0.11524415475003386,
      0.0,
      0.0,
      0.0,
      0.8656033030866811,
      0.0,
      0.0,
      0.0
    ],
    [
      0.0,
      0.00042123129651979645,
      0.0,
      0.0,
      0.0,
      0.0031573741027429887,
      0.0,
      0.0,
      0.0,
      -0.0031573741027429883,
      0.0,
      0.0,
      0.0,
      0.023715158988693724,
      0.0,
      0.0
    ],
    [
      0.0,
      0.0,
      0.00042123129651979645,
      0.0,
      0.0,
      0.0,
      0.0031573741027429887,
      0.0,
      0.0,
      0.0,
      -0.0031573741027429887,
      0.0,
      0.0,
      0.0,
      0.023715158988693724,
      0.0
    ],
    [
      0.0,
      0.0,
      0.0,
      1.1540583466304322e-05,
      0.0,
      0.0,
      0.0,
      8.65034000752143e-05,
      0.0,
      0.0,
      0.0,
      -8.65034000752143e-05,
      0.0,
      0.0,
      0.0,
      0.0006497303832523631
    ]
  ],