{
  "config": {
    "symbols": [
      "H",
      "H"
    ],
    "geometry": [
      [
        0.0,
        0.0,
        0.0
      ],
      [
        0.0,
        0.0,
        0.7414
      ]
    ],
    "basis": "STO-3G",
    "ansatz": "RY-CZ",
    "optimizer": {
      "name": "Momentum",
      "stepsize": 0.1,
      "iterations_planned": 50
    },
    "seed": 2,
    "noisy": true,
    "depolarizing_prob": 0.08,
    "amplitude_damping_prob": 0.0
  },
  "energies": [
    1.1903108744573538,
    1.1903108744573538,
    1.190309371181618,
    1.1903061613220862,
    1.190300687275948,
    1.1902919704816775,
    1.1902784574028444,
    1.1902577581398581,
    1.1902262358366842,
    1.1901783777798745,
    1.19010584013021,
    1.1899960016877622,
    1.1898297771483504,
    1.1895783134774884,
    1.1891980025046531,
    1.1886229597282445,
    1.187753698298722,
    1.1864401121389097,
    1.1844559952639544,
    1.1814610863453503,
    1.1769449826305463,
    1.1701452907371603,
    1.159930511251145,
    1.1446377358319133,
    1.1218596061604007,
    1.0881914055670856,
    1.0389913470629941,
    0.9682957166600734,
    0.8691813506322654,
    0.7350445666405967,
    0.5622720841345565,
    0.354168097004788,
    0.12438300087354909,
    -0.10366847131154408,
    -0.30382743001369317,
    -0.4574840225031128,
    -0.5593820931299271,
    -0.6150117608050915,
    -0.6338682758684706,
    -0.6249306299735271,
    -0.5961306641081056,
    -0.5555224116400421,
    -0.5117031198996627,
    -0.47293025911240594,
    -0.4457532388823163,
    -0.43405033955209427,
    -0.4387828411420931,
    -0.4583277125061487,
    -0.48914570786046196,
    -0.5266092742431233,
    -0.5658666758703054
  ],
  "final_params": [
    3.692815443708573,
    3.597999691669505,
    0.001286993918462022,
    -0.004462545836888004
  ],
  "final_state_real": [
    [
      0.010607132093375715,
      -2.2334061321159623e-05,
      -1.4008263368846924e-07,
      -2.94953999282293e-10,
      -0.0036561469338276175,
      7.698274775904414e-06,
      2.2201709734467523e-06,
      4.674728697383785e-09,
      0.00045162192094500524,
      -9.509216617246418e-07,
      -1.2609974578465185e-05,
      -2.6551202920969545e-08,
      -0.04126998746392484,
      8.689686417028537e-05,
      2.5060926133511166e-05,
      5.2767571498091966e-08
    ],
    [
      -2.2334061321159623e-05,
      0.000597637547659986,
      2.94953999282293e-10,
      -7.891284161364202e-09,
      7.698274775904414e-06,
      -0.0002059982536450079,
      -4.674728697383785e-09,
      1.2506903658910174e-07,
      -9.509216617246389e-07,
      2.544572980962731e-05,
      2.6551202920969545e-08,
      -7.103585222958194e-07,
      8.689686417028537e-05,
      -0.002325274530643555,
      -5.2767571498091966e-08,
      1.41175879021736e-06
    ],
    [
      -1.4008263368846924e-07,
      2.94953999282293e-10,
      0.0005975892850190508,
      -1.2582477569171515e-06,
      -2.220170973446754e-06,
      4.674728697383785e-09,
      -0.00020597859978514936,
      4.3370879882658596e-07,
      -1.2609974578465185e-05,
      2.6551202920969545e-08,
      2.5443674921801176e-05,
      -5.357265884890285e-08,
      -2.5060926133511166e-05,
      5.2767571498091966e-08,
      -0.002325052681094109,
      4.895633850204292e-06
    ],
    [
      -2.949539992822944e-10,
      -7.891284161364202e-09,
      -1.2582477569171515e-06,
      3.366996768426307e-05,
      -4.674728697383788e-09,
      -1.2506903658910185e-07,
      4.3370879882658596e-07,
      -1.160545038586935e-05,
      -2.6551202920969545e-08,
      -7.103585222958194e-07,
      -5.357265884890268e-08,
      1.4335727461355494e-06,
      -5.2767571498091966e-08,
      -1.41175879021736e-06,
      4.895633850204292e-06,
      -0.00013100042219490627
    ],
    [
      -0.0036561469338276197,
      7.698274775904417e-06,
      -2.220170973446755e-06,
      -4.674728697383788e-09,
      0.09647793124684147,
      -0.00020314105769939867,
      -5.823059358001341e-05,
      -1.2260867749819238e-07,
      0.04126998746392483,
      -8.689686417028537e-05,
      2.5060926133511166e-05,
      5.2767571498091966e-08,
      0.18773356723759518,
      -0.00039528620609363235,
      -0.00011469492881731478,
      -2.414983717917485e-07
    ],
    [
      7.698274775904417e-06,
      -0.00020599825364500803,
      4.674728697383791e-09,
      -1.250690365891019e-07,
      -0.00020314105769939867,
      0.005435855208183909,
      1.2260867749819238e-07,
      -3.2803078349220127e-06,
      -8.689686417028537e-05,
      0.002325274530643555,
      -5.2767571498091966e-08,
      1.41175879021736e-06,
      -0.00039528620609363224,
      0.010577470681958008,
      2.414983717917485e-07,
      -6.461116923156281e-06
    ],
    [
      2.220170973446755e-06,
      -4.674728697383788e-09,
      -0.00020597859978514947,
      4.3370879882658617e-07,
      -5.823059358001341e-05,
      1.2260867749819238e-07,
      0.005435416231869396,
      -1.144448277957781e-05,
      -2.5060926133511166e-05,
      5.2767571498091966e-08,
      0.002325052681094108,
      -4.895633850204292e-06,
      -0.00011469492881731478,
      2.414983717917485e-07,
      0.010576616490865894,
      -2.2269482249804248e-05
    ],
    [
      4.674728697383791e-09,
      1.250690365891019e-07,
      4.3370879882658617e-07,
      -1.1605450385869355e-05,
      -1.2260867749819238e-07,
      -3.2803078349220127e-06,
      -1.1444482779577813e-05,
      0.00030624760762189247,
      -5.2767571498091966e-08,
      -1.41175879021736e-06,
      -4.895633850204292e-06,
      0.00013100042219490627,
      -2.414983717917485e-07,
      -6.461116923156281e-06,
      -2.226948224980424e-05,
      0.0005959182073436035
    ],
    [
      0.00045162192094500524,
      -9.509216617246418e-07,
      -1.2609974578465185e-05,
      -2.6551202920969545e-08,
      0.04126998746392484,
      -8.689686417028537e-05,
      -2.5060926133511166e-05,
      -5.2767571498091966e-08,
      0.07816180913519971,
      -0.00016457517666707645,
      -1.0322405699418055e-06,
      -2.1734563115287542e-09,
      0.15394430712627777,
      -0.0003241405769224978,
      -9.348165935205503e-05,
      -1.9683231646510312e-07
    ],
    [
      -9.509216617246389e-07,
      2.544572980962731e-05,
      2.6551202920969545e-08,
      -7.103585222958194e-07,
      -8.689686417028537e-05,
      0.002325274530643555,
      5.2767571498091966e-08,
      -1.41175879021736e-06,
      -0.00016457517666707645,
      0.0044038701056057505,
      2.1734563115287542e-09,
      -5.814927550844464e-08,
      -0.0003241405769224978,
      0.008673682704924668,
      1.9683231646510312e-07,
      -5.266108427569049e-06
    ],
    [
      -1.2609974578465185e-05,
      2.6551202920969545e-08,
      2.5443674921801176e-05,
      -5.357265884890285e-08,
      2.5060926133511166e-05,
      -5.2767571498091966e-08,
      0.002325052681094109,
      -4.895633850204292e-06,
      -1.0322405699417968e-06,
      2.1734563115287443e-09,
      0.004403514467974776,
      -9.271773006614151e-06,
      9.348165935205503e-05,
      -1.9683231646510312e-07,
      0.00867285516711149,
      -1.8261574750233202e-05
    ],
    [
      -2.6551202920969545e-08,
      -7.103585222958194e-07,
      -5.357265884890268e-08,
      1.4335727461355494e-06,
      5.2767571498091966e-08,
      1.41175879021736e-06,
      -4.895633850204292e-06,
      0.00013100042219490627,
      -2.1734563115287443e-09,
      -5.814927550844415e-08,
      -9.271773006614148e-06,
      0.00024810717586606137,
      1.9683231646510312e-07,
      5.266108427569049e-06,
      -1.8261574750233202e-05,
      0.0004886546002872667
    ],
    [
      -0.04126998746392483,
      8.689686417028537e-05,
      -2.5060926133511166e-05,
      -5.2767571498091966e-08,
      0.18773356723759518,
      -0.00039528620609363235,
      -0.00011469492881731478,
      -2.414983717917485e-07,
      0.15394430712627777,
