{
  "config": {
    "symbols": [
      "H",
      "H"
    ],
    "geometry": [
      [
        0.0,
        0.0,
        0.0
      ],
      [
        0.0,
        0.0,
        0.7414
      ]
    ],
    "basis": "STO-3G",
    "ansatz": "RY-CZ",
    "optimizer": {
      "name": "Adam",
      "stepsize": 0.1,
      "iterations_planned": 50
    },
    "seed": 4,
    "noisy": true,
    "depolarizing_prob": 0.06,
    "amplitude_damping_prob": 0.0
  },
  "energies": [
    1.2277261622767046,
    1.2277261622767046,
    1.220258672512306,
    1.2054275211987735,
    1.1807896975037404,
    1.1462077506461406,
    1.100934967740688,
    1.0450281550508613,
    0.9788964557606431,
    0.9033328194363528,
    0.8195617415094824,
    0.7288989874408699,
    0.6320201442572095,
    0.5295520233783224,
    0.42317869496016447,
    0.315080560261901,
    0.20723486222286702,
    0.10113538980692209,
    -0.0022495147875932764,
    -0.1016202138955977,
    -0.19540238116799438,
    -0.28207850688356373,
    -0.3608327145741639,
    -0.43190559458621397,
    -0.495111409901728,
    -0.5497672321121991,
    -0.5958792604955802,
    -0.6342062555731334,
    -0.6654809683804118,
    -0.6901588811105845,
    -0.7085082875539939,
    -0.7212945372688134,
    -0.729658312823223,
    -0.7342505926220662,
    -0.7355750682721461,
    -0.734268886039278,
    -0.7311388723869018,
    -0.7269635970585846,
    -0.7221191019222293,
    -0.7169577754442238,
    -0.7119825410759657,
    -0.7075906355805712,
    -0.7040125409969429,
    -0.7012839996481054,
    -0.6994719205462543,
    -0.6987056484716521,
    -0.6989391475550474,
    -0.7000311786952232,
    -0.7018286875560168,
    -0.7042340922163773,
    -0.7071481226185278
  ],
  "final_params": [
    3.4154041585107997,
    -3.416329833650994,
    -0.003354212941682992,
    -0.0014259988550830004
  ],
  "final_state_real": [
    [
      0.003014675158132868,
      -2.0599005819978796e-06,
      1.7982662588997527e-06,
      1.2287395968588078e-09,
      -0.0024581996994438643,
      1.6796666637987608e-06,
      -3.950889013139337e-06,
      -2.699607885769352e-09,
      0.0024357559441682535,
      -1.6643302590865226e-06,
      1.054812897126127e-05,
      7.207444212233762e-09,
      0.014305668753390604,
      -9.774940137635667e-06,
      2.299248084529853e-05,
      1.5710560938801942e-08
    ],
    [
      -2.0599005819978796e-06,
      0.00012561299482698177,
      -1.2287395968588078e-09,
      7.492684819296629e-08,
      1.6796666637987613e-06,
      -0.00010242623497822356,
      2.6996078857693515e-09,
      -1.6461837052754937e-07,
      -1.6643302590865222e-06,
      0.00010149106711851973,
      -7.207444212233762e-09,
      4.3950002077727995e-07,
      -9.774940137635667e-06,
      0.0005960767913147642,
      -1.5710560938801942e-08,
      9.580083668641005e-07
    ],
    [
      1.7982662588997519e-06,
      -1.2287395968588076e-09,
      0.00012561992955103393,
      -8.582340711010664e-08,
      3.950889013139337e-06,
      -2.699607885769352e-09,
      -0.00010241808532268755,
      6.999082717300213e-08,
      1.0548128971261274e-05,
      -7.207444212233762e-09,
      0.00010149667014187883,
      -6.934242100786926e-08,
      -2.2992480845298535e-05,
      1.5710560938801942e-08,
      0.0005960293638121987,
      -4.073166185559707e-07
    ],
    [
      1.2287395968588074e-09,
      7.492684819296627e-08,
      -8.582340711010664e-08,
      5.234227481621215e-06,
      2.6996078857693515e-09,
      1.6461837052754937e-07,
      6.999082717300215e-08,
      -4.267472197500731e-06,
      7.207444212233762e-09,
      4.3950002077728016e-07,
      -6.934242100786925e-08,
      4.229079430695263e-06,
      -1.5710560938801942e-08,
      -9.580083668641007e-07,
      -4.073166185559707e-07,
      2.483485930193584e-05
    ],
    [
      -0.002458199699443864,
      1.6796666637987608e-06,
      3.9508890131393365e-06,
      2.699607885769352e-09,
      0.04964193906473013,
      -3.391989312515971e-05,
      7.965897004776232e-05,
      5.443027708397426e-08,
      -0.014305668753390604,
      9.774940137635667e-06,
      2.299248084529853e-05,
      1.5710560938801942e-08,
      0.10789826525404125,
      -7.372591995318571e-05,
      0.00017369353186383614,
      1.1868327021268442e-07
    ],
    [
      1.6796666637987608e-06,
      -0.00010242623497822354,
      -2.6996078857693515e-09,
      1.6461837052754932e-07,
      -3.391989312515971e-05,
      0.0020684393202753362,
      -5.443027708397426e-08,
      3.3190833261969495e-06,
      9.774940137635667e-06,
      -0.0005960767913147642,
      -1.5710560938801942e-08,
      9.580083668641005e-07,
      -7.372591995318571e-05,
      0.004495815809087198,
      -1.1868327021268442e-07,
      7.237142347332063e-06
    ],
    [
      -3.950889013139337e-06,
      2.6996078857693515e-09,
      -0.00010241808532268752,
      6.999082717300213e-08,
      7.96589700477623e-05,
      -5.443027708397425e-08,
      0.0020685535127275127,
      -1.4132336396489674e-06,
      -2.2992480845298535e-05,
      1.5710560938801942e-08,
      -0.0005960293638121987,
      4.073166185559707e-07,
      0.00017369353186383614,
      -1.1868327021268442e-07,
      0.0044960640098570944,
      -3.0717063231141435e-06
    ],
    [
      -2.6996078857693507e-09,
      -1.6461837052754937e-07,
      6.999082717300213e-08,
      -4.26747219750073e-06,
      5.443027708397425e-08,
      3.3190833261969487e-06,
      -1.4132336396489674e-06,
      8.619077945847593e-05,
      -1.5710560938801942e-08,
      -9.580083668641007e-07,
      4.073166185559707e-07,
      -2.483485930193584e-05,
      1.1868327021268442e-07,
      7.237142347332063e-06,
      -3.0717063231141435e-06,
      0.00018733828209927057
    ],
    [
      0.0024357559441682535,
      -1.6643302590865226e-06,
      1.054812897126127e-05,
      7.207444212233762e-09,
      -0.014305668753390604,
      9.774940137635667e-06,
      -2.299248084529853e-05,
      -1.5710560938801942e-08,
      0.049748226981334576,
      -3.3992518708278426e-05,
      2.967502411637194e-05,
      2.0276684272458986e-08,
      -0.10826822125671508,
      7.397874226200372e-05,
      -0.00017401178835554684,
      -1.1890073208819194e-07
    ],
    [
      -1.6643302590865222e-06,
      0.00010149106711851973,
      -7.207444212233762e-09,
      4.3950002077727995e-07,
      9.774940137635667e-06,
      -0.0005960767913147642,
      1.5710560938801942e-08,
      -9.580083668641005e-07,
      -3.3992518708278426e-05,
      0.002072868037406794,
      -2.0276684272458982e-08,
      1.236444278529926e-06,
      7.397874226200372e-05,
      -0.00451123083027935,
      1.1890073208819191e-07,
      -7.250402872976038e-06
    ],
    [
      1.0548128971261274e-05,
      -7.207444212233762e-09,
      0.00010149667014187883,
      -6.934242100786926e-08,
      2.2992480845298535e-05,
      -1.5710560938801942e-08,
      -0.0005960293638121987,
      4.073166185559707e-07,
      2.967502411637194e-05,
      -2.027668427245898e-08,
      0.0020729824743554214,
      -1.4162595016935136e-06,
      0.00017401178835554684,
      -1.1890073208819194e-07,
      -0.00451087188925884,
      3.082655312349715e-06
    ],
    [
      7.207444212233762e-09,
      4.3950002077728016e-07,
      -6.934242100786925e-08,
      4.229079430695263e-06,
      1.5710560938801942e-08,
      9.580083668641007e-07,
      4.073166185559707e-07,
      -2.483485930193584e-05,
      2.027668427245898e-08,
      1.236444278529926e-06,
      -1.4162595016935136e-06,
      8.637532177394051e-05,
      1.1890073208819191e-07,
      7.250402872976038e-06,
      3.082655312349715e-06,
      -0.00018795528458913154
    ],
    [
      0.014305668753390604,
      -9.774940137635667e-06,
      -2.299248084529853e-05,
      -1.5710560938801942e-08,
      0.10789826525404125,
      -7.372591995318571e-05,
      0.00017369353186383614,
      1.1868327021268442e-07,
