{
  "config": {
    "symbols": [
      "H",
      "H"
    ],
    "geometry": [
      [
        0.0,
        0.0,
        0.0
      ],
      [
        0.0,
        0.0,
        0.7414
      ]
    ],
    "basis": "STO-3G",
    "ansatz": "RY-CZ",
    "optimizer": {
      "name": "GradientDescent",
      "stepsize": 0.1,
      "iterations_planned": 50
    },
    "seed": 2,
    "noisy": true,
    "depolarizing_prob": 0.0,
    "amplitude_damping_prob": 0.0
  },
  "energies": [
    1.3487965839311808,
    1.3487965839311808,
    1.3487964289521306,
    1.3487962533357714,
    1.3487960539319677,
    1.3487958271075684,
    1.3487955686672288,
    1.3487952737676,
    1.3487949368209762,
    1.348794551375242,
    1.3487941099866294,
    1.3487936040581197,
    1.3487930236710581,
    1.3487923573779679,
    1.348791591958956,
    1.3487907121613452,
    1.348789700375704,
    1.3487885362772054,
    1.3487871964042342,
    1.3487856536779452,
    1.3487838768411349,
    1.3487818298120418,
    1.3487794709469962,
    1.3487767521734007,
    1.3487736180064296,
    1.3487700043992494,
    1.3487658374199487,
    1.3487610317331997,
    1.3487554888450566,
    1.3487490950570766,
    1.3487417191375477,
    1.3487332096138813,
    1.34872339165026,
    1.3487120634210192,
    1.348698992001758,
    1.3486839085145879,
    1.3486665026276352,
    1.3486464161648255,
    1.3486232356926005,
    1.348596484051054,
    1.3485656105020163,
    1.3485299794206167,
    1.348488857213498,
    1.3484413972210973,
    1.348386622366154,
    1.3483234050400585,
    1.3482504439830882,
    1.348166237640931,
    1.348069053310206,
    1.3479568918069555,
    1.3478274464632893
  ],
  "final_params": [
    -0.03977007094323383,
    0.037746032052641286,
    0.010123846978190857,
    0.0057566768401528245
  ],
  "final_state_real": [
    [
      0.9992147478712046,
      0.0028760861413392193,
      0.005057991803398549,
      -1.4558652341505514e-05,
      0.018860435307583488,
      5.4286865484453055e-05,
      -9.547089591854388e-05,
      2.747983066078164e-07,
      -0.01987204000604938,
      -5.719861419509803e-05,
      -0.00010059160523955918,
      2.895374816884241e-07,
      0.000375089865078848,
      1.0796385511807172e-06,
      -1.8986924153677773e-06,
      5.465094419532159e-09
    ],
    [
      0.0028760861413392193,
      8.278372121703996e-06,
      1.4558652341505513e-05,
      -4.190484400286117e-08,
      5.428686548445306e-05,
      1.5625640252622242e-07,
      -2.747983066078164e-07,
      7.909647061096148e-10,
      -5.719861419509803e-05,
      -1.6463742387504276e-07,
      -2.8953748168842413e-07,
      8.333891570818288e-10,
      1.0796385511807172e-06,
      3.1075737110744576e-09,
      -5.4650944195321595e-09,
      1.5730434640471685e-11
    ],
    [
      0.005057991803398549,
      1.4558652341505514e-05,
      2.5603386216747645e-05,
      -7.369541363482961e-08,
      9.547089591854388e-05,
      2.747983066078164e-07,
      -4.832704978294225e-07,
      1.3910198848208317e-09,
      -0.00010059160523955918,
      -2.895374816884241e-07,
      -5.091913587879945e-07,
      1.465629096381651e-09,
      1.898692415367777e-06,
      5.465094419532158e-09,
      -9.611117817335851e-09,
      2.7664126114292274e-11
    ],
    [
      -1.4558652341505513e-05,
      -4.190484400286117e-08,
      -7.369541363482961e-08,
      2.121209270875014e-10,
      -2.747983066078164e-07,
      -7.909647061096148e-10,
      1.3910198848208317e-09,
      -4.003837038030566e-12,
      2.8953748168842413e-07,
      8.333891570818288e-10,
      1.4656290963816508e-09,
      -4.21858820457127e-12,
      -5.465094419532159e-09,
      -1.573043464047168e-11,
      2.7664126114292277e-11,
      -7.962693701924956e-14
    ],
    [
      0.018860435307583488,
      5.4286865484453055e-05,
      9.547089591854388e-05,
      -2.747983066078164e-07,
      0.0003559955662877935,
      1.0246785455877853e-06,
      -1.8020377100757322e-06,
      5.1868886995125975e-09,
      -0.000375089865078848,
      -1.0796385511807172e-06,
      -1.8986924153677773e-06,
      5.465094419532159e-09,
      7.079917654863158e-06,
      2.0378455274360558e-08,
      -3.583830757837336e-08,
      1.0315506248762654e-10
    ],
    [
      5.428686548445306e-05,
      1.5625640252622242e-07,
      2.747983066078164e-07,
      -7.909647061096148e-10,
      1.0246785455877853e-06,
      2.9493797781565195e-09,
      -5.186888699512598e-09,
      1.4929662218364514e-11,
      -1.0796385511807172e-06,
      -3.1075737110744576e-09,
      -5.4650944195321595e-09,
      1.5730434640471685e-11,
      2.0378455274360558e-08,
      5.865625288542447e-11,
      -1.0315506248762654e-10,
      2.9691599883361033e-13
    ],
    [
      -9.547089591854388e-05,
      -2.747983066078164e-07,
      -4.832704978294225e-07,
      1.3910198848208317e-09,
      -1.8020377100757322e-06,
      -5.1868886995125975e-09,
      9.121854931119387e-09,
      -2.6255857978115026e-11,
      1.898692415367777e-06,
      5.465094419532158e-09,
      9.611117817335851e-09,
      -2.7664126114292274e-11,
      -3.583830757837337e-08,
      -1.0315506248762655e-10,
      1.8141232051110256e-10,
      -5.221674932113049e-13
    ],
    [
      2.747983066078164e-07,
      7.909647061096148e-10,
      1.3910198848208317e-09,
      -4.003837038030566e-12,
      5.186888699512598e-09,
      1.4929662218364514e-11,
      -2.6255857978115026e-11,
      7.55734537754644e-14,
      -5.465094419532159e-09,
      -1.573043464047168e-11,
      -2.7664126114292277e-11,
      7.962693701924956e-14,
      1.0315506248762657e-10,
      2.9691599883361043e-13,
      -5.221674932113049e-13,
      1.502978914044529e-15
    ],
    [
      -0.01987204000604938,
      -5.719861419509803e-05,
      -0.00010059160523955918,
      2.895374816884241e-07,
      -0.000375089865078848,
      -1.0796385511807172e-06,
      1.8986924153677773e-06,
      -5.465094419532159e-09,
      0.00039520831219047706,
      1.1375464103734436e-06,
      2.0005313251762233e-06,
      -5.758222075797422e-09,
      -7.459658517064526e-06,
      -2.147148100622091e-08,
      3.776054318238303e-08,
      -1.0868792235869954e-10
    ],
    [
      -5.719861419509803e-05,
      -1.6463742387504276e-07,
      -2.8953748168842413e-07,
      8.333891570818288e-10,
      -1.0796385511807172e-06,
      -3.1075737110744576e-09,
      5.4650944195321595e-09,
      -1.5730434640471685e-11,
      1.1375464103734434e-06,
      3.2742525877180524e-09,
      5.758222075797422e-09,
      -1.6574157563485695e-11,
      -2.147148100622091e-08,
      -6.180235953949162e-11,
      1.0868792235869954e-10,
      -3.1284148591499377e-13
    ],
    [
      -0.00010059160523955918,
      -2.895374816884241e-07,
      -5.091913587879945e-07,
      1.465629096381651e-09,
      -1.898692415367777e-06,
      -5.465094419532158e-09,
      9.611117817335851e-09,
      -2.7664126114292274e-11,
      2.0005313251762233e-06,
      5.758222075797422e-09,
      1.0126623005354215e-08,
      -2.9147928511713854e-11,
      -3.776054318238302e-08,
      -1.0868792235869952e-10,
      1.9114261290298759e-10,
      -5.501746466603346e-13
    ],
    [
      2.8953748168842413e-07,
      8.333891570818288e-10,
      1.4656290963816508e-09,
      -4.21858820457127e-12,
      5.465094419532159e-09,
      1.573043464047168e-11,
      -2.7664126114292277e-11,
      7.962693701924956e-14,
      -5.758222075797422e-09,
      -1.6574157563485695e-11,
      -2.9147928511713854e-11,
      8.389783452769472e-14,
      1.0868792235869952e-10,
      3.1284148591499377e-13,
      -5.501746466603346e-13,
      1.5835931978555116e-15
    ],
    [
      0.000375089865078848,
      1.0796385511807172e-06,
      1.8986924153677773e-06,
      -5.465094419532159e-09,
      7.079917654863158e-06,
      2.0378455274360558e-08,
      -3.583830757837336e-08,
      1.0315506248762654e-10,
      -7.459658517064526e-06,
