{
  "config": {
    "symbols": [
      "H",
      "H"
    ],
    "geometry": [
      [
        0.0,
        0.0,
        0.0
      ],
      [
        0.0,
        0.0,
        0.7414
      ]
    ],
    "basis": "STO-3G",
    "ansatz": "UCC singles+doubles",
    "optimizer": {
      "name": "Adam",
      "stepsize": 0.1,
      "iterations_planned": 50
    },
    "seed": 2,
    "noisy": false,
    "depolarizing_prob": 0.0,
    "amplitude_damping_prob": 0.0
  },
  "energies": [
    -0.8884230416458273,
    -0.8884230416458273,
    -0.8974402814705569,
    -0.8941670288926646,
    -0.8926843049835836,
    -0.8943263985720201,
    -0.8963223752576137,
    -0.8977525114742769,
    -0.8971504863132944,
    -0.8955289402484689,
    -0.895393146799042,
    -0.896636971419956,
    -0.8976193214487262,
    -0.8977497602921415,
    -0.8974230623256136,
    -0.8970082763626819,
    -0.8967985041061477,
    -0.8970277398171476,
    -0.8976104718117088,
    -0.8980286792289056,
    -0.8978845508666633,
    -0.8974540050043414,
    -0.8973099628542408,
    -0.8975397489455005,
    -0.8978188470210154,
    -0.8979507901066087,
    -0.8979383632568332,
    -0.8978121737293315,
    -0.8976779841989158,
    -0.8977042634773255,
    -0.8978990838741822,
    -0.8980466230134492,
    -0.8979961547833518,
    -0.8978679905389009,
    -0.8978388658588913,
    -0.8979049847277046,
    -0.8979809960514951,
    -0.8980265470520805,
    -0.8980135113483273,
    -0.8979502306631622,
    -0.8979220767821919,
    -0.8979781721625036,
    -0.8980431645156165,
    -0.8980387119503561,
    -0.8979985505879966,
    -0.8979844347637818,
    -0.8979994054980291,
    -0.898026710956504,
    -0.8980475927973219,
    -0.8980367203425547,
    -0.8980097783872375
  ],
  "final_params": [
    -0.0032242656996478445,
    -0.0032242656996478445,
    0.12420083516596653
  ],
  "final_state_real": [
    0.0,
    0.0,
    0.0,
    -0.062057755376371954,
    0.0,
    0.0,
    0.0016121300565662662,
    0.0,
    0.0,
    0.0016121300565662662,
    0.0,
    0.0,
    0.9980699560005839,
    0.0,
    0.0,
    0.0
  ],
  "final_state_imag": [
    0.0,
    0.0,
    0.0,
    0.0,
    0.0,
    0.0,
    0.0,
    0.0,
    0.0,
    0.0,
    0.0,
    0.0,
    0.0,
    0.0,
    0.0,
    0.0
  ]
}