{
  "config": {
    "symbols": [
      "H",
      "H"
    ],
    "geometry": [
      [
        0.0,
        0.0,
        0.0
      ],
      [
        0.0,
        0.0,
        0.7414
      ]
    ],
    "basis": "STO-3G",
    "ansatz": "UCC singles+doubles",
    "optimizer": {
      "name": "GradientDescent",
      "stepsize": 0.1,
      "iterations_planned": 50
    },
    "seed": 2,
    "noisy": false,
    "depolarizing_prob": 0.0,
    "amplitude_damping_prob": 0.0
  },
  "energies": [
    -0.884942205366893,
    -0.884942205366893,
    -0.8883523897138843,
    -0.8908781186364866,
    -0.89274759284605,
    -0.8941306788456629,
    -0.8951535720803498,
    -0.8959098884351431,
    -0.8964690008831305,
    -0.8968822768668996,
    -0.8971877295436284,
    -0.8974134774947955,
    -0.8975803137273205,
    -0.8977036106034244,
    -0.8977947310909055,
    -0.8978620734820734,
    -0.8979118443646819,
    -0.8979486303308504,
    -0.89797582067705,
    -0.8979959198952269,
    -0.8980107786461107,
    -0.8980217644473596,
    -0.8980298878073392,
    -0.8980358954555114,
    -0.8980403392045235,
    -0.8980436268425993,
    -0.8980460597360506,
    -0.8980478606188178,
    -0.8980491941128464,
    -0.8980501819048734,
    -0.8980509139496206,
    -0.8980514567479306,
    -0.8980518594726827,
    -0.8980521584874663,
    -0.8980523806869029,
    -0.8980525459658187,
    -0.8980526690449404,
    -0.8980527608195917,
    -0.8980528293566452,
    -0.8980528806296613,
    -0.8980529190652428,
    -0.8980529479441177,
    -0.8980529697001202,
    -0.8980529861391577,
    -0.8980529986025577,
    -0.8980530080877481,
    -0.8980530153368256,
    -0.8980530209029202,
    -0.8980530251985472,
    -0.8980530285319703,
    -0.8980530311340794
  ],
  "final_params": [
    -3.234912618248426e-05,
    -0.00012594107027132182,
    0.11708650230766068
  ],
  "final_state_real": [
    0.0,
    0.0,
    0.0,
    -0.05850981474320559,
    0.0,
    0.0,
    1.617456305846847e-05,
    0.0,
    0.0,
    6.297053508580779e-05,
    0.0,
    0.0,
    0.9982868312022406,
    0.0,
    0.0,
    0.0
  ],
  "final_state_imag": [
    0.0,
    0.0,
    0.0,
    0.0,
    0.0,
    0.0,
    0.0,
    0.0,
    0.0,
    0.0,
    0.0,
    0.0,
    0.0,
    0.0,
    0.0,
    0.0
  ]
}