{
  "config": {
    "symbols": [
      "H",
      "H"
    ],
    "geometry": [
      [
        0.0,
        0.0,
        0.0
      ],
      [
        0.0,
        0.0,
        0.7414
      ]
    ],
    "basis": "STO-3G",
    "ansatz": "UCC singles+doubles",
    "optimizer": {
      "name": "Adam",
      "stepsize": 0.1,
      "iterations_planned": 50
    },
    "seed": 2,
    "noisy": false,
    "depolarizing_prob": 0.0,
    "amplitude_damping_prob": 0.0
  },
  "energies": [
    -0.884942205366893,
    -0.884942205366893,
    -0.8900152914008608,
    -0.8960943019507903,
    -0.8910569878219186,
    -0.8886911761251713,
    -0.892833567851593,
    -0.897178793998971,
    -0.897785622526,
    -0.8954461558176012,
    -0.8934949347293373,
    -0.8938213305399386,
    -0.8957599649925725,
    -0.8975355458680849,
    -0.8978733807999628,
    -0.8969291345890902,
    -0.8959574763343275,
    -0.8959334203147082,
    -0.8967243729771516,
    -0.8975280564113587,
    -0.8977610801957546,
    -0.8974853010665552,
    -0.897143111862228,
    -0.8970765815085919,
    -0.8973019013392707,
    -0.8975936876631259,
    -0.8977379835046726,
    -0.8977162706076122,
    -0.8976539760449799,
    -0.8976469724952028,
    -0.8976862701308884,
    -0.8977269861197716,
    -0.8977702851813585,
    -0.8978362660514285,
    -0.8978966806804768,
    -0.8979004970105352,
    -0.8978512280662025,
    -0.8978167991900017,
    -0.8978567693520917,
    -0.8979497817977068,
    -0.8980091131331018,
    -0.8979803007894827,
    -0.897909693920898,
    -0.8978929858633082,
    -0.8979583112027758,
    -0.8980329219087217,
    -0.8980372336281274,
    -0.8979817478432297,
    -0.8979461754741259,
    -0.8979766412923325,
    -0.8980340825026666
  ],
  "final_params": [
    -0.0012355254461932932,
    0.00035089826670378806,
    0.11836324310348757
  ],
  "final_state_real": [
    0.0,
    0.0,
    0.0,
    -0.05914717668112201,
    0.0,
    0.0,
    0.0006177626742956603,
    0.0,
    0.0,
    -0.0001754490989733761,
    0.0,
    0.0,
    0.9982490666549826,
    0.0,
    0.0,
    0.0
  ],
  "final_state_imag": [
    0.0,
    0.0,
    0.0,
    0.0,
    0.0,
    0.0,
    0.0,
    0.0,
    0.0,
    0.0,
    0.0,
    0.0,
    0.0,
    0.0,
    0.0,
    0.0
  ]
}