{
  "config": {
    "symbols": [
      "H",
      "H"
    ],
    "geometry": [
      [
        0.0,
        0.0,
        0.0
      ],
      [
        0.0,
        0.0,
        0.7414
      ]
    ],
    "basis": "STO-3G",
    "ansatz": "UCC singles+doubles",
    "optimizer": {
      "name": "GradientDescent",
      "stepsize": 0.1,
      "iterations_planned": 50
    },
    "seed": 3,
    "noisy": false,
    "depolarizing_prob": 0.0,
    "amplitude_damping_prob": 0.0
  },
  "energies": [
    -0.8878175886989447,
    -0.8878175886989447,
    -0.8904778819921644,
    -0.892447771169356,
    -0.8939057820138333,
    -0.8949845964209745,
    -0.8957826760181714,
    -0.8963730066361764,
    -0.8968096463097337,
    -0.897132610155299,
    -0.8973715058684515,
    -0.8975482339190968,
    -0.8976789904607595,
    -0.897775751462413,
    -0.897847371606496,
    -0.8979003975800538,
    -0.8979396695805342,
    -0.8979687662777182,
    -0.8979903337787103,
    -0.8980063287482747,
    -0.8980181982549825,
    -0.8980270125942138,
    -0.8980335635459774,
    -0.8980384369511696,
    -0.898042066379795,
    -0.8980447727984462,
    -0.898046793878337,
    -0.8980483056933097,
    -0.8980494387280872,
    -0.898050289734674,
    -0.8980509304927285,
    -0.8980514142923357,
    -0.8980517807285634,
    -0.8980520592439423,
    -0.8980522717568601,
    -0.8980524346021352,
    -0.8980525599715374,
    -0.8980526569780923,
    -0.8980527324460051,
    -0.8980527914958242,
    -0.8980528379788435,
    -0.8980528747987053,
    -0.8980529041521618,
    -0.8980529277054232,
    -0.8980529467276042,
    -0.8980529621895261,
    -0.898052974836473,
    -0.8980529852432138,
    -0.8980529938563759,
    -0.8980530010237274,
    -0.8980530070182721
  ],
  "final_params": [
    -5.351250968986358e-05,
    -0.0002832331446400455,
    0.1170948580954605
  ],
  "final_state_real": [
    0.0,
    0.0,
    0.0,
    -0.058513982229261484,
    0.0,
    0.0,
    2.6756254573437603e-05,
    0.0,
    0.0,
    0.00014161657179597193,
    0.0,
    0.0,
    0.9982865786499001,
    0.0,
    0.0,
    0.0
  ],
  "final_state_imag": [
    0.0,
    0.0,
    0.0,
    0.0,
    0.0,
    0.0,
    0.0,
    0.0,
    0.0,
    0.0,
    0.0,
    0.0,
    0.0,
    0.0,
    0.0,
    0.0
  ]
}