{
  "config": {
    "symbols": [
      "H",
      "H"
    ],
    "geometry": [
      [
        0.0,
        0.0,
        0.0
      ],
      [
        0.0,
        0.0,
        0.7414
      ]
    ],
    "basis": "STO-3G",
    "ansatz": "UCC singles+doubles",
    "optimizer": {
      "name": "GradientDescent",
      "stepsize": 0.1,
      "iterations_planned": 50
    },
    "seed": 1,
    "noisy": false,
    "depolarizing_prob": 0.0,
    "amplitude_damping_prob": 0.0
  },
  "energies": [
    -0.8864925800357369,
    -0.8864925800357369,
    -0.8894987307395213,
    -0.8917247734063493,
    -0.8933722698436342,
    -0.894591120359475,
    -0.8954926127221672,
    -0.8961592634529969,
    -0.8966521988395583,
    -0.8970166687764811,
    -0.8972861536400617,
    -0.8974854164494095,
    -0.8976327679497615,
    -0.8977417452377745,
    -0.8978223550547599,
    -0.8978819939102087,
    -0.8979261286804858,
    -0.897958799968988,
    -0.8979829942462209,
    -0.8980009189336295,
    -0.898014205727284,
    -0.898024060834663,
    -0.8980313760318819,
    -0.8980368106924977,
    -0.8980408524443407,
    -0.8980438619689065,
    -0.8980461060999204,
    -0.8980477823087755,
    -0.8980490367736627,
    -0.8980499777466808,
    -0.8980506854296054,
    -0.8980512192753896,
    -0.8980516233821727,
    -0.8980519304859899,
    -0.8980521649089455,
    -0.8980523447399098,
    -0.8980524834497694,
    -0.8980525910839324,
    -0.8980526751471426,
    -0.8980527412574562,
    -0.8980527936281345,
    -0.8980528354289669,
    -0.8980528690520095,
    -0.8980528963076415,
    -0.8980529185727647,
    -0.8980529368985519,
    -0.898052952091301,
    -0.8980529647729346,
    -0.8980529754268388,
    -0.8980529844304187,
    -0.89805299208038
  ],
  "final_params": [
    -0.00028955637271179877,
    -0.00022106123062339,
    0.11709104142674895
  ],
  "final_state_real": [
    0.0,
    0.0,
    0.0,
    -0.05851206460924449,
    0.0,
    0.0,
    0.00014477818496574468,
    0.0,
    0.0,
    0.00011053061392823513,
    0.0,
    0.0,
    0.9982866848342836,
    0.0,
    0.0,
    0.0
  ],
  "final_state_imag": [
    0.0,
    0.0,
    0.0,
    0.0,
    0.0,
    0.0,
    0.0,
    0.0,
    0.0,
    0.0,
    0.0,
    0.0,
    0.0,
    0.0,
    0.0,
    0.0
  ]
}