{
  "config": {
    "symbols": [
      "H",
      "H",
      "H"
    ],
    "geometry": [
      [
        0.0,
        1.0,
        0.0
      ],
      [
        -0.866025,
        -0.5,
        0.0
      ],
      [
        0.866025,
        -0.5,
        0.0
      ]
    ],
    "basis": "STO-3G",
    "ansatz": "UCC singles+doubles (excitation_ansatz with (singles, doubles))",
    "optimizer": {
      "name": "Adam",
      "stepsize": 0.1,
      "iterations_planned": 50
    },
    "seed": 3,
    "noisy": false,
    "depolarizing_prob": 0.0,
    "amplitude_damping_prob": 0.0
  },
  "energies": [
    -1.243033347402284,
    -1.243033347402284,
    -1.2519652967529413,
    -1.2692072548499336,
    -1.2623969905414636,
    -1.2535693473029468,
    -1.2555980959860864,
    -1.2625316454059918,
    -1.267489869549363,
    -1.2681510857934701,
    -1.2663882875341552,
    -1.2649037491412585,
    -1.2648469575881938,
    -1.2656963312897191,
    -1.2665311927393783,
    -1.26716249729696,
    -1.2679125489910326,
    -1.2686990713293587,
    -1.2690071689666682,
    -1.268582022732238,
    -1.2678324214031884,
    -1.267517613334388,
    -1.2680309491914763,
    -1.2690353373235495,
    -1.2697969167592054,
    -1.2698423183729741,
    -1.269328017467913,
    -1.2688220074256358,
    -1.268770463760932,
    -1.2691658501457461,
    -1.2696496289051222,
    -1.269884564333177,
    -1.2698265816775274,
    -1.2696621192845294,
    -1.269564652510816,
    -1.2695728637501822,
    -1.2696525317220575,
    -1.2697770229757792,
    -1.2699129136239373,
    -1.269989951963212,
    -1.269954773738829,
    -1.2698475323497833,
    -1.269784384391376,
    -1.269843971832661,
    -1.2699805391364514,
    -1.2700712306829995,
    -1.2700485593268245,
    -1.2699665524457324,
    -1.269928337326309,
    -1.269968927611552,
    -1.2700347757030268
  ],
  "final_params": [
    -0.00923457307248287,
    0.0003104886066971173,
    -0.004616455024950373,
    -0.004657220944582029,
    0.1817641387078393,
    0.0028649743087792007,
    0.004366541837585511,
    0.1823888339141364
  ],
  "final_state_real": [
    0.0,
    0.0,
    0.0,
    -0.09069092067094932,
    0.0,
    0.0,
    -0.002174582336395211,
    0.0,
    0.0,
    -0.0014158016066487347,
    0.0,
    0.0,
    -0.09074494342628368,
    0.0,
    0.0,
    0.0,
    0.0,
    0.0,
    -0.00015524181342106377,
    0.0,
    0.0,
    0.0,
    0.0,
    0.0,
    0.0046172453114428635,
    0.0,
    0.0,
    0.0,
    0.0,
    0.0,
    0.0,
    0.0,
    0.0,
    0.0023285773143872624,
    0.0,
    0.0,
    0.002308200830115767,
    0.0,
    0.0,
    0.0,
    0.0,
    0.0,
    0.0,
    0.0,
    0.0,
    0.0,
    0.0,
    0.0,
    0.9917165349686478,
    0.0,
    0.0,
    0.0,
    0.0,
    0.0,
    0.0,
    0.0,
    0.0,
    0.0,
    0.0,
    0.0,
    0.0,
    0.0,
    0.0,
    0.0
  ],
  "final_state_imag": [
    0.0,
    0.0,
    0.0,
    0.0,
    0.0,
    0.0,
    0.0,
    0.0,
    0.0,
    0.0,
    0.0,
    0.0,
    0.0,
    0.0,
    0.0,
    0.0,
    0.0,
    0.0,
    0.0,
    0.0,
    0.0,
    0.0,
    0.0,
    0.0,
    0.0,
    0.0,
    0.0,
    0.0,
    0.0,
    0.0,
    0.0,
    0.0,
    0.0,
    0.0,
    0.0,
    0.0,
    0.0,
    0.0,
    0.0,
    0.0,
    0.0,
    0.0,
    0.0,
    0.0,
    0.0,
    0.0,
    0.0,
    0.0,
    0.0,
    0.0,
    0.0,
    0.0,
    0.0,
    0.0,
    0.0,
    0.0,
    0.0,
    0.0,
    0.0,
    0.0,
    0.0,
    0.0,
    0.0,
    0.0
  ]
}