{
  "config": {
    "symbols": [
      "H",
      "H",
      "H"
    ],
    "geometry": [
      [
        0.0,
        1.0,
        0.0
      ],
      [
        -0.866025,
        -0.5,
        0.0
      ],
      [
        0.866025,
        -0.5,
        0.0
      ]
    ],
    "basis": "STO-3G",
    "ansatz": "UCC singles+doubles (excitation_ansatz with (singles, doubles))",
    "optimizer": {
      "name": "Adam",
      "stepsize": 0.1,
      "iterations_planned": 50
    },
    "seed": 1,
    "noisy": false,
    "depolarizing_prob": 0.0,
    "amplitude_damping_prob": 0.0
  },
  "energies": [
    -1.2414791606727351,
    -1.2414791606727351,
    -1.2529524739680582,
    -1.2691821678661785,
    -1.2633719762889777,
    -1.2548601205317016,
    -1.2556908868450862,
    -1.2617527588018036,
    -1.2668741641004488,
    -1.2681763575241127,
    -1.266926330813143,
    -1.2656919333856516,
    -1.265497487767078,
    -1.2658394564489015,
    -1.2661647947776473,
    -1.266734310544084,
    -1.2678371680640557,
    -1.2689553861451486,
    -1.2693151393876567,
    -1.2687593493849647,
    -1.2678951512813803,
    -1.2675418650227028,
    -1.2680503672922687,
    -1.2690365729145565,
    -1.2697464463448893,
    -1.2697579685390359,
    -1.2693164655381135,
    -1.2689680025758732,
    -1.268993401519639,
    -1.2692692338510991,
    -1.2695447026526312,
    -1.2697079838591911,
    -1.2697790601133707,
    -1.2697792477206125,
    -1.2697107274290726,
    -1.26961713411752,
    -1.2695957461927192,
    -1.269714844278718,
    -1.2699136058205598,
    -1.2700326573131453,
    -1.2699815073940872,
    -1.2698467883954359,
    -1.2697911134207704,
    -1.2698672984118835,
    -1.2699843206398977,
    -1.270040178620257,
    -1.2700270720495848,
    -1.269996719608885,
    -1.2699806804181972,
    -1.2699793757099278,
    -1.269993842255487
  ],
  "final_params": [
    -0.006595000075101573,
    0.007211308770717534,
    -0.0033162468940931633,
    0.00592917134346522,
    0.18344519519527663,
    -0.0053201658226580475,
    0.006373809385176735,
    0.18531399120133696
  ],
  "final_state_real": [
    0.0,
    0.0,
    0.0,
    -0.09212251632031758,
    0.0,
    0.0,
    -0.0031794157488772962,
    0.0,
    0.0,
    0.0026390767342139836,
    0.0,
    0.0,
    -0.09158697434802433,
    0.0,
    0.0,
    0.0,
    0.0,
    0.0,
    -0.0036056061685902016,
    0.0,
    0.0,
    0.0,
    0.0,
    0.0,
    0.0032974750382109364,
    0.0,
    0.0,
    0.0,
    0.0,
    0.0,
    0.0,
    0.0,
    0.0,
    -0.002964541865466533,
    0.0,
    0.0,
    0.001658102894107238,
    0.0,
    0.0,
    0.0,
    0.0,
    0.0,
    0.0,
    0.0,
    0.0,
    0.0,
    0.0,
    0.0,
    0.9915002688627593,
    0.0,
    0.0,
    0.0,
    0.0,
    0.0,
    0.0,
    0.0,
    0.0,
    0.0,
    0.0,
    0.0,
    0.0,
    0.0,
    0.0,
    0.0
  ],
  "final_state_imag": [
    0.0,
    0.0,
    0.0,
    0.0,
    0.0,
    0.0,
    0.0,
    0.0,
    0.0,
    0.0,
    0.0,
    0.0,
    0.0,
    0.0,
    0.0,
    0.0,
    0.0,
    0.0,
    0.0,
    0.0,
    0.0,
    0.0,
    0.0,
    0.0,
    0.0,
    0.0,
    0.0,
    0.0,
    0.0,
    0.0,
    0.0,
    0.0,
    0.0,
    0.0,
    0.0,
    0.0,
    0.0,
    0.0,
    0.0,
    0.0,
    0.0,
    0.0,
    0.0,
    0.0,
    0.0,
    0.0,
    0.0,
    0.0,
    0.0,
    0.0,
    0.0,
    0.0,
    0.0,
    0.0,
    0.0,
    0.0,
    0.0,
    0.0,
    0.0,
    0.0,
    0.0,
    0.0,
    0.0,
    0.0
  ]
}