{
  "config": {
    "symbols": [
      "H",
      "H",
      "H"
    ],
    "geometry": [
      [
        0.0,
        1.0,
        0.0
      ],
      [
        -0.866025,
        -0.5,
        0.0
      ],
      [
        0.866025,
        -0.5,
        0.0
      ]
    ],
    "basis": "STO-3G",
    "ansatz": "UCC singles+doubles",
    "optimizer": {
      "name": "Adam",
      "stepsize": 0.1,
      "iterations_planned": 50
    },
    "seed": 4,
    "noisy": false,
    "depolarizing_prob": 0.0,
    "amplitude_damping_prob": 0.0
  },
  "energies": [
    -1.2463954525969663,
    -1.2463954525969663,
    -1.2538789290906007,
    -1.2689366632308463,
    -1.2617135629604532,
    -1.2541888399991945,
    -1.2579387678186738,
    -1.2650534633127744,
    -1.2685959166662077,
    -1.2677465084892132,
    -1.2655985862344694,
    -1.2646997320120605,
    -1.2653823245462499,
    -1.2665412136212142,
    -1.2672486059897814,
    -1.2677111844163196,
    -1.2683851896296614,
    -1.268956148523863,
    -1.268852616729828,
    -1.2681494402740683,
    -1.2676041708948407,
    -1.2678717814012939,
    -1.268836374850122,
    -1.2697499929614984,
    -1.2699429833568923,
    -1.2694195872613812,
    -1.268808499047089,
    -1.2687173859150582,
    -1.2691726916341863,
    -1.269713608579494,
    -1.269928271399806,
    -1.2698040940137756,
    -1.2696021057950964,
    -1.2695287799565047,
    -1.269593404126288,
    -1.2697069759479256,
    -1.2698152412268238,
    -1.2699085343510408,
    -1.2699598046419696,
    -1.269930124644723,
    -1.2698431675588977,
    -1.2697964577681613,
    -1.2698621112191424,
    -1.2699949152757923,
    -1.2700740461130522,
    -1.2700384310806436,
    -1.2699516589190212,
    -1.2699201264104918,
    -1.26997352244052,
    -1.2700501897948064,
    -1.2700807830848726
  ],
  "final_params": [
    -0.0050090498830075315,
    -0.005086662375106032,
    0.003323036957792856,
    -0.0052369893070690135,
    0.17380174460939282,
    0.007763943639123714,
    -0.0018718944623097454,
    0.17525609101177128
  ],
  "final_state_real": [
    0.0,
    0.0,
    0.0,
    -0.08717736924321258,
    0.0,
    0.0,
    0.0009281717598207167,
    0.0,
    0.0,
    -0.0038607108179907566,
    0.0,
    0.0,
    -0.08679471317046279,
    0.0,
    0.0,
    0.0,
    0.0,
    0.0,
    0.002543308239182981,
    0.0,
    0.0,
    0.0,
    0.0,
    0.0,
    0.002504510279996091,
    0.0,
    0.0,
    0.0,
    0.0,
    0.0,
    0.0,
    0.0,
    0.0,
    0.002618471365607522,
    0.0,
    0.0,
    -0.0016615071295952005,
    0.0,
    0.0,
    0.0,
    0.0,
    0.0,
    0.0,
    0.0,
    0.0,
    0.0,
    0.0,
    0.0,
    0.992385338202796,
    0.0,
    0.0,
    0.0,
    0.0,
    0.0,
    0.0,
    0.0,
    0.0,
    0.0,
    0.0,
    0.0,
    0.0,
    0.0,
    0.0,
    0.0
  ],
  "final_state_imag": [
    0.0,
    0.0,
    0.0,
    0.0,
    0.0,
    0.0,
    0.0,
    0.0,
    0.0,
    0.0,
    0.0,
    0.0,
    0.0,
    0.0,
    0.0,
    0.0,
    0.0,
    0.0,
    0.0,
    0.0,
    0.0,
    0.0,
    0.0,
    0.0,
    0.0,
    0.0,
    0.0,
    0.0,
    0.0,
    0.0,
    0.0,
    0.0,
    0.0,
    0.0,
    0.0,
    0.0,
    0.0,
    0.0,
    0.0,
    0.0,
    0.0,
    0.0,
    0.0,
    0.0,
    0.0,
    0.0,
    0.0,
    0.0,
    0.0,
    0.0,
    0.0,
    0.0,
    0.0,
    0.0,
    0.0,
    0.0,
    0.0,
    0.0,
    0.0,
    0.0,
    0.0,
    0.0,
    0.0,
    0.0
  ]
}