{
  "config": {
    "symbols": [
      "H",
      "H"
    ],
    "geometry": [
      [
        0.0,
        0.0,
        0.0
      ],
      [
        0.0,
        0.0,
        0.7414
      ]
    ],
    "basis": "STO-3G",
    "ansatz": "RY-CZ",
    "optimizer": {
      "name": "Adam",
      "stepsize": 0.1,
      "iterations_planned": 50
    },
    "seed": 2,
    "noisy": true,
    "depolarizing_prob": 0.1,
    "amplitude_damping_prob": 0.0
  },
  "energies": [
    1.1543324497487188,
    1.1543324497487188,
    1.14829491629353,
    1.1358305559505586,
    1.1143741840893981,
    1.0835663816039078,
    1.0432426088126678,
    0.9936444491698186,
    0.9350748763961856,
    0.8678622577839081,
    0.7928382282793613,
    0.7108603853193423,
    0.6228585886931923,
    0.530241785375502,
    0.4341865330269135,
    0.336226766789964,
    0.23786155195525527,
    0.14049518850667062,
    0.04569658809157148,
    -0.04536530457919008,
    -0.13135498682868324,
    -0.21144300139612338,
    -0.28475026945452553,
    -0.35081714175801787,
    -0.4093332775529842,
    -0.4602135947122119,
    -0.5036112827643894,
    -0.539751437854177,
    -0.5691298739031713,
    -0.5921953564091331,
    -0.6096254506458916,
    -0.621979133366617,
    -0.6299974947746828,
    -0.6342955383714606,
    -0.6356191543099465,
    -0.6345612804359851,
    -0.6317879033878935,
    -0.6278291100173536,
    -0.6232472439536771,
    -0.61845805903916,
    -0.6138597911576027,
    -0.6097306139045824,
    -0.6063131377309222,
    -0.6037390930838927,
    -0.6020897967623031,
    -0.6013736455714171,
    -0.6015591161477457,
    -0.602562117796388,
    -0.6042695313278883,
    -0.606547658622973,
    -0.6092550547786257
  ],
  "final_params": [
    -3.4160876887282625,
    -3.416737719480328,
    0.0018821124163524005,
    -0.002482688498162188
  ],
  "final_state_real": [
    [
      0.005990653291784693,
      -6.905288995787545e-06,
      -3.0197629108702008e-06,
      -3.4808128280938145e-09,
      -0.0049173500192504944,
      5.668118302652819e-06,
      4.296967446068164e-06,
      4.953017786374976e-09,
      -0.004897002292927307,
      5.644662509858474e-06,
      7.4181125433876985e-06,
      8.55069158188539e-09,
      -0.012046246529212826,
      1.3885436294589105e-05,
      1.0526468317426941e-05,
      1.2133623411933401e-08
    ],
    [
      -6.905288995787545e-06,
      0.0004279129906771766,
      3.4808128280938153e-09,
      -2.1569272125235596e-07,
      5.668118302652819e-06,
      -0.0003512468257559742,
      -4.953017786374976e-09,
      3.069196585728468e-07,
      5.644662509858473e-06,
      -0.0003497933855382978,
      -8.55069158188539e-09,
      5.298538091450525e-07,
      1.3885436294589102e-05,
      -0.0008604646484581242,
      -1.2133623411933401e-08,
      7.518744562328055e-07
    ],
    [
      -3.0197629108702008e-06,
      3.4808128280938145e-09,
      0.0004279090847347868,
      -4.93228844234176e-07,
      -4.296967446068163e-06,
      4.953017786374974e-09,
      -0.00035123495456444866,
      4.048705870497959e-07,
      7.4181125433876985e-06,
      -8.55069158188539e-09,
      -0.0003497901926630122,
      4.0318520593821315e-07,
      -1.0526468317426941e-05,
      1.2133623411933401e-08,
      -0.0008604355670831655,
      9.918291122120173e-07
    ],
    [
      -3.4808128280938153e-09,
      -2.1569272125235596e-07,
      -4.93228844234176e-07,
      3.056559064065713e-05,
      -4.953017786374973e-09,
      -3.0691965857284677e-07,
      4.048705870497959e-07,
      -2.5088749509865177e-05,
      8.55069158188539e-09,
      5.298538091450525e-07,
      4.031852059382131e-07,
      -2.4985550016262728e-05,
      -1.2133623411933401e-08,
      -7.518744562328055e-07,
      9.918291122120173e-07,
      -6.146100247538792e-05
    ],
    [
      -0.0049173500192504944,
      5.668118302652819e-06,
      -4.296967446068164e-06,
      -4.953017786374976e-09,
      0.06621533558614684,
      -7.632490246137794e-05,
      -5.770324976158869e-05,
      -6.651323892674723e-08,
      0.012046246529212826,
      -1.3885436294589105e-05,
      1.0526468317426941e-05,
      1.2133623411933401e-08,
      -0.09357454698667994,
      0.00010786123952107839,
      8.199319632632072e-05,
      9.451171433416534e-08
    ],
    [
      5.668118302652819e-06,
      -0.0003512468257559742,
      4.953017786374976e-09,
      -3.069196585728468e-07,
      -7.632490246137794e-05,
      0.004729768340661191,
      6.651323892674722e-08,
      -4.121572233826407e-06,
      -1.3885436294589102e-05,
      0.0008604646484581242,
      -1.2133623411933401e-08,
      7.518744562328055e-07,
      0.00010786123952107838,
      -0.006684039670138087,
      -9.451171433416534e-08,
      5.856531178703178e-06
    ],
    [
      4.296967446068163e-06,
      -4.953017786374974e-09,
      -0.00035123495456444866,
      4.048705870497959e-07,
      -5.770324976158869e-05,
      6.651323892674723e-08,
      0.004729725167859575,
      -5.451711499732559e-06,
      -1.0526468317426941e-05,
      1.2133623411933401e-08,
      0.0008604355670831655,
      -9.918291122120173e-07,
      8.199319632632072e-05,
      -9.451171433416534e-08,
      -0.0066839786589642,
      7.704279218306583e-06
    ],
    [
      4.953017786374973e-09,
      3.0691965857284677e-07,
      4.048705870497959e-07,
      -2.5088749509865177e-05,
      -6.651323892674722e-08,
      -4.121572233826407e-06,
      -5.451711499732559e-06,
      0.00033784476301364333,
      -1.2133623411933401e-08,
      -7.518744562328055e-07,
      -9.918291122120173e-07,
      6.146100247538792e-05,
      9.451171433416534e-08,
      5.856531178703178e-06,
      7.704279218306582e-06,
      -0.0004774372941098242
    ],
    [
      -0.004897002292927307,
      5.644662509858474e-06,
      7.4181125433876985e-06,
      8.55069158188539e-09,
      0.012046246529212826,
      -1.3885436294589105e-05,
      -1.0526468317426941e-05,
      -1.2133623411933401e-08,
      0.0662819236511911,
      -7.640165700055838e-05,
      -3.341133010943593e-05,
      -3.851248918581098e-08,
      -0.09379956077257637,
      0.00010812063512144947,
      8.19656232558947e-05,
      9.447993147568216e-08
    ],
    [
      5.644662509858473e-06,
      -0.0003497933855382978,
      -8.55069158188539e-09,
      5.298538091450525e-07,
      -1.3885436294589102e-05,
      0.0008604646484581242,
      1.2133623411933401e-08,
      -7.518744562328055e-07,
      -7.640165700055838e-05,
      0.004734524733105995,
      3.851248918581098e-08,
      -2.386472357158762e-06,
      0.00010812063512144947,
      -0.006700112428379425,
      -9.447993147568216e-08,
      5.854561715944344e-06
    ],
    [
      7.4181125433876985e-06,
      -8.55069158188539e-09,
      -0.0003497901926630122,
      4.0318520593821315e-07,
      1.0526468317426941e-05,
      -1.2133623411933401e-08,
      0.0008604355670831655,
      -9.918291122120173e-07,
      -3.341133010943593e-05,
      3.851248918581098e-08,
      0.004734481516888556,
      -5.457193899190827e-06,
      -8.196562325589468e-05,
      9.447993147568216e-08,
      -0.006699885982723411,
      7.722997770411801e-06
    ],
    [
      8.55069158188539e-09,
      5.298538091450525e-07,
      4.031852059382131e-07,
      -2.4985550016262728e-05,
      1.2133623411933401e-08,
      7.518744562328055e-07,
      -9.918291122120173e-07,
      6.146100247538792e-05,
      -3.851248918581098e-08,
      -2.386472357158762e-06,
      -5.457193899190827e-06,
      0.00033818450952183905,
      -9.447993147568215e-08,
      -5.854561715944342e-06,
      7.722997770411801e-06,
      -0.0004785735559083177
    ],
    [
      -0.012046246529212826,
      1.3885436294589105e-05,
      -1.0526468317426941e-05,
      -1.2133623411933401e-08,
      -0.09357454698667994,
      0.00010786123952107839,
      8.199319632632072e-05,
      9.451171433416534e-08,
      -0.09379956077257637,
      0.00010812063512144947,
