{
  "config": {
    "symbols": [
      "H",
      "H"
    ],
    "geometry": [
      [
        0.0,
        0.0,
        0.0
      ],
      [
        0.0,
        0.0,
        0.7414
      ]
    ],
    "basis": "STO-3G",
    "ansatz": "RY-CZ",
    "optimizer": {
      "name": "Adam",
      "stepsize": 0.1,
      "iterations_planned": 50
    },
    "seed": 3,
    "noisy": true,
    "depolarizing_prob": 0.02,
    "amplitude_damping_prob": 0.0
  },
  "energies": [
    1.3068752635101633,
    1.3068752635101633,
    1.2977639194396473,
    1.2798615238689113,
    1.2507038007438176,
    1.2106586722993065,
    1.1607174674627923,
    1.1016769358307186,
    1.0319294689550735,
    0.9508284176837575,
    0.8590493443922513,
    0.7577111195948663,
    0.6483273721854085,
    0.5328673221781746,
    0.41379428376308974,
    0.2939935609995119,
    0.17634942802401918,
    0.06268115352998108,
    -0.04705005608204388,
    -0.1534178602365494,
    -0.2556442673025014,
    -0.35172696046290325,
    -0.43934339845123505,
    -0.5166520875781808,
    -0.5830896648986987,
    -0.6396048467990458,
    -0.6878349299214122,
    -0.7289085300248795,
    -0.7629465545399736,
    -0.7896595443252294,
    -0.8091881880616956,
    -0.8223726943869872,
    -0.8304118631952692,
    -0.8344898621887092,
    -0.8355426755345599,
    -0.8342145664017762,
    -0.83105039491961,
    -0.8266074061928448,
    -0.821385666011989,
    -0.8158247214936827,
    -0.8103848251574163,
    -0.8055460408533539,
    -0.8017093658338907,
    -0.7990770642150707,
    -0.7976033433287406,
    -0.7970920284671656,
    -0.7973811189411815,
    -0.7984523892093873,
    -0.8003719260698946,
    -0.8031241706872567,
    -0.8065048551700742
  ],
  "final_params": [
    3.4129552645448396,
    3.4150670788337014,
    0.009277359199187875,
    0.008180196441557147
  ],
  "final_state_real": [
    [
      0.000952491034163401,
      3.843154509793496e-06,
      7.279699044164307e-07,
      -2.937249394250227e-09,
      -0.0006350738069890104,
      -2.5624279039331935e-06,
      2.9061147754509954e-06,
      -1.1725737303189541e-08,
      -0.0006663693020614296,
      -2.6886974223906367e-06,
      -1.8257405903180372e-05,
      7.36658948458675e-08,
      -0.016691065937969266,
      -6.734595669851236e-05,
      7.637876543883136e-05,
      -3.0817686439747794e-07
    ],
    [
      3.843154509793496e-06,
      1.2887431856502267e-05,
      2.937249394250225e-09,
      9.825255087891903e-09,
      -2.5624279039331935e-06,
      -8.592700737187504e-06,
      1.1725737303189528e-08,
      3.922321350137021e-08,
      -2.6886974223906367e-06,
      -9.01613628219035e-06,
      -7.36658948458675e-08,
      -2.464163273147007e-07,
      -6.734595669851236e-05,
      -0.00022583412039872653,
      3.081768643974779e-07,
      1.0308679647084626e-06
    ],
    [
      7.279699044164307e-07,
      2.937249394250225e-09,
      1.2891992088424056e-05,
      5.1851839799218756e-08,
      -2.9061147754509937e-06,
      -1.1725737303189535e-08,
      -8.568415663944658e-06,
      -3.468253146726901e-08,
      -1.825740590318037e-05,
      -7.36658948458675e-08,
      -9.01932665191979e-06,
      -3.6275905030386823e-08,
      -7.637876543883137e-05,
      -3.08176864397478e-07,
      -0.00022519585795687487,
      -9.115293580764826e-07
    ],
    [
      -2.9372493942502235e-09,
      9.825255087891903e-09,
      5.1851839799218756e-08,
      1.7443174116600554e-07,
      1.1725737303189522e-08,
      -3.922321350137019e-08,
      -3.468253146726901e-08,
      -1.1593271645256228e-07,
      7.366589484586749e-08,
      -2.464163273147007e-07,
      -3.6275905030386823e-08,
      -1.2203365013324696e-07,
      3.0817686439747794e-07,
      -1.030867964708463e-06,
      -9.115293580764826e-07,
      -3.046953902652603e-06
    ],
    [
      -0.0006350738069890104,
      -2.5624279039331935e-06,
      -2.9061147754509954e-06,
      1.1725737303189541e-08,
      0.029363589688454483,
      0.00011847755840980471,
      -0.00013429975816645333,
      5.418793839267173e-07,
      0.016691065937969266,
      6.734595669851236e-05,
      7.637876543883136e-05,
      -3.0817686439747794e-07,
      0.12293535154882487,
      0.0004960251947493548,
      -0.0005628430677958338,
      2.2709873717465405e-06
    ],
    [
      -2.5624279039331935e-06,
      -8.592700737187504e-06,
      -1.1725737303189528e-08,
      -3.922321350137021e-08,
      0.00011847755840980471,
      0.00039729640237992116,
      -5.418793839267174e-07,
      -1.812615293877272e-06,
      6.734595669851236e-05,
      0.00022583412039872653,
      3.081768643974779e-07,
      1.0308679647084626e-06,
      0.0004960251947493548,
      0.001663344754979435,
      -2.2709873717465405e-06,
      -7.596573267652911e-06
    ],
    [
      2.9061147754509937e-06,
      1.1725737303189535e-08,
      -8.568415663944658e-06,
      -3.468253146726901e-08,
      -0.00013429975816645333,
      -5.418793839267173e-07,
      0.0003974369861484108,
      1.5984991919562123e-06,
      -7.637876543883137e-05,
      -3.08176864397478e-07,
      0.00022519585795687487,
      9.115293580764826e-07,
      -0.0005628430677958338,
      -2.2709873717465405e-06,
      0.0016639333313484938,
      6.692371818249332e-06
    ],
    [
      -1.1725737303189522e-08,
      3.922321350137019e-08,
      -3.468253146726901e-08,
      -1.1593271645256228e-07,
      5.418793839267174e-07,
      -1.812615293877272e-06,
      1.5984991919562123e-06,
      5.377417626550177e-06,
      3.0817686439747794e-07,
      -1.030867964708463e-06,
      9.115293580764826e-07,
      3.046953902652603e-06,
      2.2709873717465405e-06,
      -7.596573267652911e-06,
      6.692371818249332e-06,
      2.2513416559717245e-05
    ],
    [
      -0.0006663693020614296,
      -2.6886974223906367e-06,
      -1.8257405903180372e-05,
      7.36658948458675e-08,
      0.016691065937969266,
      6.734595669851236e-05,
      -7.637876543883136e-05,
      3.0817686439747794e-07,
      0.029632782472360022,
      0.00011956370980059357,
      2.2647744755879924e-05,
      -9.138025371896206e-08,
      0.12390447154815974,
      0.0004999360260540469,
      -0.0005669901853105164,
      2.2877203689954474e-06
    ],
    [
      -2.6886974223906367e-06,
      -9.01613628219035e-06,
      -7.36658948458675e-08,
      -2.464163273147007e-07,
      6.734595669851236e-05,
      0.00022583412039872653,
      -3.081768643974779e-07,
      -1.0308679647084626e-06,
      0.00011956370980059359,
      0.00040093864522989386,
      9.138025371896206e-08,
      3.0567179775153895e-07,
      0.0004999360260540469,
      0.0016764571807180893,
      -2.287720368995448e-06,
      -7.652546031381221e-06
    ],
    [
      -1.825740590318037e-05,
      -7.36658948458675e-08,
      -9.01932665191979e-06,
      -3.6275905030386823e-08,
      7.637876543883137e-05,
      3.08176864397478e-07,
      0.00022519585795687487,
      9.115293580764826e-07,
      2.2647744755879944e-05,
      9.138025371896211e-08,
      0.0004010805178100179,
      1.61315354628138e-06,
      0.0005669901853105164,
      2.2877203689954474e-06,
      0.0016717191028229705,
      6.7666477283619804e-06
    ],
    [
      7.366589484586749e-08,
      -2.464163273147007e-07,
      -3.6275905030386823e-08,
      -1.2203365013324696e-07,
      -3.0817686439747794e-07,
      1.030867964708463e-06,
      9.115293580764826e-07,
      3.046953902652603e-06,
      -9.138025371896211e-08,
      3.0567179775153916e-07,
      1.6131535462813807e-06,
      5.4267154827207735e-06,
      -2.287720368995448e-06,
      7.652546031381221e-06,
      6.7666477283619804e-06,
      2.2618759912807968e-05
    ],
    [
      -0.016691065937969266,
      -6.734595669851236e-05,
      -7.637876543883136e-05,
      3.0817686439747794e-07,
      0.12293535154882487,
      0.0004960251947493548,
      -0.0005628430677958338,
      2.2709873717465405e-06,
