{
  "config": {
    "symbols": [
      "H",
      "H"
    ],
    "geometry": [
      [
        0.0,
        0.0,
        0.0
      ],
      [
        0.0,
        0.0,
        0.7414
      ]
    ],
    "basis": "STO-3G",
    "ansatz": "RY-CZ",
    "optimizer": {
      "name": "Adam",
      "stepsize": 0.2,
      "iterations_planned": 50
    },
    "seed": 4,
    "noisy": true,
    "depolarizing_prob": 0.08,
    "amplitude_damping_prob": 0.0
  },
  "energies": [
    1.1903147757311263,
    1.1903147757311263,
    1.1653891304725414,
    1.1149019620723783,
    1.0294442473912047,
    0.9100533146596724,
    0.761731575016077,
    0.5911477036823233,
    0.40539313939871374,
    0.21510886125272843,
    0.027735991751028477,
    -0.14579585213620397,
    -0.30066996637842736,
    -0.4294854201741156,
    -0.5319738970180299,
    -0.6058917875905274,
    -0.6543879339331142,
    -0.679338624888571,
    -0.6849211591847664,
    -0.6755792476242005,
    -0.6554666156508387,
    -0.6300726781804205,
    -0.6032334410160024,
    -0.5791824515191919,
    -0.5606882048875793,
    -0.5492671205467404,
    -0.5457505798797435,
    -0.5496016816980833,
    -0.5597336526916841,
    -0.574704212103207,
    -0.592636781969624,
    -0.6117908082765307,
    -0.6305982982713931,
    -0.6476274412191388,
    -0.661954427264764,
    -0.6729700165540766,
    -0.6803803007197189,
    -0.6844112760206089,
    -0.6853634882644997,
    -0.6839292737785034,
    -0.680849553359258,
    -0.6768684757828475,
    -0.6728287379260681,
    -0.6692455485832892,
    -0.6666944774682912,
    -0.6653540404913914,
    -0.6653483277781155,
    -0.6665606580663044,
    -0.6687335102013361,
    -0.6715890254166588,
    -0.6747113841084799
  ],
  "final_params": [
    2.9882960167839676,
    2.9875644302777427,
    0.001170892844080942,
    -0.0012963453889890285
  ],
  "final_state_real": [
    [
      0.0030770549462910786,
      -1.8820990295551383e-06,
      -1.3749544305610188e-06,
      -8.409991589530411e-10,
      -0.0029152585238768963,
      1.783135419502127e-06,
      1.6105741393221465e-06,
      9.851173729799714e-10,
      -0.0028980987919655816,
      1.7726394292984338e-06,
      1.979554185851117e-06,
      1.2108062408464517e-09,
      -0.004188639074316859,
      2.5620062960976643e-06,
      2.3140705075711677e-06,
      1.415415163854787e-09
    ],
    [
      -1.8820990295551383e-06,
      0.00017335649689542357,
      8.409991589530411e-10,
      -7.746164561673983e-08,
      1.783135419502127e-06,
      -0.0001642411377323567,
      -9.851173729799714e-10,
      9.073589672986713e-08,
      1.7726394292984338e-06,
      -0.00016327438508616303,
      -1.2108062408464521e-09,
      1.1152335045821585e-07,
      2.562006296097665e-06,
      -0.00023598142033768267,
      -1.415415163854787e-09,
      1.3036920032068806e-07
    ],
    [
      -1.374954430561018e-06,
      8.409991589530409e-10,
      0.00017335625954752388,
      -1.0603310510655075e-07,
      -1.6105741393221465e-06,
      9.851173729799714e-10,
      -0.00016423892081176536,
      1.0045894271864982e-07,
      1.979554185851117e-06,
      -1.2108062408464517e-09,
      -0.00016327416154200352,
      9.986640446185428e-08,
      -2.3140705075711673e-06,
      1.4154151638547866e-09,
      -0.00023597823506950233,
      1.4433925821313002e-07
    ],
    [
      -8.409991589530409e-10,
      -7.746164561673978e-08,
      -1.0603310510655075e-07,
      9.76662243431051e-06,
      -9.851173729799714e-10,
      -9.073589672986713e-08,
      1.0045894271864982e-07,
      -9.252965729497634e-06,
      1.2108062408464521e-09,
      1.1152335045821585e-07,
      9.986640446185428e-08,
      -9.198612690545604e-06,
      -1.4154151638547866e-09,
      -1.3036920032068803e-07,
      1.4433925821313008e-07,
      -1.3294647281005664e-05
    ],
    [
      -0.0029152585238768963,
      1.783135419502127e-06,
      -1.6105741393221465e-06,
      -9.851173729799714e-10,
      0.04941326328845918,
      -3.022391751387466e-05,
      -2.7280716706204177e-05,
      -1.6686414688079884e-08,
      0.004188639074316858,
      -2.5620062960976643e-06,
      2.314070507571167e-06,
      1.4154151638547862e-09,
      -0.05750169632745287,
      3.517125587442651e-05,
      3.178891306349117e-05,
      1.9443880143372496e-08
    ],
    [
      1.783135419502127e-06,
      -0.0001642411377323567,
      9.851173729799714e-10,
      -9.073589672986713e-08,
      -3.022391751387466e-05,
      0.0027838665130707737,
      1.6686414688079884e-08,
      -1.5369303612516194e-06,
      -2.5620062960976643e-06,
      0.00023598142033768265,
      -1.4154151638547866e-09,
      1.3036920032068803e-07,
      3.517125587442651e-05,
      -0.0032395562688560153,
      -1.94438801433725e-08,
      1.7909113666121787e-06
    ],
    [
      1.6105741393221465e-06,
      -9.851173729799714e-10,
      -0.00016423892081176536,
      1.0045894271864982e-07,
      -2.7280716706204164e-05,
      1.668641468807988e-08,
      0.0027838627015904886,
      -1.7027455899798627e-06,
      -2.314070507571167e-06,
      1.4154151638547862e-09,
      0.00023597823506950233,
      -1.4433925821313002e-07,
      3.178891306349117e-05,
      -1.9443880143372496e-08,
      -0.0032395518334763767,
      1.9814671875921087e-06
    ],
    [
      9.851173729799714e-10,
      9.073589672986713e-08,
      1.0045894271864982e-07,
      -9.252965729497634e-06,
      -1.668641468807988e-08,
      -1.5369303612516185e-06,
      -1.7027455899798627e-06,
      0.00015683850116724723,
      -1.4154151638547866e-09,
      -1.3036920032068803e-07,
      -1.4433925821313002e-07,
      1.3294647281005664e-05,
      1.94438801433725e-08,
      1.7909113666121787e-06,
      1.9814671875921087e-06,
      -0.00018251131915584786
    ],
    [
      -0.0028980987919655816,
      1.7726394292984338e-06,
      1.979554185851117e-06,
      1.2108062408464517e-09,
      0.004188639074316859,
      -2.5620062960976643e-06,
      -2.3140705075711677e-06,
      -1.415415163854787e-09,
      0.049458086226937065,
      -3.025133373181147e-05,
      -2.2099902657494892e-05,
      -1.351753857057917e-08,
      -0.05777738278234725,
      3.533988387017101e-05,
      3.1919899310753054e-05,
      1.9523998670454655e-08
    ],
    [
      1.7726394292984338e-06,
      -0.00016327438508616303,
      -1.2108062408464521e-09,
      1.1152335045821585e-07,
      -2.562006296097665e-06,
      0.00023598142033768267,
      1.415415163854787e-09,
      -1.3036920032068806e-07,
      -3.025133373181147e-05,
      0.002786391767812959,
      1.3517538570579173e-08,
      -1.245055683133307e-06,
      3.5339883870171025e-05,
      -0.0032550880155736406,
      -1.9523998670454655e-08,
      1.7982908186438547e-06
    ],
    [
      1.979554185851117e-06,
      -1.2108062408464517e-09,
      -0.00016327416154200352,
      9.986640446185428e-08,
      2.3140705075711673e-06,
      -1.4154151638547866e-09,
      0.00023597823506950233,
      -1.4433925821313002e-07,
      -2.2099902657494886e-05,
      1.351753857057917e-08,
      0.0027863879528752687,
      -1.7042901562712572e-06,
      -3.1919899310753054e-05,
      1.9523998670454655e-08,
      -0.003255044078520186,
      1.9909914471826873e-06
    ],
    [
      1.2108062408464521e-09,
      1.1152335045821585e-07,
      9.986640446185428e-08,
      -9.198612690545604e-06,
      1.4154151638547866e-09,
      1.3036920032068803e-07,
      -1.4433925821313008e-07,
      1.3294647281005664e-05,
      -1.3517538570579167e-08,
      -1.2450556831333065e-06,
      -1.7042901562712572e-06,
      0.0001569807699028243,
      -1.9523998670454655e-08,
      -1.7982908186438547e-06,
      1.990991447182688e-06,
      -0.00018338412818159422
    ],
    [
      -0.004188639074316858,
      2.5620062960976643e-06,
      -2.314070507571167e-06,
      -1.4154151638547862e-09,
      -0.05750169632745287,
      3.517125587442651e-05,
      3.178891306349117e-05,
