{
  "config": {
    "symbols": [
      "H",
      "H"
    ],
    "geometry": [
      [
        0.0,
        0.0,
        0.0
      ],
      [
        0.0,
        0.0,
        0.7414
      ]
    ],
    "basis": "STO-3G",
    "ansatz": "RY-CZ",
    "optimizer": {
      "name": "Adam",
      "stepsize": 0.1,
      "iterations_planned": 50
    },
    "seed": 1,
    "noisy": true,
    "depolarizing_prob": 0.06,
    "amplitude_damping_prob": 0.0
  },
  "energies": [
    1.2276656455394357,
    1.2276656455394357,
    1.2196526388189142,
    1.2038923458212512,
    1.1782761771810033,
    1.1426522180752112,
    1.096320068026726,
    1.039378452057159,
    0.9722784932803877,
    0.8958670492963885,
    0.8114383300807936,
    0.7203015658182794,
    0.6227876513592937,
    0.5197410483671064,
    0.4130734622676896,
    0.3050968763809354,
    0.19776579638501096,
    0.09189012129942457,
    -0.011538951762994132,
    -0.1105380783990452,
    -0.20321347864003242,
    -0.28881137289704734,
    -0.36727888298492295,
    -0.4379609308854629,
    -0.5000771323352936,
    -0.5536280995147108,
    -0.599174162831716,
    -0.6371556138645114,
    -0.6678620572494883,
    -0.6917111046108173,
    -0.7094695156460593,
    -0.7221221679223133,
    -0.7303139244831075,
    -0.7344498405232073,
    -0.7353626903602473,
    -0.7340642254065967,
    -0.731049172851776,
    -0.7266789449564658,
    -0.7216573599322736,
    -0.7166074983466886,
    -0.71178767031614,
    -0.7074255425853442,
    -0.7038173012620738,
    -0.7011582055277481,
    -0.6995093268974613,
    -0.6988319033778588,
    -0.699059160533057,
    -0.7001725639010987,
    -0.70207461534795,
    -0.704538648762894,
    -0.7074115323063335
  ],
  "final_params": [
    3.413531390000137,
    -3.415098060838787,
    -0.004404668314535701,
    -0.009849728641227901
  ],
  "final_state_real": [
    [
      0.002994307468155108,
      -1.4132212359212275e-05,
      2.3702341664259757e-06,
      1.118680502272906e-08,
      -0.0024762906076012574,
      1.1687341193794467e-05,
      -5.226384189606286e-06,
      -2.4666989334290034e-08,
      0.0024384345082271814,
      -1.1508662574164475e-05,
      1.372193399752744e-05,
      6.476347457119095e-08,
      0.01414779310116058,
      -6.677329575329896e-05,
      2.985990495410906e-05,
      1.4092992981470976e-07
    ],
    [
      -1.4132212359212275e-05,
      0.0001248353109849087,
      -1.118680502272906e-08,
      9.870236741119279e-08,
      1.1687341193794467e-05,
      -0.00010323873262066031,
      2.4666989334290034e-08,
      -2.176394635692967e-07,
      -1.150866257416447e-05,
      0.00010166047855413654,
      -6.476347457119095e-08,
      5.714150062473961e-07,
      -6.677329575329897e-05,
      0.0005898339333273974,
      -1.4092992981470979e-07,
      1.2434397205942954e-06
    ],
    [
      2.370234166425976e-06,
      -1.118680502272906e-08,
      0.0001247773092200936,
      -5.887737552742401e-07,
      5.226384189606287e-06,
      -2.4666989334290048e-08,
      -0.00010316678543521328,
      4.870291383260472e-07,
      1.372193399752744e-05,
      -6.476347457119093e-08,
      0.0001016132444252545,
      -4.794718837888034e-07,
      -2.985990495410906e-05,
      1.4092992981470976e-07,
      0.0005894228774154656,
      -2.782543963992998e-06
    ],
    [
      1.118680502272906e-08,
      9.87023674111928e-08,
      -5.887737552742401e-07,
      5.202075727362687e-06,
      2.4666989334290054e-08,
      2.1763946356929677e-07,
      4.870291383260472e-07,
      -4.301113990492532e-06,
      6.476347457119093e-08,
      5.714150062473961e-07,
      -4.794718837888033e-07,
      4.2363454998920955e-06,
      -1.4092992981470979e-07,
      -1.2434397205942954e-06,
      -2.7825439639929983e-06,
      2.4573557988390197e-05
    ],
    [
      -0.0024762906076012574,
      1.168734119379447e-05,
      5.2263841896062865e-06,
      2.466698933429004e-08,
      0.049447045429510894,
      -0.0002333748801608594,
      0.0001041968381849295,
      4.917782931621833e-07,
      -0.014147793101160577,
      6.677329575329895e-05,
      2.985990495410906e-05,
      1.4092992981470973e-07,
      0.10719496388891112,
      -0.0005059273336580774,
      0.00022659967320408183,
      1.0694835127495219e-06
    ],
    [
      1.1687341193794468e-05,
      -0.00010323873262066031,
      -2.466698933429004e-08,
      2.1763946356929674e-07,
      -0.0002333748801608594,
      0.0020614907984987697,
      -4.917782931621833e-07,
      4.339012048383914e-06,
      6.677329575329895e-05,
      -0.0005898339333273972,
      -1.4092992981470976e-07,
      1.2434397205942954e-06,
      -0.0005059273336580773,
      0.004469052291858724,
      -1.0694835127495219e-06,
      9.436166483740545e-06
    ],
    [
      -5.226384189606288e-06,
      2.4666989334290054e-08,
      -0.0001031667854352133,
      4.870291383260472e-07,
      0.0001041968381849295,
      -4.917782931621833e-07,
      0.002060532975719945,
      -9.722823368799408e-06,
      -2.985990495410906e-05,
      1.4092992981470973e-07,
      -0.0005894228774154654,
      2.782543963992998e-06,
      0.00022659967320408183,
      -1.0694835127495219e-06,
      0.004466975852765222,
      -2.1077855933828695e-05
    ],
    [
      -2.4666989334290058e-08,
      -2.176394635692968e-07,
      4.870291383260472e-07,
      -4.301113990492532e-06,
      4.917782931621833e-07,
      4.339012048383914e-06,
      -9.722823368799408e-06,
      8.590543140753177e-05,
      -1.4092992981470976e-07,
      -1.2434397205942954e-06,
      2.782543963992998e-06,
      -2.4573557988390183e-05,
      1.0694835127495219e-06,
      9.436166483740545e-06,
      -2.1077855933828695e-05,
      0.00018623215073019958
    ],
    [
      0.0024384345082271814,
      -1.1508662574164475e-05,
      1.372193399752744e-05,
      6.476347457119095e-08,
      -0.01414779310116058,
      6.677329575329896e-05,
      -2.985990495410906e-05,
      -1.4092992981470976e-07,
      0.049625936707243266,
      -0.00023421919209375586,
      3.928290330080019e-05,
      1.8540369815671375e-07,
      -0.10782121258054787,
      0.0005088834466719511,
      -0.00022756419581990102,
      -1.0740357745454322e-06
    ],
    [
      -1.150866257416447e-05,
      0.00010166047855413654,
      -6.476347457119095e-08,
      5.714150062473961e-07,
      6.677329575329897e-05,
      -0.0005898339333273974,
      1.4092992981470979e-07,
      -1.2434397205942954e-06,
      -0.00023421919209375586,
      0.0020689489331511763,
      -1.8540369815671375e-07,
      1.635836496450668e-06,
      0.0005088834466719511,
      -0.0044951611504197775,
      1.0740357745454322e-06,
      -9.476331572469537e-06
    ],
    [
      1.372193399752744e-05,
      -6.476347457119093e-08,
      0.0001016132444252545,
      -4.794718837888034e-07,
      2.985990495410906e-05,
      -1.4092992981470976e-07,
      -0.0005894228774154656,
      2.782543963992998e-06,
      3.9282903300800195e-05,
      -1.8540369815671377e-07,
      0.0020679876451270723,
      -9.757998944620016e-06,
      0.00022756419581990107,
      -1.0740357745454324e-06,
      -0.004492028467707644,
      2.1205940892067354e-05
    ],
    [
      6.476347457119093e-08,
      5.714150062473961e-07,
      -4.794718837888033e-07,
      4.2363454998920955e-06,
      1.4092992981470979e-07,
      1.2434397205942954e-06,
      2.7825439639929983e-06,
      -2.4573557988390197e-05,
      1.854036981567138e-07,
      1.6358364964506682e-06,
      -9.757998944620016e-06,
      8.621622312936576e-05,
      1.0740357745454324e-06,
      9.476331572469539e-06,
      2.1205940892067354e-05,
      -0.0001872766162737629
    ],
    [
      0.014147793101160577,
      -6.677329575329895e-05,
      -2.985990495410906e-05,
      -1.4092992981470973e-07,
      0.10719496388891112,
      -0.0005059273336580774,
      0.00022659967320408183,
      1.0694835127495219e-06,
      -0.10782121258054787,
