{
  "config": {
    "symbols": [
      "H",
      "H"
    ],
    "geometry": [
      [
        0.0,
        0.0,
        0.0
      ],
      [
        0.0,
        0.0,
        0.7414
      ]
    ],
    "basis": "STO-3G",
    "ansatz": "RY-CZ",
    "optimizer": {
      "name": "Adam",
      "stepsize": 0.2,
      "iterations_planned": 50
    },
    "seed": 0,
    "noisy": true,
    "depolarizing_prob": 0.04,
    "amplitude_damping_prob": 0.0
  },
  "energies": [
    1.266538879615251,
    1.266538879615251,
    1.2359695935100814,
    1.1781339154416854,
    1.082453304655348,
    0.947252417147254,
    0.7786708649593929,
    0.5889708980679945,
    0.3883329279499538,
    0.1780346356549739,
    -0.02854691569288928,
    -0.21577332731702853,
    -0.3790401741593295,
    -0.5189750106115633,
    -0.6287293987459859,
    -0.7046940227230691,
    -0.753357696746229,
    -0.7801529539588035,
    -0.7854981803959745,
    -0.7728171425889337,
    -0.7501914733798818,
    -0.7234793778294974,
    -0.695293395630332,
    -0.6689489477256678,
    -0.6489888739053785,
    -0.6379020071792489,
    -0.6351639578304552,
    -0.6395334584566152,
    -0.6505002428354381,
    -0.6671463315489417,
    -0.6870896519890693,
    -0.7077078243359699,
    -0.7275810785083838,
    -0.7459309599752353,
    -0.7614894219739254,
    -0.7730941407297948,
    -0.7807213295268204,
    -0.7849582653569891,
    -0.7860702501594581,
    -0.7843928025656635,
    -0.7809132471699012,
    -0.7767282910248867,
    -0.7724635757390192,
    -0.7686170252594159,
    -0.765834937854694,
    -0.7645057897749776,
    -0.7645616221979917,
    -0.7658327966890108,
    -0.7681813156398191,
    -0.771278055185133,
    -0.7746495519988592
  ],
  "final_params": [
    2.9873956160597768,
    2.9895678793834652,
    0.00834314135494469,
    0.011612001393033745
  ],
  "final_state_real": [
    [
      0.0009824854703313123,
      5.548080750127692e-06,
      -2.5932961902049957e-06,
      1.4644345797078186e-08,
      -0.0014079813155243937,
      -7.9508645842871e-06,
      5.71260124679446e-06,
      -3.225906411109372e-08,
      -0.0014393506655965196,
      -8.127991671761449e-06,
      8.976640580670312e-06,
      -5.069109701234295e-08,
      -0.004936614610976841,
      -2.787704200610892e-05,
      2.0029321746437243e-05,
      -1.1310559697871568e-07
    ],
    [
      5.548080750127692e-06,
      2.6950505235166195e-05,
      -1.4644345797078186e-08,
      -7.09618551728272e-08,
      -7.950864584287102e-06,
      -3.8622258507558706e-05,
      3.225906411109373e-08,
      1.5631719348768115e-07,
      -8.127991671761449e-06,
      -3.9482749434775684e-05,
      5.069109701234295e-08,
      2.4563297907505767e-07,
      -2.787704200610892e-05,
      -0.00013541600556419856,
      1.1310559697871568e-07,
      5.480738507036042e-07
    ],
    [
      -2.5932961902049957e-06,
      -1.4644345797078186e-08,
      2.693449471684203e-05,
      1.5190573592494328e-07,
      -5.71260124679446e-06,
      -3.225906411109372e-08,
      -3.855034696428675e-05,
      -2.1797016506268642e-07,
      8.976640580670312e-06,
      5.069109701234295e-08,
      -3.9459293871408764e-05,
      -2.2254336447109485e-07,
      -2.0029321746437247e-05,
      -1.131055969787157e-07,
      -0.0001351638718382037,
      -7.642393331084295e-07
    ],
    [
      1.4644345797078186e-08,
      -7.09618551728272e-08,
      1.5190573592494328e-07,
      7.388386523701169e-07,
      3.225906411109373e-08,
      -1.5631719348768115e-07,
      -2.1797016506268645e-07,
      -1.0574724604610477e-06,
      -5.069109701234295e-08,
      2.4563297907505767e-07,
      -2.2254336447109485e-07,
      -1.082405733388351e-06,
      1.131055969787157e-07,
      -5.480738507036042e-07,
      -7.642393331084297e-07,
      -3.7076727804966354e-06
    ],
    [
      -0.0014079813155243937,
      -7.9508645842871e-06,
      -5.71260124679446e-06,
      3.225906411109372e-08,
      0.029599892058702486,
      0.00016715014755522628,
      -0.00012005733659638811,
      6.779638821182006e-07,
      0.00493661461097684,
      2.787704200610892e-05,
      2.002932174643724e-05,
      -1.1310559697871565e-07,
      -0.06663512173906251,
      -0.0003762875354057291,
      0.00027044429689938106,
      -1.5271991751660073e-06
    ],
    [
      -7.950864584287102e-06,
      -3.8622258507558706e-05,
      -3.225906411109373e-08,
      -1.5631719348768115e-07,
      0.00016715014755522628,
      0.0008119530211672297,
      -6.779638821182006e-07,
      -3.2851979516133914e-06,
      2.787704200610892e-05,
      0.00013541600556419856,
      1.1310559697871568e-07,
      5.48073850703604e-07,
      -0.0003762875354057291,
      -0.0018278643822273995,
      1.5271991751660073e-06,
      7.400322840629298e-06
    ],
    [
      5.71260124679446e-06,
      3.225906411109372e-08,
      -3.855034696428675e-05,
      -2.1797016506268642e-07,
      -0.00012005733659638811,
      -6.779638821182006e-07,
      0.0008114706632815304,
      4.576549498446849e-06,
      -2.002932174643724e-05,
      -1.1310559697871565e-07,
      0.00013516387183820365,
      7.642393331084295e-07,
      0.00027044429689938106,
      1.5271991751660073e-06,
      -0.0018267785006852767,
      -1.030270422503761e-05
    ],
    [
      -3.225906411109373e-08,
      1.5631719348768115e-07,
      -2.1797016506268645e-07,
      -1.0574724604610477e-06,
      6.779638821182006e-07,
      -3.2851979516133914e-06,
      4.576549498446849e-06,
      2.2259407410450406e-05,
      1.1310559697871568e-07,
      -5.48073850703604e-07,
      7.642393331084295e-07,
      3.7076727804966337e-06,
      -1.5271991751660073e-06,
      7.400322840629298e-06,
      -1.030270422503761e-05,
      -5.011026120274882e-05
    ],
    [
      -0.0014393506655965196,
      -8.127991671761449e-06,
      8.976640580670312e-06,
      -5.069109701234295e-08,
      0.004936614610976841,
      2.787704200610892e-05,
      -2.0029321746437243e-05,
      1.1310559697871568e-07,
      0.02945133646179944,
      0.0001663112563223375,
      -7.773757571913457e-05,
      4.3898415636339865e-07,
      -0.06569237806780075,
      -0.00037096458346277435,
      0.000266533622795444,
      -1.5051155951669141e-06
    ],
    [
      -8.127991671761449e-06,
      -3.9482749434775684e-05,
      5.069109701234295e-08,
      2.4563297907505767e-07,
      2.787704200610892e-05,
      0.00013541600556419856,
      -1.1310559697871568e-07,
      -5.480738507036042e-07,
      0.00016631125632233753,
      0.000807878000708455,
      -4.3898415636339865e-07,
      -2.1271779947480107e-06,
      -0.0003709645834627744,
      -0.001802004032110271,
      1.5051155951669143e-06,
      7.293312815920252e-06
    ],
    [
      8.976640580670312e-06,
      5.069109701234295e-08,
      -3.9459293871408764e-05,
      -2.2254336447109485e-07,
      2.0029321746437247e-05,
      1.131055969787157e-07,
      0.0001351638718382037,
      7.642393331084295e-07,
      -7.773757571913457e-05,
      -4.3898415636339865e-07,
      0.0008073980636749498,
      4.553580764603164e-06,
      -0.000266533622795444,
      -1.5051155951669141e-06,
      -0.0017986488453361467,
      -1.0169863998135457e-05
    ],
    [
      -5.069109701234295e-08,
      2.4563297907505767e-07,
      -2.2254336447109485e-07,
      -1.082405733388351e-06,
      -1.131055969787157e-07,
      5.480738507036042e-07,
      7.642393331084297e-07,
      3.7076727804966354e-06,
      4.3898415636339865e-07,
      -2.1271779947480107e-06,
      4.5535807646031645e-06,
      2.2147692153245763e-05,
      1.5051155951669143e-06,
      -7.293312815920252e-06,
      -1.0169863998135459e-05,
      -4.933863816440049e-05
    ],
    [
      -0.00493661461097684,
      -2.787704200610892e-05,
      -2.002932174643724e-05,
      1.1310559697871565e-07,
      -0.06663512173906251,
      -0.0003762875354057291,
      0.00027044429689938106,
      -1.5271991751660073e-06,
