{
  "config": {
    "symbols": [
      "H",
      "H"
    ],
    "geometry": [
      [
        0.0,
        0.0,
        0.0
      ],
      [
        0.0,
        0.0,
        0.7414
      ]
    ],
    "basis": "STO-3G",
    "ansatz": "RY-CZ",
    "optimizer": {
      "name": "Adam",
      "stepsize": 0.2,
      "iterations_planned": 50
    },
    "seed": 3,
    "noisy": true,
    "depolarizing_prob": 0.0,
    "amplitude_damping_prob": 0.0
  },
  "energies": [
    1.3486641980407197,
    1.3486641980407197,
    1.3138087887885765,
    1.2467284719633953,
    1.141495119184189,
    1.0050881416617614,
    0.8301205848293752,
    0.6221731981758594,
    0.39193363083837907,
    0.1542393638310939,
    -0.07190204488092694,
    -0.2691545340675294,
    -0.4385714351378453,
    -0.5880539919806926,
    -0.7125918063256669,
    -0.8031064030762499,
    -0.85521022839377,
    -0.8754561836588663,
    -0.8765298174833385,
    -0.8661533913117505,
    -0.8461632778713135,
    -0.8181304972987753,
    -0.7864766956543278,
    -0.7573171921487815,
    -0.7357172497991317,
    -0.7241851983063167,
    -0.7226747483701288,
    -0.7296135794684548,
    -0.7430375102158467,
    -0.7610944218363471,
    -0.7820722684061728,
    -0.8043430511066234,
    -0.8262549501568883,
    -0.8461652370513757,
    -0.8627283979665009,
    -0.8751047890960616,
    -0.8830126782720797,
    -0.8867632896440608,
    -0.8871449521063263,
    -0.8851355146879091,
    -0.8816156623791876,
    -0.8772394494152395,
    -0.8725804877483168,
    -0.8683587361466217,
    -0.8653849462501348,
    -0.8642054471585634,
    -0.8648066249013543,
    -0.8667116132501915,
    -0.869394263623918,
    -0.872585139380289,
    -0.8761756981246346
  ],
  "final_params": [
    2.992774431885128,
    2.9945689692736144,
    0.020981434601718908,
    0.024866756482318505
  ],
  "final_state_real": [
    [
      2.980353559445826e-05,
      3.705777269002568e-07,
      3.126719369538466e-07,
      -3.887768794901029e-09,
      0.00040469439150634447,
      5.031977740305072e-06,
      -4.245690209035983e-06,
      5.279099259216034e-08,
      0.00039979661591076727,
      4.971078705647786e-06,
      4.194307144902035e-06,
      -5.2152094598075663e-08,
      -0.005428733369336398,
      -6.750097368750858e-05,
      5.695339643296522e-05,
      -7.08159611549641e-07
    ],
    [
      3.705777269002567e-07,
      4.60777048605827e-09,
      3.887768794901029e-09,
      -4.834059093343777e-11,
      5.031977740305073e-06,
      6.25677066784982e-08,
      -5.2790992592160346e-08,
      6.564042031549689e-10,
      4.971078705647786e-06,
      6.181048692632784e-08,
      5.2152094598075663e-08,
      -6.48460133378818e-10,
      -6.750097368750859e-05,
      -8.393083873095631e-07,
      7.081596115496411e-07,
      -8.805270041366957e-09
    ],
    [
      3.1267193695384665e-07,
      3.88776879490103e-09,
      3.2802732369974484e-09,
      -4.0786979634809224e-11,
      4.245690209035983e-06,
      5.279099259216034e-08,
      -4.454196975829999e-08,
      5.538356970559838e-10,
      4.1943071449020345e-06,
      5.215209459807565e-08,
      4.4002904798251145e-08,
      -5.471329527175353e-10,
      -5.6953396432965226e-05,
      -7.081596115496411e-07,
      5.975039008146596e-07,
      -7.429374838989751e-09
    ],
    [
      -3.88776879490103e-09,
      -4.8340590933437774e-11,
      -4.078697963480923e-11,
      5.071460786838376e-13,
      -5.2790992592160346e-08,
      -6.564042031549689e-10,
      5.538356970559836e-10,
      -6.886403560836502e-12,
      -5.215209459807566e-08,
      -6.484601333788179e-10,
      -5.471329527175353e-10,
      6.803061515557722e-12,
      7.081596115496412e-07,
      8.805270041366958e-09,
      -7.429374838989751e-09,
      9.237698764808305e-11
    ],
    [
      0.0004046943915063445,
      5.031977740305073e-06,
      4.245690209035984e-06,
      -5.279099259216035e-08,
      0.005495238979350923,
      6.832790570391955e-05,
      -5.7651113582525046e-05,
      7.168350398216902e-07,
      0.005428733369336398,
      6.750097368750858e-05,
      5.695339643296522e-05,
      -7.08159611549641e-07,
      -0.07371534630939068,
      -0.0009165780142567603,
      0.0007733552296500519,
      -9.615913594608265e-06
    ],
    [
      5.031977740305074e-06,
      6.256770667849822e-08,
      5.279099259216035e-08,
      -6.56404203154969e-10,
      6.832790570391955e-05,
      8.495904756883395e-07,
      -7.168350398216902e-07,
      8.913140481044728e-09,
      6.750097368750859e-05,
      8.393083873095631e-07,
      7.081596115496411e-07,
      -8.805270041366957e-09,
      -0.0009165780142567604,
      -1.1396748416558093e-05,
      9.615913594608265e-06,
      -1.1956445201625578e-07
    ],
    [
      -4.245690209035984e-06,
      -5.279099259216035e-08,
      -4.45419697583e-08,
      5.538356970559839e-10,
      -5.7651113582525046e-05,
      -7.168350398216902e-07,
      6.048237229351334e-07,
      -7.520389640646253e-09,
      -5.6953396432965226e-05,
      -7.081596115496411e-07,
      -5.975039008146596e-07,
      7.429374838989751e-09,
      0.000773355229650052,
      9.615913594608267e-06,
      -8.113348729660609e-06,
      1.0088153196337837e-07
    ],
    [
      5.279099259216035e-08,
      6.56404203154969e-10,
      5.538356970559839e-10,
      -6.8864035608365045e-12,
      7.168350398216902e-07,
      8.913140481044728e-09,
      -7.520389640646253e-09,
      9.350866748596735e-11,
      7.081596115496412e-07,
      8.805270041366958e-09,
      7.429374838989751e-09,
      -9.237698764808305e-11,
      -9.615913594608267e-06,
      -1.1956445201625578e-07,
      1.0088153196337837e-07,
      -1.2543628825896728e-09
    ],
    [
      0.00039979661591076727,
      4.971078705647786e-06,
      4.194307144902035e-06,
      -5.2152094598075663e-08,
      0.005428733369336398,
      6.750097368750858e-05,
      -5.695339643296522e-05,
      7.08159611549641e-07,
      0.005363032637236097,
      6.668404953835034e-05,
      5.6264123339215796e-05,
      -6.995891768277048e-07,
      -0.07282321330298581,
      -0.0009054852155329849,
      0.0007639957711303703,
      -9.499537909842665e-06
    ],
    [
      4.971078705647786e-06,
      6.181048692632784e-08,
      5.2152094598075663e-08,
      -6.48460133378818e-10,
      6.750097368750859e-05,
      8.393083873095631e-07,
      -7.081596115496411e-07,
      8.805270041366957e-09,
      6.668404953835034e-05,
      8.291507369420513e-07,
      6.995891768277048e-07,
      -8.698705093482668e-09,
      -0.0009054852155329849,
      -1.1258820346798617e-05,
      9.499537909842665e-06,
      -1.18117434544633e-07
    ],
    [
      4.1943071449020345e-06,
      5.215209459807565e-08,
      4.4002904798251145e-08,
      -5.471329527175353e-10,
      5.6953396432965226e-05,
      7.081596115496411e-07,
      -5.975039008146596e-07,
      7.429374838989751e-09,
      5.6264123339215796e-05,
      6.995891768277048e-07,
      5.902726665872668e-07,
      -7.339461530075617e-09,
      -0.0007639957711303702,
      -9.499537909842664e-06,
      8.015157691141283e-06,
      -9.966062280080655e-08
    ],
    [
      -5.215209459807566e-08,
      -6.484601333788179e-10,
      -5.471329527175353e-10,
      6.803061515557722e-12,
      -7.081596115496412e-07,
      -8.805270041366958e-09,
      7.429374838989751e-09,
      -9.237698764808305e-11,
      -6.995891768277048e-07,
      -8.698705093482668e-09,
      -7.339461530075617e-09,
      9.125900392614675e-11,
      9.499537909842664e-06,
      1.1811743454463298e-07,
      -9.966062280080655e-08,
      1.2391820739956426e-09
    ],
    [
      -0.005428733369336398,
      -6.750097368750858e-05,
      -5.695339643296522e-05,
      7.08159611549641e-07,
      -0.07371534630939068,
      -0.0009165780142567603,
      0.0007733552296500519,
      -9.615913594608265e-06,
      -0.0728232133029858,
      -0.0009054852155329847,
