{
  "config": {
    "symbols": [
      "H",
      "H"
    ],
    "geometry": [
      [
        0.0,
        0.0,
        0.0
      ],
      [
        0.0,
        0.0,
        0.7414
      ]
    ],
    "basis": "STO-3G",
    "ansatz": "RY-CZ",
    "optimizer": {
      "name": "Adam",
      "stepsize": 0.1,
      "iterations_planned": 50
    },
    "seed": 2,
    "noisy": true,
    "depolarizing_prob": 0.08,
    "amplitude_damping_prob": 0.0
  },
  "energies": [
    1.1903174626730548,
    1.1903174626730548,
    1.183891779137713,
    1.1708623703216812,
    1.14830303635408,
    1.1158640122085823,
    1.073531213014959,
    1.0214136437133317,
    0.9597889784599853,
    0.8892384678386646,
    0.8103884998669248,
    0.7242774131238174,
    0.6318864970902485,
    0.5346435849051694,
    0.43383084496637725,
    0.3310926038553335,
    0.22792284685009795,
    0.12593239167997772,
    0.02653469050705279,
    -0.06873947312441328,
    -0.15878474450619046,
    -0.24249752822974555,
    -0.31914028987552134,
    -0.3881500147043737,
    -0.4492308156730086,
    -0.5023369630214718,
    -0.5475689445045734,
    -0.5852930400698316,
    -0.6158846879500692,
    -0.6399853898858678,
    -0.6581179735162843,
    -0.6710691996659911,
    -0.6794225527935074,
    -0.6839993611650562,
    -0.6853961209107388,
    -0.6843803714355614,
    -0.6815214751724101,
    -0.6774714953745193,
    -0.672720952175398,
    -0.6677719900894741,
    -0.6629843310597178,
    -0.6586984618415228,
    -0.6551151019410714,
    -0.6524182330532591,
    -0.6506580304249486,
    -0.6498798499984153,
    -0.6500218938840037,
    -0.6510202969505889,
    -0.6527500983796068,
    -0.6550797270621443,
    -0.6578603334578864
  ],
  "final_params": [
    -3.41682051797479,
    -3.417452152781534,
    0.001693181537523591,
    0.002256072842426588
  ],
  "final_state_real": [
    [
      0.0044142231267617115,
      4.698875906443322e-06,
      -1.7290257485987442e-06,
      1.8405230137601796e-09,
      -0.0037631386910963404,
      -4.005806701741392e-06,
      3.0063550281528967e-06,
      -3.2002216400382515e-09,
      -0.0037453941100761535,
      -3.986917207984987e-06,
      6.1028171389592135e-06,
      -6.496360972141424e-09,
      -0.013234928947159486,
      -1.4088390417031635e-05,
      1.0573326803415604e-05,
      -1.1255154140685947e-08
    ],
    [
      4.698875906443322e-06,
      0.0002486942259857897,
      -1.8405230137601796e-09,
      -9.740770818390031e-08,
      -4.005806701741391e-06,
      -0.00021201258685487885,
      3.2002216400382515e-09,
      1.6936830091561505e-07,
      -3.9869172079849885e-06,
      -0.00021101286964178567,
      6.4963609721414255e-09,
      3.43812942897591e-07,
      -1.4088390417031635e-05,
      -0.0007456465873997111,
      1.125515414068595e-08,
      5.956669717815366e-07
    ],
    [
      -1.7290257485987442e-06,
      -1.8405230137601796e-09,
      0.00024869178056367765,
      2.6472204610822616e-07,
      -3.006355028152897e-06,
      -3.2002216400382515e-09,
      -0.00021200512504065863,
      -2.256821127165819e-07,
      6.1028171389592135e-06,
      6.496360972141424e-09,
      -0.00021101079474223649,
      -2.2461220555210516e-07,
      -1.057332680341561e-05,
      -1.125515414068595e-08,
      -0.0007456203442582468,
      -7.937222015005278e-07
    ],
    [
      1.8405230137601796e-09,
      -9.740770818390031e-08,
      2.6472204610822616e-07,
      1.4011119986515886e-05,
      3.2002216400382515e-09,
      -1.6936830091561508e-07,
      -2.2568211271658186e-07,
      -1.1944219619837388e-05,
      -6.4963609721414255e-09,
      3.43812942897591e-07,
      -2.2461220555210526e-07,
      -1.1888199750238789e-05,
      1.1255154140685954e-08,
      -5.956669717815368e-07,
      -7.937222015005278e-07,
      -4.200772572423086e-05
    ],
    [
      -0.0037631386910963417,
      -4.005806701741394e-06,
      -3.006355028152898e-06,
      3.2002216400382528e-09,
      0.05844750611199584,
      6.221651474669135e-05,
      -4.6592186685202227e-05,
      4.959671186217037e-08,
      0.013234928947159486,
      1.4088390417031635e-05,
      1.0573326803415604e-05,
      -1.1255154140685947e-08,
      -0.10092741633706163,
      -0.00010743575739310231,
      8.08057118515855e-05,
      -8.601651677347662e-08
    ],
    [
      -4.005806701741393e-06,
      -0.00021201258685487896,
      -3.2002216400382528e-09,
      -1.6936830091561515e-07,
      6.221651474669135e-05,
      0.003292891382222868,
      -4.959671186217037e-08,
      -2.6248528270675396e-06,
      1.4088390417031635e-05,
      0.0007456465873997111,
      1.125515414068595e-08,
      5.956669717815366e-07,
      -0.00010743575739310233,
      -0.005686179643824344,
      8.601651677347665e-08,
      4.552331974240728e-06
    ],
    [
      3.006355028152898e-06,
      3.2002216400382528e-09,
      -0.00021200512504065876,
      -2.2568211271658196e-07,
      -4.6592186685202227e-05,
      -4.959671186217037e-08,
      0.0032928590030658236,
      3.505111310320454e-06,
      -1.057332680341561e-05,
      -1.125515414068595e-08,
      0.0007456203442582468,
      7.937222015005278e-07,
      8.08057118515855e-05,
      8.601651677347662e-08,
      -0.0056861237313503826,
      -6.052641969814505e-06
    ],
    [
      -3.2002216400382528e-09,
      1.6936830091561515e-07,
      -2.2568211271658196e-07,
      -1.1944219619837395e-05,
      4.959671186217037e-08,
      -2.6248528270675396e-06,
      3.505111310320454e-06,
      0.00018551736002718854,
      1.1255154140685954e-08,
      -5.956669717815368e-07,
      7.937222015005278e-07,
      4.200772572423086e-05,
      -8.601651677347665e-08,
      4.552331974240728e-06,
      -6.0526419698145056e-06,
      -0.00032035221139014035
    ],
    [
      -0.0037453941100761535,
      -3.986917207984987e-06,
      6.1028171389592135e-06,
      -6.496360972141424e-09,
      0.013234928947159486,
      1.4088390417031635e-05,
      -1.0573326803415604e-05,
      1.1255154140685947e-08,
      0.05851629587953097,
      6.22897404473409e-05,
      -2.2920495720966152e-05,
      2.4398537670950524e-08,
      -0.10116250161910532,
      -0.00010768601962758805,
      8.081827973088032e-05,
      -8.602989510002551e-08
    ],
    [
      -3.9869172079849885e-06,
      -0.00021101286964178567,
      6.4963609721414255e-09,
      3.43812942897591e-07,
      1.4088390417031635e-05,
      0.0007456465873997111,
      -1.125515414068595e-08,
      -5.956669717815366e-07,
      6.22897404473409e-05,
      0.003296766949338896,
      -2.4398537670950524e-08,
      -1.2912664605646278e-06,
      -0.00010768601962758805,
      -0.005699424183255089,
      8.602989510002551e-08,
      4.553040007837008e-06
    ],
    [
      6.1028171389592135e-06,
      6.496360972141424e-09,
      -0.00021101079474223649,
      -2.2461220555210516e-07,
      1.057332680341561e-05,
      1.125515414068595e-08,
      0.0007456203442582468,
      7.937222015005278e-07,
      -2.292049572096615e-05,
      -2.4398537670950524e-08,
      0.003296734532073217,
      3.50923664959087e-06,
      -8.081827973088032e-05,
      -8.602989510002551e-08,
      -0.005699223591181533,
      -6.06689494254142e-06
    ],
    [
      -6.4963609721414255e-09,
      3.43812942897591e-07,
      -2.2461220555210526e-07,
      -1.1888199750238789e-05,
      -1.1255154140685954e-08,
      5.956669717815368e-07,
      7.937222015005278e-07,
      4.200772572423086e-05,
      2.4398537670950524e-08,
      -1.2912664605646274e-06,
      3.50923664959087e-06,
      0.00018573570460540792,
      8.602989510002551e-08,
      -4.553040007837008e-06,
      -6.06689494254142e-06,
      -0.000321090248278552
    ],
    [
      -0.013234928947159486,
      -1.4088390417031635e-05,
      -1.0573326803415604e-05,
      1.1255154140685947e-08,
      -0.10092741633706163,
      -0.00010743575739310231,
      8.08057118515855e-05,
      -8.601651677347662e-08,
