{
  "config": {
    "symbols": [
      "H",
      "H"
    ],
    "geometry": [
      [
        0.0,
        0.0,
        0.0
      ],
      [
        0.0,
        0.0,
        0.7414
      ]
    ],
    "basis": "STO-3G",
    "ansatz": "RY-CZ",
    "optimizer": {
      "name": "Adam",
      "stepsize": 0.1,
      "iterations_planned": 50
    },
    "seed": 1,
    "noisy": true,
    "depolarizing_prob": 0.08,
    "amplitude_damping_prob": 0.0
  },
  "energies": [
    1.1902297335581302,
    1.1902297335581302,
    1.1827266533331848,
    1.1677912101659127,
    1.1432334499020824,
    1.1087384964061089,
    1.0643209313197732,
    1.0102009846010596,
    0.9466303026574746,
    0.8743164350969737,
    0.7938801866509766,
    0.7064158684507336,
    0.6129896982620948,
    0.5149485956705341,
    0.4137575180316939,
    0.31086699218938013,
    0.20794966586944427,
    0.10644204856778033,
    0.007951405474779516,
    -0.08630463014188022,
    -0.17503297907981943,
    -0.25737491468063545,
    -0.3324412204255104,
    -0.3999118844135488,
    -0.45940459216849205,
    -0.5109934598969968,
    -0.5547418370098252,
    -0.5911241574280505,
    -0.6204741277569309,
    -0.6434497539625732,
    -0.6606263370715766,
    -0.6727339500649422,
    -0.6803968512488224,
    -0.6844066961068606,
    -0.6853789109935906,
    -0.684034078261603,
    -0.6809748692830115,
    -0.6768070723114628,
    -0.6720195414888763,
    -0.667107302759747,
    -0.6624021536587722,
    -0.6582349848732697,
    -0.6548021910666486,
    -0.6522562660169859,
    -0.650655669264614,
    -0.6500252557800098,
    -0.6502992475581428,
    -0.6514098386928955,
    -0.6532284484597415,
    -0.6556212104677765,
    -0.6584389293441498
  ],
  "final_params": [
    3.4129863534119065,
    -3.4145770481274647,
    0.002352637134353478,
    0.0003192372028119547
  ],
  "final_state_real": [
    [
      0.004363402665839978,
      6.572418101911995e-07,
      -2.4136157839992365e-06,
      3.635533046912754e-10,
      -0.0037807491596458915,
      -5.694792313951074e-07,
      4.1968118860775504e-06,
      -6.321490108185338e-10,
      0.0037363195402700944,
      5.627867987808404e-07,
      -8.323084599584596e-06,
      1.253672987831686e-09,
      0.012922493322899225,
      1.946463850017048e-06,
      -1.4344583913200097e-05,
      2.1606673774001367e-09
    ],
    [
      6.572418101911993e-07,
      0.00024582561311928063,
      -3.635533046912755e-10,
      -1.3597829272901635e-07,
      -5.694792313951074e-07,
      -0.00021300004867674558,
      6.321490108185341e-10,
      2.3643999967057268e-07,
      5.627867987808404e-07,
      0.00021049697040042312,
      -1.253672987831686e-09,
      -4.689059632413474e-07,
      1.946463850017048e-06,
      0.0007280281210352119,
      -2.1606673774001367e-09,
      -8.081452082622272e-07
    ],
    [
      -2.4136157839992365e-06,
      -3.635533046912754e-10,
      0.00024583152089332957,
      3.70268010598894e-08,
      -4.1968118860775504e-06,
      -6.321490108185338e-10,
      -0.00021299473773713209,
      -3.208412248244196e-08,
      -8.323084599584596e-06,
      -1.253672987831686e-09,
      0.00021050202914317702,
      3.170552225143453e-08,
      1.4344583913200097e-05,
      2.1606673774001367e-09,
      0.0007280099683943473,
      1.0966262003725995e-07
    ],
    [
      3.635533046912755e-10,
      -1.3597829272901635e-07,
      3.7026801059889396e-08,
      1.384966939236505e-05,
      6.321490108185341e-10,
      -2.3643999967057268e-07,
      -3.208412248244196e-08,
      -1.1999708943967337e-05,
      1.253672987831686e-09,
      -4.689059632413474e-07,
      3.170552225143453e-08,
      1.1859274593676003e-05,
      -2.1606673774001367e-09,
      8.081452082622272e-07,
      1.0966262003725995e-07,
      4.1014664596176395e-05
    ],
    [
      -0.0037807491596458915,
      -5.694792313951074e-07,
      -4.1968118860775504e-06,
      6.321490108185338e-10,
      0.058084090505307134,
      8.748973154800179e-06,
      -6.433920103271635e-05,
      9.691156857568746e-09,
      -0.012922493322899225,
      -1.946463850017048e-06,
      -1.4344583913200097e-05,
      2.1606673774001367e-09,
      0.09959821095700126,
      1.5002078303168253e-05,
      -0.00011079399179688935,
      1.6688456433175994e-08
    ],
    [
      -5.694792313951074e-07,
      -0.00021300004867674558,
      -6.321490108185341e-10,
      -2.3643999967057268e-07,
      8.748973154800179e-06,
      0.003272344602235838,
      -9.691156857568747e-09,
      -3.6247420861167624e-06,
      -1.946463850017048e-06,
      -0.0007280281210352119,
      -2.1606673774001367e-09,
      -8.081452082622272e-07,
      1.5002078303168253e-05,
      0.005611169343999803,
      -1.6688456433175994e-08,
      -6.241912216952267e-06
    ],
    [
      4.1968118860775504e-06,
      6.321490108185338e-10,
      -0.00021299473773713209,
      -3.208412248244196e-08,
      -6.433920103271635e-05,
      -9.691156857568746e-09,
      0.003272423244458161,
      4.928878282817388e-07,
      1.4344583913200097e-05,
      2.1606673774001367e-09,
      -0.0007280099683943473,
      -1.0966262003725995e-07,
      -0.00011079399179688935,
      -1.6688456433175994e-08,
      0.005611304193742324,
      8.451668171486212e-07
    ],
    [
      -6.321490108185341e-10,
      2.3643999967057268e-07,
      -3.208412248244196e-08,
      -1.1999708943967337e-05,
      9.691156857568747e-09,
      -3.6247420861167624e-06,
      4.928878282817388e-07,
      0.00018436195603777804,
      -2.1606673774001367e-09,
      8.081452082622272e-07,
      -1.0966262003725995e-07,
      -4.1014664596176395e-05,
      1.6688456433175994e-08,
      -6.241912216952267e-06,
      8.451668171486212e-07,
      0.00031612995624366824
    ],
    [
      0.0037363195402700944,
      5.627867987808404e-07,
      -8.323084599584596e-06,
      1.253672987831686e-09,
      -0.012922493322899225,
      -1.946463850017048e-06,
      1.4344583913200097e-05,
      -2.1606673774001367e-09,
      0.05825527273611802,
      8.774757646369458e-06,
      -3.2223898765484995e-05,
      4.853757157163542e-09,
      -0.10019050755926602,
      -1.509129826620936e-05,
      0.00011121624187208777,
      -1.6752058275383952e-08
    ],
    [
      5.627867987808404e-07,
      0.00021049697040042312,
      -1.253672987831686e-09,
      -4.689059632413474e-07,
      -1.946463850017048e-06,
      -0.0007280281210352119,
      2.1606673774001367e-09,
      8.081452082622272e-07,
      8.774757646369458e-06,
      0.0032819886759248543,
      -4.853757157163543e-09,
      -1.8154300979681924e-06,
      -1.509129826620936e-05,
      -0.0056445381817053115,
      1.6752058275383956e-08,
      6.2657009428591915e-06
    ],
    [
      -8.323084599584596e-06,
      -1.253672987831686e-09,
      0.00021050202914317702,
      3.170552225143453e-08,
      -1.4344583913200097e-05,
      -2.1606673774001367e-09,
      -0.0007280099683943473,
      -1.0966262003725995e-07,
      -3.2223898765484995e-05,
      -4.853757157163542e-09,
      0.003282067549917203,
      4.943404401286456e-07,
      -0.00011121624187208777,
      -1.6752058275383952e-08,
      -0.005644397440885692,
      -8.502348027792975e-07
    ],
    [
      1.253672987831686e-09,
      -4.689059632413474e-07,
      3.170552225143453e-08,
      1.1859274593676003e-05,
      2.1606673774001367e-09,
      -8.081452082622272e-07,
      -1.0966262003725995e-07,
      -4.1014664596176395e-05,
      4.853757157163543e-09,
      -1.8154300979681924e-06,
      4.943404401286456e-07,
      0.0001849052974353389,
      1.6752058275383956e-08,
      -6.2657009428591915e-06,
      -8.502348027792975e-07,
      -0.00031799436537391325
    ],
    [
      0.012922493322899225,
      1.946463850017048e-06,
      1.4344583913200097e-05,
      -2.1606673774001367e-09,
      0.09959821095700126,
      1.5002078303168253e-05,
      -0.00011079399179688935,
      1.6688456433175994e-08,
