{
  "config": {
    "symbols": [
      "H",
      "H"
    ],
    "geometry": [
      [
        0.0,
        0.0,
        0.0
      ],
      [
        0.0,
        0.0,
        0.7414
      ]
    ],
    "basis": "STO-3G",
    "ansatz": "RY-CZ",
    "optimizer": {
      "name": "Adam",
      "stepsize": 0.1,
      "iterations_planned": 50
    },
    "seed": 2,
    "noisy": true,
    "depolarizing_prob": 0.0,
    "amplitude_damping_prob": 0.0
  },
  "energies": [
    1.3487736047328982,
    1.3487736047328982,
    1.3402890035866828,
    1.3233476012911631,
    1.2945556101821647,
    1.2542479426912427,
    1.2034199356594966,
    1.14360377213738,
    1.0751854302298058,
    0.995824461594478,
    0.9048549794247454,
    0.8030911900315357,
    0.6918273747670208,
    0.5727339283230195,
    0.4479057167148848,
    0.3199108574479612,
    0.19179249479577318,
    0.06693591027523389,
    -0.05142073161415661,
    -0.16135078747975318,
    -0.26345142736923044,
    -0.3596623610777964,
    -0.450598673410721,
    -0.5350994513429693,
    -0.6111600193487274,
    -0.6767601066674582,
    -0.7305854753178149,
    -0.7727959464383692,
    -0.8053634772072994,
    -0.8311027528283841,
    -0.8519798050259818,
    -0.868483465322828,
    -0.8802121197801946,
    -0.8867346952077355,
    -0.888236535916595,
    -0.8857774351440482,
    -0.8810149000229265,
    -0.8755231441204041,
    -0.8702335002260875,
    -0.8653742373478415,
    -0.860790108320342,
    -0.8563330591037206,
    -0.8521166046907689,
    -0.8485430728789265,
    -0.8461162984830382,
    -0.845174360873491,
    -0.845725632876221,
    -0.8474775073099096,
    -0.8500071422102494,
    -0.8529562631294503,
    -0.8561453176629239
  ],
  "final_params": [
    -3.41626215880111,
    -3.416842256083343,
    0.023098901262689576,
    -0.031990087232837555
  ],
  "final_state_real": [
    [
      0.0003526220725425554,
      -5.640686479048352e-06,
      4.072772308724953e-06,
      6.514972681210968e-08,
      0.0025460016187750963,
      -4.072688020664598e-05,
      -2.9406227512026118e-05,
      -4.703940077570939e-07,
      0.002551447160027677,
      -4.08139893053279e-05,
      2.9469123318554006e-05,
      4.714001147285397e-07,
      -0.018421956835689455,
      0.0002946851344030527,
      0.00021277294167143358,
      3.403602748232833e-06
    ],
    [
      -5.640686479048352e-06,
      9.023072131585625e-08,
      -6.514972681210968e-08,
      -1.0421615994265454e-09,
      -4.0726880206645976e-05,
      6.51483785110164e-07,
      4.7039400775709387e-07,
      7.52461438401112e-09,
      -4.0813989305327895e-05,
      6.528772177777012e-07,
      -4.714001147285397e-07,
      -7.540708481436577e-09,
      0.0002946851344030527,
      -4.713903589042138e-06,
      -3.403602748232833e-06,
      -5.444541761687934e-08
    ],
    [
      4.072772308724954e-06,
      -6.51497268121097e-08,
      4.704037430698926e-08,
      7.524770112376463e-10,
      2.9406227512026118e-05,
      -4.703940077570939e-07,
      -3.3964087453151803e-07,
      -5.433033943288774e-09,
      2.9469123318554002e-05,
      -4.7140011472853964e-07,
      3.403673189451917e-07,
      5.444654441127493e-09,
      -0.00021277294167143358,
      3.403602748232833e-06,
      2.4575198554923425e-06,
      3.931148984824854e-08
    ],
    [
      6.51497268121097e-08,
      -1.0421615994265456e-09,
      7.524770112376463e-10,
      1.2036929152174041e-11,
      4.7039400775709387e-07,
      -7.52461438401112e-09,
      -5.433033943288775e-09,
      -8.690902664247919e-11,
      4.7140011472853964e-07,
      -7.540708481436577e-09,
      5.444654441127493e-09,
      8.709491291717835e-11,
      -3.403602748232833e-06,
      5.444541761687934e-08,
      3.931148984824854e-08,
      6.28842623521115e-10
    ],
    [
      0.002546001618775096,
      -4.0726880206645976e-05,
      2.940622751202611e-05,
      4.703940077570938e-07,
      0.018382638942927354,
      -0.0002940561893557703,
      -0.000212318821418198,
      -3.396338455462339e-06,
      0.01842195683568945,
      -0.00029468513440305264,
      0.00021277294167143355,
      3.4036027482328325e-06,
      -0.1330101986716458,
      0.002127685382293088,
      0.0015362630309088323,
      2.4574689962618518e-05
    ],
    [
      -4.072688020664597e-05,
      6.514837851101639e-07,
      -4.7039400775709377e-07,
      -7.524614384011119e-09,
      -0.0002940561893557704,
      4.7038427275680875e-06,
      3.3963384554623384e-06,
      5.432921502720102e-08,
      -0.00029468513440305264,
      4.7139035890421374e-06,
      -3.403602748232832e-06,
      -5.4445417616879325e-08,
      0.0021276853822930885,
      -3.403532309242949e-05,
      -2.4574689962618518e-05,
      -3.9310676268397763e-07
    ],
    [
      -2.9406227512026114e-05,
      4.7039400775709387e-07,
      -3.39640874531518e-07,
      -5.433033943288773e-09,
      -0.000212318821418198,
      3.396338455462339e-06,
      2.4522747835678427e-06,
      3.922758751514454e-08,
      -0.00021277294167143355,
      3.4036027482328325e-06,
      -2.457519855492342e-06,
      -3.9311489848248526e-08,
      0.0015362630309088323,
      -2.4574689962618518e-05,
      -1.7743782988531277e-05,
      -2.83836788885321e-07
    ],
    [
      -4.703940077570938e-07,
      7.524614384011119e-09,
      -5.433033943288773e-09,
      -8.690902664247916e-11,
      -3.3963384554623384e-06,
      5.432921502720102e-08,
      3.922758751514454e-08,
      6.275004879602618e-10,
      -3.403602748232832e-06,
      5.4445417616879325e-08,
      -3.931148984824853e-08,
      -6.288426235211149e-10,
      2.4574689962618518e-05,
      -3.9310676268397763e-07,
      -2.8383678888532093e-07,
      -4.5403690313061175e-09
    ],
    [
      0.002551447160027677,
      -4.08139893053279e-05,
      2.9469123318554006e-05,
      4.714001147285397e-07,
      0.018421956835689455,
      -0.0002946851344030527,
      -0.00021277294167143358,
      -3.403602748232833e-06,
      0.018461358823982515,
      -0.0002953154246767435,
      0.00021322803322437276,
      3.410882578309502e-06,
      -0.1332946888772045,
      0.0021322362036422624,
      0.0015395488825940425,
      2.462725178621424e-05
    ],
    [
      -4.0813989305327895e-05,
      6.528772177777012e-07,
      -4.714001147285397e-07,
      -7.540708481436577e-09,
      -0.0002946851344030527,
      4.713903589042138e-06,
      3.403602748232833e-06,
      5.444541761687934e-08,
      -0.0002953154246767436,
      4.723985969306445e-06,
      -3.4108825783095024e-06,
      -5.456186874764364e-08,
      0.002132236203642263,
      -3.410811988665672e-05,
      -2.4627251786214243e-05,
      -3.9394756304995965e-07
    ],
    [
      2.9469123318554002e-05,
      -4.7140011472853964e-07,
      3.403673189451917e-07,
      5.444654441127493e-09,
      0.00021277294167143358,
      -3.403602748232833e-06,
      -2.4575198554923425e-06,
      -3.931148984824854e-08,
      0.00021322803322437273,
      -3.4108825783095015e-06,
      2.462776147375095e-06,
      3.939557161323082e-08,
      -0.0015395488825940425,
      2.462725178621424e-05,
      1.7781734452486877e-05,
      2.8444387615055243e-07
    ],
    [
      4.7140011472853964e-07,
      -7.540708481436577e-09,
      5.444654441127493e-09,
      8.709491291717835e-11,
      3.403602748232833e-06,
      -5.444541761687934e-08,
      -3.931148984824854e-08,
      -6.28842623521115e-10,
      3.410882578309502e-06,
      -5.4561868747643637e-08,
      3.9395571613230813e-08,
      6.301876301016947e-10,
      -2.4627251786214243e-05,
      3.9394756304995965e-07,
      2.8444387615055243e-07,
      4.5500802440586695e-09
    ],
    [
      -0.01842195683568945,
      0.00029468513440305264,
      -0.00021277294167143355,
      -3.4036027482328325e-06,
      -0.1330101986716458,
      0.002127685382293088,
      0.0015362630309088323,
      2.4574689962618518e-05,
      -0.1332946888772045,
