{
  "config": {
    "symbols": [
      "H",
      "H"
    ],
    "geometry": [
      [
        0.0,
        0.0,
        0.0
      ],
      [
        0.0,
        0.0,
        0.7414
      ]
    ],
    "basis": "STO-3G",
    "ansatz": "RY-CZ",
    "optimizer": {
      "name": "Adam",
      "stepsize": 0.2,
      "iterations_planned": 50
    },
    "seed": 1,
    "noisy": true,
    "depolarizing_prob": 0.04,
    "amplitude_damping_prob": 0.0
  },
  "energies": [
    1.266553277211346,
    1.266553277211346,
    1.2358045506147073,
    1.1766742235952254,
    1.0819663722606632,
    0.9483183513575432,
    0.7804435340544761,
    0.587341912205733,
    0.382828759487581,
    0.17842763371694112,
    -0.02513219012438353,
    -0.21737754795678133,
    -0.3841990731399199,
    -0.5181591199753277,
    -0.6251022367958674,
    -0.7057894760858356,
    -0.7562500061575631,
    -0.7786856883541118,
    -0.7823645175675841,
    -0.772696358994899,
    -0.7513670824144545,
    -0.72253213855182,
    -0.6930405462720486,
    -0.6680500644812752,
    -0.6494951611185439,
    -0.6380270178137883,
    -0.634427312839701,
    -0.6390664289532569,
    -0.6509404884494752,
    -0.6678084296520946,
    -0.6873430405404972,
    -0.7078485408731019,
    -0.7280053532476307,
    -0.7464049424493354,
    -0.7617160308809283,
    -0.7732217139101722,
    -0.7808715331262827,
    -0.7849586020361079,
    -0.7858945984705579,
    -0.784254267759114,
    -0.7808069760050517,
    -0.776473571106487,
    -0.7721477976696335,
    -0.7684674020086475,
    -0.7657865258685411,
    -0.7643744140170072,
    -0.7644392600727752,
    -0.765889862342916,
    -0.7683177508904188,
    -0.771331324612781,
    -0.7746938666877052
  ],
  "final_params": [
    2.988908210676425,
    -2.990443701137812,
    0.010783802087193626,
    -0.0057865319649461466
  ],
  "final_state_real": [
    [
      0.000977260185950505,
      -2.7500112823220605e-06,
      -3.351194951179185e-06,
      -9.430285778503997e-09,
      0.001407754250656271,
      -3.961434694867425e-06,
      -7.382587524750537e-06,
      -2.0774652372497417e-08,
      -0.0014298706173081388,
      4.023657554445119e-06,
      1.1467516801361248e-05,
      3.226967161924755e-08,
      0.004860681383142831,
      -1.36780065575378e-05,
      -2.5490532686545774e-05,
      -7.173053534108492e-08
    ],
    [
      -2.7500112823220605e-06,
      2.6782426206510784e-05,
      9.430285778503997e-09,
      -9.17855283873259e-08,
      -3.961434694867425e-06,
      3.8580385118659687e-05,
      2.0774652372497417e-08,
      -2.022009183877757e-07,
      4.0236575544451184e-06,
      -3.9186497970002006e-05,
      -3.226967161924754e-08,
      3.14082619554293e-07,
      -1.36780065575378e-05,
      0.0001332100113448977,
      7.173053534108492e-08,
      -6.981575365186526e-07
    ],
    [
      -3.351194951179185e-06,
      9.430285778503997e-09,
      2.680264236301379e-05,
      -7.526288328798145e-08,
      7.382587524750537e-06,
      -2.0774652372497417e-08,
      3.852771243027011e-05,
      -1.0864754227933292e-07,
      1.1467516801361246e-05,
      -3.226967161924754e-08,
      -3.9216077081679864e-05,
      1.1012030054484056e-07,
      2.5490532686545774e-05,
      -7.173053534108492e-08,
      0.0001330281435538852,
      -3.751372697579748e-07
    ],
    [
      -9.430285778503997e-09,
      -9.17855283873259e-08,
      -7.526288328798145e-08,
      7.345431662385078e-07,
      2.0774652372497417e-08,
      2.022009183877757e-07,
      -1.0864754227933292e-07,
      1.0558760398754623e-06,
      3.226967161924754e-08,
      3.14082619554293e-07,
      1.1012030054484056e-07,
      -1.074741103391399e-06,
      7.173053534108492e-08,
      6.981575365186526e-07,
      -3.751372697579748e-07,
      3.6457194198040303e-06
    ],
    [
      0.001407754250656271,
      -3.961434694867425e-06,
      7.382587524750534e-06,
      2.077465237249741e-08,
      0.02950185889940622,
      -8.301826472540808e-05,
      -0.00015466569991775313,
      -4.352303496529011e-07,
      -0.004860681383142831,
      1.36780065575378e-05,
      -2.5490532686545774e-05,
      -7.173053534108492e-08,
      -0.06599196496759353,
      0.00018570146498598434,
      0.0003461852508309021,
      9.74167690987291e-07
    ],
    [
      -3.961434694867425e-06,
      3.8580385118659687e-05,
      -2.077465237249741e-08,
      2.0220091838777565e-07,
      -8.301826472540808e-05,
      0.0008085168824919855,
      4.352303496529011e-07,
      -4.2361226956824416e-06,
      1.36780065575378e-05,
      -0.0001332100113448977,
      7.173053534108492e-08,
      -6.981575365186526e-07,
      0.00018570146498598432,
      -0.0018085510464628024,
      -9.741676909872908e-07,
      9.481631665813022e-06
    ],
    [
      -7.382587524750534e-06,
      2.077465237249741e-08,
      3.852771243027011e-05,
      -1.0864754227933292e-07,
      -0.00015466569991775313,
      4.352303496529011e-07,
      0.0008091271746180894,
      -2.2720612126082884e-06,
      2.5490532686545774e-05,
      -7.173053534108492e-08,
      -0.0001330281435538852,
      3.751372697579748e-07,
      0.00034618525083090205,
      -9.741676909872908e-07,
      -0.0018099161935453357,
      5.08231648920577e-06
    ],
    [
      -2.077465237249741e-08,
      -2.0220091838777565e-07,
      -1.0864754227933292e-07,
      1.0558760398754623e-06,
      -4.352303496529011e-07,
      -4.2361226956824416e-06,
      -2.2720612126082884e-06,
      2.2174635943870397e-05,
      7.173053534108492e-08,
      6.981575365186526e-07,
      3.751372697579748e-07,
      -3.6457194198040303e-06,
      9.741676909872906e-07,
      9.481631665813022e-06,
      5.082316489205769e-06,
      -4.9601884524181243e-05
    ],
    [
      -0.0014298706173081388,
      4.023657554445119e-06,
      1.1467516801361248e-05,
      3.226967161924755e-08,
      -0.004860681383142831,
      1.36780065575378e-05,
      2.5490532686545774e-05,
      7.173053534108492e-08,
      0.029397661883643886,
      -8.272505420373723e-05,
      -0.00010080968967861922,
      -2.836791642268301e-07,
      0.06532544732112305,
      -0.00018382646925412666,
      -0.0003425816915252395,
      -9.640272501692397e-07
    ],
    [
      4.0236575544451184e-06,
      -3.9186497970002006e-05,
      -3.226967161924754e-08,
      3.14082619554293e-07,
      1.36780065575378e-05,
      -0.0001332100113448977,
      -7.173053534108492e-08,
      6.981575365186526e-07,
      -8.272505420373723e-05,
      0.0008056612981494402,
      2.836791642268301e-07,
      -2.761066058081345e-06,
      -0.00018382646925412663,
      0.0017902847137721166,
      9.640272501692397e-07,
      -9.382934156487607e-06
    ],
    [
      1.1467516801361246e-05,
      -3.226967161924754e-08,
      -3.9216077081679864e-05,
      1.1012030054484056e-07,
      -2.5490532686545774e-05,
      7.173053534108492e-08,
      -0.0001330281435538852,
      3.751372697579748e-07,
      -0.00010080968967861922,
      2.836791642268301e-07,
      0.0008062694347971889,
      -2.26403656579568e-06,
      0.0003425816915252395,
      -9.640272501692397e-07,
      0.0017878404896264242,
      -5.041682023996264e-06
    ],
    [
      3.226967161924754e-08,
      3.14082619554293e-07,
      1.1012030054484056e-07,
      -1.074741103391399e-06,
      -7.173053534108492e-08,
      -6.981575365186526e-07,
      3.751372697579748e-07,
      -3.6457194198040303e-06,
      -2.836791642268301e-07,
      -2.761066058081345e-06,
      -2.26403656579568e-06,
      2.209631779792421e-05,
      9.640272501692397e-07,
      9.382934156487607e-06,
      -5.041682023996264e-06,
      4.899688606045075e-05
    ],
    [
      0.004860681383142831,
      -1.36780065575378e-05,
      2.5490532686545774e-05,
      7.173053534108492e-08,
      -0.06599196496759353,
      0.00018570146498598434,
      0.0003461852508309021,
      9.74167690987291e-07,
      0.06532544732112304,
