{
  "config": {
    "symbols": [
      "H",
      "H"
    ],
    "geometry": [
      [
        0.0,
        0.0,
        0.0
      ],
      [
        0.0,
        0.0,
        0.7414
      ]
    ],
    "basis": "STO-3G",
    "ansatz": "RY-CZ",
    "optimizer": {
      "name": "Adam",
      "stepsize": 0.2,
      "iterations_planned": 50
    },
    "seed": 0,
    "noisy": true,
    "depolarizing_prob": 0.02,
    "amplitude_damping_prob": 0.0
  },
  "energies": [
    1.3068746204601367,
    1.3068746204601367,
    1.274265749666704,
    1.2125029566998329,
    1.1167337119827867,
    0.9796309413257903,
    0.8038598486975888,
    0.5990575335758785,
    0.3811102367485464,
    0.16818412424789855,
    -0.038188296481262846,
    -0.23759253065539718,
    -0.41683419571980107,
    -0.5622672730445581,
    -0.6693519312561449,
    -0.7468993304598823,
    -0.8012413032312509,
    -0.8311508040458345,
    -0.8359549551678142,
    -0.8210379111833715,
    -0.7962752004901676,
    -0.7687861487305758,
    -0.7412875355386207,
    -0.7154002874652551,
    -0.6939936669093464,
    -0.6807849754873521,
    -0.6778585664579821,
    -0.6842874348456737,
    -0.6972808718235055,
    -0.7142028313190671,
    -0.7336849495989337,
    -0.7549879233398469,
    -0.7766324147531101,
    -0.7962866215678862,
    -0.8120225136962852,
    -0.823394383139651,
    -0.8310835425768819,
    -0.8356222920859413,
    -0.8369453175529926,
    -0.8351506661874911,
    -0.8312046964224372,
    -0.8265788285328141,
    -0.8223059997392895,
    -0.8186965958561914,
    -0.8158839258610506,
    -0.8142802951957646,
    -0.8143235918332581,
    -0.8159552540760755,
    -0.8186201496412225,
    -0.8217655212276176,
    -0.825147047567226
  ],
  "final_params": [
    2.989029082184099,
    2.9912007718139417,
    -0.01994031386535274,
    -0.01692672637586871
  ],
  "final_state_real": [
    [
      0.000347916878071534,
      -2.90481446401042e-06,
      1.3976889281741553e-06,
      1.1669585579962097e-08,
      -0.0005341103872970306,
      4.459398244872551e-06,
      -5.253373656789972e-06,
      -4.386147177363224e-08,
      -0.0005535605599498345,
      4.6217669293910295e-06,
      -1.3330373399119404e-05,
      -1.1129796484621724e-07,
      -0.0052490474052087,
      4.382538393327109e-05,
      -5.162829261066208e-05,
      -4.310549842835814e-07
    ],
    [
      -2.9048144640104194e-06,
      4.726496818059182e-06,
      -1.1669585579962097e-08,
      1.8787587239690707e-08,
      4.459398244872551e-06,
      -7.2559602743179535e-06,
      4.3861471773632235e-08,
      -7.061529492729626e-08,
      4.6217669293910295e-06,
      -7.520193443067178e-06,
      1.1129796484621728e-07,
      -1.7918547405306632e-07,
      4.382538393327109e-05,
      -7.130900344955304e-05,
      4.310549842835814e-07,
      -6.939820670442001e-07
    ],
    [
      1.3976889281741553e-06,
      -1.1669585579962097e-08,
      4.736159702451614e-06,
      -3.8965532461138854e-08,
      5.253373656789972e-06,
      -4.386147177363224e-08,
      -7.164621318127405e-06,
      6.070536842482912e-08,
      -1.3330373399119402e-05,
      1.1129796484621722e-07,
      -7.535567781112094e-06,
      6.199694044017204e-08,
      5.162829261066208e-05,
      -4.310549842835814e-07,
      -7.041135659154534e-05,
      5.965908250261789e-07
    ],
    [
      1.1669585579962097e-08,
      1.8787587239690707e-08,
      -3.8965532461138854e-08,
      6.434135615247473e-08,
      4.3861471773632235e-08,
      7.061529492729626e-08,
      6.070536842482912e-08,
      -9.733232848728201e-08,
      -1.1129796484621724e-07,
      -1.791854740530663e-07,
      6.199694044017204e-08,
      -1.0237168526320409e-07,
      4.310549842835814e-07,
      6.939820670442001e-07,
      5.965908250261789e-07,
      -9.565475947296356e-07
    ],
    [
      -0.0005341103872970306,
      4.459398244872551e-06,
      5.253373656789972e-06,
      4.386147177363224e-08,
      0.0181321403736362,
      -0.0001513881818920448,
      0.00017831527702978165,
      1.4887900616283677e-06,
      0.0052490474052087005,
      -4.3825383933271095e-05,
      -5.162829261066209e-05,
      -4.310549842835815e-07,
      -0.07062251307174738,
      0.0005896388200327477,
      -0.0006947297384524198,
      -5.800438119235799e-06
    ],
    [
      4.459398244872551e-06,
      -7.2559602743179535e-06,
      -4.3861471773632235e-08,
      7.061529492729626e-08,
      -0.00015138818189204477,
      0.00024632752586085574,
      -1.4887900616283677e-06,
      2.396895157310145e-06,
      -4.3825383933271095e-05,
      7.130900344955307e-05,
      4.310549842835814e-07,
      -6.939820670442003e-07,
      0.0005896388200327477,
      -0.0009594161834492153,
      5.8004381192358e-06,
      -9.338483911604683e-06
    ],
    [
      -5.253373656789972e-06,
      4.386147177363224e-08,
      -7.164621318127405e-06,
      6.070536842482912e-08,
      0.00017831527702978165,
      -1.4887900616283677e-06,
      0.0002468311196421893,
      -2.0307393772761475e-06,
      5.162829261066209e-05,
      -4.310549842835815e-07,
      7.041135659154537e-05,
      -5.96590825026179e-07,
      -0.0006947297384524197,
      5.800438119235798e-06,
      -0.0009613776208566145,
      7.909486429165353e-06
    ],
    [
      -4.3861471773632235e-08,
      -7.061529492729626e-08,
      6.070536842482912e-08,
      -9.733232848728201e-08,
      1.4887900616283677e-06,
      2.396895157310145e-06,
      -2.0307393772761466e-06,
      3.3532334161348832e-06,
      4.310549842835814e-07,
      6.939820670442003e-07,
      -5.96590825026179e-07,
      9.565475947296358e-07,
      -5.800438119235799e-06,
      -9.338483911604683e-06,
      7.909486429165353e-06,
      -1.3060442169746742e-05
    ],
    [
      -0.0005535605599498345,
      4.6217669293910295e-06,
      -1.3330373399119404e-05,
      -1.1129796484621724e-07,
      0.0052490474052087,
      -4.382538393327109e-05,
      5.162829261066208e-05,
      4.310549842835814e-07,
      0.017976907546960217,
      -0.00015009211783583386,
      7.221875748158042e-05,
      6.029689109798985e-07,
      -0.0696130560280515,
      0.0005812138225633663,
      -0.0006846962789042978,
      -5.716666750299761e-06
    ],
    [
      4.6217669293910295e-06,
      -7.520193443067178e-06,
      1.1129796484621728e-07,
      -1.7918547405306632e-07,
      -4.382538393327109e-05,
      7.130900344955304e-05,
      -4.310549842835814e-07,
      6.939820670442001e-07,
      -0.00015009211783583386,
      0.00024421866737313526,
      -6.029689109798983e-07,
      9.707569253622902e-07,
      0.0005812138225633663,
      -0.0009457025759592822,
      5.716666750299761e-06,
      -9.20361520600329e-06
    ],
    [
      -1.3330373399119402e-05,
      1.1129796484621722e-07,
      -7.535567781112094e-06,
      6.199694044017204e-08,
      -5.162829261066208e-05,
      4.310549842835814e-07,
      7.041135659154534e-05,
      -5.965908250261789e-07,
      7.221875748158042e-05,
      -6.029689109798985e-07,
      0.0002447179497888736,
      -2.0133538173102006e-06,
      0.0006846962789042978,
      -5.716666750299761e-06,
      -0.0009337979509490591,
      7.912009041327682e-06
    ],
    [
      -1.1129796484621724e-07,
      -1.791854740530663e-07,
      6.199694044017204e-08,
      -1.0237168526320409e-07,
      -4.310549842835814e-07,
      -6.939820670442001e-07,
      -5.965908250261789e-07,
      9.565475947296356e-07,
      6.029689109798983e-07,
      9.707569253622902e-07,
      -2.0133538173102006e-06,
      3.3245257241048866e-06,
      5.716666750299761e-06,
      9.20361520600329e-06,
      7.912009041327682e-06,
      -1.2685768705257957e-05
    ],
    [
      -0.0052490474052087005,
      4.3825383933271095e-05,
      5.162829261066209e-05,
      4.310549842835815e-07,
      -0.07062251307174738,
      0.0005896388200327477,
      -0.0006947297384524198,
      -5.800438119235799e-06,
      -0.0696130560280515,
