{
  "config": {
    "symbols": [
      "H",
      "H"
    ],
    "geometry": [
      [
        0.0,
        0.0,
        0.0
      ],
      [
        0.0,
        0.0,
        0.7414
      ]
    ],
    "basis": "STO-3G",
    "ansatz": "TwoQubit-RY-CNOT",
    "optimizer": {
      "name": "Adam",
      "stepsize": 0.1,
      "iterations_planned": 50
    },
    "seed": 1,
    "noisy": false,
    "depolarizing_prob": 0.0,
    "amplitude_damping_prob": 0.0
  },
  "energies": [
    -0.8874335960452954,
    -0.8874335960452954,
    -0.8917274287740545,
    -0.895498289349916,
    -0.8915919490056763,
    -0.8908737152545723,
    -0.8948832622638084,
    -0.8977933337678008,
    -0.8970784689634399,
    -0.8947843464339736,
    -0.8939902906028768,
    -0.8952940607983759,
    -0.8971880840708858,
    -0.897993883933142,
    -0.8973184122945489,
    -0.8962562970493582,
    -0.8960434176291288,
    -0.8967665338145512,
    -0.8976006390432563,
    -0.8978460268126094,
    -0.8975304570552981,
    -0.8971586543997685,
    -0.8971222342113503,
    -0.8974042214723923,
    -0.8977097165978007,
    -0.8978072143015813,
    -0.8977254833965101,
    -0.8976398109966359,
    -0.8976513189305041,
    -0.8977224951676788,
    -0.8977866600370181,
    -0.8978366307387216,
    -0.8978798075942193,
    -0.8978926087271405,
    -0.8978640678672384,
    -0.8978346114407662,
    -0.8978596591348347,
    -0.8979379047323369,
    -0.8979980844529765,
    -0.8979801379140084,
    -0.8979165814623329,
    -0.8978994215015978,
    -0.8979614783338867,
    -0.8980315600219763,
    -0.8980304638241036,
    -0.8979745286618094,
    -0.8979476814446936,
    -0.8979876366737228,
    -0.898041816393591,
    -0.8980448877735333,
    -0.898005850916323
  ],
  "final_params": [
    -0.007220381433119228,
    0.004399383605043284,
    0.12454839007142694
  ],
  "final_state_real": [
    0.0,
    0.0,
    0.0,
    -0.062241321934369126,
    0.0,
    0.0,
    0.0036101741401503963,
    0.0,
    0.0,
    -0.002199675693811999,
    0.0,
    0.0,
    0.9980521759474211,
    0.0,
    0.0,
    0.0
  ],
  "final_state_imag": [
    0.0,
    0.0,
    0.0,
    0.0,
    0.0,
    0.0,
    0.0,
    0.0,
    0.0,
    0.0,
    0.0,
    0.0,
    0.0,
    0.0,
    0.0,
    0.0
  ]
}