{
  "config": {
    "symbols": [
      "H",
      "H"
    ],
    "geometry": [
      [
        0.0,
        0.0,
        0.0
      ],
      [
        0.0,
        0.0,
        0.7414
      ]
    ],
    "basis": "STO-3G",
    "ansatz": "RY-CZ",
    "optimizer": {
      "name": "Adam",
      "stepsize": 0.1,
      "iterations_planned": 50
    },
    "seed": 1,
    "noisy": true,
    "depolarizing_prob": 0.02,
    "amplitude_damping_prob": 0.0
  },
  "energies": [
    1.3068926285737625,
    1.3068926285737625,
    1.297785354363788,
    1.2798609019991671,
    1.2506703426880204,
    1.2105755445051818,
    1.1605630740136914,
    1.1014523596447616,
    1.031643388905032,
    0.9504742331850153,
    0.8586246087838574,
    0.7572167237897858,
    0.6477677711275596,
    0.5322526166955928,
    0.413147233212973,
    0.2933727315681782,
    0.175898828355731,
    0.0625615979698149,
    -0.04701255670593951,
    -0.1535435957624783,
    -0.2560647155364567,
    -0.35242308421060464,
    -0.4401751965381745,
    -0.5173107515164854,
    -0.5831691695444088,
    -0.6390870337994634,
    -0.6872821380744298,
    -0.7288596550286776,
    -0.7635272237735851,
    -0.7905564133817538,
    -0.8097724617208104,
    -0.8221558842580641,
    -0.8295905989214354,
    -0.8337867221682362,
    -0.8355251119423016,
    -0.8348721174335386,
    -0.8318392486218913,
    -0.8268835002207467,
    -0.8209554636488514,
    -0.815099289699855,
    -0.8099824610941686,
    -0.8057637695189752,
    -0.8023182662292048,
    -0.7995565747223077,
    -0.797593120271162,
    -0.7966739094171527,
    -0.796963409570065,
    -0.7983910145583892,
    -0.8006780461441256,
    -0.8034990739658914,
    -0.8066345912882357
  ],
  "final_params": [
    3.4131960334346796,
    -3.41474524909433,
    -0.024120652485190252,
    -0.01521977385419015
  ],
  "final_state_real": [
    [
      0.0009520140353975272,
      -7.146921822163822e-06,
      -1.8786780070186862e-06,
      -1.4103614179155071e-08,
      0.0006383648407878366,
      -4.792344771567171e-06,
      7.595220502403376e-06,
      5.7018850048442523e-08,
      -0.0006613177501345597,
      4.964618255703969e-06,
      4.743955638998881e-05,
      3.561383045178841e-07,
      0.016683568114155955,
      -0.0001252472024058934,
      0.00019849993373302787,
      1.4901789819752894e-06
    ],
    [
      -7.146921822163822e-06,
      1.2920178043220597e-05,
      1.4103614179155071e-08,
      -2.5278761262794987e-08,
      -4.792344771567174e-06,
      8.663514499622935e-06,
      -5.7018850048442523e-08,
      1.021983357984938e-07,
      4.964618255703969e-06,
      -8.975017969470135e-06,
      -3.561383045178841e-07,
      6.383282371514447e-07,
      -0.0001252472024058934,
      0.0002264196350225919,
      -1.4901789819752894e-06,
      2.670937977009025e-06
    ],
    [
      -1.8786780070186862e-06,
      1.4103614179155071e-08,
      1.3003514239173446e-05,
      -9.55405813454419e-08,
      -7.595220502403376e-06,
      5.7018850048442523e-08,
      8.533708569502019e-06,
      -6.545840834172223e-08,
      4.743955638998881e-05,
      -3.561383045178841e-07,
      -9.032907563071869e-06,
      6.63673853038655e-08,
      -0.00019849993373302787,
      1.4901789819752894e-06,
      0.00022302717676295306,
      -1.7107455555753505e-06
    ],
    [
      -1.4103614179155071e-08,
      -2.5278761262794987e-08,
      -9.55405813454419e-08,
      1.7647609479572554e-07,
      -5.7018850048442523e-08,
      -1.021983357984938e-07,
      -6.545840834172229e-08,
      1.1581450481545055e-07,
      3.561383045178841e-07,
      6.383282371514447e-07,
      6.63673853038655e-08,
      -1.225893417780441e-07,
      -1.4901789819752894e-06,
      -2.670937977009025e-06,
      -1.7107455555753505e-06,
      3.026794485283982e-06
    ],
    [
      0.0006383648407878366,
      -4.792344771567171e-06,
      -7.595220502403376e-06,
      -5.7018850048442523e-08,
      0.02938971198545598,
      -0.0002206332744330363,
      0.00034949692108318263,
      2.6237437779888706e-06,
      -0.01668356811415596,
      0.00012524720240589344,
      0.00019849993373302787,
      1.4901789819752896e-06,
      0.12302721204282814,
      -0.0009235849827589085,
      0.0014645108655749874,
      1.099437803183087e-05
    ],
    [
      -4.792344771567174e-06,
      8.663514499622935e-06,
      5.7018850048442523e-08,
      -1.021983357984938e-07,
      -0.0002206332744330363,
      0.00039885999299632996,
      -2.6237437779888706e-06,
      4.702694765753862e-06,
      0.00012524720240589344,
      -0.00022641963502259194,
      -1.4901789819752896e-06,
      2.670937977009025e-06,
      -0.0009235849827589085,
      0.0016696534133455922,
      -1.099437803183087e-05,
      1.9705889140837273e-05
    ],
    [
      7.595220502403376e-06,
      -5.7018850048442523e-08,
      8.533708569502019e-06,
      -6.545840834172223e-08,
      0.0003494969210831827,
      -2.6237437779888706e-06,
      0.0004014326722909112,
      -2.9494419874735173e-06,
      -0.00019849993373302792,
      1.4901789819752899e-06,
      -0.00022302717676295312,
      1.7107455555753505e-06,
      0.0014645108655749874,
      -1.099437803183087e-05,
      0.0016804228132379511,
      -1.2346552595700613e-05
    ],
    [
      5.7018850048442523e-08,
      1.021983357984938e-07,
      -6.545840834172229e-08,
      1.1581450481545055e-07,
      2.6237437779888706e-06,
      4.702694765753863e-06,
      -2.9494419874735173e-06,
      5.448009593890774e-06,
      -1.4901789819752899e-06,
      -2.6709379770090257e-06,
      1.7107455555753505e-06,
      -3.026794485283983e-06,
      1.099437803183087e-05,
      1.9705889140837273e-05,
      -1.2346552595700613e-05,
      2.280571622650297e-05
    ],
    [
      -0.0006613177501345597,
      4.964618255703969e-06,
      4.743955638998881e-05,
      3.561383045178841e-07,
      -0.016683568114155955,
      0.0001252472024058934,
      -0.00019849993373302787,
      -1.4901789819752894e-06,
      0.02958712957776758,
      -0.0002221153199135756,
      -5.838641822686348e-05,
      -4.383186011110204e-07,
      -0.12373760791980051,
      0.0009289253424872893,
      -0.001472221457922008,
      -1.105226300155365e-05
    ],
    [
      4.964618255703969e-06,
      -8.975017969470135e-06,
      -3.561383045178841e-07,
      6.383282371514447e-07,
      0.0001252472024058934,
      -0.0002264196350225919,
      1.4901789819752894e-06,
      -2.670937977009025e-06,
      -0.00022211531991357563,
      0.00040153922917005383,
      4.383186011110204e-07,
      -7.856249563962151e-07,
      0.0009289253424872891,
      -0.0016792944909667011,
      1.105226300155365e-05,
      -1.98096398753468e-05
    ],
    [
      4.743955638998881e-05,
      -3.561383045178841e-07,
      -9.032907563071869e-06,
      6.63673853038655e-08,
      0.00019849993373302787,
      -1.4901789819752894e-06,
      -0.00022302717676295306,
      1.7107455555753505e-06,
      -5.838641822686348e-05,
      4.383186011110204e-07,
      0.00040412918975518924,
      -2.969254081451095e-06,
      0.001472221457922008,
      -1.105226300155365e-05,
      -0.0016541335261692908,
      1.2688146885480168e-05
    ],
    [
      3.561383045178841e-07,
      6.383282371514447e-07,
      6.63673853038655e-08,
      -1.225893417780441e-07,
      1.4901789819752894e-06,
      2.670937977009025e-06,
      1.7107455555753505e-06,
      -3.026794485283982e-06,
      -4.383186011110204e-07,
      -7.856249563962151e-07,
      -2.9692540814510953e-06,
      5.484605152821351e-06,
      1.105226300155365e-05,
      1.98096398753468e-05,
      1.2688146885480166e-05,
      -2.2448933388301856e-05
    ],
    [
      0.01668356811415596,
      -0.00012524720240589344,
      -0.00019849993373302787,
      -1.4901789819752896e-06,
      0.12302721204282814,
      -0.0009235849827589085,
      0.0014645108655749874,
      1.099437803183087e-05,
      -0.12373760791980051,
