{
  "config": {
    "symbols": [
      "H",
      "H"
    ],
    "geometry": [
      [
        0.0,
        0.0,
        0.0
      ],
      [
        0.0,
        0.0,
        0.7414
      ]
    ],
    "basis": "STO-3G",
    "ansatz": "RY-CZ",
    "optimizer": {
      "name": "Adam",
      "stepsize": 0.1,
      "iterations_planned": 50
    },
    "seed": 2,
    "noisy": true,
    "depolarizing_prob": 0.06,
    "amplitude_damping_prob": 0.0
  },
  "energies": [
    1.2277540846336543,
    1.2277540846336543,
    1.220857698853302,
    1.2070676191655225,
    1.1835667026611303,
    1.1501706188321683,
    1.1060826805392239,
    1.0513348826794413,
    0.9862904761590592,
    0.911686095415559,
    0.8287123487004593,
    0.7388220301194475,
    0.6426903871588805,
    0.5407208095615381,
    0.43451054035047265,
    0.326313890892733,
    0.21843214281279494,
    0.11223985110595158,
    0.008312034507082039,
    -0.09189741146604066,
    -0.1863154996175248,
    -0.27349335704197447,
    -0.35320878154621616,
    -0.42542909614000435,
    -0.4894387497549038,
    -0.5447575095560737,
    -0.5916972075057986,
    -0.6309469532535026,
    -0.6629710329064584,
    -0.6881497584732172,
    -0.7069854872482642,
    -0.720311349577613,
    -0.7291180803861204,
    -0.7340542790295885,
    -0.7355308671528277,
    -0.7343352365774182,
    -0.7314553883329193,
    -0.727405538706295,
    -0.722470834715577,
    -0.7172328362935436,
    -0.7123001505172041,
    -0.7079112313641128,
    -0.7041781768109381,
    -0.7013107689614134,
    -0.6994656763228128,
    -0.6986528539277521,
    -0.6987991970011966,
    -0.6997906578642678,
    -0.7015357209671936,
    -0.7039514041837343,
    -0.7068513576984841
  ],
  "final_params": [
    -3.4173277404947453,
    -3.417940766487738,
    -0.00816068111093914,
    0.003767991638900893
  ],
  "final_state_real": [
    [
      0.003037954348750829,
      5.4850124737477664e-06,
      4.348136147435242e-06,
      -7.850552843399669e-09,
      -0.0024420185435473827,
      -4.409065378603654e-06,
      -9.54914629139791e-06,
      1.724096832022894e-08,
      -0.0024271010623528925,
      -4.382119700885599e-06,
      -2.5929607514278513e-05,
      4.681586479750136e-08,
      -0.014485669029192036,
      -2.6153880760358182e-05,
      -5.6644030428855225e-05,
      1.0227070612937605e-07
    ],
    [
      5.4850124737477664e-06,
      0.00012659219553877774,
      7.850552843399669e-09,
      1.8115693278256043e-07,
      -4.409065378603655e-06,
      -0.00010175942541769476,
      -1.724096832022894e-08,
      -3.9784726010982655e-07,
      -4.3821197008856e-06,
      -0.0001011378108443568,
      -4.681586479750136e-08,
      -1.0803084370559688e-06,
      -2.6153880760358182e-05,
      -0.000603620869749909,
      -1.0227070612937605e-07,
      -2.3599672284839052e-06
    ],
    [
      4.348136147435244e-06,
      7.850552843399669e-09,
      0.0001266319233577761,
      2.2845102291972885e-07,
      9.549146291397912e-06,
      1.7240968320228944e-08,
      -0.00010171018515134938,
      -1.8378433808010982e-07,
      -2.5929607514278513e-05,
      -4.681586479750136e-08,
      -0.00010116955043640687,
      -1.825154879802828e-07,
      5.6644030428855225e-05,
      1.0227070612937605e-07,
      -0.000603328784252412,
      -1.0901797208756322e-06
    ],
    [
      -7.850552843399669e-09,
      1.8115693278256054e-07,
      2.2845102291972885e-07,
      5.276778833016598e-06,
      -1.7240968320228944e-08,
      3.9784726010982666e-07,
      -1.8378433808010984e-07,
      -4.23828476957175e-06,
      4.681586479750136e-08,
      -1.0803084370559688e-06,
      -1.825154879802828e-07,
      -4.215756407492447e-06,
      -1.0227070612937605e-07,
      2.3599672284839052e-06,
      -1.0901797208756322e-06,
      -2.5140837110228324e-05
    ],
    [
      -0.0024420185435473827,
      -4.409065378603654e-06,
      9.54914629139791e-06,
      -1.724096832022894e-08,
      0.04983906586087009,
      8.998420204675381e-05,
      0.00019457409738304004,
      -3.513032208900259e-07,
      0.014485669029192039,
      2.615388076035819e-05,
      -5.664403042885524e-05,
      1.0227070612937606e-07,
      -0.10860998424423535,
      -0.00019609482235904415,
      -0.0004253873719932692,
      7.680362181662371e-07
    ],
    [
      -4.409065378603655e-06,
      -0.00010175942541769476,
      1.724096832022894e-08,
      3.9784726010982655e-07,
      8.998420204675381e-05,
      0.0020768043382625445,
      3.513032208900259e-07,
      8.106564625773765e-06,
      2.615388076035819e-05,
      0.0006036208697499092,
      -1.0227070612937606e-07,
      -2.359967228483906e-06,
      -0.00019609482235904415,
      -0.004525800846402877,
      -7.680362181662371e-07,
      -1.772296656354467e-05
    ],
    [
      -9.549146291397912e-06,
      -1.7240968320228944e-08,
      -0.00010171018515134938,
      -1.8378433808010982e-07,
      0.00019457409738304007,
      3.5130322089002597e-07,
      0.002077456091765155,
      3.747846172198477e-06,
      5.6644030428855245e-05,
      1.0227070612937606e-07,
      0.0006033287842524122,
      1.0901797208756325e-06,
      -0.0004253873719932692,
      -7.680362181662371e-07,
      -0.00452722115668412,
      -8.167358410139917e-06
    ],
    [
      1.7240968320228944e-08,
      -3.9784726010982666e-07,
      -1.8378433808010984e-07,
      -4.23828476957175e-06,
      -3.513032208900259e-07,
      8.106564625773767e-06,
      3.747846172198477e-06,
      8.656803151110472e-05,
      -1.0227070612937609e-07,
      2.359967228483907e-06,
      1.0901797208756325e-06,
      2.514083711022833e-05,
      7.680362181662371e-07,
      -1.772296656354467e-05,
      -8.167358410139917e-06,
      -0.00018865025610075543
    ],
    [
      -0.0024271010623528925,
      -4.382119700885599e-06,
      -2.5929607514278513e-05,
      4.681586479750136e-08,
      0.014485669029192036,
      2.6153880760358182e-05,
      5.6644030428855225e-05,
      -1.0227070612937605e-07,
      0.04990989562040577,
      9.011208484878652e-05,
      7.143458931535309e-05,
      -1.289750364871906e-07,
      -0.10885479108506385,
      -0.00019653736534330134,
      -0.00042566029129363257,
      7.685289735255075e-07
    ],
    [
      -4.3821197008856e-06,
      -0.0001011378108443568,
      -4.681586479750136e-08,
      -1.0803084370559688e-06,
      2.6153880760358182e-05,
      0.000603620869749909,
      1.0227070612937605e-07,
      2.3599672284839052e-06,
      9.011208484878652e-05,
      0.002079755829213287,
      1.2897503648719056e-07,
      2.9761881082275758e-06,
      -0.00019653736534330134,
      -0.004536001998858029,
      -7.685289735255075e-07,
      -1.7734337234028426e-05
    ],
    [
      -2.5929607514278513e-05,
      -4.681586479750136e-08,
      -0.00010116955043640687,
      -1.825154879802828e-07,
      -5.6644030428855225e-05,
      -1.0227070612937605e-07,
      0.000603328784252412,
      1.0901797208756322e-06,
      7.14345893153531e-05,
      1.2897503648719061e-07,
      0.0020804085089680857,
      3.753172496810873e-06,
      0.0004256602912936327,
      7.685289735255075e-07,
      -0.004533807077398418,
      -8.19232342820615e-06
    ],
    [
      4.681586479750136e-08,
      -1.0803084370559688e-06,
      -1.825154879802828e-07,
      -4.215756407492447e-06,
      1.0227070612937605e-07,
      -2.3599672284839052e-06,
      1.0901797208756322e-06,
      2.5140837110228324e-05,
      -1.289750364871906e-07,
      2.976188108227576e-06,
      3.753172496810873e-06,
      8.669105935581845e-05,
      -7.685289735255075e-07,
      1.7734337234028432e-05,
      -8.19232342820615e-06,
      -0.00018892469279965115
    ],
    [
      -0.014485669029192039,
      -2.615388076035819e-05,
      5.664403042885524e-05,
      -1.0227070612937606e-07,
      -0.10860998424423535,
      -0.00019609482235904415,
      -0.0004253873719932692,
      7.680362181662371e-07,
