{
  "config": {
    "symbols": [
      "H",
      "H"
    ],
    "geometry": [
      [
        0.0,
        0.0,
        0.0
      ],
      [
        0.0,
        0.0,
        0.7414
      ]
    ],
    "basis": "STO-3G",
    "ansatz": "Minimal",
    "optimizer": {
      "name": "Adam",
      "stepsize": 0.2,
      "iterations_planned": 50
    },
    "seed": 4,
    "noisy": false,
    "depolarizing_prob": 0.0,
    "amplitude_damping_prob": 0.0
  },
  "energies": [
    1.3487994253984217,
    1.3487994253984217,
    1.32639718770911,
    1.2812490525077782,
    1.2025229484528384,
    1.0905685999531778,
    0.9472079338802386,
    0.7757306626987558,
    0.5809654806623743,
    0.3692912649351556,
    0.14854665369392062,
    -0.07219686189252222,
    -0.28303818504622263,
    -0.47386858922063924,
    -0.6352458764856674,
    -0.7595169453703855,
    -0.8420931417261849,
    -0.8826175143887025,
    -0.8855687976866263,
    -0.8597994449565008,
    -0.8168392487845021,
    -0.7684661882401016,
    -0.7245160673710653,
    -0.6916819934270043,
    -0.6733826441465924,
    -0.6702921949307032,
    -0.681077213510276,
    -0.7030778627618041,
    -0.7328593325869647,
    -0.766656233742031,
    -0.8007537318110811,
    -0.8318321889502428,
    -0.8572735776497115,
    -0.8754024673749754,
    -0.8856206902834355,
    -0.8883988959353069,
    -0.8851118548828102,
    -0.877741394074786,
    -0.8685066223250093,
    -0.8594989843649796,
    -0.8523914689458958,
    -0.8482628437892776,
    -0.8475441353239661,
    -0.8500692590104658,
    -0.8551997704955934,
    -0.8619923447606482,
    -0.8693811425406022,
    -0.8763514583232962,
    -0.8820846226234067,
    -0.886057902298497,
    -0.8880886204812742
  ],
  "final_params": [
    3.1551876255967644
  ],
  "final_state_real": [
    -0.006797433656375276,
    0.0,
    0.0,
    0.0,
    0.0,
    0.0,
    0.0,
    0.0,
    0.0,
    0.0,
    0.0,
    0.0,
    0.9999768971809735,
    0.0,
    0.0,
    0.0
  ],
  "final_state_imag": [
    0.0,
    0.0,
    0.0,
    0.0,
    0.0,
    0.0,
    0.0,
    0.0,
    0.0,
    0.0,
    0.0,
    0.0,
    0.0,
    0.0,
    0.0,
    0.0
  ]
}