{
  "config": {
    "symbols": [
      "H",
      "H"
    ],
    "geometry": [
      [
        0.0,
        0.0,
        0.0
      ],
      [
        0.0,
        0.0,
        0.7414
      ]
    ],
    "basis": "STO-3G",
    "ansatz": "RY-CZ",
    "optimizer": {
      "name": "Adam",
      "stepsize": 0.1,
      "iterations_planned": 50
    },
    "seed": 3,
    "noisy": true,
    "depolarizing_prob": 0.0,
    "amplitude_damping_prob": 0.0
  },
  "energies": [
    1.3486641980407197,
    1.3486641980407197,
    1.3389749389866727,
    1.3199337774720448,
    1.2889060018068896,
    1.2462546157924168,
    1.1930093310724288,
    1.1307417260729746,
    1.0598331751401555,
    0.9780333698241577,
    0.8848414776275867,
    0.7811516573611819,
    0.6683328324241834,
    0.5481436688473857,
    0.42277918064866804,
    0.2949098319516088,
    0.16765460445207017,
    0.04436304542309555,
    -0.07206370226168549,
    -0.18041213601752573,
    -0.28168654696757645,
    -0.3773551247951499,
    -0.46736235253787334,
    -0.5502036024139509,
    -0.6238561817536676,
    -0.6865902540612656,
    -0.7377269950757688,
    -0.7781680417072385,
    -0.8100520181847923,
    -0.8355696704119261,
    -0.8559465745472546,
    -0.8713573132382254,
    -0.8815726248660841,
    -0.8866761859208042,
    -0.887407015976335,
    -0.8849973416955979,
    -0.8807450953938988,
    -0.8756651579036425,
    -0.870354646997846,
    -0.8650862191670534,
    -0.8600287030496843,
    -0.8554041549521094,
    -0.8514864458859842,
    -0.8485192157052497,
    -0.8466610664800857,
    -0.8459719422440581,
    -0.846418395081699,
    -0.8478942774699321,
    -0.8502433059385197,
    -0.8532673097737249,
    -0.8567376963048835
  ],
  "final_params": [
    3.412387136856678,
    3.414514359991535,
    -0.020412913644812243,
    0.01790970427677476
  ],
  "final_state_real": [
    [
      0.0003371341874967856,
      3.0190674993075733e-06,
      -3.441065016129066e-06,
      3.081505210235789e-08,
      -0.0024552017797417744,
      -2.1986556606725513e-05,
      -2.5059781135114513e-05,
      2.2441263322043395e-07,
      -0.0024747291757345655,
      -2.2161426224742255e-05,
      2.5259093580206863e-05,
      -2.2619749440480042e-07,
      -0.018022377148384845,
      -0.00016139203654470945,
      -0.000183951001746388,
      1.6472980535172963e-06
    ],
    [
      3.0190674993075733e-06,
      2.7036025730068493e-08,
      -3.0815052102357895e-08,
      2.7595161131318603e-10,
      -2.1986556606725513e-05,
      -1.9689162639502782e-07,
      -2.2441263322043395e-07,
      2.0096356654050696e-09,
      -2.2161426224742258e-05,
      -1.9845759982662323e-07,
      2.261974944048004e-07,
      -2.0256192606350947e-09,
      -0.00016139203654470948,
      -1.445280456184457e-06,
      -1.6472980535172963e-06,
      1.47517048055353e-08
    ],
    [
      -3.441065016129066e-06,
      -3.081505210235789e-08,
      3.512230110952256e-08,
      -3.145234202655628e-10,
      2.5059781135114513e-05,
      2.2441263322043395e-07,
      2.5578045584724046e-07,
      -2.2905373887966714e-09,
      2.525909358020686e-05,
      2.261974944048004e-07,
      -2.57814800450929e-07,
      2.308755129114373e-09,
      0.000183951001746388,
      1.6472980535172963e-06,
      1.8775531528612685e-06,
      -1.6813660300340785e-08
    ],
    [
      3.0815052102357895e-08,
      2.7595161131318603e-10,
      -3.1452342026556277e-10,
      2.816586011483386e-12,
      -2.2441263322043395e-07,
      -2.0096356654050696e-09,
      -2.2905373887966714e-09,
      2.051197191504216e-11,
      -2.2619749440480037e-07,
      -2.0256192606350947e-09,
      2.308755129114373e-09,
      -2.0675113462499948e-11,
      -1.6472980535172963e-06,
      -1.47517048055353e-08,
      -1.6813660300340785e-08,
      1.505678665436811e-10
    ],
    [
      -0.0024552017797417744,
      -2.1986556606725513e-05,
      2.5059781135114513e-05,
      -2.2441263322043395e-07,
      0.017880167609383858,
      0.00016011853710973004,
      0.00018249949582451402,
      -1.6342996851633787e-06,
      0.018022377148384842,
      0.00016139203654470943,
      -0.00018395100174638796,
      1.647298053517296e-06,
      0.13124914082031203,
      0.0011753480663138749,
      0.0013396352064695787,
      -1.1996555860473381e-05
    ],
    [
      -2.1986556606725513e-05,
      -1.9689162639502782e-07,
      2.2441263322043395e-07,
      -2.0096356654050696e-09,
      0.00016011853710973,
      1.433876152206746e-06,
      1.6342996851633787e-06,
      -1.4635303227508036e-08,
      0.00016139203654470945,
      1.4452804561844569e-06,
      -1.6472980535172959e-06,
      1.4751704805535295e-08,
      0.001175348066313875,
      1.052534948951496e-05,
      1.1996555860473381e-05,
      -1.0743025547741873e-07
    ],
    [
      -2.5059781135114513e-05,
      -2.2441263322043395e-07,
      2.5578045584724046e-07,
      -2.2905373887966714e-09,
      0.000182499495824514,
      1.6342996851633785e-06,
      1.86273790661322e-06,
      -1.6680988401624376e-08,
      0.00018395100174638796,
      1.647298053517296e-06,
      -1.8775531528612683e-06,
      1.6813660300340785e-08,
      0.0013396352064695785,
      1.199655586047338e-05,
      1.3673403692709363e-05,
      -1.224465812388565e-07
    ],
    [
      2.2441263322043395e-07,
      2.0096356654050696e-09,
      -2.2905373887966714e-09,
      2.051197191504216e-11,
      -1.6342996851633785e-06,
      -1.4635303227508034e-08,
      -1.6680988401624376e-08,
      1.493797776650848e-10,
      -1.6472980535172959e-06,
      -1.4751704805535295e-08,
      1.6813660300340782e-08,
      -1.5056786654368105e-10,
      -1.199655586047338e-05,
      -1.0743025547741871e-07,
      -1.2244658123885646e-07,
      1.0965203404571018e-09
    ],
    [
      -0.0024747291757345655,
      -2.2161426224742255e-05,
      2.5259093580206863e-05,
      -2.2619749440480042e-07,
      0.018022377148384845,
      0.00016139203654470945,
      0.000183951001746388,
      -1.6472980535172963e-06,
      0.018165717748038802,
      0.00016267566473133634,
      -0.00018541405219026335,
      1.6603998041221463e-06,
      0.13229302811611438,
      0.0011846961725712022,
      0.001350289967059269,
      -1.209197021654353e-05
    ],
    [
      -2.2161426224742258e-05,
      -1.9845759982662323e-07,
      2.261974944048004e-07,
      -2.0256192606350947e-09,
      0.00016139203654470948,
      1.445280456184457e-06,
      1.6472980535172963e-06,
      -1.47517048055353e-08,
      0.00016267566473133634,
      1.456775464060052e-06,
      -1.6603998041221461e-06,
      1.4869032181079646e-08,
      0.0011846961725712022,
      1.0609062636491129e-05,
      1.2091970216543527e-05,
      -1.0828469976693367e-07
    ],
    [
      2.525909358020686e-05,
      2.261974944048004e-07,
      -2.57814800450929e-07,
      2.308755129114373e-09,
      -0.000183951001746388,
      -1.6472980535172963e-06,
      -1.8775531528612685e-06,
      1.6813660300340785e-08,
      -0.00018541405219026335,
      -1.6603998041221463e-06,
      1.8924862333141434e-06,
      -1.6947387389320957e-08,
      -0.0013502899670592692,
      -1.2091970216543531e-05,
      -1.3782154817642104e-05,
      1.2342045760856376e-07
    ],
    [
      -2.2619749440480037e-07,
      -2.0256192606350947e-09,
      2.308755129114373e-09,
      -2.0675113462499948e-11,
      1.6472980535172963e-06,
      1.47517048055353e-08,
      1.6813660300340785e-08,
      -1.505678665436811e-10,
      1.6603998041221461e-06,
      1.4869032181079646e-08,
      -1.6947387389320953e-08,
      1.5176540497889843e-10,
      1.209197021654353e-05,
      1.0828469976693369e-07,
      1.2342045760856376e-07,
      -1.1052414916215261e-09
    ],
    [
      -0.018022377148384842,
      -0.00016139203654470943,
      0.00018395100174638796,
      -1.647298053517296e-06,
      0.13124914082031203,
      0.0011753480663138749,
      0.0013396352064695787,
