{
  "config": {
    "symbols": [
      "H",
      "H"
    ],
    "geometry": [
      [
        0.0,
        0.0,
        0.0
      ],
      [
        0.0,
        0.0,
        0.7414
      ]
    ],
    "basis": "STO-3G",
    "ansatz": "TwoQubit-RY-CNOT",
    "optimizer": {
      "name": "Adam",
      "stepsize": 0.2,
      "iterations_planned": 50
    },
    "seed": 2,
    "noisy": false,
    "depolarizing_prob": 0.0,
    "amplitude_damping_prob": 0.0
  },
  "energies": [
    -0.8845911468961324,
    -0.8845911468961324,
    -0.8734357545758067,
    -0.8814574907927676,
    -0.886419454212615,
    -0.8845575676177865,
    -0.8854620070074926,
    -0.8899376743417164,
    -0.8932466732149241,
    -0.8924808213577762,
    -0.8909700689622483,
    -0.8907418254557459,
    -0.8920415353024745,
    -0.8945745835380599,
    -0.8962510616307127,
    -0.8954659337036632,
    -0.893629317185218,
    -0.8934494709435763,
    -0.8953538798261748,
    -0.8972234039503952,
    -0.8972837029843588,
    -0.8959702736811462,
    -0.8950263956846267,
    -0.8955653650021207,
    -0.8970508252442257,
    -0.8979421487999278,
    -0.897422133624995,
    -0.8963778976402863,
    -0.896249174113259,
    -0.8971692430598762,
    -0.8979806585643728,
    -0.8978441894805408,
    -0.8971699369037252,
    -0.8969096862167357,
    -0.8973596931565966,
    -0.8979319238974621,
    -0.8979770255406821,
    -0.8975847209899644,
    -0.897378972332437,
    -0.897628571689533,
    -0.8979570490744357,
    -0.8979677182927138,
    -0.8977604177637492,
    -0.8976795441108318,
    -0.8978184797295145,
    -0.8979701977531213,
    -0.8979639733370814,
    -0.897873899377208,
    -0.8978593019366484,
    -0.8979298848947534,
    -0.8979806945361891
  ],
  "final_params": [
    0.0012479349009102492,
    0.0012582899272360996,
    0.1277691915524614
  ],
  "final_state_real": [
    0.0,
    0.0,
    0.0,
    -0.06384073307025641,
    0.0,
    0.0,
    -0.0006239672864759159,
    0.0,
    0.0,
    -0.0006291447996388179,
    0.0,
    0.0,
    0.997959706422408,
    0.0,
    0.0,
    0.0
  ],
  "final_state_imag": [
    0.0,
    0.0,
    0.0,
    0.0,
    0.0,
    0.0,
    0.0,
    0.0,
    0.0,
    0.0,
    0.0,
    0.0,
    0.0,
    0.0,
    0.0,
    0.0
  ]
}