{
  "config": {
    "symbols": [
      "H",
      "H"
    ],
    "geometry": [
      [
        0.0,
        0.0,
        0.0
      ],
      [
        0.0,
        0.0,
        0.7414
      ]
    ],
    "basis": "STO-3G",
    "ansatz": "RY-CZ",
    "optimizer": {
      "name": "Adam",
      "stepsize": 0.1,
      "iterations_planned": 50
    },
    "seed": 0,
    "noisy": true,
    "depolarizing_prob": 0.0,
    "amplitude_damping_prob": 0.0
  },
  "energies": [
    1.3486619053852473,
    1.3486619053852473,
    1.3389667718792921,
    1.3200049328027512,
    1.2893559366918521,
    1.2477141488550691,
    1.1965137511765018,
    1.136671488481747,
    1.0656652901331067,
    0.9821096262682971,
    0.8864576850072687,
    0.7798706606162145,
    0.6641280253816435,
    0.541670732161642,
    0.4155886929163539,
    0.2894401660742418,
    0.16663148020518642,
    0.04900745617060184,
    -0.06420260120223573,
    -0.17437271422397882,
    -0.28099470498157725,
    -0.3819325169655084,
    -0.474527490908757,
    -0.5564263336567454,
    -0.6263237267132689,
    -0.6846272209120525,
    -0.7333304125642781,
    -0.7746248596501124,
    -0.809581460099611,
    -0.8381240472266079,
    -0.8597606009520897,
    -0.8743244943852656,
    -0.8824578244507437,
    -0.8856450581663704,
    -0.8856825008596105,
    -0.8839472830112515,
    -0.8810729895458438,
    -0.8771591600890681,
    -0.8722001037336432,
    -0.8664355127502881,
    -0.860464286406275,
    -0.8550754675381408,
    -0.8509165615332565,
    -0.8482481176586196,
    -0.8469431161177456,
    -0.8466810206347075,
    -0.8471819967184018,
    -0.8483463196973056,
    -0.850233812964658,
    -0.8529166281789315,
    -0.8563267166336439
  ],
  "final_params": [
    3.4130188659373406,
    3.4150515396302956,
    -0.02278006805977888,
    -0.0234454275436077
  ],
  "final_state_real": [
    [
      0.0003399974513366215,
      -3.98587538918143e-06,
      -3.87275001656747e-06,
      -4.540121968210065e-08,
      -0.002471128781462145,
      2.896966243366353e-05,
      -2.8147458140511713e-05,
      -3.299797108161313e-07,
      -0.002489866530312133,
      2.9189329762627962e-05,
      2.836089096747774e-05,
      3.3248183737297197e-07,
      -0.018096549903255633,
      0.0002121503929071101,
      -0.00020612923321146315,
      -2.4165046956042147e-06
    ],
    [
      -3.985875389181431e-06,
      4.6727416802502327e-08,
      4.540121968210065e-08,
      5.322498843210753e-10,
      2.8969662433663526e-05,
      -3.3961861799286977e-07,
      3.299797108161313e-07,
      3.8684349041713204e-09,
      2.918932976262796e-05,
      -3.421938331805486e-07,
      -3.3248183737297197e-07,
      -3.897767961295331e-09,
      0.0002121503929071101,
      -2.4870922611108127e-06,
      2.4165046956042147e-06,
      2.832929057198336e-08
    ],
    [
      -3.87275001656747e-06,
      4.540121968210065e-08,
      4.411266212222792e-08,
      5.171438008103616e-10,
      2.814745814051171e-05,
      -3.2997971081613123e-07,
      3.2061437088720897e-07,
      3.758642677194532e-09,
      2.836089096747774e-05,
      -3.3248183737297197e-07,
      -3.2304548328028225e-07,
      -3.7871432151451365e-09,
      0.00020612923321146315,
      -2.4165046956042147e-06,
      2.3479205155096313e-06,
      2.752526104127662e-08
    ],
    [
      -4.540121968210065e-08,
      5.322498843210753e-10,
      5.171438008103616e-10,
      6.062606472930583e-12,
      3.2997971081613123e-07,
      -3.86843490417132e-09,
      3.758642677194532e-09,
      4.4063510718749336e-11,
      3.3248183737297197e-07,
      -3.897767961295331e-09,
      -3.787143215145137e-09,
      -4.4397629700048476e-11,
      2.4165046956042147e-06,
      -2.832929057198336e-08,
      2.752526104127662e-08,
      3.226855381299368e-10
    ],
    [
      -0.0024711287814621445,
      2.8969662433663523e-05,
      2.8147458140511707e-05,
      3.299797108161312e-07,
      0.01796036243981712,
      -0.00021055383311908632,
      0.00020457798628529923,
      2.398319038855222e-06,
      0.018096549903255633,
      -0.0002121503929071101,
      -0.00020612923321146315,
      -2.4165046956042147e-06,
      0.1315271780288808,
      -0.0015419260934246117,
      0.001498163821197949,
      1.7563350196889294e-05
    ],
    [
      2.896966243366352e-05,
      -3.396186179928697e-07,
      -3.299797108161312e-07,
      -3.868434904171319e-09,
      -0.00021055383311908632,
      2.468375390315601e-06,
      -2.3983190388552223e-06,
      -2.8116095557207795e-08,
      -0.0002121503929071101,
      2.4870922611108127e-06,
      2.4165046956042147e-06,
      2.832929057198336e-08,
      -0.001541926093424612,
      1.8076386291871196e-05,
      -1.7563350196889297e-05,
      -2.0589955899952055e-07
    ],
    [
      -2.8147458140511703e-05,
      3.299797108161312e-07,
      3.206143708872089e-07,
      3.7586426771945314e-09,
      0.00020457798628529923,
      -2.398319038855222e-06,
      2.330250996840543e-06,
      2.7318116825713605e-08,
      0.00020612923321146315,
      -2.4165046956042147e-06,
      -2.3479205155096313e-06,
      -2.752526104127662e-08,
      0.001498163821197949,
      -1.7563350196889294e-05,
      1.706487487323469e-05,
      2.0005580773713976e-07
    ],
    [
      -3.299797108161312e-07,
      3.868434904171319e-09,
      3.7586426771945314e-09,
      4.406351071874932e-11,
      2.3983190388552223e-06,
      -2.8116095557207795e-08,
      2.7318116825713605e-08,
      3.202571347395459e-10,
      2.4165046956042147e-06,
      -2.832929057198336e-08,
      -2.752526104127662e-08,
      -3.226855381299368e-10,
      1.7563350196889297e-05,
      -2.0589955899952055e-07,
      2.0005580773713973e-07,
      2.3453044066930582e-09
    ],
    [
      -0.002489866530312133,
      2.9189329762627962e-05,
      2.836089096747774e-05,
      3.3248183737297197e-07,
      0.018096549903255633,
      -0.0002121503929071101,
      0.00020612923321146315,
      2.4165046956042147e-06,
      0.018233770031058954,
      -0.0002137590588784618,
      -0.00020769224272789417,
      -2.4348282481488207e-06,
      0.1325245049376738,
      -0.0015536180068936643,
      0.0015095238998908303,
      1.7696527248373434e-05
    ],
    [
      2.918932976262796e-05,
      -3.421938331805486e-07,
      -3.3248183737297197e-07,
      -3.897767961295331e-09,
      -0.0002121503929071101,
      2.4870922611108127e-06,
      -2.4165046956042147e-06,
      -2.832929057198336e-08,
      -0.0002137590588784618,
      2.505951055729271e-06,
      2.4348282481488207e-06,
      2.8544102173753235e-08,
      -0.0015536180068936643,
      1.8213453525676368e-05,
      -1.769652724837343e-05,
      -2.0746082697300137e-07
    ],
    [
      2.836089096747774e-05,
      -3.3248183737297197e-07,
      -3.2304548328028225e-07,
      -3.7871432151451365e-09,
      -0.00020612923321146315,
      2.4165046956042147e-06,
      -2.3479205155096313e-06,
      -2.752526104127662e-08,
      -0.00020769224272789417,
      2.4348282481488207e-06,
      2.365724017731399e-06,
      2.7733975945684523e-08,
      -0.00150952389989083,
      1.769652724837343e-05,
      -1.7194272146589872e-05,
      -2.0157276454774248e-07
    ],
    [
      3.3248183737297197e-07,
      -3.897767961295331e-09,
      -3.787143215145137e-09,
      -4.4397629700048476e-11,
      -2.4165046956042147e-06,
      2.832929057198336e-08,
      -2.752526104127662e-08,
      -3.226855381299368e-10,
      -2.4348282481488207e-06,
      2.8544102173753235e-08,
      2.7733975945684523e-08,
      3.251323554975098e-10,
      -1.769652724837343e-05,
      2.0746082697300137e-07,
      -2.0157276454774248e-07,
      -2.3630880703687855e-09
    ],
    [
      -0.018096549903255633,
      0.0002121503929071101,
      0.00020612923321146315,
      2.4165046956042147e-06,
      0.1315271780288808,
      -0.0015419260934246117,
      0.001498163821197949,
      1.7563350196889294e-05,
