{
  "config": {
    "symbols": [
      "H",
      "H"
    ],
    "geometry": [
      [
        0.0,
        0.0,
        0.0
      ],
      [
        0.0,
        0.0,
        0.7414
      ]
    ],
    "basis": "STO-3G",
    "ansatz": "RY-CZ",
    "optimizer": {
      "name": "Adam",
      "stepsize": 0.2,
      "iterations_planned": 50
    },
    "seed": 0,
    "noisy": true,
    "depolarizing_prob": 0.1,
    "amplitude_damping_prob": 0.0
  },
  "energies": [
    1.1542409215592133,
    1.1542409215592133,
    1.1291181723170265,
    1.0773413987644824,
    0.9929539953807369,
    0.8764802886379566,
    0.7322677690478503,
    0.5685948960067037,
    0.3902842771259113,
    0.2083764545859771,
    0.031082756620526855,
    -0.13436842995598305,
    -0.27905783207590446,
    -0.401085135444333,
    -0.4959937739831735,
    -0.5647472763189758,
    -0.6091382207527726,
    -0.6307759274188428,
    -0.6349549234353803,
    -0.6245267602031723,
    -0.6045636954412924,
    -0.5799906182102432,
    -0.554245033668388,
    -0.5317196364377659,
    -0.5147465536134823,
    -0.504541463817047,
    -0.5020910830536602,
    -0.5065587965412796,
    -0.5168306018115094,
    -0.5316916665889109,
    -0.5490785887764678,
    -0.5674657695520947,
    -0.58540295395682,
    -0.6013983432924248,
    -0.6147800663720453,
    -0.6248890894741663,
    -0.6315213282538122,
    -0.6349648415203447,
    -0.6354861465201546,
    -0.6338255197915463,
    -0.6306817896669664,
    -0.6267867186566004,
    -0.6229284892907831,
    -0.6196111375725,
    -0.6173169133500794,
    -0.6162463341100841,
    -0.616432707466974,
    -0.617782399019503,
    -0.620009423183109,
    -0.622828259041661,
    -0.6258666951943276
  ],
  "final_params": [
    2.9921979159349013,
    2.9942272732910573,
    0.002183938655607563,
    0.005574775736341846
  ],
  "final_state_real": [
    [
      0.00444438418809416,
      1.1503370975292997e-05,
      -3.867663442123664e-06,
      1.0010661198633561e-08,
      -0.0033863878440330074,
      -8.764968836816096e-06,
      3.4336986710707575e-06,
      -8.887431538100362e-09,
      -0.0034411049566071593,
      -8.90658980085747e-06,
      4.065478394218322e-06,
      -1.0522665020857612e-08,
      -0.0035748275981317677,
      -9.252706405093534e-06,
      3.624771094852913e-06,
      -9.381983695367344e-09
    ],
    [
      1.1503370975292997e-05,
      0.00031749036819810636,
      -1.0010661198633561e-08,
      -2.7623177765050867e-07,
      -8.764968836816096e-06,
      -0.00024191102253126205,
      8.887431538100362e-09,
      2.4523764852333235e-07,
      -8.90658980085747e-06,
      -0.0002458198106743848,
      1.0522665020857612e-08,
      2.9035988798912545e-07,
      -9.252706405093534e-06,
      -0.00025537246159232385,
      9.381983695367346e-09,
      2.5888420181607574e-07
    ],
    [
      -3.867663442123664e-06,
      -1.0010661198633561e-08,
      0.000317461285871446,
      8.216557087636858e-07,
      -3.4336986710707575e-06,
      -8.887431538100362e-09,
      -0.00024188082868176807,
      -6.260796006368655e-07,
      4.065478394218322e-06,
      1.0522665020857612e-08,
      -0.00024579729341795846,
      -6.361744197599924e-07,
      -3.624771094852913e-06,
      -9.381983695367344e-09,
      -0.0002553405875686043,
      -6.609185769809794e-07
    ],
    [
      1.001066119863356e-08,
      -2.7623177765050867e-07,
      8.216557087636858e-07,
      2.26782600860595e-05,
      8.887431538100362e-09,
      -2.4523764852333235e-07,
      -6.260796006368655e-07,
      -1.727907176970873e-05,
      -1.0522665020857612e-08,
      2.9035988798912545e-07,
      -6.361744197599924e-07,
      -1.755884952484947e-05,
      9.381983695367346e-09,
      -2.5888420181607574e-07,
      -6.609185769809794e-07,
      -1.8240587161714443e-05
    ],
    [
      -0.0033863878440330074,
      -8.764968836816098e-06,
      -3.4336986710707584e-06,
      8.887431538100365e-09,
      0.05783380719676205,
      0.00014969087075778007,
      -5.859615711388674e-05,
      1.5166425031205348e-07,
      0.0035748275981317672,
      9.252706405093533e-06,
      3.624771094852913e-06,
      -9.381983695367344e-09,
      -0.05213367959752286,
      -0.0001349372671975367,
      5.2903188307545824e-05,
      -1.3692915694431826e-07
    ],
    [
      -8.764968836816098e-06,
      -0.00024191102253126205,
      -8.887431538100363e-09,
      -2.452376485233324e-07,
      0.00014969087075778007,
      0.004131433279415057,
      -1.5166425031205348e-07,
      -4.184986849365034e-06,
      9.252706405093533e-06,
      0.0002553724615923238,
      9.381983695367346e-09,
      2.5888420181607574e-07,
      -0.0001349372671975367,
      -0.003724237246473834,
      1.3692915694431826e-07,
      3.778390226619346e-06
    ],
    [
      3.4336986710707584e-06,
      8.887431538100365e-09,
      -0.00024188082868176807,
      -6.260796006368657e-07,
      -5.859615711388674e-05,
      -1.5166425031205348e-07,
      0.004131054837407858,
      1.0692027473694888e-05,
      -3.624771094852913e-06,
      -9.381983695367344e-09,
      0.0002553405875686042,
      6.609185769809792e-07,
      5.2903188307545824e-05,
      1.3692915694431829e-07,
      -0.003723896103891218,
      -9.638216150375254e-06
    ],
    [
      -8.887431538100363e-09,
      2.452376485233324e-07,
      -6.260796006368657e-07,
      -1.727907176970873e-05,
      1.5166425031205348e-07,
      -4.184986849365034e-06,
      1.0692027473694888e-05,
      0.00029510727827911223,
      9.381983695367346e-09,
      -2.5888420181607574e-07,
      6.609185769809792e-07,
      1.8240587161714433e-05,
      -1.3692915694431829e-07,
      3.778390226619346e-06,
      -9.638216150375254e-06,
      -0.000266021364292296
    ],
    [
      -0.0034411049566071593,
      -8.90658980085747e-06,
      4.065478394218322e-06,
      -1.0522665020857612e-08,
      0.0035748275981317677,
      9.252706405093534e-06,
      -3.624771094852913e-06,
      9.381983695367344e-09,
      0.05772055901374552,
      0.00014939775121491808,
      -5.023051259934763e-05,
      1.3001147876239786e-07,
      -0.05142234945321652,
      -0.0001330961813093837,
      5.214076506090976e-05,
      -1.3495577923804998e-07
    ],
    [
      -8.90658980085747e-06,
      -0.0002458198106743848,
      1.0522665020857612e-08,
      2.9035988798912545e-07,
      9.252706405093534e-06,
      0.00025537246159232385,
      -9.381983695367346e-09,
      -2.5888420181607574e-07,
      0.00014939775121491808,
      0.004123343248085182,
      -1.3001147876239786e-07,
      -3.5875054785003256e-06,
      -0.00013309618130938374,
      -0.003673422451922268,
      1.3495577923804998e-07,
      3.723937316770315e-06
    ],
    [
      4.065478394218322e-06,
      1.0522665020857612e-08,
      -0.00024579729341795846,
      -6.361744197599924e-07,
      3.624771094852913e-06,
      9.381983695367344e-09,
      0.0002553405875686043,
      6.609185769809794e-07,
      -5.023051259934763e-05,
      -1.3001147876239786e-07,
      0.004122965547130175,
      1.0671090711222388e-05,
      -5.214076506090976e-05,
      -1.3495577923804998e-07,
      -0.0036729639578715204,
      -9.507027987419547e-06
    ],
    [
      -1.0522665020857612e-08,
      2.9035988798912545e-07,
      -6.361744197599924e-07,
      -1.755884952484947e-05,
      -9.381983695367346e-09,
      2.5888420181607574e-07,
      6.609185769809794e-07,
      1.8240587161714443e-05,
      1.3001147876239786e-07,
      -3.5875054785003256e-06,
      1.0671090711222388e-05,
      0.0002945294093010876,
      1.3495577923804998e-07,
      -3.723937316770315e-06,
      -9.507027987419549e-06,
      -0.00026238296016057596
    ],
    [
      -0.0035748275981317672,
      -9.252706405093533e-06,
      -3.624771094852913e-06,
      9.381983695367344e-09,
      -0.05213367959752286,
      -0.0001349372671975367,
      5.2903188307545824e-05,
      -1.3692915694431826e-07,
