{
  "config": {
    "symbols": [
      "H",
      "H"
    ],
    "geometry": [
      [
        0.0,
        0.0,
        0.0
      ],
      [
        0.0,
        0.0,
        0.7414
      ]
    ],
    "basis": "STO-3G",
    "ansatz": "RY-CZ",
    "optimizer": {
      "name": "Adam",
      "stepsize": 0.2,
      "iterations_planned": 50
    },
    "seed": 1,
    "noisy": true,
    "depolarizing_prob": 0.08,
    "amplitude_damping_prob": 0.0
  },
  "energies": [
    1.1902297335581302,
    1.1902297335581302,
    1.1632589861318035,
    1.1090966828529203,
    1.0200343148233475,
    0.8972734307498962,
    0.7461179070545678,
    0.5734805515869557,
    0.38654353314114903,
    0.19614521933356788,
    0.009577348408439074,
    -0.1622702470048878,
    -0.31479100150193545,
    -0.4409844689708417,
    -0.5405296685579031,
    -0.6118685175472409,
    -0.6577459449878506,
    -0.6807083305065421,
    -0.6845581110038146,
    -0.6740044046998948,
    -0.653263517206312,
    -0.6275096300529142,
    -0.6009388310106492,
    -0.577329845062085,
    -0.5594889212508914,
    -0.5489313022743245,
    -0.5460871428926135,
    -0.550640967411059,
    -0.5613131055471663,
    -0.5765534248366357,
    -0.5947144689524351,
    -0.6138112877340081,
    -0.6324636264312197,
    -0.6492613574038801,
    -0.6632037426323687,
    -0.6738983748052749,
    -0.6809187436577856,
    -0.684631986324576,
    -0.6853260041403089,
    -0.6836817573067214,
    -0.6805065374747424,
    -0.6764798542852948,
    -0.67247526702959,
    -0.6689837170843692,
    -0.6665400059099647,
    -0.6653424453009218,
    -0.665454375628848,
    -0.6667746601456641,
    -0.6690268354930418,
    -0.6719116212690659,
    -0.6750528772842195
  ],
  "final_params": [
    2.990276815693807,
    -2.9918277362345727,
    0.004716904510736517,
    0.003945878542975746
  ],
  "final_state_real": [
    [
      0.0030548879139768986,
      5.687555504010706e-06,
      -5.563820228325625e-06,
      1.0358668129883606e-08,
      0.0028441302464365767,
      5.295175917821942e-06,
      -6.329855188846899e-06,
      1.1784864808836402e-08,
      -0.002880378347445104,
      -5.36265558179446e-06,
      7.833570775281242e-06,
      -1.458446833346254e-08,
      0.004021316914832359,
      7.486851388760819e-06,
      -8.949784831844915e-06,
      1.6662625157255873e-08
    ],
    [
      5.687555504010706e-06,
      0.0001721182147556676,
      -1.0358668129883602e-08,
      -3.1343307231810237e-07,
      5.295175917821942e-06,
      0.00016024372557485667,
      -1.1784864808836402e-08,
      -3.5658699917521005e-07,
      -5.36265558179446e-06,
      -0.00016228601275839814,
      1.4584468333462547e-08,
      4.412975356065013e-07,
      7.486851388760821e-06,
      0.00022656866891285508,
      -1.6662625157255873e-08,
      -5.041785034947629e-07
    ],
    [
      -5.563820228325624e-06,
      -1.0358668129883606e-08,
      0.00017212329966960835,
      3.203941266093509e-07,
      6.329855188846901e-06,
      1.1784864808836407e-08,
      0.00016021692019140772,
      2.9834912997513385e-07,
      7.833570775281242e-06,
      1.458446833346254e-08,
      -0.00016229080719813732,
      -3.0209170710056306e-07,
      8.949784831844915e-06,
      1.6662625157255873e-08,
      0.00022653076877026957,
      4.218359564923947e-07
    ],
    [
      1.0358668129883602e-08,
      -3.1343307231810237e-07,
      3.203941266093509e-07,
      9.697755168509862e-06,
      -1.1784864808836402e-08,
      3.5658699917521005e-07,
      2.9834912997513385e-07,
      9.026927027609729e-06,
      -1.4584468333462547e-08,
      4.412975356065013e-07,
      -3.0209170710056306e-07,
      -9.143773779194334e-06,
      -1.6662625157255873e-08,
      5.041785034947629e-07,
      4.2183595649239483e-07,
      1.2763175804119724e-05
    ],
    [
      0.0028441302464365767,
      5.295175917821942e-06,
      6.329855188846899e-06,
      -1.1784864808836402e-08,
      0.04931470370431916,
      9.181355335457276e-05,
      -0.00010968444082335196,
      2.042094594855169e-07,
      -0.004021316914832358,
      -7.486851388760821e-06,
      -8.949784831844915e-06,
      1.6662625157255873e-08,
      -0.05678341057656416,
      -0.00010571870669415314,
      0.00012645643068026792,
      -2.354353923294776e-07
    ],
    [
      5.295175917821942e-06,
      0.00016024372557485667,
      1.1784864808836402e-08,
      3.5658699917521005e-07,
      9.181355335457276e-05,
      0.002778484514589725,
      -2.042094594855168e-07,
      -6.178979525206952e-06,
      -7.4868513887608225e-06,
      -0.00022656866891285503,
      -1.6662625157255877e-08,
      -5.041785034947629e-07,
      -0.00010571870669415314,
      -0.0031992857124021547,
      2.3543539232947764e-07,
      7.123815284453477e-06
    ],
    [
      -6.329855188846901e-06,
      -1.1784864808836407e-08,
      0.00016021692019140772,
      2.9834912997513385e-07,
      -0.00010968444082335196,
      -2.042094594855169e-07,
      0.002778566599769742,
      5.172085479815656e-06,
      8.949784831844915e-06,
      1.6662625157255873e-08,
      -0.00022653076877026954,
      -4.2183595649239483e-07,
      0.00012645643068026792,
      2.354353923294776e-07,
      -0.0031993802293743554,
      -5.955397300942029e-06
    ],
    [
      1.1784864808836402e-08,
      -3.5658699917521005e-07,
      2.9834912997513385e-07,
      9.026927027609729e-06,
      2.042094594855168e-07,
      -6.178979525206952e-06,
      5.172085479815656e-06,
      0.00015654974460569028,
      -1.6662625157255877e-08,
      5.041785034947629e-07,
      -4.2183595649239483e-07,
      -1.2763175804119724e-05,
      -2.3543539232947764e-07,
      7.123815284453477e-06,
      -5.955397300942029e-06,
      -0.0001802591875417189
    ],
    [
      -0.002880378347445104,
      -5.36265558179446e-06,
      7.833570775281242e-06,
      -1.458446833346254e-08,
      -0.004021316914832359,
      -7.486851388760819e-06,
      8.949784831844915e-06,
      -1.6662625157255873e-08,
      0.049221598331293324,
      9.164021083212431e-05,
      -8.964653767268773e-05,
      1.6690308001269466e-07,
      0.05619880522696797,
      0.00010463042626864547,
      -0.0001250752490391801,
      2.3286392135090817e-07
    ],
    [
      -5.36265558179446e-06,
      -0.00016228601275839814,
      1.4584468333462547e-08,
      4.412975356065013e-07,
      -7.486851388760821e-06,
      -0.00022656866891285508,
      1.6662625157255873e-08,
      5.041785034947629e-07,
      9.164021083212431e-05,
      0.0027732387801992593,
      -1.669030800126946e-07,
      -5.05016132303881e-06,
      0.00010463042626864547,
      0.003166347931395939,
      -2.3286392135090817e-07,
      -7.046007593437231e-06
    ],
    [
      7.833570775281242e-06,
      1.458446833346254e-08,
      -0.00016229080719813732,
      -3.0209170710056306e-07,
      -8.949784831844915e-06,
      -1.6662625157255873e-08,
      -0.00022653076877026957,
      -4.218359564923947e-07,
      -8.964653767268773e-05,
      -1.6690308001269466e-07,
      0.0027733207104037676,
      5.162320665029238e-06,
      0.00012507524903918014,
      2.3286392135090822e-07,
      0.003165818268408328,
      5.895252042734393e-06
    ],
    [
      -1.4584468333462547e-08,
      4.412975356065013e-07,
      -3.0209170710056306e-07,
      -9.143773779194334e-06,
      1.6662625157255873e-08,
      -5.041785034947629e-07,
      -4.2183595649239483e-07,
      -1.2763175804119724e-05,
      1.669030800126946e-07,
      -5.05016132303881e-06,
      5.162320665029238e-06,
      0.00015625418118801263,
      -2.3286392135090817e-07,
      7.046007593437232e-06,
      5.895252042734393e-06,
      0.00017836824261416778
    ],
    [
      0.004021316914832358,
      7.486851388760821e-06,
      8.949784831844915e-06,
      -1.6662625157255873e-08,
      -0.05678341057656416,
      -0.00010571870669415314,
      0.00012645643068026792,
      -2.354353923294776e-07,
