{
  "config": {
    "symbols": [
      "H",
      "H"
    ],
    "geometry": [
      [
        0.0,
        0.0,
        0.0
      ],
      [
        0.0,
        0.0,
        0.7414
      ]
    ],
    "basis": "STO-3G",
    "ansatz": "RY-CZ",
    "optimizer": {
      "name": "Adam",
      "stepsize": 0.2,
      "iterations_planned": 50
    },
    "seed": 1,
    "noisy": true,
    "depolarizing_prob": 0.0,
    "amplitude_damping_prob": 0.0
  },
  "energies": [
    1.348683699626582,
    1.348683699626582,
    1.3138394505166804,
    1.2467222955766188,
    1.1413627822773333,
    1.0048468441822802,
    0.8297674768626169,
    0.6216998838151917,
    0.3913457634113464,
    0.15357051402920166,
    -0.07248259356051878,
    -0.26898684743184387,
    -0.43813888854640526,
    -0.5882224302068862,
    -0.7134158243602436,
    -0.8042182591630498,
    -0.8556299224659614,
    -0.8744711335689279,
    -0.8753693306290413,
    -0.8660549495807996,
    -0.8472185894344854,
    -0.8194736658871029,
    -0.7868774941316248,
    -0.7564050575357165,
    -0.7344165408347954,
    -0.7236608888011936,
    -0.7233337785858903,
    -0.7308879984883745,
    -0.7438214413239476,
    -0.7606809311158144,
    -0.7808624314289021,
    -0.803467268193473,
    -0.8264776212174756,
    -0.8471867154918207,
    -0.86347635675382,
    -0.8748074056333002,
    -0.8820160141224729,
    -0.8861245458232883,
    -0.8874753779592641,
    -0.8860032933583585,
    -0.8820779416040332,
    -0.8768759645000306,
    -0.8718896332911275,
    -0.8681276996110865,
    -0.8658189345028472,
    -0.8647752507897637,
    -0.8648976988081652,
    -0.8662965074532145,
    -0.8689936296673898,
    -0.8726283045942517,
    -0.8765354794761181
  ],
  "final_params": [
    2.992784491517232,
    -2.99429765205769,
    -0.017108454625110715,
    0.0013444268335375646
  ],
  "final_state_real": [
    [
      2.99151141420504e-05,
      2.010934411939795e-08,
      -2.559069284596205e-07,
      1.7202409666553722e-10,
      -0.0004054585449898901,
      -2.7255471493892934e-07,
      -3.4684691615922198e-06,
      2.331551857257832e-09,
      0.00040132060379594547,
      2.697731349315882e-07,
      -3.4330714086389714e-06,
      2.307757009215121e-09,
      0.005439353074852281,
      3.6564066661994226e-06,
      4.653059759686993e-05,
      -3.127849670616546e-08
    ],
    [
      2.0109344119397948e-08,
      1.3517773553878367e-11,
      -1.720240966655372e-10,
      1.1563691808562133e-13,
      -2.725547149389294e-07,
      -1.8321497189121785e-10,
      -2.3315518572578316e-09,
      1.5673006070440602e-12,
      2.697731349315883e-07,
      1.8134515612606976e-10,
      -2.3077570092151206e-09,
      1.551305389238475e-12,
      3.656406666199422e-06,
      2.4578860971848993e-09,
      3.127849670616546e-08,
      -2.1025827378617762e-11
    ],
    [
      -2.5590692845962045e-07,
      -1.7202409666553717e-10,
      2.1891394344014064e-09,
      -1.4715691198309371e-12,
      3.4684691615922193e-06,
      2.3315518572578316e-09,
      2.967079734853969e-08,
      -1.9945111079022908e-11,
      -3.433071408638972e-06,
      -2.307757009215121e-09,
      2.9367989553232242e-08,
      -1.9741559563962313e-11,
      -4.653059759686993e-05,
      -3.127849670616546e-08,
      -3.980430176779784e-07,
      2.6756989738287194e-10
    ],
    [
      1.7202409666553717e-10,
      1.156369180856213e-13,
      -1.4715691198309371e-12,
      9.892086993747076e-16,
      -2.3315518572578316e-09,
      -1.5673006070440602e-12,
      -1.9945111079022908e-11,
      1.3407373871817816e-14,
      2.307757009215121e-09,
      1.5513053892384755e-12,
      -1.9741559563962313e-11,
      1.3270543800306859e-14,
      3.127849670616546e-08,
      2.1025827378617762e-11,
      2.6756989738287194e-10,
      -1.7986410989854644e-13
    ],
    [
      -0.0004054585449898901,
      -2.7255471493892934e-07,
      3.4684691615922198e-06,
      -2.331551857257832e-09,
      0.005495437220434877,
      3.6941071870066503e-06,
      4.701036582918658e-05,
      -3.160100339744527e-08,
      -0.005439353074852281,
      -3.6564066661994226e-06,
      4.653059759686993e-05,
      -3.127849670616546e-08,
      -0.07372300747306401,
      -4.955760221248407e-05,
      -0.0006306587469417646,
      4.239373349518168e-07
    ],
    [
      -2.725547149389294e-07,
      -1.8321497189121785e-10,
      2.3315518572578316e-09,
      -1.5673006070440602e-12,
      3.69410718700665e-06,
      2.4832288980295945e-09,
      3.160100339744527e-08,
      -2.1242620726552617e-11,
      -3.656406666199422e-06,
      -2.4578860971848993e-09,
      3.127849670616546e-08,
      -2.1025827378617762e-11,
      -4.955760221248407e-05,
      -3.3313291602351776e-08,
      -4.2393733495181684e-07,
      2.849763947348258e-10
    ],
    [
      -3.4684691615922193e-06,
      -2.3315518572578316e-09,
      2.967079734853969e-08,
      -1.9945111079022908e-11,
      4.7010365829186584e-05,
      3.160100339744527e-08,
      4.021471645204518e-07,
      -2.7032876007630187e-10,
      -4.653059759686993e-05,
      -3.127849670616546e-08,
      3.980430176779784e-07,
      -2.6756989738287194e-10,
      -0.0006306587469417647,
      -4.239373349518169e-07,
      -5.394929871087974e-06,
      3.626544786132998e-09
    ],
    [
      2.3315518572578316e-09,
      1.5673006070440602e-12,
      -1.9945111079022908e-11,
      1.3407373871817816e-14,
      -3.160100339744527e-08,
      -2.1242620726552617e-11,
      -2.7032876007630187e-10,
      1.8171865497515823e-13,
      3.127849670616546e-08,
      2.1025827378617762e-11,
      -2.6756989738287194e-10,
      1.7986410989854644e-13,
      4.239373349518169e-07,
      2.8497639473482585e-10,
      3.6265447861329974e-09,
      -2.4378125381748194e-12
    ],
    [
      0.00040132060379594547,
      2.697731349315882e-07,
      -3.4330714086389714e-06,
      2.307757009215121e-09,
      -0.005439353074852281,
      -3.6564066661994226e-06,
      -4.653059759686993e-05,
      3.127849670616546e-08,
      0.005383841300781662,
      3.6190909012598847e-06,
      -4.605572567949591e-05,
      3.09592813839786e-08,
      0.07297062113584048,
      4.9051837945828754e-05,
      0.0006242225061953071,
      -4.1961080691681697e-07
    ],
    [
      2.697731349315883e-07,
      1.8134515612606976e-10,
      -2.3077570092151206e-09,
      1.551305389238475e-12,
      -3.656406666199422e-06,
      -2.4578860971848993e-09,
      -3.127849670616546e-08,
      2.1025827378617762e-11,
      3.619090901259885e-06,
      2.43280193444705e-09,
      -3.09592813839786e-08,
      2.0811246533382027e-11,
      4.9051837945828754e-05,
      3.2973310010326834e-08,
      4.1961080691681697e-07,
      -2.8206804423233107e-10
    ],
    [
      -3.433071408638972e-06,
      -2.307757009215121e-09,
      2.9367989553232242e-08,
      -1.9741559563962313e-11,
      4.653059759686993e-05,
      3.127849670616546e-08,
      3.980430176779784e-07,
      -2.6756989738287194e-10,
      -4.605572567949591e-05,
      -3.09592813839786e-08,
      3.9398075648767263e-07,
      -2.6483919020600095e-10,
      -0.0006242225061953071,
      -4.1961080691681697e-07,
      -5.339871458801231e-06,
      3.5895337810575033e-09
    ],
    [
      2.307757009215121e-09,
      1.5513053892384755e-12,
      -1.9741559563962313e-11,
      1.3270543800306859e-14,
      -3.127849670616546e-08,
      -2.1025827378617762e-11,
      -2.6756989738287194e-10,
      1.7986410989854644e-13,
      3.09592813839786e-08,
      2.0811246533382027e-11,
      -2.6483919020600095e-10,
      1.7802849173488136e-13,
      4.1961080691681697e-07,
      2.8206804423233107e-10,
      3.5895337810575033e-09,
      -2.412933236494936e-12
    ],
    [
      0.005439353074852281,
      3.6564066661994226e-06,
      -4.653059759686993e-05,
      3.127849670616546e-08,
      -0.07372300747306401,
      -4.955760221248407e-05,
      -0.0006306587469417646,
