{
  "config": {
    "symbols": [
      "H",
      "H"
    ],
    "geometry": [
      [
        0.0,
        0.0,
        0.0
      ],
      [
        0.0,
        0.0,
        0.7414
      ]
    ],
    "basis": "STO-3G",
    "ansatz": "RY-CZ",
    "optimizer": {
      "name": "Adam",
      "stepsize": 0.2,
      "iterations_planned": 50
    },
    "seed": 2,
    "noisy": true,
    "depolarizing_prob": 0.06,
    "amplitude_damping_prob": 0.0
  },
  "energies": [
    1.2277540846336543,
    1.2277540846336543,
    1.2011883010529525,
    1.1501705522863679,
    1.0604758481988612,
    0.9344719981727978,
    0.7783044754723198,
    0.6016559800583063,
    0.4076845810673333,
    0.20589941182162666,
    0.010610338911034994,
    -0.16965152096818625,
    -0.33245264697054133,
    -0.46865177155746673,
    -0.5733372450745757,
    -0.651417637351196,
    -0.7030918250235685,
    -0.7283623650849709,
    -0.7340491822015422,
    -0.725320504636347,
    -0.7046534855710738,
    -0.6775231445116142,
    -0.6499936853408232,
    -0.6252938028864014,
    -0.6056776153244305,
    -0.5935230420893226,
    -0.5898644400727616,
    -0.5939084454720355,
    -0.6042787524206906,
    -0.6196523910148891,
    -0.6383779127936741,
    -0.6584059674468251,
    -0.6779264580593831,
    -0.6956680871389498,
    -0.7106987982672308,
    -0.7222922969594536,
    -0.7301051767614546,
    -0.7343285312055964,
    -0.7354869748618666,
    -0.7341180063503339,
    -0.7308993482311053,
    -0.7268045517509927,
    -0.7226503664246698,
    -0.7189167780038573,
    -0.7161435039060753,
    -0.714765356200008,
    -0.7147269006666944,
    -0.7158671211167944,
    -0.7181124853502446,
    -0.7210825036677366,
    -0.7242892134264329
  ],
  "final_params": [
    -2.9862439872979847,
    -2.986854316272115,
    0.010861668511148984,
    0.008002996870976269
  ],
  "final_state_real": [
    [
      0.0019093523608340027,
      7.3219420794469674e-06,
      -7.432041777818202e-06,
      2.850033702908173e-08,
      0.0022199951516219405,
      8.513230011645694e-06,
      -1.1554187020369341e-05,
      4.430790811219563e-08,
      0.0022317773794347648,
      8.558370388639832e-06,
      -1.5531071198848247e-05,
      5.955843317659386e-08,
      -0.004650084488704861,
      -1.7832128505779702e-05,
      2.4201830262449267e-05,
      -9.280899378944608e-08
    ],
    [
      7.3219420794469674e-06,
      7.95868681266295e-05,
      -2.850033702908173e-08,
      -3.095496108855687e-07,
      8.513230011645696e-06,
      9.253528316623419e-05,
      -4.4307908112195634e-08,
      -4.81239772753859e-07,
      8.558370388639832e-06,
      9.302639765636822e-05,
      -5.955843317659386e-08,
      -6.468797121927507e-07,
      -1.7832128505779702e-05,
      -0.00019382784894590445,
      9.280899378944608e-08,
      1.0080227432008668e-06
    ],
    [
      -7.432041777818202e-06,
      -2.8500337029081723e-08,
      7.96125659999421e-05,
      3.04865337319766e-07,
      1.1554187020369341e-05,
      4.430790811219563e-08,
      9.243443384334817e-05,
      3.549685747259276e-07,
      -1.5531071198848247e-05,
      -5.955843317659386e-08,
      9.305643503110067e-05,
      3.5634677891869516e-07,
      -2.420183026244926e-05,
      -9.280899378944608e-08,
      -0.00019361660619985341,
      -7.435303910933076e-07
    ],
    [
      2.8500337029081723e-08,
      -3.095496108855687e-07,
      3.04865337319766e-07,
      3.3184628052060396e-06,
      -4.430790811219562e-08,
      4.81239772753859e-07,
      3.549685747259277e-07,
      3.852912247918906e-06,
      5.955843317659386e-08,
      -6.468797121927507e-07,
      3.5634677891869516e-07,
      3.878838906360642e-06,
      9.280899378944608e-08,
      -1.0080227432008666e-06,
      -7.435303910933076e-07,
      -8.070453427476586e-06
    ],
    [
      0.002219995151621941,
      8.513230011645697e-06,
      1.1554187020369345e-05,
      -4.4307908112195634e-08,
      0.04005800581159712,
      0.000153613552106511,
      -0.0002083809996474773,
      7.990978654258229e-07,
      0.004650084488704862,
      1.7832128505779705e-05,
      2.4201830262449267e-05,
      -9.280899378944608e-08,
      0.06257499826027212,
      0.0002399612152693904,
      -0.0003258401922587195,
      1.249529479867982e-06
    ],
    [
      8.513230011645697e-06,
      9.253528316623424e-05,
      4.4307908112195634e-08,
      4.812397727538592e-07,
      0.000153613552106511,
      0.001669723876713245,
      -7.990978654258229e-07,
      -8.679210812477254e-06,
      1.7832128505779705e-05,
      0.0001938278489459045,
      9.280899378944608e-08,
      1.0080227432008668e-06,
      0.0002399612152693904,
      0.002608291814921486,
      -1.2495294798679821e-06,
      -1.3571466326468322e-05
    ],
    [
      -1.1554187020369345e-05,
      -4.4307908112195634e-08,
      9.243443384334821e-05,
      3.549685747259278e-07,
      -0.0002083809996474773,
      -7.990978654258227e-07,
      0.001670263015313127,
      6.3960417702971145e-06,
      -2.4201830262449267e-05,
      -9.280899378944608e-08,
      0.00019361660619985347,
      7.435303910933076e-07,
      -0.0003258401922587195,
      -1.249529479867982e-06,
      0.002609134008542118,
      9.991318702467694e-06
    ],
    [
      4.430790811219562e-08,
      -4.812397727538592e-07,
      3.549685747259278e-07,
      3.852912247918908e-06,
      7.990978654258227e-07,
      -8.679210812477254e-06,
      6.3960417702971145e-06,
      6.962099037521199e-05,
      9.280899378944608e-08,
      -1.0080227432008668e-06,
      7.435303910933076e-07,
      8.070453427476588e-06,
      1.2495294798679821e-06,
      -1.3571466326468322e-05,
      9.991318702467694e-06,
      0.00010875562233669808
    ],
    [
      0.0022317773794347648,
      8.558370388639832e-06,
      -1.5531071198848247e-05,
      5.955843317659386e-08,
      0.004650084488704861,
      1.7832128505779702e-05,
      -2.4201830262449267e-05,
      9.280899378944608e-08,
      0.040018052061595866,
      0.00015346033835227348,
      -0.00015576791423599438,
      5.973376074516914e-07,
      0.062327892712548086,
      0.00023901479533206628,
      -0.0003243917575496288,
      1.2439750335115431e-06
    ],
    [
      8.558370388639832e-06,
      9.302639765636822e-05,
      -5.955843317659386e-08,
      -6.468797121927507e-07,
      1.7832128505779702e-05,
      0.00019382784894590445,
      -9.280899378944608e-08,
      -1.0080227432008668e-06,
      0.00015346033835227348,
      0.0016680584984950918,
      -5.973376074516914e-07,
      -6.487839907482844e-06,
      0.0002390147953320663,
      0.002597991800611147,
      -1.2439750335115431e-06,
      -1.351113803257601e-05
    ],
    [
      -1.5531071198848247e-05,
      -5.955843317659386e-08,
      9.305643503110067e-05,
      3.5634677891869516e-07,
      2.420183026244926e-05,
      9.280899378944608e-08,
      0.00019361660619985341,
      7.435303910933076e-07,
      -0.00015576791423599432,
      -5.973376074516914e-07,
      0.0016685970993595475,
      6.389662374999965e-06,
      0.0003243917575496288,
      1.2439750335115431e-06,
      0.002595160386419824,
      9.96598718951232e-06
    ],
    [
      5.955843317659386e-08,
      -6.468797121927507e-07,
      3.5634677891869516e-07,
      3.878838906360642e-06,
      -9.280899378944608e-08,
      1.0080227432008666e-06,
      7.435303910933076e-07,
      8.070453427476586e-06,
      5.973376074516914e-07,
      -6.487839907482842e-06,
      6.389662374999965e-06,
      6.955155058189396e-05,
      -1.2439750335115431e-06,
      1.351113803257601e-05,
      9.965987189512321e-06,
      0.00010817316472232012
    ],
    [
      -0.004650084488704862,
      -1.7832128505779705e-05,
      -2.4201830262449267e-05,
      9.280899378944608e-08,
      0.06257499826027212,
      0.0002399612152693904,
      -0.0003258401922587195,
      1.249529479867982e-06,
      0.062327892712548086,
      0.0002390147953320663,
