{
  "config": {
    "symbols": [
      "H",
      "H"
    ],
    "geometry": [
      [
        0.0,
        0.0,
        0.0
      ],
      [
        0.0,
        0.0,
        0.7414
      ]
    ],
    "basis": "STO-3G",
    "ansatz": "RY-CZ",
    "optimizer": {
      "name": "Adam",
      "stepsize": 0.2,
      "iterations_planned": 50
    },
    "seed": 1,
    "noisy": true,
    "depolarizing_prob": 0.06,
    "amplitude_damping_prob": 0.0
  },
  "energies": [
    1.2276656455394357,
    1.2276656455394357,
    1.1988693783154492,
    1.1436511216027572,
    1.0498634955626707,
    0.920146437965566,
    0.7612818993313017,
    0.5822187912360672,
    0.3862119720601832,
    0.18459900018365827,
    -0.008700562874897788,
    -0.18836061115292743,
    -0.34879472503169234,
    -0.4806180239824466,
    -0.5829792142352372,
    -0.6586843111479009,
    -0.7064905748453976,
    -0.7297293007343728,
    -0.7342764538689399,
    -0.7235661498978446,
    -0.7020172309422614,
    -0.675081646574389,
    -0.6475499300905411,
    -0.6231667935921834,
    -0.6044755175770506,
    -0.5931716864012766,
    -0.590232810113233,
    -0.5950781332161457,
    -0.6059957223977863,
    -0.6216309653906573,
    -0.6406270469976818,
    -0.6607045657686389,
    -0.679885300493925,
    -0.6973651599327847,
    -0.7122028973875707,
    -0.7232856906698698,
    -0.7306109457263423,
    -0.7346490397455103,
    -0.7355193313689363,
    -0.7338018418753762,
    -0.7305392255866725,
    -0.7264779771837009,
    -0.7222587889105275,
    -0.718606443872425,
    -0.7160350077409031,
    -0.7147643658055326,
    -0.714810346195605,
    -0.7161055091918112,
    -0.718448996607259,
    -0.7214117161706576,
    -0.7246311896713066
  ],
  "final_params": [
    2.9889073053706734,
    -2.990455411264932,
    0.005743113769275247,
    0.005583636256624167
  ],
  "final_state_real": [
    [
      0.0018909787251181341,
      5.059307181401477e-06,
      -3.945116462268441e-06,
      1.0555159856360732e-08,
      0.002181834153767258,
      5.837497919265704e-06,
      -6.0042230148307e-06,
      1.6064299835229027e-08,
      -0.002211563758566412,
      -5.917031353773313e-06,
      8.027786985499052e-06,
      -2.1478345629379073e-08,
      0.0044655669827899066,
      1.194762577410749e-05,
      -1.228886256365541e-05,
      3.2878854161290345e-08
    ],
    [
      5.059307181401477e-06,
      7.880549345486576e-05,
      -1.0555159856360726e-08,
      -1.6434915659127058e-07,
      5.8374979192657026e-06,
      9.092673272332383e-05,
      -1.6064299835229027e-08,
      -2.501292415347145e-07,
      -5.917031353773311e-06,
      -9.216569757538427e-05,
      2.1478345629379073e-08,
      3.3442866211420193e-07,
      1.194762577410749e-05,
      0.0001861000364308857,
      -3.287885416129035e-08,
      -5.119403234655079e-07
    ],
    [
      -3.94511646226844e-06,
      -1.055515985636073e-08,
      7.880634592885365e-05,
      2.1076281984389694e-07,
      6.0042230148307e-06,
      1.6064299835229027e-08,
      9.08917964835508e-05,
      2.4327713171700377e-07,
      8.027786985499052e-06,
      2.1478345629379073e-08,
      -9.216669457262793e-05,
      -2.4649426660836966e-07,
      1.228886256365541e-05,
      3.2878854161290345e-08,
      0.00018602853231653135,
      4.979160882542353e-07
    ],
    [
      1.0555159856360726e-08,
      -1.6434915659127055e-07,
      2.1076281984389694e-07,
      3.2842109198823396e-06,
      -1.6064299835229027e-08,
      2.501292415347145e-07,
      2.4327713171700366e-07,
      3.7878653935876383e-06,
      -2.1478345629379073e-08,
      3.3442866211420193e-07,
      -2.464942666083696e-07,
      -3.840996066968488e-06,
      -3.287885416129035e-08,
      5.119403234655079e-07,
      4.979160882542353e-07,
      7.752636288899993e-06
    ],
    [
      0.002181834153767258,
      5.837497919265704e-06,
      6.0042230148307e-06,
      -1.6064299835229027e-08,
      0.03990435698677262,
      0.00010676397211172984,
      -0.00010976089362482227,
      2.9366529208135013e-07,
      -0.0044655669827899066,
      -1.194762577410749e-05,
      -1.228886256365541e-05,
      3.2878854161290345e-08,
      -0.06153005032174458,
      -0.0001646234414643395,
      0.00016940628333251547,
      -4.532465437581725e-07
    ],
    [
      5.8374979192657026e-06,
      9.092673272332383e-05,
      1.6064299835229027e-08,
      2.501292415347145e-07,
      0.00010676397211172987,
      0.0016629920271288505,
      -2.936652920813501e-07,
      -4.572516544561329e-06,
      -1.194762577410749e-05,
      -0.0001861000364308857,
      -3.287885416129035e-08,
      -5.119403234655079e-07,
      -0.00016462344146433948,
      -0.00256423084696782,
      4.532465437581725e-07,
      7.057277029269681e-06
    ],
    [
      -6.0042230148307e-06,
      -1.6064299835229027e-08,
      9.08917964835508e-05,
      2.4327713171700377e-07,
      -0.00010976089362482224,
      -2.9366529208135013e-07,
      0.0016630100164514608,
      4.447620002739214e-06,
      1.228886256365541e-05,
      3.2878854161290345e-08,
      -0.00018602853231653135,
      -4.979160882542353e-07,
      0.00016940628333251547,
      4.532465437581725e-07,
      -0.0025642585853906143,
      -6.857954951416814e-06
    ],
    [
      1.6064299835229027e-08,
      -2.501292415347145e-07,
      2.4327713171700366e-07,
      3.7878653935876383e-06,
      2.9366529208135003e-07,
      -4.572516544561328e-06,
      4.447620002739215e-06,
      6.930502349181876e-05,
      -3.287885416129035e-08,
      5.119403234655079e-07,
      -4.979160882542353e-07,
      -7.752636288899993e-06,
      -4.532465437581725e-07,
      7.057277029269681e-06,
      -6.857954951416814e-06,
      -0.00010686405959165886
    ],
    [
      -0.002211563758566412,
      -5.917031353773313e-06,
      8.027786985499052e-06,
      -2.1478345629379073e-08,
      -0.0044655669827899066,
      -1.194762577410749e-05,
      1.228886256365541e-05,
      -3.2878854161290345e-08,
      0.03980504248901133,
      0.00010649825650897516,
      -8.304457703239519e-05,
      2.2218578188101922e-07,
      0.060903449107172054,
      0.0001629471959751649,
      -0.00016760113970186777,
      4.484168816259113e-07
    ],
    [
      -5.917031353773311e-06,
      -9.216569757538427e-05,
      2.1478345629379073e-08,
      3.3442866211420193e-07,
      -1.194762577410749e-05,
      -0.0001861000364308857,
      3.287885416129035e-08,
      5.119403234655079e-07,
      0.00010649825650897519,
      0.0016588531503137181,
      -2.2218578188101917e-07,
      -3.459544559783458e-06,
      0.00016294719597516487,
      0.0025381175875969515,
      -4.484168816259113e-07,
      -6.982076756714869e-06
    ],
    [
      8.027786985499052e-06,
      2.1478345629379073e-08,
      -9.216669457262793e-05,
      -2.4649426660836966e-07,
      -1.228886256365541e-05,
      -3.2878854161290345e-08,
      -0.00018602853231653135,
      -4.979160882542353e-07,
      -8.304457703239516e-05,
      -2.2218578188101917e-07,
      0.0016588710948642615,
      4.436550706548034e-06,
      0.0001676011397018678,
      4.484168816259113e-07,
      0.0025371423817146257,
      6.790807809513205e-06
    ],
    [
      -2.1478345629379073e-08,
      3.3442866211420193e-07,
      -2.464942666083696e-07,
      -3.840996066968488e-06,
      3.287885416129035e-08,
      -5.119403234655079e-07,
      -4.979160882542353e-07,
      -7.752636288899993e-06,
      2.2218578188101911e-07,
      -3.4595445597834564e-06,
      4.436550706548036e-06,
      6.913253622175184e-05,
      -4.484168816259113e-07,
      6.982076756714871e-06,
      6.790807809513203e-06,
      0.00010573400678729669
    ],
    [
      0.0044655669827899066,
      1.194762577410749e-05,
      1.228886256365541e-05,
      -3.2878854161290345e-08,
      -0.06153005032174458,
      -0.0001646234414643395,
      0.00016940628333251547,
      -4.532465437581725e-07,
      0.060903449107172054,
