{
  "config": {
    "symbols": [
      "H",
      "H"
    ],
    "geometry": [
      [
        0.0,
        0.0,
        0.0
      ],
      [
        0.0,
        0.0,
        0.7414
      ]
    ],
    "basis": "STO-3G",
    "ansatz": "RY-CZ",
    "optimizer": {
      "name": "Adam",
      "stepsize": 0.1,
      "iterations_planned": 50
    },
    "seed": 0,
    "noisy": true,
    "depolarizing_prob": 0.06,
    "amplitude_damping_prob": 0.0
  },
  "energies": [
    1.227654682850315,
    1.227654682850315,
    1.2196835080343011,
    1.2040899761160067,
    1.1788750409982476,
    1.1432610031840609,
    1.0968031613971299,
    1.0396924334085078,
    0.9725743900902263,
    0.8966249711445617,
    0.8130514751408,
    0.7218197107126565,
    0.6235810462899183,
    0.5202432091579308,
    0.4141439398704539,
    0.3070171453185311,
    0.1993785560601446,
    0.09260758344828182,
    -0.010911879639306371,
    -0.10916772937810984,
    -0.20165654980018555,
    -0.2880316943236807,
    -0.36691169908811805,
    -0.4371596277754877,
    -0.4990264615580049,
    -0.5530773877543516,
    -0.5990338998031572,
    -0.6368034843976549,
    -0.6672928428147494,
    -0.6914371377922208,
    -0.7095305542796737,
    -0.7220556413058911,
    -0.7300549355221853,
    -0.7343922429495212,
    -0.7355324067356432,
    -0.7341067839643532,
    -0.7309654992702985,
    -0.7267314297165324,
    -0.7218032263205757,
    -0.7166579592365074,
    -0.7117819423104466,
    -0.7074664986059118,
    -0.7038787420959995,
    -0.7011874921818306,
    -0.6994997322354846,
    -0.6988101368411985,
    -0.6990612218701948,
    -0.700172738303935,
    -0.7020270734253431,
    -0.7044847458345266,
    -0.7073942228450255
  ],
  "final_params": [
    3.413487487672385,
    3.415600378832214,
    -0.007922656560596191,
    -0.0013763986012061665
  ],
  "final_state_real": [
    [
      0.0029973348587848674,
      -1.976812951773715e-06,
      4.249480915877303e-06,
      2.8026365505739722e-09,
      0.002481429073261978,
      -1.636565212543906e-06,
      9.420237093756689e-06,
      6.212876658744728e-09,
      0.0024303503624299033,
      -1.6028733191816547e-06,
      2.4705125619982618e-05,
      1.6293634309636705e-08,
      -0.014171055331634421,
      9.346169282324373e-06,
      -5.379750827101203e-05,
      -3.54807718859979e-08
    ],
    [
      -1.9768129517737146e-06,
      0.00012489036957785205,
      -2.8026365505739722e-09,
      1.7705969568995487e-07,
      -1.636565212543906e-06,
      0.00010339405126277841,
      -6.2128766587447255e-09,
      3.92505425054589e-07,
      -1.6028733191816547e-06,
      0.00010126574749495577,
      -1.6293634309636705e-08,
      1.029368553677376e-06,
      9.346169282324373e-06,
      -0.0005904673388389809,
      3.548077188599791e-08,
      -2.2415374093700845e-06
    ],
    [
      4.249480915877304e-06,
      -2.802636550573972e-09,
      0.00012493590579624705,
      -8.233623944507883e-08,
      -9.420237093756687e-06,
      6.212876658744728e-09,
      0.00010335400633568179,
      -6.821585403597241e-08,
      2.4705125619982618e-05,
      -1.6293634309636705e-08,
      0.0001013026699511024,
      -6.676127920441514e-08,
      5.379750827101203e-05,
      -3.54807718859979e-08,
      -0.0005902386484912483,
      3.8957012813898127e-07
    ],
    [
      2.8026365505739722e-09,
      1.7705969568995493e-07,
      -8.233623944507883e-08,
      5.205721810729761e-06,
      -6.2128766587447255e-09,
      -3.9250542505458893e-07,
      -6.821585403597241e-08,
      4.306465796033174e-06,
      1.6293634309636705e-08,
      1.029368553677376e-06,
      -6.676127920441514e-08,
      4.220992476811685e-06,
      3.548077188599791e-08,
      2.2415374093700845e-06,
      3.8957012813898127e-07,
      -2.4593556083049162e-05
    ],
    [
      0.002481429073261978,
      -1.636565212543906e-06,
      -9.420237093756689e-06,
      -6.212876658744728e-09,
      0.049439669661171075,
      -3.260662686091685e-05,
      0.00018739027848068077,
      1.2358846976578723e-07,
      0.014171055331634423,
      -9.346169282324374e-06,
      -5.379750827101204e-05,
      -3.5480771885997914e-08,
      0.10717168525684301,
      -7.068225122001607e-05,
      0.0004074997646692173,
      2.687560568974719e-07
    ],
    [
      -1.636565212543906e-06,
      0.00010339405126277841,
      6.2128766587447255e-09,
      -3.92505425054589e-07,
      -3.260662686091685e-05,
      0.002060009610769267,
      -1.2358846976578723e-07,
      7.807839672623968e-06,
      -9.346169282324374e-06,
      0.0005904673388389811,
      3.5480771885997914e-08,
      -2.241537409370085e-06,
      -7.068225122001607e-05,
      0.004465537556065582,
      -2.687560568974719e-07,
      1.697896419689277e-05
    ],
    [
      9.420237093756687e-06,
      -6.212876658744728e-09,
      0.00010335400633568179,
      -6.821585403597241e-08,
      0.00018739027848068082,
      -1.2358846976578723e-07,
      0.0020607607098960374,
      -1.3580986680140413e-06,
      5.379750827101204e-05,
      -3.5480771885997914e-08,
      0.0005902386484912484,
      -3.895701281389814e-07,
      0.0004074997646692173,
      -2.687560568974719e-07,
      0.004467165733595137,
      -2.9439865596523252e-06
    ],
    [
      6.2128766587447255e-09,
      3.9250542505458893e-07,
      -6.821585403597241e-08,
      4.306465796033174e-06,
      1.2358846976578723e-07,
      7.807839672623971e-06,
      -1.3580986680140413e-06,
      8.586600389880075e-05,
      3.5480771885997914e-08,
      2.241537409370085e-06,
      -3.895701281389814e-07,
      2.4593556083049162e-05,
      2.687560568974719e-07,
      1.697896419689277e-05,
      -2.9439865596523252e-06,
      0.00018613401762537495
    ],
    [
      0.0024303503624299033,
      -1.6028733191816547e-06,
      2.4705125619982618e-05,
      1.6293634309636705e-08,
      0.014171055331634421,
      -9.346169282324373e-06,
      5.379750827101203e-05,
      3.54807718859979e-08,
      0.04968113212627483,
      -3.2765877045121426e-05,
      7.043558120675648e-05,
      4.6453987736105174e-08,
      0.10801617813278787,
      -7.123940048453006e-05,
      0.0004100612904622364,
      2.704454457792835e-07
    ],
    [
      -1.6028733191816547e-06,
      0.00010126574749495577,
      -1.6293634309636705e-08,
      1.029368553677376e-06,
      -9.346169282324373e-06,
      0.0005904673388389809,
      -3.548077188599791e-08,
      2.2415374093700845e-06,
      -3.276587704512142e-05,
      0.0020700706609777897,
      -4.6453987736105194e-08,
      2.9347825819424153e-06,
      -7.123940048453006e-05,
      0.0045007251585029604,
      -2.704454457792834e-07,
      1.708569322718901e-05
    ],
    [
      2.4705125619982618e-05,
      -1.6293634309636705e-08,
      0.0001013026699511024,
      -6.676127920441514e-08,
      -5.379750827101203e-05,
      3.54807718859979e-08,
      0.0005902386484912483,
      -3.8957012813898127e-07,
      7.04355812067565e-05,
      -4.645398773610518e-08,
      0.0020708254284593033,
      -1.3647315976933907e-06,
      -0.0004100612904622364,
      2.704454457792835e-07,
      0.00449898200975646,
      -2.9694243210198434e-06
    ],
    [
      1.6293634309636705e-08,
      1.029368553677376e-06,
      -6.676127920441514e-08,
      4.220992476811685e-06,
      -3.548077188599791e-08,
      -2.2415374093700845e-06,
      -3.8957012813898127e-07,
      2.4593556083049162e-05,
      4.645398773610519e-08,
      2.9347825819424153e-06,
      -1.3647315976933903e-06,
      8.628537193083068e-05,
      -2.704454457792834e-07,
      -1.708569322718901e-05,
      -2.9694243210198434e-06,
      0.00018745971084137728
    ],
    [
      -0.014171055331634423,
      9.346169282324374e-06,
      5.379750827101204e-05,
      3.5480771885997914e-08,
      0.10717168525684301,
      -7.068225122001607e-05,
      0.0004074997646692173,
      2.687560568974719e-07,
      0.10801617813278787,
