{
  "config": {
    "symbols": [
      "H",
      "H"
    ],
    "geometry": [
      [
        0.0,
        0.0,
        0.0
      ],
      [
        0.0,
        0.0,
        0.7414
      ]
    ],
    "basis": "STO-3G",
    "ansatz": "RY-CZ",
    "optimizer": {
      "name": "Adam",
      "stepsize": 0.1,
      "iterations_planned": 50
    },
    "seed": 3,
    "noisy": true,
    "depolarizing_prob": 0.1,
    "amplitude_damping_prob": 0.0
  },
  "energies": [
    1.1542358365566006,
    1.1542358365566006,
    1.1471999519169236,
    1.13293449223254,
    1.1096146105503353,
    1.07689463873933,
    1.0346277033431863,
    0.983115615530832,
    0.9227619569624826,
    0.8539067560418827,
    0.7773631164853845,
    0.6941501915977398,
    0.6051948283785142,
    0.5117822422423106,
    0.4154076150107396,
    0.31732064117904313,
    0.2191307681240195,
    0.12234420687166414,
    0.028219477473093835,
    -0.06176438359352826,
    -0.1466102592219734,
    -0.2253652975321488,
    -0.2972242026122949,
    -0.3618523643302628,
    -0.4188524522682989,
    -0.4683298973439064,
    -0.5103371760907444,
    -0.5452120036284442,
    -0.5734170881418253,
    -0.5954458288467951,
    -0.6119630857893941,
    -0.623521483780265,
    -0.6308877366613725,
    -0.6346691367424623,
    -0.6355800308959221,
    -0.6342254149239971,
    -0.6312482713674716,
    -0.6272030408808072,
    -0.6225741277230114,
    -0.6178285252656903,
    -0.613301389118072,
    -0.6093026233164055,
    -0.6060106974738474,
    -0.6035932657314241,
    -0.6020880927252702,
    -0.601515814019443,
    -0.6018243362180083,
    -0.6029337934390087,
    -0.604724044530167,
    -0.6070600384177304,
    -0.6098053718829759
  ],
  "final_params": [
    3.4120016469823438,
    3.41418951205511,
    -0.003209521918698084,
    0.0002617502431723844
  ],
  "final_state_real": [
    [
      0.005934776996803368,
      7.212347802946177e-07,
      5.1567969118307985e-06,
      -6.26689539830828e-10,
      0.00492881875093156,
      5.989842796899267e-07,
      7.344613837353174e-06,
      -8.92568147371907e-10,
      0.004860652866078706,
      5.906998533968383e-07,
      1.2421410092828086e-05,
      -1.5095354554811764e-09,
      -0.011764157503841847,
      -1.4296621086473784e-06,
      -1.7530203148815024e-05,
      2.1303912355492582e-09
    ],
    [
      7.212347802946177e-07,
      0.0004239127437629248,
      6.26689539830828e-10,
      3.683425486829449e-07,
      5.989842796899267e-07,
      0.0003520585662010471,
      8.92568147371907e-10,
      5.246151489379144e-07,
      5.906998533968383e-07,
      0.00034718957326423315,
      1.5095354554811764e-09,
      8.872433663872924e-07,
      -1.4296621086473784e-06,
      -0.0008402971650323033,
      -2.1303912355492582e-09,
      -1.2521570690422755e-06
    ],
    [
      5.1567969118307985e-06,
      6.26689539830828e-10,
      0.00042392784825516787,
      5.151492212845291e-08,
      -7.344613837353174e-06,
      -8.92568147371907e-10,
      0.000352045853966969,
      4.278612607759207e-08,
      1.2421410092828086e-05,
      1.5095354554811764e-09,
      0.0003472019440228231,
      4.2191333225217406e-08,
      1.7530203148815027e-05,
      2.1303912355492582e-09,
      -0.0008402668233355447,
      -1.0212238501586106e-07
    ],
    [
      -6.26689539830828e-10,
      3.683425486829449e-07,
      5.151492212845291e-08,
      3.0280567813779165e-05,
      8.92568147371907e-10,
      -5.246151489379144e-07,
      4.278612607759207e-08,
      2.5146138425400428e-05,
      -1.5095354554811764e-09,
      8.872433663872924e-07,
      4.2191333225217406e-08,
      2.4800144775416715e-05,
      -2.1303912355492586e-09,
      1.2521570690422757e-06,
      -1.0212238501586106e-07,
      -6.001907312860895e-05
    ],
    [
      0.00492881875093156,
      5.989842796899267e-07,
      -7.344613837353174e-06,
      8.92568147371907e-10,
      0.06585615038157662,
      8.003290802179979e-06,
      9.787128729543795e-05,
      -1.1893994091005075e-08,
      0.011764157503841846,
      1.429662108647378e-06,
      -1.753020314881502e-05,
      2.130391235549258e-09,
      0.09225074425715363,
      1.1210942770412505e-05,
      0.0001378360554179426,
      -1.675078844850215e-08
    ],
    [
      5.989842796899268e-07,
      0.0003520585662010471,
      -8.92568147371907e-10,
      -5.246151489379144e-07,
      8.003290802179979e-06,
      0.004704011863791161,
      1.1893994091005075e-08,
      6.990804567574794e-06,
      1.429662108647378e-06,
      0.0008402971650323033,
      -2.1303912355492582e-09,
      -1.2521570690422753e-06,
      1.1210942770412505e-05,
      0.006589340447549345,
      1.675078844850215e-08,
      9.845430181004277e-06
    ],
    [
      7.344613837353174e-06,
      8.925681473719072e-10,
      0.000352045853966969,
      4.2786126077592086e-08,
      9.787128729543795e-05,
      1.1893994091005075e-08,
      0.004704179473073386,
      5.716431233075711e-07,
      1.753020314881502e-05,
      2.130391235549258e-09,
      0.0008402668233355445,
      1.0212238501586105e-07,
      0.0001378360554179426,
      1.675078844850215e-08,
      0.006589575233229046,
      8.007529026379266e-07
    ],
    [
      -8.925681473719072e-10,
      5.246151489379144e-07,
      4.278612607759209e-08,
      2.5146138425400428e-05,
      -1.1893994091005075e-08,
      6.990804567574794e-06,
      5.716431233075711e-07,
      0.0003360128996688298,
      -2.1303912355492582e-09,
      1.2521570690422753e-06,
      1.0212238501586105e-07,
      6.0019073128608924e-05,
      -1.675078844850215e-08,
      9.845430181004277e-06,
      8.007529026379266e-07,
      0.0004706840575231292
    ],
    [
      0.004860652866078706,
      5.906998533968383e-07,
      1.2421410092828086e-05,
      -1.5095354554811764e-09,
      0.011764157503841847,
      1.4296621086473784e-06,
      1.7530203148815024e-05,
      -2.1303912355492582e-09,
      0.06607763359237319,
      8.030206960101979e-06,
      5.741562606881e-05,
      -6.977543016598442e-09,
      0.09300841824371978,
      1.1303028823343211e-05,
      0.00013859525986709202,
      -1.6843052211262207e-08
    ],
    [
      5.906998533968383e-07,
      0.00034718957326423315,
      1.5095354554811764e-09,
      8.872433663872924e-07,
      1.4296621086473784e-06,
      0.0008402971650323033,
      2.1303912355492582e-09,
      1.2521570690422755e-06,
      8.030206960101979e-06,
      0.0047198320969080556,
      6.977543016598442e-09,
      4.101115169358899e-06,
      1.1303028823343211e-05,
      0.006643460030929823,
      1.6843052211262207e-08,
      9.89965905729172e-06
    ],
    [
      1.2421410092828086e-05,
      1.5095354554811764e-09,
      0.0003472019440228231,
      4.2191333225217406e-08,
      -1.7530203148815027e-05,
      -2.1303912355492582e-09,
      0.0008402668233355447,
      1.0212238501586106e-07,
      5.741562606881e-05,
      6.977543016598442e-09,
      0.004720000269883143,
      5.735656370537644e-07,
      -0.00013859525986709202,
      -1.6843052211262207e-08,
      0.006643220146924407,
      8.073881614131333e-07
    ],
    [
      -1.5095354554811764e-09,
      8.872433663872924e-07,
      4.2191333225217406e-08,
      2.4800144775416715e-05,
      2.1303912355492586e-09,
      -1.2521570690422757e-06,
      1.0212238501586106e-07,
      6.001907312860895e-05,
      -6.977543016598442e-09,
      4.101115169358899e-06,
      5.735656370537644e-07,
      0.00033714295685341347,
      1.6843052211262207e-08,
      -9.89965905729172e-06,
      8.073881614131333e-07,
      0.00047451583798695696
    ],
    [
      -0.011764157503841846,
      -1.429662108647378e-06,
      1.753020314881502e-05,
      -2.130391235549258e-09,
      0.09225074425715363,
      1.1210942770412505e-05,
      0.0001378360554179426,
      -1.675078844850215e-08,
      0.09300841824371978,
      1.1303028823343211e-05,
      -0.00013859525986709202,
