{
  "config": {
    "symbols": [
      "H",
      "H"
    ],
    "geometry": [
      [
        0.0,
        0.0,
        0.0
      ],
      [
        0.0,
        0.0,
        0.7414
      ]
    ],
    "basis": "STO-3G",
    "ansatz": "TwoQubit-RY-CNOT",
    "optimizer": {
      "name": "Adam",
      "stepsize": 0.2,
      "iterations_planned": 50
    },
    "seed": 1,
    "noisy": false,
    "depolarizing_prob": 0.0,
    "amplitude_damping_prob": 0.0
  },
  "energies": [
    -0.8874335960452954,
    -0.8874335960452954,
    -0.8645697962453334,
    -0.8900912274022164,
    -0.8905561741940603,
    -0.8814236579489136,
    -0.8819590453225051,
    -0.8899880134344722,
    -0.8967699171777932,
    -0.8950318536689804,
    -0.8889010586547756,
    -0.8881128731859951,
    -0.8932986867572318,
    -0.8976590928508761,
    -0.8970322098048843,
    -0.8937369442083001,
    -0.8922617770880712,
    -0.8939349896918141,
    -0.8966104980168407,
    -0.897643521202572,
    -0.8966169979932284,
    -0.8953603625624319,
    -0.895430740335294,
    -0.8964454489550552,
    -0.8972166907786638,
    -0.8973455948917488,
    -0.8970962221642099,
    -0.8967737847170357,
    -0.896691984776858,
    -0.8970617626183248,
    -0.8976297836639677,
    -0.8978227370677311,
    -0.8974745679227478,
    -0.8970917194605798,
    -0.8972270230733626,
    -0.897760223123225,
    -0.8980357076636696,
    -0.8977585960897765,
    -0.8974147505085911,
    -0.8975305174696817,
    -0.8979107546996364,
    -0.898029827524166,
    -0.8978276720030665,
    -0.897680071792932,
    -0.8977833725396699,
    -0.8979554429952925,
    -0.8979878262297563,
    -0.8979119785006098,
    -0.8978678655115894,
    -0.8978993919899562,
    -0.8979631567565629
  ],
  "final_params": [
    -0.00035292984822370664,
    0.0022996149933275705,
    0.10914782236062347
  ],
  "final_state_real": [
    0.0,
    0.0,
    0.0,
    -0.05454699121926841,
    0.0,
    0.0,
    0.00017646480654764894,
    0.0,
    0.0,
    -0.0011498072254094833,
    0.0,
    0.0,
    0.9985105270113288,
    0.0,
    0.0,
    0.0
  ],
  "final_state_imag": [
    0.0,
    0.0,
    0.0,
    0.0,
    0.0,
    0.0,
    0.0,
    0.0,
    0.0,
    0.0,
    0.0,
    0.0,
    0.0,
    0.0,
    0.0,
    0.0
  ]
}