{
  "config": {
    "symbols": [
      "H",
      "H"
    ],
    "geometry": [
      [
        0.0,
        0.0,
        0.0
      ],
      [
        0.0,
        0.0,
        0.7414
      ]
    ],
    "basis": "STO-3G",
    "ansatz": "RY-CZ",
    "optimizer": {
      "name": "Adam",
      "stepsize": 0.2,
      "iterations_planned": 50
    },
    "seed": 3,
    "noisy": true,
    "depolarizing_prob": 0.1,
    "amplitude_damping_prob": 0.0
  },
  "energies": [
    1.1542358365566006,
    1.1542358365566006,
    1.12901868069626,
    1.0771447684633806,
    0.9924691222540357,
    0.8760532716796422,
    0.7317189116846147,
    0.5676454897849994,
    0.38975865227116807,
    0.2073539654904749,
    0.030456214652397534,
    -0.13490393849904062,
    -0.27987002278429146,
    -0.4013049289366744,
    -0.49650799093163134,
    -0.5649674039358955,
    -0.6090621501669613,
    -0.6311347164445194,
    -0.6346564158210022,
    -0.624605478503995,
    -0.6045477246540201,
    -0.5796854503630106,
    -0.5543740812401572,
    -0.5315764352555469,
    -0.5146351207875755,
    -0.5046622803820286,
    -0.5020415299362947,
    -0.5065683396777134,
    -0.5169764080173713,
    -0.5317096721564719,
    -0.5491353376411047,
    -0.5676129381709286,
    -0.5853952292147271,
    -0.6014890329621863,
    -0.6148410354531625,
    -0.6248706711882845,
    -0.6315914510849622,
    -0.6349370537802467,
    -0.6354936280945047,
    -0.6338244396248017,
    -0.6306572510613515,
    -0.6267818435192524,
    -0.6229190243042755,
    -0.6195954137531346,
    -0.6173238282460662,
    -0.6162400279498692,
    -0.616440986109479,
    -0.6177922157567584,
    -0.6200171186305546,
    -0.6228427809479298,
    -0.6258769937430995
  ],
  "final_params": [
    2.9923182512380553,
    2.9943303188647175,
    -0.005363073290803267,
    0.003193211295872434
  ],
  "final_state_real": [
    [
      0.004443490548811452,
      6.587749587314712e-06,
      9.497934184504734e-06,
      -1.4081294508720823e-08,
      -0.0033845275242797603,
      -5.017781711012246e-06,
      -8.427489286958442e-06,
      1.2494291528399277e-08,
      -0.0034387758944010144,
      -5.098197966296453e-06,
      -9.974666957879568e-06,
      1.4788081316614493e-08,
      -0.003569484297460347,
      -5.291992130970612e-06,
      -8.88803251296205e-06,
      1.3177076297526559e-08
    ],
    [
      6.587749587314712e-06,
      0.00031740345140584517,
      1.4081294508720821e-08,
      6.783997821504119e-07,
      -5.017781711012248e-06,
      -0.0002417605496813357,
      -1.2494291528399277e-08,
      -6.019421471328778e-07,
      -5.098197966296453e-06,
      -0.0002456355708432988,
      -1.4788081316614493e-08,
      -7.124509140406586e-07,
      -5.291992130970612e-06,
      -0.0002549722168433394,
      -1.3177076297526559e-08,
      -6.348369238414179e-07
    ],
    [
      9.497934184504734e-06,
      1.4081294508720823e-08,
      0.00031742397071153557,
      4.7050641325772175e-07,
      8.427489286958442e-06,
      1.2494291528399277e-08,
      -0.00024172775314460848,
      -3.584488764805101e-07,
      -9.974666957879568e-06,
      -1.4788081316614493e-08,
      -0.0002456514505426035,
      -3.6412052513637284e-07,
      8.88803251296205e-06,
      1.3177076297526555e-08,
      -0.0002549376280500679,
      -3.7803729674550726e-07
    ],
    [
      -1.4081294508720821e-08,
      6.783997821504119e-07,
      4.7050641325772175e-07,
      2.2673945799150713e-05,
      -1.2494291528399277e-08,
      6.019421471328778e-07,
      -3.584488764805102e-07,
      -1.7266881139018378e-05,
      1.4788081316614493e-08,
      -7.124509140406586e-07,
      -3.6412052513637284e-07,
      -1.754715518995089e-05,
      -1.3177076297526555e-08,
      6.348369238414179e-07,
      -3.7803729674550726e-07,
      -1.8210477134457998e-05
    ],
    [
      -0.0033845275242797603,
      -5.017781711012246e-06,
      8.427489286958442e-06,
      -1.2494291528399277e-08,
      0.05782789767275305,
      8.573343520013896e-05,
      0.00014387970309250893,
      -2.1331085620473507e-07,
      0.003569484297460347,
      5.291992130970612e-06,
      -8.88803251296205e-06,
      1.3177076297526559e-08,
      -0.05209238609962996,
      -7.723018452731212e-05,
      -0.00012981101542217473,
      1.9245312750406877e-07
    ],
    [
      -5.017781711012248e-06,
      -0.0002417605496813357,
      1.2494291528399277e-08,
      6.019421471328778e-07,
      8.573343520013896e-05,
      0.0041307107795661695,
      2.1331085620473501e-07,
      1.0276756749174483e-05,
      5.291992130970612e-06,
      0.0002549722168433394,
      -1.3177076297526559e-08,
      -6.348369238414179e-07,
      -7.723018452731212e-05,
      -0.003721016835382047,
      -1.9245312750406877e-07,
      -9.271886167288618e-06
    ],
    [
      -8.427489286958442e-06,
      -1.2494291528399277e-08,
      -0.00024172775314460848,
      -3.584488764805101e-07,
      0.00014387970309250893,
      2.1331085620473507e-07,
      0.004130977819249666,
      6.123203463889291e-06,
      8.88803251296205e-06,
      1.3177076297526555e-08,
      0.0002549376280500679,
      3.7803729674550726e-07,
      -0.00012981101542217473,
      -1.9245312750406877e-07,
      -0.003721257389420088,
      -5.515889247998781e-06
    ],
    [
      1.2494291528399277e-08,
      -6.019421471328778e-07,
      -3.584488764805102e-07,
      -1.7266881139018378e-05,
      -2.1331085620473501e-07,
      1.0276756749174483e-05,
      6.123203463889291e-06,
      0.00029508032100159485,
      -1.3177076297526555e-08,
      6.348369238414179e-07,
      3.7803729674550726e-07,
      1.8210477134457998e-05,
      1.9245312750406877e-07,
      -9.271886167288618e-06,
      -5.515889247998782e-06,
      -0.00026581353690228364
    ],
    [
      -0.0034387758944010144,
      -5.098197966296453e-06,
      -9.974666957879568e-06,
      1.4788081316614493e-08,
      0.003569484297460347,
      5.291992130970612e-06,
      8.88803251296205e-06,
      -1.3177076297526559e-08,
      0.05771569832169957,
      8.556709272219725e-05,
      0.00012336695623643454,
      -1.8289939787578046e-07,
      -0.0513870673192435,
      -7.618466232799403e-05,
      -0.00012795403677897242,
      1.897000379728739e-07
    ],
    [
      -5.098197966296453e-06,
      -0.0002456355708432988,
      -1.4788081316614493e-08,
      -7.124509140406586e-07,
      5.291992130970612e-06,
      0.0002549722168433394,
      1.3177076297526559e-08,
      6.348369238414179e-07,
      8.556709272219725e-05,
      0.004122696255651091,
      1.8289939787578044e-07,
      8.811612568540944e-06,
      -7.618466232799405e-05,
      -0.003670635133704769,
      -1.897000379728739e-07,
      -9.13924954520487e-06
    ],
    [
      -9.974666957879568e-06,
      -1.4788081316614493e-08,
      -0.0002456514505426035,
      -3.6412052513637284e-07,
      -8.88803251296205e-06,
      -1.3177076297526555e-08,
      0.0002549376280500679,
      3.7803729674550726e-07,
      0.00012336695623643454,
      1.8289939787578046e-07,
      0.0041229627772165125,
      6.111323048334416e-06,
      0.00012795403677897242,
      1.897000379728739e-07,
      -0.0036701371859621215,
      -5.442306618596916e-06
    ],
    [
      1.4788081316614493e-08,
      -7.124509140406586e-07,
      -3.6412052513637284e-07,
      -1.754715518995089e-05,
      1.3177076297526555e-08,
      -6.348369238414179e-07,
      3.7803729674550726e-07,
      1.8210477134457998e-05,
      -1.8289939787578044e-07,
      8.811612568540944e-06,
      6.111323048334416e-06,
      0.0002945077976718972,
      -1.897000379728739e-07,
      9.13924954520487e-06,
      -5.442306618596917e-06,
      -0.0002621619641497619
    ],
    [
      -0.003569484297460347,
      -5.291992130970612e-06,
      8.88803251296205e-06,
      -1.3177076297526559e-08,
      -0.05209238609962996,
      -7.723018452731212e-05,
      -0.00012981101542217473,
      1.9245312750406877e-07,
