{
  "config": {
    "symbols": [
      "H",
      "H"
    ],
    "geometry": [
      [
        0.0,
        0.0,
        0.0
      ],
      [
        0.0,
        0.0,
        0.7414
      ]
    ],
    "basis": "STO-3G",
    "ansatz": "RY-CZ",
    "optimizer": {
      "name": "Adam",
      "stepsize": 0.2,
      "iterations_planned": 50
    },
    "seed": 3,
    "noisy": true,
    "depolarizing_prob": 0.02,
    "amplitude_damping_prob": 0.0
  },
  "energies": [
    1.3068752635101633,
    1.3068752635101633,
    1.2741085491650834,
    1.2110931184170766,
    1.112316715846619,
    0.976889750223181,
    0.8042992830855841,
    0.602186923403561,
    0.3824816654960213,
    0.16173790227497759,
    -0.044530818083098084,
    -0.23622573930903173,
    -0.41207718772983076,
    -0.5613270968414301,
    -0.6740715646766716,
    -0.7503259815296336,
    -0.7994649353218041,
    -0.8274738860545932,
    -0.8345094966912062,
    -0.822583109078405,
    -0.7981361199597292,
    -0.7684196616850243,
    -0.7389789471414967,
    -0.7132917090391444,
    -0.6938431019776421,
    -0.6822935670700463,
    -0.6791061412011766,
    -0.683932759488034,
    -0.6958976021351262,
    -0.7135157377596502,
    -0.7346172792103922,
    -0.7566024208379433,
    -0.7772953236460111,
    -0.795620280298624,
    -0.811244882815787,
    -0.8236834858550874,
    -0.8320917159956278,
    -0.836069103742199,
    -0.8363578781184628,
    -0.8343770313790105,
    -0.8311470223867403,
    -0.8270329746359663,
    -0.8224305557447945,
    -0.8182380129376072,
    -0.815419379979892,
    -0.8143132755337047,
    -0.8146407025904066,
    -0.8160605897351252,
    -0.8184530238091396,
    -0.8216753142317408,
    -0.8253139815802015
  ],
  "final_params": [
    2.9899313133568004,
    2.9918271121264346,
    0.011279007054173562,
    -0.008596592933912002
  ],
  "final_state_real": [
    [
      0.0003458995894133556,
      -1.4666947808655533e-06,
      -7.926917239449339e-07,
      -3.3612020073669815e-09,
      -0.0005367988545299708,
      2.2761560173820435e-06,
      2.9864013095398703e-06,
      1.2663053963114277e-08,
      -0.0005537290937654233,
      2.347940259820964e-06,
      7.478517122784379e-06,
      3.171069661246692e-08,
      -0.005197303761608011,
      2.2037815713121872e-05,
      2.8914433458195967e-05,
      1.2260409544570766e-07
    ],
    [
      -1.4666947808655533e-06,
      4.6807083027942854e-06,
      3.3612020073669824e-09,
      -1.0697407554993934e-08,
      2.2761560173820435e-06,
      -7.263954431371987e-06,
      -1.2663053963114276e-08,
      4.030160901886094e-08,
      2.3479402598209634e-06,
      -7.493054186859053e-06,
      -3.171069661246692e-08,
      1.009228974553827e-07,
      2.2037815713121875e-05,
      -7.032984025902196e-05,
      -1.2260409544570768e-07,
      3.902014737642974e-07
    ],
    [
      -7.926917239449337e-07,
      3.3612020073669815e-09,
      4.6853179859540464e-06,
      -1.97735604900806e-08,
      -2.9864013095398707e-06,
      1.2663053963114276e-08,
      -7.236968972365444e-06,
      3.0831244249710155e-08,
      7.478517122784381e-06,
      -3.171069661246692e-08,
      -7.500433541321225e-06,
      3.165426055942392e-08,
      -2.891443345819597e-05,
      1.226040954457077e-07,
      -7.006856617764148e-05,
      2.9850909770361195e-07
    ],
    [
      -3.3612020073669824e-09,
      -1.069740755499393e-08,
      -1.97735604900806e-08,
      6.340165605654728e-08,
      -1.2663053963114274e-08,
      -4.030160901886094e-08,
      3.0831244249710155e-08,
      -9.793056075454143e-08,
      3.171069661246692e-08,
      1.0092289745538272e-07,
      3.1654260559423906e-08,
      -1.0149575953808132e-07,
      -1.226040954457077e-07,
      -3.902014737642975e-07,
      2.9850909770361195e-07,
      -9.481668365921281e-07
    ],
    [
      -0.0005367988545299708,
      2.2761560173820435e-06,
      -2.9864013095398703e-06,
      -1.2663053963114277e-08,
      0.01807159165299908,
      -7.662775548343529e-05,
      -0.00010052325739569081,
      -4.262425913367238e-07,
      0.005197303761608011,
      -2.2037815713121872e-05,
      2.8914433458195967e-05,
      1.2260409544570766e-07,
      -0.07021979735457788,
      0.00029774828720689875,
      0.00039071658871331024,
      1.6567315421927957e-06
    ],
    [
      2.2761560173820435e-06,
      -7.263954431371987e-06,
      1.2663053963114276e-08,
      -4.030160901886094e-08,
      -7.662775548343529e-05,
      0.0002445445200971802,
      4.2624259133672393e-07,
      -1.3565655104429515e-06,
      -2.2037815713121875e-05,
      7.032984025902196e-05,
      -1.2260409544570768e-07,
      3.902014737642974e-07,
      0.0002977482872068987,
      -0.000950213294718106,
      -1.6567315421927957e-06,
      5.272736502360116e-06
    ],
    [
      2.9864013095398707e-06,
      -1.2663053963114276e-08,
      -7.236968972365444e-06,
      3.0831244249710155e-08,
      -0.00010052325739569078,
      4.262425913367238e-07,
      0.0002447853538947982,
      -1.033073532433675e-06,
      -2.891443345819597e-05,
      1.226040954457077e-07,
      7.006856617764148e-05,
      -2.9850909770361195e-07,
      0.0003907165887133103,
      -1.656731542192796e-06,
      -0.0009511490894610145,
      4.014157440738309e-06
    ],
    [
      1.2663053963114274e-08,
      4.030160901886094e-08,
      3.0831244249710155e-08,
      -9.793056075454143e-08,
      -4.262425913367239e-07,
      -1.3565655104429511e-06,
      -1.033073532433675e-06,
      3.3124319121657203e-06,
      -1.226040954457077e-07,
      -3.902014737642975e-07,
      -2.9850909770361195e-07,
      9.481668365921281e-07,
      1.656731542192796e-06,
      5.272736502360116e-06,
      4.014157440738308e-06,
      -1.287093589149978e-05
    ],
    [
      -0.0005537290937654233,
      2.347940259820964e-06,
      7.478517122784379e-06,
      3.171069661246692e-08,
      0.005197303761608011,
      -2.2037815713121872e-05,
      -2.8914433458195967e-05,
      -1.2260409544570766e-07,
      0.01793674202590455,
      -7.605596167299261e-05,
      -4.110530163561059e-05,
      -1.7429628466846118e-07,
      -0.06933852978236162,
      0.0002940120130076297,
      0.00038575469078623505,
      1.6356919113135496e-06
    ],
    [
      2.3479402598209634e-06,
      -7.493054186859053e-06,
      -3.171069661246692e-08,
      1.009228974553827e-07,
      -2.2037815713121875e-05,
      7.032984025902196e-05,
      1.2260409544570768e-07,
      -3.902014737642974e-07,
      -7.605596167299261e-05,
      0.0002427197368696528,
      1.742962846684612e-07,
      -5.547177433350261e-07,
      0.0002940120130076297,
      -0.0009382879945197106,
      -1.6356919113135496e-06,
      5.20577548489415e-06
    ],
    [
      7.478517122784381e-06,
      -3.171069661246692e-08,
      -7.500433541321225e-06,
      3.165426055942392e-08,
      2.891443345819597e-05,
      -1.226040954457077e-07,
      7.006856617764148e-05,
      -2.9850909770361195e-07,
      -4.110530163561059e-05,
      1.7429628466846118e-07,
      0.00024295877357333336,
      -1.0253647714520826e-06,
      -0.0003857546907862351,
      1.6356919113135498e-06,
      -0.0009348022716325895,
      3.982484555611947e-06
    ],
    [
      3.171069661246692e-08,
      1.0092289745538272e-07,
      3.1654260559423906e-08,
      -1.0149575953808132e-07,
      1.226040954457077e-07,
      3.902014737642975e-07,
      -2.9850909770361195e-07,
      9.481668365921281e-07,
      -1.742962846684612e-07,
      -5.547177433350261e-07,
      -1.0253647714520826e-06,
      3.287714653348209e-06,
      -1.6356919113135498e-06,
      -5.205775484894151e-06,
      3.982484555611947e-06,
      -1.2649730986158477e-05
    ],
    [
      -0.005197303761608011,
      2.2037815713121872e-05,
      -2.8914433458195967e-05,
      -1.2260409544570766e-07,
      -0.07021979735457788,
      0.00029774828720689875,
      0.00039071658871331024,
      1.6567315421927957e-06,
