{
  "config": {
    "symbols": [
      "H",
      "H"
    ],
    "geometry": [
      [
        0.0,
        0.0,
        0.0
      ],
      [
        0.0,
        0.0,
        0.7414
      ]
    ],
    "basis": "STO-3G",
    "ansatz": "RY-CZ",
    "optimizer": {
      "name": "Adam",
      "stepsize": 0.2,
      "iterations_planned": 50
    },
    "seed": 2,
    "noisy": true,
    "depolarizing_prob": 0.1,
    "amplitude_damping_prob": 0.0
  },
  "energies": [
    1.1543324497487188,
    1.1543324497487188,
    1.1310735622119976,
    1.0828684350793105,
    1.0017409312338548,
    0.8885572181325935,
    0.7470722547801892,
    0.5850904070123965,
    0.4081947037945235,
    0.22613659485041043,
    0.04825964415647302,
    -0.11875436503801348,
    -0.26573396367777957,
    -0.39024318953139475,
    -0.4877927503474178,
    -0.5592940061530165,
    -0.6057909769729294,
    -0.6296475770097428,
    -0.6353349473551717,
    -0.6259338564841015,
    -0.6068917046198651,
    -0.5822774752131229,
    -0.5565197801181776,
    -0.5335466497210506,
    -0.5157678297641495,
    -0.5049761487605278,
    -0.5017277080217183,
    -0.5055307918361155,
    -0.515395093339277,
    -0.5298650450647732,
    -0.5471262743675833,
    -0.5655471481939184,
    -0.5836048577774948,
    -0.5998753638413762,
    -0.6135781548418778,
    -0.6240289083584799,
    -0.6310146469359715,
    -0.6347737527892009,
    -0.6355328384838757,
    -0.6340771038869568,
    -0.6310192132669475,
    -0.6271628531467924,
    -0.6232738213184621,
    -0.6198562593377015,
    -0.6174671358772081,
    -0.616248680132789,
    -0.6163292013456017,
    -0.6175695248128057,
    -0.619727421417221,
    -0.6225126419281988,
    -0.6255443589506205
  ],
  "final_params": [
    -2.989775021957271,
    -2.9903418982147043,
    -0.0034706101590915076,
    0.003686317547500196
  ],
  "final_state_real": [
    [
      0.004469819489142918,
      7.650120023635404e-06,
      6.130804580392339e-06,
      -1.0492914520112732e-08,
      0.003464668235347052,
      5.92980336477779e-06,
      5.582813598081049e-06,
      -9.555024156819344e-09,
      0.0034799979069605387,
      5.9560350781308384e-06,
      6.587703848520476e-06,
      -1.1274900783400837e-08,
      -0.0037274171859293997,
      -6.37949998951074e-06,
      -6.006195669480367e-06,
      1.0279645505663086e-08
    ],
    [
      7.650120023635404e-06,
      0.0003192879282330235,
      1.0492914520112732e-08,
      4.378938913181204e-07,
      5.929803364777791e-06,
      0.00024748801278568925,
      9.555024156819344e-09,
      3.987535304560273e-07,
      5.9560350781308384e-06,
      0.00024858304114239394,
      1.1274900783400837e-08,
      4.705280090489172e-07,
      -6.37949998951074e-06,
      -0.0002662566830374997,
      -1.0279645505663086e-08,
      -4.289936759912989e-07
    ],
    [
      6.130804580392338e-06,
      1.0492914520112732e-08,
      0.00031928621189888327,
      5.464142253468173e-07,
      -5.582813598081049e-06,
      -9.555024156819344e-09,
      0.0002474659226328381,
      4.2357514844703303e-07,
      6.587703848520476e-06,
      1.1274900783400837e-08,
      0.000248581704882791,
      4.2541323316503815e-07,
      6.006195669480367e-06,
      1.0279645505663086e-08,
      -0.0002662329176407043,
      -4.5569768318550593e-07
    ],
    [
      -1.0492914520112732e-08,
      4.378938913181204e-07,
      5.464142253468173e-07,
      2.2807237150892704e-05,
      9.555024156819344e-09,
      -3.987535304560273e-07,
      4.235751484470332e-07,
      1.767697374304106e-05,
      -1.1274900783400837e-08,
      4.705280090489172e-07,
      4.2541323316503815e-07,
      1.7756676246422237e-05,
      -1.0279645505663086e-08,
      4.289936759912989e-07,
      -4.5569768318550593e-07,
      -1.9017536817182128e-05
    ],
    [
      0.003464668235347052,
      5.92980336477779e-06,
      -5.582813598081049e-06,
      9.555024156819344e-09,
      0.05794574263204232,
      9.917444923012117e-05,
      9.3294626719488e-05,
      -1.5967440007535938e-07,
      0.003727417185929402,
      6.379499989510742e-06,
      -6.006195669480368e-06,
      1.027964550566309e-08,
      0.052956361837536485,
      9.063509724637697e-05,
      8.540152296299517e-05,
      -1.4616529830425729e-07
    ],
    [
      5.929803364777791e-06,
      0.00024748801278568925,
      -9.555024156819344e-09,
      -3.987535304560273e-07,
      9.917444923012117e-05,
      0.004139177467870496,
      1.5967440007535938e-07,
      6.6635865811031444e-06,
      6.379499989510742e-06,
      0.0002662566830374998,
      -1.027964550566309e-08,
      -4.28993675991299e-07,
      9.063509724637697e-05,
      0.003782776261756272,
      1.4616529830425729e-07,
      6.099820133618836e-06
    ],
    [
      5.582813598081049e-06,
      9.555024156819344e-09,
      0.0002474659226328381,
      4.2357514844703303e-07,
      9.329462671948797e-05,
      1.5967440007535936e-07,
      0.00413915521769762,
      7.083592111346016e-06,
      6.006195669480368e-06,
      1.027964550566309e-08,
      0.0002662329176407044,
      4.5569768318550614e-07,
      8.540152296299517e-05,
      1.4616529830425729e-07,
      0.00378275592742018,
      6.473663981493737e-06
    ],
    [
      -9.555024156819344e-09,
      3.987535304560273e-07,
      4.235751484470332e-07,
      1.767697374304106e-05,
      -1.5967440007535936e-07,
      6.663586581103144e-06,
      7.083592111346016e-06,
      0.0002956679340863034,
      -1.027964550566309e-08,
      4.28993675991299e-07,
      4.5569768318550614e-07,
      1.9017536817182135e-05,
      -1.4616529830425729e-07,
      6.099820133618836e-06,
      6.473663981493737e-06,
      0.0002702096373267124
    ],
    [
      0.0034799979069605387,
      5.9560350781308384e-06,
      6.587703848520476e-06,
      -1.1274900783400837e-08,
      0.0037274171859293997,
      6.37949998951074e-06,
      6.006195669480367e-06,
      -1.0279645505663086e-08,
      0.057913440691978284,
      9.91191642864928e-05,
      7.943407744386156e-05,
      -1.3595197394941523e-07,
      0.052757683318535725,
      9.02951355828149e-05,
      8.501140421731364e-05,
      -1.4549760736786342e-07
    ],
    [
      5.9560350781308384e-06,
      0.00024858304114239394,
      1.1274900783400837e-08,
      4.705280090489172e-07,
      6.37949998951074e-06,
      0.0002662566830374997,
      1.0279645505663086e-08,
      4.289936759912989e-07,
      9.91191642864928e-05,
      0.004136870077259753,
      1.3595197394941523e-07,
      5.673594194537434e-06,
      9.029513558281492e-05,
      0.0037685842674553285,
      1.4549760736786342e-07,
      6.071955827493508e-06
    ],
    [
      6.587703848520476e-06,
      1.1274900783400837e-08,
      0.000248581704882791,
      4.2541323316503815e-07,
      -6.006195669480367e-06,
      -1.0279645505663086e-08,
      0.0002662329176407043,
      4.5569768318550593e-07,
      7.943407744386156e-05,
      1.3595197394941523e-07,
      0.004136847839490271,
      7.079643352430769e-06,
      -8.501140421731364e-05,
      -1.4549760736786342e-07,
      0.0037682478931737487,
      6.449923059121375e-06
    ],
    [
      -1.1274900783400837e-08,
      4.705280090489172e-07,
      4.2541323316503815e-07,
      1.7756676246422237e-05,
      1.0279645505663086e-08,
      -4.289936759912989e-07,
      4.5569768318550593e-07,
      1.9017536817182128e-05,
      -1.3595197394941523e-07,
      5.673594194537434e-06,
      7.079643352430769e-06,
      0.00029550311355848024,
      1.4549760736786342e-07,
      -6.071955827493508e-06,
      6.449923059121378e-06,
      0.0002691733001304277
    ],
    [
      -0.003727417185929402,
      -6.379499989510742e-06,
      6.006195669480368e-06,
      -1.027964550566309e-08,
      0.052956361837536485,
      9.063509724637697e-05,
      8.540152296299517e-05,
      -1.4616529830425729e-07,
      0.052757683318535725,
      9.02951355828149e-05,
