{
  "config": {
    "symbols": [
      "H",
      "H"
    ],
    "geometry": [
      [
        0.0,
        0.0,
        0.0
      ],
      [
        0.0,
        0.0,
        0.7414
      ]
    ],
    "basis": "STO-3G",
    "ansatz": "RY-CZ",
    "optimizer": {
      "name": "Adam",
      "stepsize": 0.2,
      "iterations_planned": 50
    },
    "seed": 3,
    "noisy": true,
    "depolarizing_prob": 0.04,
    "amplitude_damping_prob": 0.0
  },
  "energies": [
    1.2665379600964477,
    1.2665379600964477,
    1.2357958388398933,
    1.1767266667208982,
    1.082090485191434,
    0.9485437729145398,
    0.7807826658963092,
    0.5877884103264922,
    0.3831267047846574,
    0.17818540352954196,
    -0.024853655738487024,
    -0.21648381343567646,
    -0.3835112765580474,
    -0.5192923762225521,
    -0.6255571834313459,
    -0.7044040672996004,
    -0.755188262124218,
    -0.7802685475928992,
    -0.7836193414838185,
    -0.7714263483415705,
    -0.7499300345731055,
    -0.7233550522707095,
    -0.6945771509530385,
    -0.6679054818864482,
    -0.6482433871314992,
    -0.6376404042500742,
    -0.6352039847742488,
    -0.6396912332035989,
    -0.6506732472260507,
    -0.6672622090221644,
    -0.6872541548805136,
    -0.7081806663610781,
    -0.7282895829477907,
    -0.7463368468642029,
    -0.7614318657151067,
    -0.7731310810944549,
    -0.7811241945733558,
    -0.7851564123660792,
    -0.7857301223629711,
    -0.7840371535535083,
    -0.780893973685788,
    -0.7766678688399289,
    -0.7721239347811083,
    -0.7683127643354821,
    -0.7657546554274038,
    -0.764475085398363,
    -0.7645025504860479,
    -0.7658298327282248,
    -0.768233841797651,
    -0.7713645238537301,
    -0.7747897135373856
  ],
  "final_params": [
    2.9887157170505074,
    2.990658713376407,
    -0.0020508436556923373,
    -0.014546315257512703
  ],
  "final_state_real": [
    [
      0.000977198742855559,
      -6.912710856981837e-06,
      6.380734385203724e-07,
      4.5137493860958155e-09,
      -0.0014047589533320135,
      9.937275971871726e-06,
      -1.401002018941322e-06,
      -9.910727545060607e-09,
      -0.001432740824467621,
      1.0135218782206685e-05,
      -2.1824973433732633e-06,
      -1.5439047371492003e-08,
      -0.004859820665919917,
      3.437840991616554e-05,
      -4.8468233987737725e-06,
      -3.42865645551103e-08
    ],
    [
      -6.912710856981837e-06,
      2.6824223905469296e-05,
      -4.513749386095816e-09,
      1.7447734833102355e-08,
      9.937275971871726e-06,
      -3.856080349354315e-05,
      9.910727545060607e-09,
      -3.830955851071485e-08,
      1.0135218782206685e-05,
      -3.932890924697682e-05,
      1.5439047371492006e-08,
      -5.967907864873649e-08,
      3.437840991616554e-05,
      -0.0001334026661783493,
      3.42865645551103e-08,
      -1.3253347395368917e-07
    ],
    [
      6.380734385203724e-07,
      -4.513749386095815e-09,
      2.6773595041492773e-05,
      -1.8938207535238347e-07,
      1.4010020189413214e-06,
      -9.910727545060604e-09,
      -3.8485070684413524e-05,
      2.722645773253683e-07,
      -2.1824973433732633e-06,
      1.5439047371492003e-08,
      -3.9254678655865324e-05,
      2.776665778210781e-07,
      4.8468233987737725e-06,
      -3.42865645551103e-08,
      -0.0001331406654485989,
      9.419103657216899e-07
    ],
    [
      4.513749386095816e-09,
      1.7447734833102355e-08,
      -1.8938207535238347e-07,
      7.349384282348792e-07,
      9.910727545060604e-09,
      3.830955851071483e-08,
      2.722645773253683e-07,
      -1.056419853795402e-06,
      -1.543904737149201e-08,
      -5.967907864873649e-08,
      2.776665778210781e-07,
      -1.0775456858705962e-06,
      3.42865645551103e-08,
      1.3253347395368917e-07,
      9.419103657216899e-07,
      -3.654727400160284e-06
    ],
    [
      -0.0014047589533320135,
      9.937275971871726e-06,
      1.401002018941322e-06,
      9.910727545060607e-09,
      0.0295145669601584,
      -0.00020878625658932274,
      2.942641101662844e-05,
      2.0816325620654865e-07,
      0.004859820665919917,
      -3.437840991616554e-05,
      -4.8468233987737725e-06,
      -3.42865645551103e-08,
      -0.0660745579362354,
      0.00046741189277563693,
      -6.591848838561117e-05,
      -4.6630923420489147e-07
    ],
    [
      9.937275971871726e-06,
      -3.856080349354315e-05,
      -9.910727545060607e-09,
      3.830955851071485e-08,
      -0.00020878625658932274,
      0.0008101784395452072,
      -2.081632562065487e-07,
      8.04647530382386e-07,
      -3.437840991616554e-05,
      0.0001334026661783493,
      3.42865645551103e-08,
      -1.3253347395368917e-07,
      0.00046741189277563693,
      -0.0018137546220712462,
      4.663092342048917e-07,
      -1.8025014622425156e-06
    ],
    [
      -1.4010020189413214e-06,
      9.910727545060604e-09,
      -3.8485070684413524e-05,
      2.722645773253683e-07,
      2.942641101662844e-05,
      -2.0816325620654865e-07,
      0.0008086492838776656,
      -5.7199520413913185e-06,
      4.8468233987737725e-06,
      -3.42865645551103e-08,
      0.0001331406654485989,
      -9.419103657216899e-07,
      -6.591848838561117e-05,
      4.6630923420489147e-07,
      -0.001810331285896778,
      1.2805314171188175e-05
    ],
    [
      -9.910727545060604e-09,
      -3.830955851071483e-08,
      2.722645773253683e-07,
      -1.056419853795402e-06,
      2.081632562065487e-07,
      8.04647530382386e-07,
      -5.7199520413913185e-06,
      2.219752083219588e-05,
      3.42865645551103e-08,
      1.3253347395368917e-07,
      -9.419103657216899e-07,
      3.654727400160284e-06,
      -4.663092342048917e-07,
      -1.8025014622425156e-06,
      1.2805314171188175e-05,
      -4.96938131685144e-05
    ],
    [
      -0.001432740824467621,
      1.0135218782206685e-05,
      -2.1824973433732633e-06,
      -1.5439047371492003e-08,
      0.004859820665919917,
      -3.437840991616554e-05,
      4.8468233987737725e-06,
      3.42865645551103e-08,
      0.029382728780421544,
      -0.0002078536323682062,
      1.9185799125415275e-05,
      1.357208806950454e-07,
      -0.06523129317094163,
      0.0004614466850018444,
      -6.505683641586492e-05,
      -4.6021388402311725e-07
    ],
    [
      1.0135218782206685e-05,
      -3.932890924697682e-05,
      1.5439047371492006e-08,
      -5.967907864873649e-08,
      -3.437840991616554e-05,
      0.0001334026661783493,
      -3.42865645551103e-08,
      1.3253347395368917e-07,
      -0.0002078536323682062,
      0.0008065594655356656,
      -1.357208806950454e-07,
      5.24624150595676e-07,
      0.0004614466850018444,
      -0.0017906069020795748,
      4.6021388402311725e-07,
      -1.7789401067950686e-06
    ],
    [
      -2.1824973433732633e-06,
      1.5439047371492003e-08,
      -3.9254678655865324e-05,
      2.776665778210781e-07,
      -4.8468233987737725e-06,
      3.42865645551103e-08,
      0.0001331406654485989,
      -9.419103657216899e-07,
      1.9185799125415275e-05,
      -1.357208806950454e-07,
      0.0008050371404308093,
      -5.694401672777167e-06,
      6.505683641586491e-05,
      -4.6021388402311714e-07,
      -0.0017870901784002014,
      1.2642859774232027e-05
    ],
    [
      -1.543904737149201e-08,
      -5.967907864873649e-08,
      2.776665778210781e-07,
      -1.0775456858705962e-06,
      -3.42865645551103e-08,
      -1.3253347395368917e-07,
      -9.419103657216899e-07,
      3.654727400160284e-06,
      1.357208806950454e-07,
      5.24624150595676e-07,
      -5.694401672777167e-06,
      2.2098367056870705e-05,
      4.6021388402311714e-07,
      1.7789401067950681e-06,
      1.2642859774232027e-05,
      -4.905584195144398e-05
    ],
    [
      -0.004859820665919917,
      3.437840991616554e-05,
      4.8468233987737725e-06,
      3.42865645551103e-08,
      -0.0660745579362354,
      0.00046741189277563693,
      -6.591848838561117e-05,
      -4.6630923420489147e-07,
      -0.06523129317094163,
