{
  "config": {
    "symbols": [
      "H",
      "H"
    ],
    "geometry": [
      [
        0.0,
        0.0,
        0.0
      ],
      [
        0.0,
        0.0,
        0.7414
      ]
    ],
    "basis": "STO-3G",
    "ansatz": "RY-CZ",
    "optimizer": {
      "name": "Adam",
      "stepsize": 0.1,
      "iterations_planned": 50
    },
    "seed": 4,
    "noisy": true,
    "depolarizing_prob": 0.04,
    "amplitude_damping_prob": 0.0
  },
  "energies": [
    1.2666468725189743,
    1.2666468725189743,
    1.2592326205354074,
    1.2443864443486927,
    1.2190652446110866,
    1.1835748050197534,
    1.1385260518602147,
    1.0828547739885988,
    1.0159827378880455,
    0.9383664445812372,
    0.850837329760872,
    0.7546273086270335,
    0.6514465591172454,
    0.5435077231577351,
    0.4332820535825991,
    0.32242441710828945,
    0.21089034396490441,
    0.09909693597786655,
    -0.011025287455888877,
    -0.1168614800675851,
    -0.21580073466831498,
    -0.306123002229177,
    -0.38802103899354623,
    -0.4626265064362255,
    -0.5298796493989456,
    -0.5886467717391743,
    -0.6379006309624187,
    -0.6778085296428811,
    -0.7099766590174318,
    -0.73601244057721,
    -0.7563515246387427,
    -0.7708022560009301,
    -0.7795971037232352,
    -0.783888055910319,
    -0.7851786515347331,
    -0.7843866122899843,
    -0.7817556006204842,
    -0.7774605042690295,
    -0.7720849169545155,
    -0.7665143877316362,
    -0.7614343845808131,
    -0.7570638380006037,
    -0.753361962179627,
    -0.7503727460341427,
    -0.7483263860398054,
    -0.7474418920070002,
    -0.747707273251713,
    -0.7488948763776359,
    -0.75076087408704,
    -0.7531876258556963,
    -0.7561340049263947
  ],
  "final_params": [
    3.4178352440884376,
    3.417069018426432,
    0.01939582109378496,
    -0.009545656733964628
  ],
  "final_state_real": [
    [
      0.0018811229757528197,
      -8.732312759444776e-06,
      -3.114981950111839e-06,
      -1.4460070457390707e-08,
      0.0009403312603384869,
      -4.3651326394679775e-06,
      -8.869695873308455e-06,
      -4.117405150905068e-08,
      0.0009556458837956598,
      -4.436179267461278e-06,
      -5.134638586405776e-05,
      -2.383552679334109e-07,
      -0.015744768747350778,
      7.308914087913706e-05,
      0.00014851288718648303,
      6.89412281336e-07
    ],
    [
      -8.73231275944478e-06,
      5.1580436008321506e-05,
      1.4460070457390717e-08,
      -8.5271064429298e-08,
      -4.3651326394679775e-06,
      2.5783905159684206e-05,
      4.117405150905068e-08,
      -2.428034641594019e-07,
      -4.436179267461282e-06,
      2.620383249320057e-05,
      2.3835526793341094e-07,
      -1.405581492075248e-06,
      7.308914087913706e-05,
      -0.00043172192743727366,
      -6.89412281336e-07,
      4.065465602908223e-06
    ],
    [
      -3.114981950111839e-06,
      1.4460070457390707e-08,
      5.1714412223594526e-05,
      -2.384207389671292e-07,
      8.869695873308455e-06,
      -4.117405150905068e-08,
      2.5674123240868552e-05,
      -1.200029299720682e-07,
      -5.1346385864057767e-05,
      2.38355267933411e-07,
      2.6271894932659608e-05,
      -1.2112222366231714e-07,
      -0.00014851288718648303,
      6.89412281336e-07,
      -0.0004298837550853613,
      2.009311464062799e-06
    ],
    [
      -1.4460070457390717e-08,
      -8.5271064429298e-08,
      -2.384207389671293e-07,
      1.4180103931480456e-06,
      4.117405150905068e-08,
      2.428034641594019e-07,
      -1.200029299720682e-07,
      7.039850599695142e-07,
      -2.38355267933411e-07,
      -1.4055814920752484e-06,
      -1.2112222366231725e-07,
      7.203759737446626e-07,
      -6.89412281336e-07,
      -4.065465602908223e-06,
      2.009311464062799e-06,
      -1.1787422622555359e-05
    ],
    [
      0.0009403312603384873,
      -4.365132639467979e-06,
      8.869695873308457e-06,
      4.117405150905071e-08,
      0.040378622638748064,
      -0.00018744056939501067,
      -0.0003804695228166605,
      -1.7661791287815368e-06,
      0.015744768747350774,
      -7.308914087913704e-05,
      0.000148512887186483,
      6.894122813359999e-07,
      0.11672431468708387,
      -0.0005418429499919112,
      -0.0011021588515969345,
      -5.116336115127829e-06
    ],
    [
      -4.365132639467979e-06,
      2.578390515968422e-05,
      -4.117405150905071e-08,
      2.4280346415940196e-07,
      -0.00018744056939501072,
      0.0011071827775048025,
      1.7661791287815368e-06,
      -1.0415161857460812e-05,
      -7.308914087913704e-05,
      0.00043172192743727355,
      -6.894122813359999e-07,
      4.065465602908222e-06,
      -0.0005418429499919113,
      0.0032005834397524436,
      5.116336115127829e-06,
      -3.0171044311338313e-05
    ],
    [
      -8.869695873308457e-06,
      4.117405150905071e-08,
      2.5674123240868565e-05,
      -1.2000292997206822e-07,
      -0.0003804695228166605,
      1.7661791287815368e-06,
      0.001110058599611495,
      -5.117741461933092e-06,
      -0.00014851288718648297,
      6.894122813359999e-07,
      0.00042988375508536125,
      -2.0093114640627987e-06,
      -0.0011021588515969347,
      5.11633611512783e-06,
      0.0032088967090674685,
      -1.479408721377667e-05
    ],
    [
      -4.117405150905071e-08,
      -2.4280346415940196e-07,
      -1.2000292997206822e-07,
      7.039850599695145e-07,
      -1.7661791287815368e-06,
      -1.0415161857460812e-05,
      -5.117741461933094e-06,
      3.0437832773709814e-05,
      -6.894122813359999e-07,
      -4.065465602908222e-06,
      -2.0093114640627987e-06,
      1.1787422622555356e-05,
      -5.116336115127831e-06,
      -3.0171044311338313e-05,
      -1.4794087213776666e-05,
      8.798802284211584e-05
    ],
    [
      0.0009556458837956598,
      -4.436179267461278e-06,
      -5.134638586405776e-05,
      -2.383552679334109e-07,
      0.015744768747350778,
      -7.308914087913706e-05,
      -0.00014851288718648303,
      -6.89412281336e-07,
      0.0402850468930662,
      -0.00018700618382398493,
      -6.670866049099779e-05,
      -3.096685458428907e-07,
      0.11639546855596322,
      -0.0005403219911001483,
      -0.0010979028887660345,
      -5.096579492654745e-06
    ],
    [
      -4.436179267461282e-06,
      2.620383249320057e-05,
      2.3835526793341094e-07,
      -1.405581492075248e-06,
      -7.308914087913706e-05,
      0.00043172192743727366,
      6.89412281336e-07,
      -4.065465602908223e-06,
      -0.00018700618382398496,
      0.0011046169283687873,
      3.096685458428908e-07,
      -1.826116034642129e-06,
      -0.0005403219911001483,
      0.0031915664711430064,
      5.096579492654745e-06,
      -3.0054539469071293e-05
    ],
    [
      -5.1346385864057767e-05,
      2.38355267933411e-07,
      2.6271894932659608e-05,
      -1.2112222366231714e-07,
      0.00014851288718648303,
      -6.89412281336e-07,
      0.0004298837550853613,
      -2.009311464062799e-06,
      -6.670866049099779e-05,
      3.096685458428905e-07,
      0.001107486085879699,
      -5.105881313116433e-06,
      0.0010979028887660345,
      -5.096579492654745e-06,
      0.003177977517527957,
      -1.4854124127660487e-05
    ],
    [
      -2.38355267933411e-07,
      -1.4055814920752484e-06,
      -1.2112222366231725e-07,
      7.203759737446626e-07,
      6.89412281336e-07,
      4.065465602908223e-06,
      -2.009311464062799e-06,
      1.1787422622555359e-05,
      -3.0966854584289075e-07,
      -1.826116034642129e-06,
      -5.105881313116434e-06,
      3.0367294386994114e-05,
      5.096579492654745e-06,
      3.0054539469071293e-05,
      -1.4854124127660487e-05,
      8.714021788667712e-05
    ],
    [
      -0.015744768747350774,
      7.308914087913704e-05,
      -0.000148512887186483,
      -6.894122813359999e-07,
      0.11672431468708387,
      -0.0005418429499919112,
      -0.0011021588515969345,
      -5.116336115127829e-06,
      0.11639546855596322,
      -0.0005403219911001483,
