{
  "config": {
    "symbols": [
      "H",
      "H"
    ],
    "geometry": [
      [
        0.0,
        0.0,
        0.0
      ],
      [
        0.0,
        0.0,
        0.7414
      ]
    ],
    "basis": "STO-3G",
    "ansatz": "Minimal",
    "optimizer": {
      "name": "Adam",
      "stepsize": 0.1,
      "iterations_planned": 50
    },
    "seed": 2,
    "noisy": false,
    "depolarizing_prob": 0.0,
    "amplitude_damping_prob": 0.0
  },
  "energies": [
    1.3487898539803307,
    1.3487898539803307,
    1.3427363427051313,
    1.3305203760648527,
    1.3095039755466324,
    1.2793365055338701,
    1.2397989088459551,
    1.1907796984098684,
    1.1322834959402828,
    1.0644430387354196,
    0.9875306948699881,
    0.901968662505386,
    0.8083372694448943,
    0.7073807200867273,
    0.6000095608882277,
    0.4872990810725979,
    0.37048283499575474,
    0.25094047126713376,
    0.13017909115655624,
    0.009807449782249233,
    -0.10849752166001819,
    -0.22303212939857148,
    -0.3321151255865003,
    -0.43414400522152014,
    -0.5276569183621961,
    -0.6113977426771219,
    -0.6843806915821885,
    -0.7459495787045838,
    -0.7958257352652159,
    -0.8341379284844714,
    -0.8614278989534254,
    -0.8786267442219183,
    -0.8870005138511546,
    -0.8880677678583572,
    -0.8834966183899385,
    -0.8749926291890573,
    -0.8641906389645588,
    -0.8525624801201362,
    -0.8413490292729873,
    -0.8315202211658486,
    -0.8237620267830617,
    -0.8184860455861036,
    -0.815855726220546,
    -0.8158231187561864,
    -0.8181709365062507,
    -0.8225559845845747,
    -0.8285512600615106,
    -0.8356850124908201,
    -0.8434757123954737,
    -0.8514622544182198,
    -0.8592289136676894
  ],
  "final_params": [
    -3.3402409776600552
  ],
  "final_state_real": [
    -0.09916093230811956,
    0.0,
    0.0,
    0.0,
    0.0,
    0.0,
    0.0,
    0.0,
    0.0,
    0.0,
    0.0,
    0.0,
    -0.9950714092484944,
    0.0,
    0.0,
    0.0
  ],
  "final_state_imag": [
    0.0,
    0.0,
    0.0,
    0.0,
    0.0,
    0.0,
    0.0,
    0.0,
    0.0,
    0.0,
    0.0,
    0.0,
    0.0,
    0.0,
    0.0,
    0.0
  ]
}