{
  "config": {
    "symbols": [
      "H",
      "H"
    ],
    "geometry": [
      [
        0.0,
        0.0,
        0.0
      ],
      [
        0.0,
        0.0,
        0.7414
      ]
    ],
    "basis": "STO-3G",
    "ansatz": "TwoQubit-RY-CNOT",
    "optimizer": {
      "name": "Adam",
      "stepsize": 0.1,
      "iterations_planned": 50
    },
    "seed": 2,
    "noisy": false,
    "depolarizing_prob": 0.0,
    "amplitude_damping_prob": 0.0
  },
  "energies": [
    -0.8845911468961324,
    -0.8845911468961324,
    -0.8909709472157099,
    -0.8960853853061899,
    -0.8911649175651676,
    -0.8889169263231019,
    -0.8918988771669649,
    -0.8961575435602185,
    -0.8979880603335539,
    -0.896492811795867,
    -0.8940761106097312,
    -0.8935904994589029,
    -0.8951983853060377,
    -0.8971629306992941,
    -0.8979547924794687,
    -0.8973761741844098,
    -0.8963508906227039,
    -0.895887725124954,
    -0.8962943644901622,
    -0.8971447159495203,
    -0.897761934149646,
    -0.8977848969957178,
    -0.8974067515029525,
    -0.8971003832079911,
    -0.8971428248736905,
    -0.897434335229447,
    -0.8977050523248591,
    -0.8977995492408809,
    -0.8977502508158407,
    -0.8976686736589418,
    -0.8976401419586953,
    -0.8976842337185635,
    -0.8977659887386472,
    -0.8978417843621183,
    -0.897889714692876,
    -0.897901744352331,
    -0.8978787883453532,
    -0.8978453589415972,
    -0.8978464293058566,
    -0.8979036880078601,
    -0.8979781856598464,
    -0.8980043352832853,
    -0.897965332185938,
    -0.8979148860709215,
    -0.8979178505308333,
    -0.8979780992987102,
    -0.8980347866191104,
    -0.8980324785489827,
    -0.8979852075955906,
    -0.8979577823002091,
    -0.8979860032068594
  ],
  "final_params": [
    -0.002681274290560763,
    -0.0051901717166187,
    0.11411888175801278
  ],
  "final_state_real": [
    0.0,
    0.0,
    0.0,
    -0.0570247670780117,
    0.0,
    0.0,
    0.0013406322294539407,
    0.0,
    0.0,
    0.0025950806134741604,
    0.0,
    0.0,
    0.9983684911902687,
    0.0,
    0.0,
    0.0
  ],
  "final_state_imag": [
    0.0,
    0.0,
    0.0,
    0.0,
    0.0,
    0.0,
    0.0,
    0.0,
    0.0,
    0.0,
    0.0,
    0.0,
    0.0,
    0.0,
    0.0,
    0.0
  ]
}