{
  "config": {
    "symbols": [
      "H",
      "H"
    ],
    "geometry": [
      [
        0.0,
        0.0,
        0.0
      ],
      [
        0.0,
        0.0,
        0.7414
      ]
    ],
    "basis": "STO-3G",
    "ansatz": "RY-CZ",
    "optimizer": {
      "name": "Adam",
      "stepsize": 0.1,
      "iterations_planned": 50
    },
    "seed": 4,
    "noisy": true,
    "depolarizing_prob": 0.06,
    "amplitude_damping_prob": 0.0
  },
  "energies": [
    1.2277549153217384,
    1.2277549153217384,
    1.2208274439623719,
    1.2069564231590706,
    1.183304862909373,
    1.1497889922918572,
    1.1056051692737083,
    1.050762793039867,
    0.9856299980496954,
    0.9109502625813359,
    0.8279226347651938,
    0.7379952949401121,
    0.6417624831942523,
    0.5396831399873896,
    0.4334311650501842,
    0.3252859147920122,
    0.21752335409318357,
    0.11134349077462585,
    0.00731644939217771,
    -0.0928928030280668,
    -0.18713447562007116,
    -0.27408762807717146,
    -0.35383029135161675,
    -0.42615291404616273,
    -0.4900412702670136,
    -0.5450521378332643,
    -0.5919318989376847,
    -0.6313589783408615,
    -0.6633342314372394,
    -0.6882073103452521,
    -0.7069733517752272,
    -0.720501006392831,
    -0.7292892895462036,
    -0.7339885814701257,
    -0.7354321681254807,
    -0.7343947370268774,
    -0.7315111112943495,
    -0.7273347670368568,
    -0.7223850939205421,
    -0.7172261178561748,
    -0.7123224690876718,
    -0.7079003261148955,
    -0.7041308117266898,
    -0.7012857336552563,
    -0.6995076177927607,
    -0.6986958121802468,
    -0.6987747615828166,
    -0.6997797378184342,
    -0.7016048528860274,
    -0.7040030272913829,
    -0.7068347512274016
  ],
  "final_params": [
    3.417870681816689,
    3.417098831723478,
    -0.00981387295011119,
    -0.005470425346380868
  ],
  "final_state_real": [
    [
      0.0030359391805268674,
      -7.957943246816632e-06,
      5.263688772022623e-06,
      1.3797459102843458e-08,
      0.002426208594499007,
      -6.3597149464677435e-06,
      1.1409295209394861e-05,
      2.990664738397964e-08,
      0.002444993722921812,
      -6.4089298661306e-06,
      3.118460383143833e-05,
      8.174273112224894e-08,
      -0.014470205957852457,
      3.793012081371495e-05,
      -6.804643751085788e-05,
      -1.7836691706403563e-07
    ],
    [
      -7.957943246816632e-06,
      0.0001265201395690758,
      -1.3797459102843455e-08,
      2.1928105396031058e-07,
      -6.3597149464677435e-06,
      0.00010111014475146171,
      -2.990664738397964e-08,
      4.753020907615463e-07,
      -6.4089298661306e-06,
      0.00010189299873125187,
      -8.174273112224894e-08,
      1.2991255926525648e-06,
      3.793012081371495e-05,
      -0.0006030333180334155,
      1.7836691706403563e-07,
      -2.8347600289239154e-06
    ],
    [
      5.263688772022623e-06,
      -1.3797459102843458e-08,
      0.0001265704394660089,
      -3.313896864531371e-07,
      -1.1409295209394861e-05,
      2.990664738397964e-08,
      0.00010103370688432095,
      -2.6514098859953885e-07,
      3.118460383143833e-05,
      -8.174273112224893e-08,
      0.00010193350775496813,
      -2.6688469532460643e-07,
      6.804643751085788e-05,
      -1.7836691706403563e-07,
      -0.0006025774332084197,
      1.5813334111513919e-06
    ],
    [
      1.3797459102843455e-08,
      2.1928105396031058e-07,
      -3.313896864531371e-07,
      5.274713594156925e-06,
      -2.990664738397964e-08,
      -4.753020907615463e-07,
      -2.6514098859953885e-07,
      4.2104923504979454e-06,
      8.174273112224893e-08,
      1.2991255926525648e-06,
      -2.6688469532460643e-07,
      4.247990773545703e-06,
      1.7836691706403563e-07,
      2.834760028923916e-06,
      1.5813334111513919e-06,
      -2.5111893360615373e-05
    ],
    [
      0.0024262085944990073,
      -6.359714946467744e-06,
      -1.1409295209394863e-05,
      -2.990664738397964e-08,
      0.049903228984370385,
      -0.00013080863629870066,
      0.0002342949419738431,
      6.14146280279598e-07,
      0.014470205957852457,
      -3.793012081371495e-05,
      -6.804643751085788e-05,
      -1.7836691706403563e-07,
      0.1088304584957925,
      -0.00028527139732893107,
      0.0005125967067354331,
      1.3436455694390713e-06
    ],
    [
      -6.359714946467744e-06,
      0.00010111014475146174,
      2.9906647383979644e-08,
      -4.7530209076154634e-07,
      -0.00013080863629870066,
      0.002079673906693472,
      -6.14146280279598e-07,
      9.760539431333482e-06,
      -3.793012081371495e-05,
      0.0006030333180334155,
      1.7836691706403563e-07,
      -2.8347600289239154e-06,
      -0.00028527139732893107,
      0.004535415230506896,
      -1.3436455694390713e-06,
      2.1354367816533774e-05
    ],
    [
      1.1409295209394863e-05,
      -2.9906647383979644e-08,
      0.00010103370688432097,
      -2.651409885995389e-07,
      0.00023429494197384316,
      -6.14146280279598e-07,
      0.002080500710896483,
      -5.447215646546532e-06,
      6.804643751085788e-05,
      -1.7836691706403563e-07,
      0.0006025774332084197,
      -1.5813334111513919e-06,
      0.0005125967067354331,
      -1.3436455694390711e-06,
      0.004537218349910813,
      -1.1879451258049554e-05
    ],
    [
      2.990664738397965e-08,
      4.7530209076154634e-07,
      -2.651409885995389e-07,
      4.210492350497947e-06,
      6.141462802795981e-07,
      9.760539431333486e-06,
      -5.447215646546532e-06,
      8.670306770457217e-05,
      1.7836691706403563e-07,
      2.834760028923916e-06,
      -1.5813334111513919e-06,
      2.5111893360615373e-05,
      1.3436455694390711e-06,
      2.1354367816533774e-05,
      -1.1879451258049554e-05,
      0.0001890846504989818
    ],
    [
      0.002444993722921812,
      -6.4089298661306e-06,
      3.118460383143833e-05,
      8.174273112224894e-08,
      0.014470205957852457,
      -3.793012081371495e-05,
      6.804643751085788e-05,
      1.7836691706403563e-07,
      0.04981409653451206,
      -0.00013057499822651135,
      8.636731008941286e-05,
      2.263905562036815e-07,
      0.10852181589065873,
      -0.0002844635107230578,
      0.000510326044085172,
      1.3376935885355164e-06
    ],
    [
      -6.4089298661306e-06,
      0.00010189299873125187,
      -8.174273112224894e-08,
      1.2991255926525648e-06,
      -3.793012081371495e-05,
      0.0006030333180334155,
      -1.7836691706403563e-07,
      2.8347600289239154e-06,
      -0.00013057499822651135,
      0.002075959388936153,
      -2.263905562036815e-07,
      3.5979928913703692e-06,
      -0.0002844635107230578,
      0.004522552816882486,
      -1.3376935885355164e-06,
      2.12597738310793e-05
    ],
    [
      3.118460383143833e-05,
      -8.174273112224893e-08,
      0.00010193350775496813,
      -2.6688469532460643e-07,
      -6.804643751085788e-05,
      1.7836691706403563e-07,
      0.0006025774332084197,
      -1.5813334111513919e-06,
      8.636731008941288e-05,
      -2.263905562036815e-07,
      0.0020767847163793286,
      -5.4374863427446595e-06,
      -0.000510326044085172,
      1.3376935885355164e-06,
      0.004519133829675973,
      -1.1859483811534319e-05
    ],
    [
      8.174273112224893e-08,
      1.2991255926525648e-06,
      -2.6688469532460643e-07,
      4.247990773545703e-06,
      -1.7836691706403563e-07,
      -2.834760028923916e-06,
      -1.5813334111513919e-06,
      2.5111893360615373e-05,
      2.2639055620368155e-07,
      3.59799289137037e-06,
      -5.4374863427446595e-06,
      8.654820684702803e-05,
      -1.3376935885355164e-06,
      -2.12597738310793e-05,
      -1.1859483811534319e-05,
      0.00018833099375947004
    ],
    [
      -0.014470205957852457,
      3.793012081371495e-05,
      6.804643751085788e-05,
      1.7836691706403563e-07,
      0.1088304584957925,
      -0.00028527139732893107,
      0.0005125967067354331,
      1.3436455694390713e-06,
      0.10852181589065873,
