{
  "config": {
    "symbols": [
      "H",
      "H"
    ],
    "geometry": [
      [
        0.0,
        0.0,
        0.0
      ],
      [
        0.0,
        0.0,
        0.7414
      ]
    ],
    "basis": "STO-3G",
    "ansatz": "TwoQubit-RY-CNOT",
    "optimizer": {
      "name": "Adam",
      "stepsize": 0.2,
      "iterations_planned": 50
    },
    "seed": 4,
    "noisy": false,
    "depolarizing_prob": 0.0,
    "amplitude_damping_prob": 0.0
  },
  "energies": [
    -0.8867098837565275,
    -0.8867098837565275,
    -0.8727732884165819,
    -0.8829699195568974,
    -0.8886219859956421,
    -0.8848482265268384,
    -0.8849626584827053,
    -0.8906449108570151,
    -0.8946575146923396,
    -0.8933225048275146,
    -0.8906448366749992,
    -0.8900282607875137,
    -0.8923802735900369,
    -0.8958880099632558,
    -0.8971002894084229,
    -0.8950596537505047,
    -0.8928900008944957,
    -0.8936347677485467,
    -0.8963336199862514,
    -0.8978990602925726,
    -0.8970477169767942,
    -0.8953277906732526,
    -0.8949054073160109,
    -0.8961933715424794,
    -0.8977224593189423,
    -0.897920561002736,
    -0.896888817509252,
    -0.8961717219092376,
    -0.8966805098134676,
    -0.8976591937374153,
    -0.897950508801279,
    -0.8974743564458711,
    -0.8970453157364452,
    -0.8971969153003915,
    -0.8976647908528631,
    -0.8978942977968187,
    -0.8977428492758813,
    -0.8975461431369222,
    -0.8975885839607777,
    -0.897768612979264,
    -0.8978637438776964,
    -0.8978507672320342,
    -0.8978196388677052,
    -0.8978084564462556,
    -0.8978286789279628,
    -0.8978918684346247,
    -0.8979559163284729,
    -0.8979513001474244,
    -0.8978923632077254,
    -0.8978807565029685,
    -0.897958609664897
  ],
  "final_params": [
    -0.0036669785501293774,
    -0.002619733279324428,
    0.12264676329027104
  ],
  "final_state_real": [
    0.0,
    0.0,
    0.0,
    -0.0612824011628189,
    0.0,
    0.0,
    0.0018334866748925293,
    0.0,
    0.0,
    0.0013098640634179213,
    0.0,
    0.0,
    0.9981179238398975,
    0.0,
    0.0,
    0.0
  ],
  "final_state_imag": [
    0.0,
    0.0,
    0.0,
    0.0,
    0.0,
    0.0,
    0.0,
    0.0,
    0.0,
    0.0,
    0.0,
    0.0,
    0.0,
    0.0,
    0.0,
    0.0
  ]
}