{
  "config": {
    "symbols": [
      "H",
      "H"
    ],
    "geometry": [
      [
        0.0,
        0.0,
        0.0
      ],
      [
        0.0,
        0.0,
        0.7414
      ]
    ],
    "basis": "STO-3G",
    "ansatz": "RY-CZ",
    "optimizer": {
      "name": "Adam",
      "stepsize": 0.2,
      "iterations_planned": 50
    },
    "seed": 4,
    "noisy": true,
    "depolarizing_prob": 0.02,
    "amplitude_damping_prob": 0.0
  },
  "energies": [
    1.3069906473228314,
    1.3069906473228314,
    1.2765760632652998,
    1.2176048362816638,
    1.1225644806642443,
    0.9912951616581495,
    0.8223437791124675,
    0.6228796686232644,
    0.4043023598794656,
    0.18278795141276585,
    -0.024559076180863143,
    -0.21711735617260908,
    -0.3953043597065833,
    -0.5484897860414545,
    -0.66547388639717,
    -0.7436461677110904,
    -0.7943534852098867,
    -0.825432435151508,
    -0.8358966045842366,
    -0.8254067794514159,
    -0.7999729017103465,
    -0.7696249308218879,
    -0.7410457639991596,
    -0.716360915707691,
    -0.6963546882423216,
    -0.6826130505541053,
    -0.677397453880922,
    -0.6818171853618098,
    -0.6945544893604421,
    -0.7125638509273571,
    -0.7328151923716617,
    -0.753579824247782,
    -0.774213997233525,
    -0.7938278942467161,
    -0.8106996124438263,
    -0.8232030736935678,
    -0.8310105982878888,
    -0.8350621734176882,
    -0.8363584056361584,
    -0.8352291881646958,
    -0.8318725770672091,
    -0.8271284707936393,
    -0.822341802922797,
    -0.8185241288328938,
    -0.815938731732413,
    -0.8145055332275917,
    -0.8143158770768129,
    -0.8155729247402717,
    -0.8181569659429601,
    -0.8215116857778804,
    -0.8250247122407325
  ],
  "final_params": [
    2.988222049843388,
    2.9875122404234022,
    0.015254972330496235,
    -0.019964339430611808
  ],
  "final_state_real": [
    [
      0.0003540646771745026,
      -3.4866780632829426e-06,
      -1.033632031231122e-06,
      -1.017881120181722e-08,
      -0.0005426453366785965,
      5.343756843827409e-06,
      4.083158496016991e-06,
      4.0209376434039356e-08,
      -0.0005362333513472576,
      5.280597539024486e-06,
      1.0399906262871235e-05,
      1.0241428203446667e-07,
      -0.005405074017709927,
      5.322703305683888e-05,
      4.067071511587447e-05,
      4.0050957990756514e-07
    ],
    [
      -3.4866780632829426e-06,
      4.819933971588755e-06,
      1.0178811201817219e-08,
      -1.3865017318139263e-08,
      5.343756843827409e-06,
      -7.3871099304614206e-06,
      -4.0209376434039356e-08,
      5.477100317078337e-08,
      5.280597539024485e-06,
      -7.299822641115078e-06,
      -1.0241428203446667e-07,
      1.3950310757106593e-07,
      5.322703305683888e-05,
      -7.358005911465684e-05,
      -4.005095799075651e-07,
      5.455521427205256e-07
    ],
    [
      -1.033632031231122e-06,
      1.017881120181722e-08,
      4.805253788438804e-06,
      -4.6914450285686575e-08,
      -4.083158496016991e-06,
      4.0209376434039356e-08,
      -7.301479290117574e-06,
      7.252377735958635e-08,
      1.0399906262871234e-05,
      -1.0241428203446665e-07,
      -7.277589404318601e-06,
      7.105225266769328e-08,
      -4.067071511587447e-05,
      4.0050957990756514e-07,
      -7.272712642002557e-05,
      7.223804540029706e-07
    ],
    [
      -1.0178811201817219e-08,
      -1.3865017318139263e-08,
      -4.6914450285686575e-08,
      6.541461905161111e-08,
      -4.0209376434039356e-08,
      -5.477100317078337e-08,
      7.252377735958635e-08,
      -9.939610004062781e-08,
      1.0241428203446665e-07,
      1.3950310757106593e-07,
      7.105225266769328e-08,
      -9.9070883548944e-08,
      -4.005095799075651e-07,
      -5.455521427205256e-07,
      7.223804540029706e-07,
      -9.900449547390062e-07
    ],
    [
      -0.0005426453366785965,
      5.343756843827409e-06,
      -4.083158496016991e-06,
      -4.0209376434039356e-08,
      0.018184483797766725,
      -0.00017907304748885933,
      -0.00013680769174018146,
      -1.3472295972882268e-06,
      0.005405074017709927,
      -5.322703305683888e-05,
      4.067071511587447e-05,
      4.0050957990756514e-07,
      -0.07097385221754653,
      0.0006989202525606396,
      0.0005341310193512115,
      5.259917106607619e-06
    ],
    [
      5.343756843827409e-06,
      -7.3871099304614206e-06,
      4.0209376434039356e-08,
      -5.477100317078337e-08,
      -0.00017907304748885933,
      0.00024754802402800365,
      1.3472295972882266e-06,
      -1.8351221304287702e-06,
      -5.322703305683888e-05,
      7.358005911465684e-05,
      -4.005095799075651e-07,
      5.455521427205256e-07,
      0.0006989202525606396,
      -0.0009661773778954848,
      -5.259917106607619e-06,
      7.164770062939338e-06
    ],
    [
      4.083158496016991e-06,
      -4.0209376434039356e-08,
      -7.301479290117574e-06,
      7.252377735958635e-08,
      -0.00013680769174018146,
      1.3472295972882268e-06,
      0.00024679406134873056,
      -2.409489328077587e-06,
      -4.067071511587447e-05,
      4.0050957990756514e-07,
      7.272712642002557e-05,
      -7.223804540029706e-07,
      0.0005341310193512114,
      -5.2599171066076185e-06,
      -0.0009632346693549838,
      9.404211931038496e-06
    ],
    [
      4.0209376434039356e-08,
      5.477100317078337e-08,
      7.252377735958635e-08,
      -9.939610004062781e-08,
      -1.3472295972882266e-06,
      -1.8351221304287702e-06,
      -2.409489328077587e-06,
      3.359643469023144e-06,
      -4.005095799075651e-07,
      -5.455521427205256e-07,
      -7.223804540029706e-07,
      9.900449547390062e-07,
      5.2599171066076185e-06,
      7.164770062939336e-06,
      9.404211931038494e-06,
      -1.3112653717636896e-05
    ],
    [
      -0.0005362333513472576,
      5.280597539024486e-06,
      1.0399906262871235e-05,
      1.0241428203446667e-07,
      0.005405074017709927,
      -5.322703305683888e-05,
      -4.067071511587447e-05,
      -4.0050957990756514e-07,
      0.018235968799142185,
      -0.00017958004984310822,
      -5.323683125282427e-05,
      -5.242558646911102e-07,
      -0.07130356512265972,
      0.0007021693330043039,
      0.0005365267847115591,
      5.283509683607951e-06
    ],
    [
      5.280597539024485e-06,
      -7.299822641115078e-06,
      -1.0241428203446667e-07,
      1.3950310757106593e-07,
      -5.322703305683888e-05,
      7.358005911465684e-05,
      4.005095799075651e-07,
      -5.455521427205256e-07,
      -0.00017958004984310822,
      0.00024824889684349363,
      5.242558646911099e-07,
      -7.141125322945984e-07,
      0.0007021693330043039,
      -0.0009706658076504902,
      -5.283509683607951e-06,
      7.196906574974338e-06
    ],
    [
      1.0399906262871234e-05,
      -1.0241428203446665e-07,
      -7.277589404318601e-06,
      7.105225266769328e-08,
      4.067071511587447e-05,
      -4.0050957990756514e-07,
      7.272712642002557e-05,
      -7.223804540029706e-07,
      -5.323683125282427e-05,
      5.242558646911102e-07,
      0.00024749279949985443,
      -2.416311218803209e-06,
      -0.0005365267847115591,
      5.283509683607951e-06,
      -0.0009594139465774285,
      9.529620052670588e-06
    ],
    [
      1.0241428203446665e-07,
      1.3950310757106593e-07,
      7.105225266769328e-08,
      -9.9070883548944e-08,
      4.005095799075651e-07,
      5.455521427205256e-07,
      -7.223804540029706e-07,
      9.900449547390062e-07,
      -5.242558646911099e-07,
      -7.141125322945984e-07,
      -2.416311218803209e-06,
      3.3691554931502705e-06,
      -5.283509683607951e-06,
      -7.196906574974338e-06,
      9.529620052670588e-06,
      -1.3060641662499053e-05
    ],
    [
      -0.005405074017709927,
      5.322703305683888e-05,
      -4.067071511587447e-05,
      -4.0050957990756514e-07,
      -0.07097385221754653,
      0.0006989202525606396,
      0.0005341310193512115,
      5.259917106607619e-06,
