{
  "config": {
    "symbols": [
      "H",
      "H"
    ],
    "geometry": [
      [
        0.0,
        0.0,
        0.0
      ],
      [
        0.0,
        0.0,
        0.7414
      ]
    ],
    "basis": "STO-3G",
    "ansatz": "RY-CZ",
    "optimizer": {
      "name": "Adam",
      "stepsize": 0.1,
      "iterations_planned": 50
    },
    "seed": 2,
    "noisy": false,
    "depolarizing_prob": 0.0,
    "amplitude_damping_prob": 0.0
  },
  "energies": [
    1.3487736047327472,
    1.3487736047327472,
    1.3402890034331638,
    1.3233475928891294,
    1.2945555931981791,
    1.2542479168042522,
    1.2034199011532607,
    1.1436037296882084,
    1.0751853798274182,
    0.995824402369963,
    0.9048549116007584,
    0.8030911145209738,
    0.6918272927658623,
    0.5727338413381914,
    0.44790562660183586,
    0.3199107663792966,
    0.1917924051205625,
    0.06693582424109223,
    -0.05142081260580075,
    -0.1613508635623007,
    -0.2634514989259592,
    -0.3596624270828357,
    -0.4505987322529564,
    -0.5350995018019391,
    -0.6111600606048005,
    -0.6767601388599617,
    -0.7305855000089416,
    -0.772795966575599,
    -0.8053634952169479,
    -0.8311027685593575,
    -0.8519798167247747,
    -0.8684834716972422,
    -0.8802121209082099,
    -0.8867346927863864,
    -0.8882365329803995,
    -0.8857774346806966,
    -0.881014903065009,
    -0.8755231492993715,
    -0.8702335052428948,
    -0.8653742407457163,
    -0.8607901103449009,
    -0.856333061597817,
    -0.8521166101468182,
    -0.8485430829110439,
    -0.8461163127050122,
    -0.8451743771230904,
    -0.8457256486249309,
    -0.8474775211571637,
    -0.8500071544113339,
    -0.852956275179315,
    -0.8561453310779333
  ],
  "final_params": [
    -3.416262095114418,
    -3.416842188627422,
    0.02309877839087606,
    -0.03199009467384183
  ],
  "final_state_real": [
    0.018778225122835245,
    -0.00030038421710020533,
    0.00021688667381706644,
    3.4694084924342667e-06,
    0.13558256033709062,
    -0.002168834433120756,
    -0.0015659653852671145,
    -2.5049826763843866e-05,
    0.13587255064556786,
    -0.0021734732374384578,
    0.0015693147451258552,
    2.5103404502547787e-05,
    -0.9810271298566506,
    0.01569291370342024,
    0.011330767936111886,
    0.00018125162699717304
  ],
  "final_state_imag": [
    0.0,
    0.0,
    0.0,
    0.0,
    0.0,
    0.0,
    0.0,
    0.0,
    0.0,
    0.0,
    0.0,
    0.0,
    0.0,
    0.0,
    0.0,
    0.0
  ]
}