{
  "config": {
    "symbols": [
      "H",
      "H"
    ],
    "geometry": [
      [
        0.0,
        0.0,
        0.0
      ],
      [
        0.0,
        0.0,
        0.7414
      ]
    ],
    "basis": "STO-3G",
    "ansatz": "RY-CZ",
    "optimizer": {
      "name": "Adam",
      "stepsize": 0.1,
      "iterations_planned": 50
    },
    "seed": 4,
    "noisy": true,
    "depolarizing_prob": 0.08,
    "amplitude_damping_prob": 0.0
  },
  "energies": [
    1.1903147757311263,
    1.1903147757311263,
    1.183846884131095,
    1.170727382265975,
    1.148077782955435,
    1.1155524454611228,
    1.073111810381709,
    1.0209239596733144,
    0.9591959482709191,
    0.8885803623528443,
    0.8096493190646237,
    0.7234726519583031,
    0.6310444609500557,
    0.533744257753031,
    0.4329351180616021,
    0.3301628241666229,
    0.22700841833086513,
    0.12499787861548431,
    0.02568575640887613,
    -0.06957957121055311,
    -0.15953383789615228,
    -0.24318384239868412,
    -0.3197548682873558,
    -0.38870094061000543,
    -0.4497194084289739,
    -0.5027194465242579,
    -0.5479307988339679,
    -0.5855524145755416,
    -0.616114902703613,
    -0.6401367974900396,
    -0.6582585263749033,
    -0.6711340083884303,
    -0.6794842557610383,
    -0.6840188050791183,
    -0.6854012020246689,
    -0.6843662356763698,
    -0.6815043406880793,
    -0.6774387159678508,
    -0.6726954371758294,
    -0.6677408667950024,
    -0.6629616952546905,
    -0.658674513814179,
    -0.6551077815547461,
    -0.652404165602554,
    -0.6506648548492386,
    -0.6498827559787659,
    -0.6500362024812192,
    -0.6510384410919495,
    -0.6527717443155867,
    -0.6551047877281427,
    -0.6578866752342936
  ],
  "final_params": [
    3.417377784334368,
    3.4165949513683516,
    -0.0014933399238991141,
    -0.000623246648561694
  ],
  "final_state_real": [
    [
      0.0044119377955087495,
      -1.2974056209732967e-06,
      1.5315955555423257e-06,
      4.503918508123354e-10,
      0.003743507569171955,
      -1.1008424410575326e-06,
      2.6376911333763013e-06,
      7.756581606245125e-10,
      0.0037654947011812718,
      -1.1073079942402945e-06,
      5.385148913641968e-06,
      1.5835950798749981e-09,
      -0.013220899645332343,
      3.887831711200101e-06,
      -9.31550133808456e-06,
      -2.7393823870290954e-09
    ],
    [
      -1.2974056209732967e-06,
      0.0002485603028828624,
      -4.503918508123353e-10,
      8.628692529191201e-08,
      -1.1008424410575326e-06,
      0.00021090219725783166,
      -7.756581606245125e-10,
      1.4860206204254023e-07,
      -1.107307994240295e-06,
      0.00021214091104870258,
      -1.5835950798749981e-09,
      3.0338814990404597e-07,
      3.887831711200101e-06,
      -0.0007448406964334361,
      2.7393823870290954e-09,
      -5.248160750449472e-07
    ],
    [
      1.5315955555423257e-06,
      -4.503918508123354e-10,
      0.00024856232772318287,
      -7.309255339214542e-08,
      -2.6376911333763013e-06,
      7.756581606245125e-10,
      0.00021089975444096932,
      -6.201990424349998e-08,
      5.385148913641968e-06,
      -1.5835950798749981e-09,
      0.00021214263920667987,
      -6.238293358852656e-08,
      9.31550133808456e-06,
      -2.7393823870290954e-09,
      -0.0007448320691671647,
      2.1903493311162335e-07
    ],
    [
      4.5039185081233515e-10,
      8.628692529191201e-08,
      -7.309255339214542e-08,
      1.4003535482081597e-05,
      -7.756581606245125e-10,
      -1.4860206204254023e-07,
      -6.201990424349998e-08,
      1.188169672181968e-05,
      1.5835950798749981e-09,
      3.0338814990404597e-07,
      -6.238293358852656e-08,
      1.1951718519073481e-05,
      2.7393823870290954e-09,
      5.248160750449472e-07,
      2.1903493311162335e-07,
      -4.1962442194339965e-05
    ],
    [
      0.003743507569171955,
      -1.1008424410575328e-06,
      -2.6376911333763025e-06,
      -7.756581606245125e-10,
      0.05851055319026987,
      -1.720602694638844e-05,
      4.1137929332842576e-05,
      1.209731124105107e-08,
      0.013220899645332343,
      -3.887831711200101e-06,
      -9.31550133808456e-06,
      -2.7393823870290954e-09,
      0.10113939960183407,
      -2.9741766912231083e-05,
      7.141715421960949e-05,
      2.1001434845069316e-08
    ],
    [
      -1.1008424410575328e-06,
      0.00021090219725783166,
      7.756581606245125e-10,
      -1.4860206204254033e-07,
      -1.720602694638844e-05,
      0.0032963748576922717,
      -1.209731124105107e-08,
      2.317625839381622e-06,
      -3.887831711200101e-06,
      0.0007448406964334361,
      2.7393823870290954e-09,
      -5.248160750449472e-07,
      -2.9741766912231087e-05,
      0.0056980041341502825,
      -2.1001434845069316e-08,
      4.023494732933172e-06
    ],
    [
      2.6376911333763025e-06,
      -7.756581606245125e-10,
      0.00021089975444096932,
      -6.20199042435e-08,
      4.1137929332842576e-05,
      -1.209731124105107e-08,
      0.003296401710864904,
      -9.69344068589845e-07,
      9.31550133808456e-06,
      -2.7393823870290954e-09,
      0.0007448320691671647,
      -2.1903493311162335e-07,
      7.141715421960949e-05,
      -2.1001434845069316e-08,
      0.005698050551652927,
      -1.6755759732088731e-06
    ],
    [
      7.756581606245125e-10,
      1.4860206204254033e-07,
      -6.20199042435e-08,
      1.188169672181968e-05,
      1.2097311241051065e-08,
      2.317625839381622e-06,
      -9.69344068589845e-07,
      0.000185713091537748,
      2.7393823870290954e-09,
      5.248160750449472e-07,
      -2.1903493311162335e-07,
      4.1962442194339965e-05,
      2.1001434845069316e-08,
      4.023494732933172e-06,
      -1.6755759732088733e-06,
      0.00032101748406391476
    ],
    [
      0.0037654947011812718,
      -1.1073079942402945e-06,
      5.385148913641968e-06,
      1.5835950798749981e-09,
      0.013220899645332343,
      -3.887831711200101e-06,
      9.31550133808456e-06,
      2.7393823870290954e-09,
      0.05842534192500223,
      -1.7180969119271972e-05,
      2.02822428989064e-05,
      5.964340184200378e-09,
      0.10084801803561143,
      -2.9656084914686887e-05,
      7.105793646089644e-05,
      2.0895800723446294e-08
    ],
    [
      -1.107307994240295e-06,
      0.00021214091104870258,
      -1.5835950798749981e-09,
      3.0338814990404597e-07,
      -3.887831711200101e-06,
      0.0007448406964334361,
      -2.7393823870290954e-09,
      5.248160750449472e-07,
      -1.7180969119271975e-05,
      0.0032915742147807793,
      -5.964340184200378e-09,
      1.1426596084308013e-06,
      -2.9656084914686887e-05,
      0.0056815882430585,
      -2.08958007234463e-08,
      4.003257147496574e-06
    ],
    [
      5.385148913641968e-06,
      -1.5835950798749981e-09,
      0.00021214263920667987,
      -6.238293358852656e-08,
      -9.31550133808456e-06,
      2.7393823870290954e-09,
      0.0007448320691671647,
      -2.1903493311162335e-07,
      2.02822428989064e-05,
      -5.964340184200378e-09,
      0.003291601028846059,
      -9.679323739457081e-07,
      -7.105793646089643e-05,
      2.0895800723446294e-08,
      0.00568152243492684,
      -1.6707818285776467e-06
    ],
    [
      1.5835950798749981e-09,
      3.0338814990404597e-07,
      -6.238293358852656e-08,
      1.1951718519073481e-05,
      -2.7393823870290954e-09,
      -5.248160750449472e-07,
      -2.1903493311162335e-07,
      4.1962442194339965e-05,
      5.964340184200377e-09,
      1.1426596084308013e-06,
      -9.679323739457081e-07,
      0.00018544263011422948,
      -2.0895800723446294e-08,
      -4.003257147496574e-06,
      -1.6707818285776467e-06,
      0.00032008632095828314
    ],
    [
      -0.013220899645332343,
      3.887831711200101e-06,
      9.31550133808456e-06,
      2.7393823870290954e-09,
      0.10113939960183407,
      -2.9741766912231083e-05,
      7.141715421960949e-05,
      2.1001434845069316e-08,
      0.10084801803561144,
