{
  "config": {
    "symbols": [
      "H",
      "H"
    ],
    "geometry": [
      [
        0.0,
        0.0,
        0.0
      ],
      [
        0.0,
        0.0,
        0.7414
      ]
    ],
    "basis": "STO-3G",
    "ansatz": "Minimal",
    "optimizer": {
      "name": "Adam",
      "stepsize": 0.2,
      "iterations_planned": 50
    },
    "seed": 2,
    "noisy": false,
    "depolarizing_prob": 0.0,
    "amplitude_damping_prob": 0.0
  },
  "energies": [
    1.3487898539803307,
    1.3487898539803307,
    1.3255670952654814,
    1.2789060422478318,
    1.198616706368216,
    1.0851187940575049,
    0.9403131648317389,
    0.7675734064592238,
    0.5718119044836931,
    0.3594856149231427,
    0.13849961766932317,
    -0.0820270003245882,
    -0.2921730701918428,
    -0.48184732968223903,
    -0.6416729304905366,
    -0.7641179016506731,
    -0.8447702380557006,
    -0.883488362126623,
    -0.884965596943101,
    -0.8582125111493842,
    -0.8148141533949114,
    -0.7664931744697534,
    -0.7229547107397652,
    -0.6907379918480813,
    -0.673124219497424,
    -0.6706834386620751,
    -0.682012031587303,
    -0.7044080855283769,
    -0.7344168469297487,
    -0.7682711188265364,
    -0.8022700863763572,
    -0.833122149353053,
    -0.8582487925308921,
    -0.8760214668684916,
    -0.8858904541299526,
    -0.8883696386928341,
    -0.8848654868423205,
    -0.8773757792278454,
    -0.8681188965622758,
    -0.8591712589902704,
    -0.8521812400500037,
    -0.8481989203225887,
    -0.8476275769626139,
    -0.8502780675378819,
    -0.8554958895985965,
    -0.862329653624848,
    -0.8697133437997439,
    -0.876638947480959,
    -0.8822995897987017,
    -0.8861871219357402,
    -0.8881336847305206
  ],
  "final_params": [
    -3.1567341711235724
  ],
  "final_state_real": [
    -0.00757068644567194,
    0.0,
    0.0,
    0.0,
    0.0,
    0.0,
    0.0,
    0.0,
    0.0,
    0.0,
    0.0,
    0.0,
    -0.9999713419427285,
    0.0,
    0.0,
    0.0
  ],
  "final_state_imag": [
    0.0,
    0.0,
    0.0,
    0.0,
    0.0,
    0.0,
    0.0,
    0.0,
    0.0,
    0.0,
    0.0,
    0.0,
    0.0,
    0.0,
    0.0,
    0.0
  ]
}