{
  "config": {
    "symbols": [
      "H",
      "H"
    ],
    "geometry": [
      [
        0.0,
        0.0,
        0.0
      ],
      [
        0.0,
        0.0,
        0.7414
      ]
    ],
    "basis": "STO-3G",
    "ansatz": "RY-CZ",
    "optimizer": {
      "name": "Adam",
      "stepsize": 0.2,
      "iterations_planned": 50
    },
    "seed": 4,
    "noisy": false,
    "depolarizing_prob": 0.0,
    "amplitude_damping_prob": 0.0
  },
  "energies": [
    1.3487862397331525,
    1.3487862397331525,
    1.3163986586282714,
    1.253560879349683,
    1.1522006763381583,
    1.019939553800504,
    0.8489332688946366,
    0.6440185215910119,
    0.4154410385975881,
    0.17752054224900968,
    -0.05103510507496095,
    -0.25124851059657016,
    -0.42184731955137605,
    -0.573107418043309,
    -0.7011465342684594,
    -0.7965163970324368,
    -0.8528380856409576,
    -0.8743309566710152,
    -0.8754434993390471,
    -0.8662190807058187,
    -0.8483882703518485,
    -0.8220997055755858,
    -0.7903066199004776,
    -0.7592424687192585,
    -0.7356323721228538,
    -0.7232248929281307,
    -0.7219286898356838,
    -0.7292847094450512,
    -0.7423720631496632,
    -0.759173116811257,
    -0.7788722251122409,
    -0.8009199036167162,
    -0.8238382530939328,
    -0.8451169955888661,
    -0.8623036031603524,
    -0.8742860892502476,
    -0.8816384588897525,
    -0.8856608306057794,
    -0.8871336389279962,
    -0.8860949673390093,
    -0.8826106508352615,
    -0.8775034664517894,
    -0.8722452859547455,
    -0.8681473018384388,
    -0.8657137719549866,
    -0.8647428461629615,
    -0.8649068093931234,
    -0.8661594321765406,
    -0.8686138388310766,
    -0.8721262538358662,
    -0.8761219426590515
  ],
  "final_params": [
    2.9911877608607615,
    2.9904891518694905,
    0.006267155705406443,
    0.005652532544696515
  ],
  "final_state_real": [
    0.005670873550999163,
    1.6027441326527448e-05,
    1.777018192857217e-05,
    -5.022339956279355e-08,
    0.0749165898807424,
    0.00021173479498331636,
    -0.00023475773523718587,
    6.634896358779729e-07,
    0.07526589125923534,
    0.0002127220163168064,
    0.00023585230188338222,
    -6.665831809098129e-07,
    -0.9943201619234133,
    -0.002810221020040715,
    0.003115789836208429,
    -8.806075172813978e-06
  ],
  "final_state_imag": [
    0.0,
    0.0,
    0.0,
    0.0,
    0.0,
    0.0,
    0.0,
    0.0,
    0.0,
    0.0,
    0.0,
    0.0,
    0.0,
    0.0,
    0.0,
    0.0
  ]
}