{
  "config": {
    "symbols": [
      "H",
      "H"
    ],
    "geometry": [
      [
        0.0,
        0.0,
        0.0
      ],
      [
        0.0,
        0.0,
        0.7414
      ]
    ],
    "basis": "STO-3G",
    "ansatz": "Minimal",
    "optimizer": {
      "name": "Adam",
      "stepsize": 0.1,
      "iterations_planned": 50
    },
    "seed": 3,
    "noisy": false,
    "depolarizing_prob": 0.0,
    "amplitude_damping_prob": 0.0
  },
  "energies": [
    1.3486206405478063,
    1.3486206405478063,
    1.3410358624404797,
    1.326202309489323,
    1.302409071810918,
    1.2693467548869408,
    1.2268467176302524,
    1.1748512342459407,
    1.113419888522519,
    1.0427405370301654,
    0.9631402702111229,
    0.8750951108342321,
    0.7792376886021145,
    0.6763621793518606,
    0.5674257676360116,
    0.45354585605173137,
    0.3359922247246289,
    0.21617335225526613,
    0.0956161582476866,
    -0.024061466123336483,
    -0.14118578749427796,
    -0.25407017530580983,
    -0.3610655861008596,
    -0.4606177043687687,
    -0.5513290478734567,
    -0.632023327740776,
    -0.7018081712260081,
    -0.7601310954530339,
    -0.806822607372208,
    -0.8421198668335541,
    -0.8666649268587858,
    -0.8814735309063946,
    -0.8878738858818095,
    -0.8874193225502044,
    -0.8817833216767039,
    -0.8726487219971942,
    -0.8616039216021953,
    -0.8500571521678558,
    -0.8391760139499301,
    -0.8298546724674112,
    -0.822706810011103,
    -0.8180795316507289,
    -0.8160822092994305,
    -0.8166244145845739,
    -0.8194580843242202,
    -0.824220336065615,
    -0.8304745257246761,
    -0.8377480309510952,
    -0.8455658217569756,
    -0.8534792031289378,
    -0.8610892769386733
  ],
  "final_params": [
    3.3326689271774987
  ],
  "final_state_real": [
    -0.09539286515113732,
    0.0,
    0.0,
    0.0,
    0.0,
    0.0,
    0.0,
    0.0,
    0.0,
    0.0,
    0.0,
    0.0,
    0.995439702482404,
    0.0,
    0.0,
    0.0
  ],
  "final_state_imag": [
    0.0,
    0.0,
    0.0,
    0.0,
    0.0,
    0.0,
    0.0,
    0.0,
    0.0,
    0.0,
    0.0,
    0.0,
    0.0,
    0.0,
    0.0,
    0.0
  ]
}