{
  "config": {
    "symbols": [
      "H",
      "H"
    ],
    "geometry": [
      [
        0.0,
        0.0,
        0.0
      ],
      [
        0.0,
        0.0,
        0.7414
      ]
    ],
    "basis": "STO-3G",
    "ansatz": "RY-CZ",
    "optimizer": {
      "name": "Adam",
      "stepsize": 0.1,
      "iterations_planned": 50
    },
    "seed": 4,
    "noisy": true,
    "depolarizing_prob": 0.02,
    "amplitude_damping_prob": 0.0
  },
  "energies": [
    1.3069906473228314,
    1.3069906473228314,
    1.299073468228841,
    1.2832203385821006,
    1.2561850028993957,
    1.2182588842668967,
    1.1703501769586784,
    1.113377535271419,
    1.0458931753602225,
    0.9669507628111352,
    0.8771154424794588,
    0.7774301147982643,
    0.6693224291199067,
    0.554666331445735,
    0.43583493752612823,
    0.31568007541152665,
    0.19725869377392113,
    0.08287726571264835,
    -0.02730318154874306,
    -0.13427116545107978,
    -0.23759497464881718,
    -0.33537107087732354,
    -0.42516944697151937,
    -0.5047631716505616,
    -0.5729625502614981,
    -0.630506158237934,
    -0.6796474821265022,
    -0.7220818396427323,
    -0.757944078263203,
    -0.7865319089192148,
    -0.8073536880743875,
    -0.8209155853148792,
    -0.8288740101614096,
    -0.8331962928926406,
    -0.8350905828395532,
    -0.8348328383221078,
    -0.8323393500430736,
    -0.8277921903950354,
    -0.8219241514121683,
    -0.8158118041639447,
    -0.8103563075751348,
    -0.8059324113908437,
    -0.8024620188718448,
    -0.7997391320336168,
    -0.7977185642478362,
    -0.796586072669794,
    -0.7965910739868123,
    -0.7978067363258449,
    -0.8000335287837047,
    -0.80290806997286,
    -0.8061030033495015
  ],
  "final_params": [
    3.417480819307763,
    3.416717020837945,
    -0.011649756847308696,
    0.01997645661317311
  ],
  "final_state_real": [
    [
      0.00097732168728431,
      9.630095548415406e-06,
      -9.711770827568936e-07,
      9.569583913817316e-09,
      -0.0007174375138724457,
      -7.069324839474802e-06,
      -4.122550905962191e-06,
      4.062193963803027e-08,
      -0.0007059732645607553,
      -6.956348232932506e-06,
      2.3457971773231965e-05,
      -2.3114531151688506e-07,
      -0.01706052620856798,
      -0.000168107186157237,
      -9.803346830540592e-05,
      9.659819181976829e-07
    ],
    [
      9.630095548415406e-06,
      1.3304540584940688e-05,
      -9.569583913817316e-09,
      -1.3027136556531651e-08,
      -7.069324839474802e-06,
      -9.766668073229957e-06,
      -4.062193963803027e-08,
      -5.5298909505534805e-08,
      -6.956348232932506e-06,
      -9.61060219213088e-06,
      2.3114531151688506e-07,
      3.1465960951392586e-07,
      -0.000168107186157237,
      -0.0002322494899024032,
      -9.659819181976829e-07,
      -1.314997441145988e-06
    ],
    [
      -9.711770827568936e-07,
      -9.569583913817316e-09,
      1.3240204258894606e-05,
      1.2980973693756048e-07,
      4.122550905962191e-06,
      4.062193963803027e-08,
      -9.670763335286303e-06,
      -9.577123486045696e-08,
      2.3457971773231965e-05,
      2.3114531151688506e-07,
      -9.564128521568217e-06,
      -9.376872011530744e-08,
      9.803346830540592e-05,
      9.659819181976829e-07,
      -0.00022996889366429734,
      -2.2774215604430197e-06
    ],
    [
      9.569583913817316e-09,
      -1.3027136556531651e-08,
      1.2980973693756048e-07,
      1.8024242908683464e-07,
      -4.062193963803027e-08,
      5.5298909505534805e-08,
      -9.577123486045696e-08,
      -1.316506785388089e-07,
      -2.31145311516885e-07,
      3.1465960951392586e-07,
      -9.376872011530744e-08,
      -1.3019903040151838e-07,
      -9.659819181976829e-07,
      1.314997441145988e-06,
      -2.2774215604430197e-06,
      -3.130627836093936e-06
    ],
    [
      -0.0007174375138724457,
      -7.069324839474802e-06,
      4.122550905962191e-06,
      -4.062193963803027e-08,
      0.029915213465951034,
      0.0002947712792794553,
      0.00017181010548360763,
      -1.692946889767947e-06,
      0.01706052620856798,
      0.000168107186157237,
      -9.803346830540592e-05,
      9.659819181976829e-07,
      0.12489312526658211,
      0.001230641604812271,
      0.000718034033425009,
      -7.075215280339738e-06
    ],
    [
      -7.069324839474802e-06,
      -9.766668073229957e-06,
      4.062193963803027e-08,
      5.5298909505534805e-08,
      0.00029477127927945523,
      0.0004072437733074948,
      1.6929468897679472e-06,
      2.3046195649237036e-06,
      0.000168107186157237,
      0.0002322494899024032,
      -9.659819181976829e-07,
      -1.314997441145988e-06,
      0.001230641604812271,
      0.00170020339823477,
      7.075215280339738e-06,
      9.631536381719061e-06
    ],
    [
      -4.122550905962191e-06,
      -4.062193963803027e-08,
      -9.670763335286303e-06,
      -9.577123486045696e-08,
      0.00017181010548360763,
      1.692946889767947e-06,
      0.00040527447808737986,
      3.973395905330398e-06,
      9.803346830540592e-05,
      9.659819181976829e-07,
      0.00022996889366429734,
      2.2774215604430197e-06,
      0.000718034033425009,
      7.075215280339738e-06,
      0.001691981781000027,
      1.658854392274272e-05
    ],
    [
      4.062193963803027e-08,
      -5.5298909505534805e-08,
      -9.577123486045696e-08,
      -1.316506785388089e-07,
      -1.6929468897679472e-06,
      2.3046195649237036e-06,
      3.973395905330398e-06,
      5.517109475731539e-06,
      -9.659819181976829e-07,
      1.314997441145988e-06,
      2.2774215604430197e-06,
      3.130627836093936e-06,
      -7.075215280339738e-06,
      9.631536381719061e-06,
      1.658854392274272e-05,
      2.3033398897395446e-05
    ],
    [
      -0.0007059732645607553,
      -6.956348232932506e-06,
      2.3457971773231965e-05,
      -2.3114531151688506e-07,
      0.01706052620856798,
      0.000168107186157237,
      9.803346830540592e-05,
      -9.659819181976829e-07,
      0.029816785745154065,
      0.00029380141606223615,
      -2.9629322027663223e-05,
      2.9195528651515377e-07,
      0.1245426547921967,
      0.0012271904745325953,
      0.0007156489930017668,
      -7.051714062206303e-06
    ],
    [
      -6.956348232932506e-06,
      -9.61060219213088e-06,
      2.3114531151688506e-07,
      3.1465960951392586e-07,
      0.000168107186157237,
      0.0002322494899024032,
      9.659819181976829e-07,
      1.314997441145988e-06,
      0.00029380141606223615,
      0.0004059038505133273,
      -2.919552865151537e-07,
      -3.9744062229734517e-07,
      0.0012271904745325955,
      0.0016954323502666843,
      7.051714062206303e-06,
      9.599544021275152e-06
    ],
    [
      2.3457971773231965e-05,
      2.3114531151688506e-07,
      -9.564128521568217e-06,
      -9.376872011530744e-08,
      -9.803346830540592e-05,
      -9.659819181976829e-07,
      0.00022996889366429734,
      2.2774215604430197e-06,
      -2.962932202766325e-05,
      -2.91955286515154e-07,
      0.00040394103471346827,
      3.960322547079726e-06,
      -0.0007156489930017668,
      -7.051714062206303e-06,
      0.0016787838889865058,
      1.6625285981865895e-05
    ],
    [
      -2.31145311516885e-07,
      3.1465960951392586e-07,
      -9.376872011530744e-08,
      -1.3019903040151838e-07,
      9.659819181976829e-07,
      -1.314997441145988e-06,
      2.2774215604430197e-06,
      3.130627836093936e-06,
      2.919552865151539e-07,
      -3.9744062229734554e-07,
      3.960322547079726e-06,
      5.498956955720217e-06,
      7.051714062206303e-06,
      -9.599544021275152e-06,
      1.6625285981865895e-05,
      2.2853732476181088e-05
    ],
    [
      -0.01706052620856798,
      -0.000168107186157237,
      9.803346830540592e-05,
      -9.659819181976829e-07,
      0.12489312526658211,
      0.001230641604812271,
      0.000718034033425009,
      -7.075215280339738e-06,
      0.1245426547921967,
      0.0012271904745325953,
