{
  "config": {
    "symbols": [
      "H",
      "H"
    ],
    "geometry": [
      [
        0.0,
        0.0,
        0.0
      ],
      [
        0.0,
        0.0,
        0.7414
      ]
    ],
    "basis": "STO-3G",
    "ansatz": "RY-CZ",
    "optimizer": {
      "name": "Adam",
      "stepsize": 0.1,
      "iterations_planned": 50
    },
    "seed": 0,
    "noisy": true,
    "depolarizing_prob": 0.02,
    "amplitude_damping_prob": 0.0
  },
  "energies": [
    1.3068746204601367,
    1.3068746204601367,
    1.297772446447164,
    1.2799676410512668,
    1.2511843143260166,
    1.212098641597775,
    1.163827769542213,
    1.105154421785526,
    1.0344355384387793,
    0.9518677438409475,
    0.8583241438238925,
    0.7552490364829999,
    0.6447196964673779,
    0.5294468871096218,
    0.4125357209120916,
    0.29652866262591293,
    0.18178795981403273,
    0.06738347678624404,
    -0.046019128981125895,
    -0.1560767407857059,
    -0.25987237381975103,
    -0.35474932525500175,
    -0.43919017113900227,
    -0.5135888362304438,
    -0.579594311925792,
    -0.6382060412445875,
    -0.6891223500464816,
    -0.7314884463195817,
    -0.7648300078477972,
    -0.7897206359036296,
    -0.8077981179619211,
    -0.8208700267172264,
    -0.8299732440837785,
    -0.8353414340936597,
    -0.8369953281969608,
    -0.8353229989911586,
    -0.831291715018386,
    -0.8261445429029827,
    -0.8208405579167131,
    -0.815778261397841,
    -0.8109736281861251,
    -0.8064245726320236,
    -0.8023581551772043,
    -0.7992005512783634,
    -0.7973188059416597,
    -0.7967859818071665,
    -0.7973788185125872,
    -0.7987725496798058,
    -0.8007494273693339,
    -0.803263471999079,
    -0.8063313152530609
  ],
  "final_params": [
    3.4134048281882206,
    3.415462087662173,
    0.02298824675679088,
    0.020488365335176593
  ],
  "final_state_real": [
    [
      0.000955676760010763,
      9.658117951948664e-06,
      1.8253125634965983e-06,
      -1.8446819817787684e-08,
      -0.0006435662915313944,
      -6.503960131380491e-06,
      7.297581491006719e-06,
      -7.375020232827882e-08,
      -0.0006741032226753894,
      -6.81252145999062e-06,
      -4.538040976048604e-05,
      4.586196681325914e-07,
      -0.01673824219401366,
      -0.00016915873521002313,
      0.00018979969590446336,
      -1.9181376723302515e-06
    ],
    [
      9.658117951948664e-06,
      1.3014831222131828e-05,
      1.8446819817787704e-08,
      2.4474853017631178e-08,
      -6.503960131380491e-06,
      -8.764372029346041e-06,
      7.375020232827876e-08,
      9.785021916160615e-08,
      -6.81252145999062e-06,
      -9.180237541108078e-06,
      -4.586196681325914e-07,
      -6.084869413489034e-07,
      -0.0001691587352100231,
      -0.00022794882770592833,
      1.918137672330251e-06,
      2.5449447688861487e-06
    ],
    [
      1.8253125634965983e-06,
      1.8446819817787684e-08,
      1.3040797761070647e-05,
      1.2923924480303525e-07,
      -7.297581491006716e-06,
      -7.375020232827876e-08,
      -8.611824986194733e-06,
      -8.875054021240846e-08,
      -4.538040976048604e-05,
      -4.586196681325914e-07,
      -9.198553490927965e-06,
      -9.116114889816773e-08,
      -0.00018979969590446336,
      -1.9181376723302515e-06,
      -0.0002239812964852185,
      -2.3082750859899186e-06
    ],
    [
      -1.8446819817787704e-08,
      2.4474853017631178e-08,
      1.2923924480303525e-07,
      1.7759538472022445e-07,
      7.375020232827876e-08,
      -9.785021916160612e-08,
      -8.875054021240846e-08,
      -1.172796633755119e-07,
      4.586196681325914e-07,
      -6.084869413489034e-07,
      -9.116114889816773e-08,
      -1.252699931416462e-07,
      1.918137672330251e-06,
      -2.5449447688861487e-06,
      -2.3082750859899186e-06,
      -3.050276926935585e-06
    ],
    [
      -0.0006435662915313945,
      -6.503960131380496e-06,
      -7.297581491006726e-06,
      7.375020232827883e-08,
      0.029411582799529972,
      0.0002972349519393626,
      -0.00033333401628585094,
      3.3687121102073407e-06,
      0.01673824219401366,
      0.00016915873521002313,
      0.00018979969590446336,
      -1.9181376723302515e-06,
      0.12310304497942047,
      0.0012440856348143218,
      -0.0013966120502209366,
      1.4114322862285319e-05
    ],
    [
      -6.503960131380498e-06,
      -8.764372029346045e-06,
      -7.375020232827878e-08,
      -9.785021916160623e-08,
      0.0002972349519393626,
      0.0004005400174294571,
      -3.3687121102073402e-06,
      -4.469536460508827e-06,
      0.0001691587352100231,
      0.00022794882770592833,
      1.918137672330251e-06,
      2.5449447688861487e-06,
      0.0012440856348143218,
      0.0016764720252479678,
      -1.4114322862285319e-05,
      -1.8726587070836026e-05
    ],
    [
      7.297581491006716e-06,
      7.375020232827878e-08,
      -8.611824986194735e-06,
      -8.875054021240852e-08,
      -0.00033333401628585094,
      -3.3687121102073407e-06,
      0.0004013391547967902,
      3.977423024737344e-06,
      -0.00018979969590446336,
      -1.9181376723302515e-06,
      0.0002239812964852185,
      2.3082750859899186e-06,
      -0.0013966120502209363,
      -1.4114322862285319e-05,
      0.0016798168382063882,
      1.6647621070031248e-05
    ],
    [
      -7.375020232827878e-08,
      9.785021916160612e-08,
      -8.875054021240854e-08,
      -1.1727966337551192e-07,
      3.3687121102073402e-06,
      -4.469536460508827e-06,
      3.977423024737344e-06,
      5.465615133776441e-06,
      1.918137672330251e-06,
      -2.5449447688861487e-06,
      2.3082750859899186e-06,
      3.050276926935585e-06,
      1.4114322862285319e-05,
      -1.872658707083602e-05,
      1.6647621070031248e-05,
      2.2876492919117384e-05
    ],
    [
      -0.0006741032226753894,
      -6.81252145999062e-06,
      -4.538040976048604e-05,
      4.586196681325914e-07,
      0.01673824219401366,
      0.00016915873521002313,
      -0.00018979969590446336,
      1.9181376723302515e-06,
      0.02967416635968128,
      0.0002998886347558783,
      5.6676724740072545e-05,
      -5.727815334485407e-07,
      0.12404651772429494,
      0.0012536293717242363,
      -0.0014065987974829991,
      1.4215250084829685e-05
    ],
    [
      -6.81252145999062e-06,
      -9.180237541108078e-06,
      -4.586196681325914e-07,
      -6.084869413489034e-07,
      0.0001691587352100231,
      0.00022794882770592833,
      -1.918137672330251e-06,
      -2.5449447688861487e-06,
      0.0002998886347558783,
      0.0004041159971540631,
      5.727815334485409e-07,
      7.599545060254014e-07,
      0.0012536293717242363,
      0.0016893206567633815,
      -1.4215250084829685e-05,
      -1.8860495189506393e-05
    ],
    [
      -4.538040976048604e-05,
      -4.586196681325914e-07,
      -9.198553490927965e-06,
      -9.116114889816773e-08,
      0.00018979969590446336,
      1.9181376723302515e-06,
      0.0002239812964852185,
      2.3082750859899186e-06,
      5.6676724740072545e-05,
      5.727815334485407e-07,
      0.00040492226913691116,
      4.0129330448944365e-06,
      0.0014065987974829991,
      1.4215250084829685e-05,
      0.0016599174239634946,
      1.7106544585022353e-05
    ],
    [
      4.586196681325914e-07,
      -6.084869413489034e-07,
      -9.116114889816773e-08,
      -1.252699931416462e-07,
      -1.918137672330251e-06,
      2.5449447688861487e-06,
      2.3082750859899186e-06,
      3.050276926935585e-06,
      -5.727815334485409e-07,
      7.599545060254014e-07,
      4.0129330448944365e-06,
      5.514411578701763e-06,
      -1.4215250084829685e-05,
      1.8860495189506393e-05,
      1.7106544585022353e-05,
      2.2605493844296702e-05
    ],
    [
      -0.01673824219401366,
      -0.00016915873521002313,
      -0.00018979969590446336,
      1.9181376723302515e-06,
      0.12310304497942047,
      0.0012440856348143218,
      -0.0013966120502209366,
      1.4114322862285319e-05,
      0.12404651772429494,
