{
  "config": {
    "symbols": [
      "H",
      "H"
    ],
    "geometry": [
      [
        0.0,
        0.0,
        0.0
      ],
      [
        0.0,
        0.0,
        0.7414
      ]
    ],
    "basis": "STO-3G",
    "ansatz": "RY-CZ",
    "optimizer": {
      "name": "Adam",
      "stepsize": 0.2,
      "iterations_planned": 50
    },
    "seed": 0,
    "noisy": true,
    "depolarizing_prob": 0.06,
    "amplitude_damping_prob": 0.0
  },
  "energies": [
    1.227654682850315,
    1.227654682850315,
    1.1990604954105133,
    1.1450020447006288,
    1.051115066175025,
    0.9208316587348473,
    0.7623665929689379,
    0.5843131019568477,
    0.3880383553377017,
    0.18584956713206746,
    -0.007235853673141973,
    -0.18629578429470364,
    -0.3473239510856966,
    -0.4803080613579874,
    -0.5818722970467008,
    -0.6572594973220591,
    -0.7066458653361949,
    -0.7298874909161459,
    -0.733347477368534,
    -0.72341335297465,
    -0.7026058863825286,
    -0.6750063574257721,
    -0.6471415284686055,
    -0.6232310986165137,
    -0.6047169831057768,
    -0.5930831550278375,
    -0.5899453381431555,
    -0.5949532175766249,
    -0.6060693287890737,
    -0.6215819224408639,
    -0.6403603884478771,
    -0.6605808065605461,
    -0.6799974059849756,
    -0.6973090866900881,
    -0.7119933098687948,
    -0.7233095057042006,
    -0.730704944961768,
    -0.7345278893983618,
    -0.7354367459605892,
    -0.7338703886620387,
    -0.7305132160585784,
    -0.72637936046855,
    -0.7222461384131948,
    -0.7186101164984305,
    -0.715983167286474,
    -0.7147167203589431,
    -0.7148075214334897,
    -0.7161055622682662,
    -0.7184170911643433,
    -0.7214022779172456,
    -0.7246566467252409
  ],
  "final_params": [
    2.9887094369604266,
    2.9908428312795623,
    -0.008318082019777342,
    -0.007828568472305349
  ],
  "final_state_real": [
    [
      0.0018904058976820658,
      -7.091291389343355e-06,
      5.720458863808804e-06,
      2.1458645999224012e-08,
      -0.002175288996483088,
      8.159968512921918e-06,
      -8.670198142135715e-06,
      -3.2523739284674e-08,
      -0.002216252725091362,
      8.313608143795738e-06,
      -1.1634998896067055e-05,
      -4.3645331337253706e-08,
      -0.004459860128111608,
      1.6729877398480898e-05,
      -1.777596956517269e-05,
      -6.668140568325743e-08
    ],
    [
      -7.091291389343355e-06,
      7.879582647832724e-05,
      -2.1458645999224012e-08,
      2.3826495717053785e-07,
      8.159968512921918e-06,
      -9.06703129297596e-05,
      3.252373928467401e-08,
      -3.6112564362023673e-07,
      8.313608143795738e-06,
      -9.237776150219613e-05,
      4.3645331337253706e-08,
      -4.846136611853673e-07,
      1.6729877398480895e-05,
      -0.0001858957196458108,
      6.668140568325743e-08,
      -7.403935117699003e-07
    ],
    [
      5.720458863808804e-06,
      -2.1458645999224012e-08,
      7.87995555132256e-05,
      -2.9534802353267386e-07,
      8.670198142135715e-06,
      -3.2523739284673996e-08,
      -9.059947905809375e-05,
      3.4013959256505936e-07,
      -1.1634998896067055e-05,
      4.3645331337253706e-08,
      -9.238213330603235e-05,
      3.462567815765052e-07,
      1.777596956517269e-05,
      -6.668140568325743e-08,
      -0.0001857504933515238,
      6.97367112749439e-07
    ],
    [
      2.1458645999224012e-08,
      2.3826495717053785e-07,
      -2.9534802353267386e-07,
      3.28452006545406e-06,
      3.2523739284674e-08,
      3.6112564362023673e-07,
      3.4013959256505936e-07,
      -3.776364028297713e-06,
      -4.3645331337253706e-08,
      -4.846136611853673e-07,
      3.462567815765052e-07,
      -3.8506685546238596e-06,
      6.668140568325743e-08,
      7.403935117699003e-07,
      6.973671127494388e-07,
      -7.742444974561719e-06
    ],
    [
      -0.002175288996483088,
      8.159968512921917e-06,
      8.670198142135711e-06,
      3.252373928467399e-08,
      0.039917031642710654,
      -0.00014973678569410966,
      0.00015902422022117486,
      5.965333425641935e-07,
      0.004459860128111608,
      -1.6729877398480898e-05,
      -1.777596956517269e-05,
      -6.668140568325743e-08,
      -0.06161006831994722,
      0.00023111171389689317,
      -0.00024567984032777406,
      -9.215968243549965e-07
    ],
    [
      8.159968512921917e-06,
      -9.06703129297596e-05,
      -3.2523739284673996e-08,
      3.611256436202366e-07,
      -0.00014973678569410966,
      0.0016638201894659517,
      -5.965333425641935e-07,
      6.6235768706932894e-06,
      -1.6729877398480895e-05,
      0.0001858957196458108,
      6.668140568325743e-08,
      -7.403935117699003e-07,
      0.00023111171389689317,
      -0.00256802851631439,
      9.215968243549965e-07,
      -1.023290229455239e-05
    ],
    [
      -8.670198142135711e-06,
      3.252373928467399e-08,
      -9.059947905809374e-05,
      3.401395925650593e-07,
      0.00015902422022117486,
      -5.965333425641935e-07,
      0.0016638989302296245,
      -6.236447111925263e-06,
      1.777596956517269e-05,
      -6.668140568325743e-08,
      0.0001857504933515238,
      -6.97367112749439e-07,
      -0.00024567984032777406,
      9.215968243549965e-07,
      -0.0025681500489942947,
      9.625663954138658e-06
    ],
    [
      -3.2523739284673996e-08,
      -3.611256436202366e-07,
      3.401395925650593e-07,
      -3.776364028297712e-06,
      5.965333425641935e-07,
      6.6235768706932894e-06,
      -6.236447111925263e-06,
      6.93545717057946e-05,
      6.668140568325743e-08,
      7.403935117699003e-07,
      -6.973671127494388e-07,
      7.742444974561719e-06,
      -9.215968243549965e-07,
      -1.023290229455239e-05,
      9.625663954138658e-06,
      -0.00010704553232667471
    ],
    [
      -0.002216252725091362,
      8.313608143795738e-06,
      -1.1634998896067055e-05,
      -4.3645331337253706e-08,
      0.004459860128111608,
      -1.6729877398480898e-05,
      1.777596956517269e-05,
      6.668140568325743e-08,
      0.03978025648247417,
      -0.00014922371465616452,
      0.0001203769629997361,
      4.515593411248e-07,
      -0.06074654765153521,
      0.0002278731317570437,
      -0.00024212167001305137,
      -9.082493781087443e-07
    ],
    [
      8.313608143795738e-06,
      -9.237776150219613e-05,
      4.3645331337253706e-08,
      -4.846136611853673e-07,
      -1.6729877398480895e-05,
      0.0001858957196458108,
      -6.668140568325743e-08,
      7.403935117699003e-07,
      -0.00014922371465616455,
      0.0016581191324571078,
      -4.515593411248e-07,
      5.0138656034936875e-06,
      0.0002278731317570437,
      -0.0025320352807706005,
      9.082493781087445e-07,
      -1.0084699620986018e-05
    ],
    [
      -1.1634998896067055e-05,
      4.3645331337253706e-08,
      -9.238213330603235e-05,
      3.462567815765052e-07,
      -1.777596956517269e-05,
      6.668140568325743e-08,
      0.0001857504933515238,
      -6.97367112749439e-07,
      0.0001203769629997361,
      -4.515593411248e-07,
      0.0016581976034166358,
      -6.21507801162053e-06,
      0.00024212167001305132,
      -9.082493781087441e-07,
      -0.0025300571927246206,
      9.498648685913949e-06
    ],
    [
      -4.3645331337253706e-08,
      -4.846136611853673e-07,
      3.462567815765052e-07,
      -3.8506685546238596e-06,
      -6.668140568325743e-08,
      -7.403935117699003e-07,
      -6.973671127494388e-07,
      7.742444974561719e-06,
      4.515593411248e-07,
      5.0138656034936875e-06,
      -6.215078011620532e-06,
      6.911692921917131e-05,
      9.082493781087443e-07,
      1.0084699620986018e-05,
      9.498648685913949e-06,
      -0.00010545774734548654
    ],
    [
      -0.004459860128111608,
      1.6729877398480898e-05,
      1.777596956517269e-05,
      6.668140568325743e-08,
      -0.06161006831994722,
      0.00023111171389689317,
      -0.00024567984032777406,
      -9.215968243549965e-07,
      -0.0607465476515352,
      0.00022787313175704364,
