{
  "config": {
    "symbols": [
      "H",
      "H"
    ],
    "geometry": [
      [
        0.0,
        0.0,
        0.0
      ],
      [
        0.0,
        0.0,
        0.7414
      ]
    ],
    "basis": "STO-3G",
    "ansatz": "RY-CZ",
    "optimizer": {
      "name": "Adam",
      "stepsize": 0.2,
      "iterations_planned": 50
    },
    "seed": 1,
    "noisy": false,
    "depolarizing_prob": 0.0,
    "amplitude_damping_prob": 0.0
  },
  "energies": [
    1.3486836996264313,
    1.3486836996264313,
    1.3138394505146425,
    1.2467222947899679,
    1.1413627799894743,
    1.0048468408117543,
    0.8297674739990947,
    0.6216998813195898,
    0.39134576089455964,
    0.15357051082952228,
    -0.07248259816167399,
    -0.2689868499398355,
    -0.43813888119000494,
    -0.5882224163800787,
    -0.713415812261401,
    -0.8042182566238213,
    -0.855629931228655,
    -0.8744711450283397,
    -0.8753693361571827,
    -0.8660549493910014,
    -0.8472185880263418,
    -0.8194736662591197,
    -0.7868774948330803,
    -0.756405054918469,
    -0.7344165338328679,
    -0.723660880137826,
    -0.7233337724739767,
    -0.7308879976566169,
    -0.7438214453952957,
    -0.7606809371366476,
    -0.7808624362099299,
    -0.8034672705929307,
    -0.8264776221773189,
    -0.8471867164920133,
    -0.8634763577625879,
    -0.8748074050687875,
    -0.8820160108290125,
    -0.8861245409703936,
    -0.8874753742344154,
    -0.8860032925888002,
    -0.8820779432694693,
    -0.8768759666882424,
    -0.8718896345013686,
    -0.868127699868689,
    -0.8658189345041765,
    -0.8647752506988953,
    -0.86489769802067,
    -0.8662965054888061,
    -0.8689936270398045,
    -0.8726283025831719,
    -0.8765354790539246
  ],
  "final_params": [
    2.992784538398814,
    -2.994297604685286,
    -0.017108354522440153,
    0.0013444860272826577
  ],
  "final_state_real": [
    0.0054694711407176745,
    3.6768143165242163e-06,
    -4.6787966888488766e-05,
    3.1452888601233854e-08,
    -0.07413119282349162,
    -4.983418397535717e-05,
    -0.0006341468317491827,
    4.2630084148280617e-07,
    0.0733746876024453,
    4.932562854911838e-05,
    -0.0006276753941416631,
    4.2195046210760767e-07,
    0.9944934300003655,
    0.000668541361136942,
    0.008507280590125073,
    -5.7189608032845565e-06
  ],
  "final_state_imag": [
    0.0,
    0.0,
    0.0,
    0.0,
    0.0,
    0.0,
    0.0,
    0.0,
    0.0,
    0.0,
    0.0,
    0.0,
    0.0,
    0.0,
    0.0,
    0.0
  ]
}