{
  "molecule": "H2O",
  "symbols": [
    "O",
    "H",
    "H"
  ],
  "geometry": [
    [
      0.0,
      0.0,
      0.0
    ],
    [
      0.7341769942852285,
      0.0,
      0.6160476451235793
    ],
    [
      -0.7341769942852285,
      0.0,
      0.6160476451235793
    ]
  ],
  "basis": "STO-3G",
  "electrons": 10,
  "num_wires": 14,
  "ansatz": "UCCSD",
  "optimizer": {
    "name": "Adam",
    "stepsize": 0.2,
    "iterations_planned": 20,
    "iterations_ran": 20
  },
  "seed": 1,
  "energies": [
    -73.21291633897584,
    -73.21291633897584,
    -68.77724747040176,
    -72.57177044294232,
    -72.14405487710656,
    -69.24576423255883,
    -70.3172978943715,
    -71.1836805858326,
    -71.3182381861287,
    -71.7221439691482,
    -71.69903149330108,
    -71.33583875179475,
    -71.37744207119366,
    -71.83936689488065,
    -72.17822084595545,
    -72.22691119944473,
    -72.1003798189573,
    -72.01300099218649,
    -72.11949034012402,
    -72.29024872906976,
    -72.40999328466339
  ],
  "final_params": [
    0.051698005592371934,
    0.03713185457816667,
    -0.08464492760645102,
    0.041991143877382106,
    -0.12018557271534208,
    -0.12102419270302163,
    0.2397396316515267,
    0.10055245774415356,
    0.1597505032939358,
    -0.12989279683989782,
    0.23177501829628985,
    0.12839854966288344,
    1.350880868571199,
    0.023142741970122067,
    1.7589125453454855,
    -0.34742799881952524,
    0.9713437068262837,
    -0.34399989867060876,
    -0.7505623515213264,
    -0.23486081113072135,
    -0.06952605484439019,
    0.01907019670879664,
    -0.02272617184882709,
    0.04201781617882755,
    0.013205043649118101,
    -0.058944473125427964,
    -0.008192711502997146,
    0.014514386285709363,
    -0.029093973948318037,
    -0.04856629470042786,
    -0.026566548200988235,
    0.05315276531452708,
    0.045030250776445666,
    0.00083786392866238,
    0.030951351933583657,
    0.0074673820762243895,
    -0.009228768215810453,
    0.08545559570574754,
    -0.04882160900660766,
    -0.00952826262741379,
    -0.08794839184377315,
    0.00018357738572482869,
    -0.03436791950880693,
    0.009680491535804798,
    0.07002279153350606,
    -0.07201281193862911,
    0.0028265941263196596,
    0.03669077574301201,
    0.010741910765984315,
    0.029383916150408026,
    -0.0005710432745560032,
    0.05808629224908183,
    0.020144849157903842,
    -0.06203620143317756,
    -0.07099801748205799,
    0.07080523526740895,
    -0.0011099405442418636,
    -0.005415396290688556,
    0.07362347514920589,
    -0.07746362051928411,
    0.017871557924332315,
    0.0015403139809280313,
    0.03188797073490392,
    -0.012139088066794753,
    0.04529220699838357,
    0.0070081760587721725,
    -0.08403525960524973,
    0.031941430475548316,
    -0.027476831667717853,
    0.028877054622630176,
    -0.022770014137096263,
    -0.008542347363424685,
    0.04125007254273088,
    0.020546015840654033,
    -0.06458731287402944,
    0.04950977579990225,
    -0.17107126662963126,
    0.03977629598132476,
    -0.008112950744616626,
    0.007061044551820574,
    0.04450718949331447,
    0.05891622640333224,
    0.004743356128984952,
    0.025580774906472155,
    0.06388356101338957,
    -0.06008707161879043,
    -0.05870348997982576,
    0.07524150710013867,
    0.26807515018299244,
    -0.01322614664306037,
    0.05043402297133882,
    0.03470621337025344,
    0.08337450191809384,
    0.07386452444787199,
    -0.03154392200765006,
    -0.06504632498862423,
    -0.03408455852992481,
    -0.1214946851458985,
    -0.042239372684912,
    -0.0843449607240744,
    0.03130323639746235,
    0.10679076660944892,
    -0.0036987625836357547,
    0.11763216984450413,
    0.03766045262068612,
    -0.02732550418798406,
    -0.07604424551556573,
    -0.014505731868569762,
    0.02392395614421519,
    0.016103185331546522,
    0.022292028734036552,
    0.0009700219536847438,
    0.1180117149184372,
    0.06673557257946883,
    0.04361227764459226,
    -0.050677546072889074,
    0.15378850253422205,
    0.18613205716088926,
    0.003665651930628712,
    -0.13714587454339755,
    0.029882913684058886,
    -0.10350471374246353,
    1.3595311114670243,
    -0.18357938457108453,
    0.0506815282366572,
    0.08020214624719611,
    -0.05849293052990084,
    -0.3700472659596411,
    -0.04338439932493378,
    -0.022677867817485677,
    0.049189515478720684,
    0.7295551226155494,
    -0.12403711716404205,
    -0.21934982309777204,
    0.07227400935194238,
    -0.06842454656699722,
    -0.08562228884574831,
    -0.08404325707745122,
    0.05665047504581241,
    0.09531580785273502
  ],
  "config_hash": "851f843eda52",
  "metadata": {
    "angle_deg": 100.0
  }
}