{
  "molecule": "H2O",
  "symbols": [
    "O",
    "H",
    "H"
  ],
  "geometry": [
    [
      0.0,
      0.0,
      0.0
    ],
    [
      0.7461307646871818,
      0.0,
      0.6015142907590155
    ],
    [
      -0.7461307646871818,
      0.0,
      0.6015142907590155
    ]
  ],
  "basis": "STO-3G",
  "electrons": 10,
  "num_wires": 14,
  "ansatz": "UCCSD",
  "optimizer": {
    "name": "Adam",
    "stepsize": 0.2,
    "iterations_planned": 20,
    "iterations_ran": 20
  },
  "seed": 1,
  "energies": [
    -73.2178232492662,
    -73.2178232492662,
    -68.78065824153107,
    -72.57677574448634,
    -72.14838402845902,
    -69.05964604946601,
    -70.48267092713459,
    -71.1804324998093,
    -71.23388424539117,
    -71.47911370388849,
    -71.68055413615276,
    -71.56519753301045,
    -71.46403433916551,
    -71.75228596054771,
    -72.08581252802446,
    -72.15119790010971,
    -72.08701320768287,
    -72.10512214351475,
    -72.25432022453103,
    -72.42742084322437,
    -72.6014921168928
  ],
  "final_params": [
    0.025752815792986324,
    0.10441920954311916,
    0.04637078906133966,
    0.004486736529617997,
    -0.042685382510718795,
    -0.07204368763804711,
    0.053993954385981084,
    0.2464701545668752,
    -0.12263116995288585,
    -0.03752461446145128,
    -0.32546279916286697,
    0.3565133264776833,
    -2.0664700160785636,
    -0.4411620905571343,
    -1.8599052043493887,
    1.3004193826474202,
    -1.5997817589526597,
    0.45227984533718163,
    -1.122455738343931,
    -0.40430574093886756,
    -0.08053295392948376,
    -0.10105178193899843,
    -0.06599247847093676,
    0.03912347188808618,
    -0.022674779282472288,
    -0.07458035883434284,
    0.059772143552515075,
    0.06680895875638715,
    0.0073017688070403305,
    -0.03879649574039183,
    -0.002125882136862923,
    0.04850741747467953,
    0.017428176732692403,
    0.02278300595394435,
    -0.2421810955400368,
    0.11880276349446348,
    0.03977408548928566,
    -0.06700515588594552,
    0.08907996868241327,
    -0.002035486860604452,
    0.09179249520191946,
    0.01685125070470018,
    0.054657425497197744,
    -0.025130835937822244,
    0.12530859313865927,
    -0.012914775108062167,
    -0.03527895077002504,
    0.03707108876993029,
    -0.04704971208089616,
    0.09835246579666625,
    0.10048708117397374,
    0.026334005384844806,
    0.0629565615075599,
    -0.034504774913054134,
    -0.13227192396647186,
    0.06862058134381906,
    0.014014398371615354,
    -0.09300820374153292,
    -0.042251278293612374,
    -0.20791482134836814,
    0.04975266714612451,
    -0.02217145543150248,
    -0.028133992729958063,
    0.005581514561455503,
    0.0629523131936083,
    0.048551556827455294,
    -0.03505909519955752,
    0.05115567047012613,
    0.026144320995229918,
    -0.040867649797105915,
    -0.04528457916693427,
    0.04480409185350572,
    -0.00708487067595787,
    0.19385762133266457,
    0.12140743565951675,
    0.013428372773529273,
    0.16073226486737466,
    -0.08507727268954145,
    0.09018837234197419,
    -0.11474027536265555,
    -0.025049195661199876,
    0.05701998205123457,
    0.0920926586441893,
    -0.03371619177233277,
    -0.026372493812735445,
    -0.029611672238205728,
    -0.06859394836761698,
    -0.054848093709268714,
    -0.24176205696813177,
    -0.3551776356074166,
    -0.03272146470560465,
    -0.015471414279291794,
    -0.10812586353692918,
    0.028917393017566424,
    -0.19248359800273174,
    -0.04923124365280826,
    -0.07735915567499245,
    -0.0637187838265989,
    0.03058958174420629,
    -0.12072758588335243,
    0.09252871889071732,
    0.052639881708024125,
    0.08033387046310782,
    0.2376898180974421,
    -0.13101675964228637,
    -0.02460593002027705,
    0.01042688024671429,
    0.0688862225727313,
    0.16284105724878467,
    0.12742561726650817,
    0.03218270153900143,
    0.007827419308361666,
    0.575544841193337,
    -0.44849413989137316,
    -0.039737935178755,
    -0.046910953345644206,
    -0.41227097595661893,
    0.13212471104872867,
    -0.25961117195078837,
    0.09219714816351843,
    0.04094942831919733,
    -0.16104392695955103,
    2.0384698479947647,
    -0.7935249866782786,
    0.1375117237734064,
    -0.008437588877530142,
    -0.09408780675006025,
    0.5817178986818473,
    0.20705934874916598,
    0.09045716200247986,
    0.020788159218106617,
    0.8110699613474301,
    -0.24978252010950386,
    -0.22040640120763266,
    0.0928579601233457,
    0.029640880971655438,
    0.3610853808508622,
    0.07933588975793202,
    -0.057686351826173,
    0.04183082817103954
  ],
  "config_hash": "2cd832cfd866",
  "metadata": {
    "angle_deg": 102.25
  }
}