{
  "config": {
    "symbols": [
      "H",
      "H",
      "H"
    ],
    "geometry": [
      [
        0.0,
        1.0,
        0.0
      ],
      [
        -0.866025,
        -0.5,
        0.0
      ],
      [
        0.866025,
        -0.5,
        0.0
      ]
    ],
    "basis": "STO-3G",
    "ansatz": "Minimal",
    "optimizer": {
      "name": "Adam",
      "stepsize": 0.2,
      "iterations_planned": 50
    },
    "seed": 0,
    "noisy": false,
    "depolarizing_prob": 0.0,
    "amplitude_damping_prob": 0.0
  },
  "energies": [
    1.7318196610509853,
    1.7318196610509853,
    1.6969440905846576,
    1.627799037064494,
    1.5137391137669685,
    1.35563515228493,
    1.1563806869575164,
    0.9208490013610342,
    0.6559567708171652,
    0.37064700763129316,
    0.07573282717840349,
    -0.21644762628944905,
    -0.4926195917278116,
    -0.7394587570105041,
    -0.9448149927161473,
    -1.099250140886419,
    -1.1977274683664902,
    -1.2410557778049507,
    -1.2364494433327033,
    -1.1965825387193099,
    -1.137070104851121,
    -1.0732116050900866,
    -1.0172991974505807,
    -0.9773279553982197,
    -0.9570452543533564,
    -0.9567469952522077,
    -0.9742570261372638,
    -1.0057980597972151,
    -1.046690692087708,
    -1.0919219060278957,
    -1.1366389484276878,
    -1.1765970249867286,
    -1.2085513203921865,
    -1.2305525149746424,
    -1.2420909555348731,
    -1.2440451239518175,
    -1.2384256676655825,
    -1.227956530501973,
    -1.215578925504378,
    -1.2039811703510501,
    -1.1952403249197296,
    -1.190621044330303,
    -1.1905336260335657,
    -1.1946230139469705,
    -1.2019478707821867,
    -1.2112087934540456,
    -1.2209899012309262,
    -1.2299834767053104,
    -1.237171988634366,
    -1.2419471170606584,
    -1.2441532666987036
  ],
  "final_params": [
    3.162033395382117
  ],
  "final_state_real": [
    -0.010220192967279338,
    0.0,
    0.0,
    0.0,
    0.0,
    0.0,
    0.0,
    0.0,
    0.0,
    0.0,
    0.0,
    0.0,
    0.0,
    0.0,
    0.0,
    0.0,
    0.0,
    0.0,
    0.0,
    0.0,
    0.0,
    0.0,
    0.0,
    0.0,
    0.0,
    0.0,
    0.0,
    0.0,
    0.0,
    0.0,
    0.0,
    0.0,
    0.0,
    0.0,
    0.0,
    0.0,
    0.0,
    0.0,
    0.0,
    0.0,
    0.0,
    0.0,
    0.0,
    0.0,
    0.0,
    0.0,
    0.0,
    0.0,
    0.999947772463998,
    0.0,
    0.0,
    0.0,
    0.0,
    0.0,
    0.0,
    0.0,
    0.0,
    0.0,
    0.0,
    0.0,
    0.0,
    0.0,
    0.0,
    0.0
  ],
  "final_state_imag": [
    0.0,
    0.0,
    0.0,
    0.0,
    0.0,
    0.0,
    0.0,
    0.0,
    0.0,
    0.0,
    0.0,
    0.0,
    0.0,
    0.0,
    0.0,
    0.0,
    0.0,
    0.0,
    0.0,
    0.0,
    0.0,
    0.0,
    0.0,
    0.0,
    0.0,
    0.0,
    0.0,
    0.0,
    0.0,
    0.0,
    0.0,
    0.0,
    0.0,
    0.0,
    0.0,
    0.0,
    0.0,
    0.0,
    0.0,
    0.0,
    0.0,
    0.0,
    0.0,
    0.0,
    0.0,
    0.0,
    0.0,
    0.0,
    0.0,
    0.0,
    0.0,
    0.0,
    0.0,
    0.0,
    0.0,
    0.0,
    0.0,
    0.0,
    0.0,
    0.0,
    0.0,
    0.0,
    0.0,
    0.0
  ]
}