{
  "config": {
    "symbols": [
      "H",
      "H",
      "H"
    ],
    "geometry": [
      [
        0.0,
        1.0,
        0.0
      ],
      [
        -0.866025,
        -0.5,
        0.0
      ],
      [
        0.866025,
        -0.5,
        0.0
      ]
    ],
    "basis": "STO-3G",
    "ansatz": "Minimal",
    "optimizer": {
      "name": "Adam",
      "stepsize": 0.2,
      "iterations_planned": 50
    },
    "seed": 2,
    "noisy": false,
    "depolarizing_prob": 0.0,
    "amplitude_damping_prob": 0.0
  },
  "energies": [
    1.7320382872441262,
    1.7320382872441262,
    1.7011422486551484,
    1.6390638327632256,
    1.5322460779086156,
    1.3812473930465714,
    1.1885967180366315,
    0.958782317968909,
    0.6983396830514433,
    0.4158592084747595,
    0.12185788045632805,
    -0.1715321955727131,
    -0.45111182461185295,
    -0.7034555258825906,
    -0.91608828943967,
    -1.0789895539145136,
    -1.186289592856385,
    -1.2378000933304176,
    -1.2397651268481458,
    -1.2041724464073014,
    -1.146434890235513,
    -1.0821483415709583,
    -1.0242245540427122,
    -0.9813633330449658,
    -0.9579299847633659,
    -0.9546828805982801,
    -0.9697546242638702,
    -0.9995505644617861,
    -1.0394744696640743,
    -1.0845144350392455,
    -1.1297468740734293,
    -1.1707926249021776,
    -1.2042212210384275,
    -1.227866038904118,
    -1.240995739060285,
    -1.2442940051900229,
    -1.2396320157570795,
    -1.2296676348059385,
    -1.217352210962633,
    -1.205448224778431,
    -1.196148678838907,
    -1.1908506019332856,
    -1.1900905113647093,
    -1.1936167663036088,
    -1.2005586091456881,
    -1.209650303256234,
    -1.2194736139194113,
    -1.228687475562317,
    -1.2362184186541127,
    -1.241390401369368,
    -1.2439801055940665
  ],
  "final_params": [
    -3.156734394658457
  ],
  "final_state_real": [
    -0.007570798209911268,
    0.0,
    0.0,
    0.0,
    0.0,
    0.0,
    0.0,
    0.0,
    0.0,
    0.0,
    0.0,
    0.0,
    0.0,
    0.0,
    0.0,
    0.0,
    0.0,
    0.0,
    0.0,
    0.0,
    0.0,
    0.0,
    0.0,
    0.0,
    0.0,
    0.0,
    0.0,
    0.0,
    0.0,
    0.0,
    0.0,
    0.0,
    0.0,
    0.0,
    0.0,
    0.0,
    0.0,
    0.0,
    0.0,
    0.0,
    0.0,
    0.0,
    0.0,
    0.0,
    0.0,
    0.0,
    0.0,
    0.0,
    -0.999971341096566,
    0.0,
    0.0,
    0.0,
    0.0,
    0.0,
    0.0,
    0.0,
    0.0,
    0.0,
    0.0,
    0.0,
    0.0,
    0.0,
    0.0,
    0.0
  ],
  "final_state_imag": [
    0.0,
    0.0,
    0.0,
    0.0,
    0.0,
    0.0,
    0.0,
    0.0,
    0.0,
    0.0,
    0.0,
    0.0,
    0.0,
    0.0,
    0.0,
    0.0,
    0.0,
    0.0,
    0.0,
    0.0,
    0.0,
    0.0,
    0.0,
    0.0,
    0.0,
    0.0,
    0.0,
    0.0,
    0.0,
    0.0,
    0.0,
    0.0,
    0.0,
    0.0,
    0.0,
    0.0,
    0.0,
    0.0,
    0.0,
    0.0,
    0.0,
    0.0,
    0.0,
    0.0,
    0.0,
    0.0,
    0.0,
    0.0,
    0.0,
    0.0,
    0.0,
    0.0,
    0.0,
    0.0,
    0.0,
    0.0,
    0.0,
    0.0,
    0.0,
    0.0,
    0.0,
    0.0,
    0.0,
    0.0
  ]
}