{
  "config": {
    "symbols": [
      "H",
      "H",
      "H"
    ],
    "geometry": [
      [
        0.0,
        1.0,
        0.0
      ],
      [
        -0.866025,
        -0.5,
        0.0
      ],
      [
        0.866025,
        -0.5,
        0.0
      ]
    ],
    "basis": "STO-3G",
    "ansatz": "TwoQubit-RY-CNOT",
    "optimizer": {
      "name": "Adam",
      "stepsize": 0.2,
      "iterations_planned": 50
    },
    "seed": 2,
    "noisy": false,
    "depolarizing_prob": 0.0,
    "amplitude_damping_prob": 0.0
  },
  "energies": [
    -1.2396288996136227,
    -1.2396288996136227,
    -1.205939113048986,
    -1.2512794800365423,
    -1.2409977584779663,
    -1.22930173208633,
    -1.237827147811159,
    -1.2520074438091713,
    -1.2605957874420604,
    -1.2590821932557952,
    -1.2520852725497205,
    -1.2511544508951449,
    -1.257877214161952,
    -1.2643187002532845,
    -1.2651520702340109,
    -1.2621305153740432,
    -1.2600072356010665,
    -1.2608867601507814,
    -1.2636245467274758,
    -1.2662146866827482,
    -1.2671411079672368,
    -1.2661901596709004,
    -1.2649431406233234,
    -1.265200854619449,
    -1.2668102332310354,
    -1.2681184262541665,
    -1.2681678703363835,
    -1.2675633488502471,
    -1.2673143102375568,
    -1.2676917034012556,
    -1.268360718455191,
    -1.268862697523882,
    -1.2689044360267567,
    -1.2686504366908264,
    -1.2685902245832055,
    -1.2689069982854613,
    -1.2692678715617038,
    -1.2693546714319095,
    -1.269265834499902,
    -1.2692509667138927,
    -1.2693691341530535,
    -1.2695292233435014,
    -1.269625017976994,
    -1.2696181915305655,
    -1.2695946388632193,
    -1.2696571086281319,
    -1.2697648259160281,
    -1.2698065694092295,
    -1.2697860554196139,
    -1.269792862295853,
    -1.2698500351963653
  ],
  "final_params": [
    -0.014245857018734983,
    -0.0035226877301041577,
    -0.015981071134438522,
    0.0010582566318117822,
    0.17014695778390543,
    -0.003607463324040391,
    0.002764244877598944,
    0.16286378533616813
  ],
  "final_state_real": [
    0.0,
    0.0,
    0.0,
    -0.08104408086132295,
    0.0,
    0.0,
    -0.0013629731369606357,
    0.0,
    0.0,
    0.0017933413070723003,
    0.0,
    0.0,
    -0.08490917530882365,
    0.0,
    0.0,
    0.0,
    0.0,
    0.0,
    0.001761241798163059,
    0.0,
    0.0,
    0.0,
    0.0,
    0.0,
    0.007122639889235829,
    0.0,
    0.0,
    0.0,
    0.0,
    0.0,
    0.0,
    0.0,
    0.0,
    -0.0005290971560502306,
    0.0,
    0.0,
    0.0079902354411288,
    0.0,
    0.0,
    0.0,
    0.0,
    0.0,
    0.0,
    0.0,
    0.0,
    0.0,
    0.0,
    0.0,
    0.9930253054978179,
    0.0,
    0.0,
    0.0,
    0.0,
    0.0,
    0.0,
    0.0,
    0.0,
    0.0,
    0.0,
    0.0,
    0.0,
    0.0,
    0.0,
    0.0
  ],
  "final_state_imag": [
    0.0,
    0.0,
    0.0,
    0.0,
    0.0,
    0.0,
    0.0,
    0.0,
    0.0,
    0.0,
    0.0,
    0.0,
    0.0,
    0.0,
    0.0,
    0.0,
    0.0,
    0.0,
    0.0,
    0.0,
    0.0,
    0.0,
    0.0,
    0.0,
    0.0,
    0.0,
    0.0,
    0.0,
    0.0,
    0.0,
    0.0,
    0.0,
    0.0,
    0.0,
    0.0,
    0.0,
    0.0,
    0.0,
    0.0,
    0.0,
    0.0,
    0.0,
    0.0,
    0.0,
    0.0,
    0.0,
    0.0,
    0.0,
    0.0,
    0.0,
    0.0,
    0.0,
    0.0,
    0.0,
    0.0,
    0.0,
    0.0,
    0.0,
    0.0,
    0.0,
    0.0,
    0.0,
    0.0,
    0.0
  ]
}