{
  "config": {
    "symbols": [
      "H",
      "H"
    ],
    "geometry": [
      [
        0.0,
        0.0,
        0.0
      ],
      [
        0.0,
        0.0,
        0.7414
      ]
    ],
    "basis": "sto-3g",
    "ansatz": "RY-CZ",
    "optimizer": {
      "name": "Adam",
      "stepsize": 0.2,
      "iterations_planned": 30
    },
    "optimizer_name": "Adam",
    "seed": 2,
    "noisy": false,
    "depolarizing_prob": 0.0,
    "amplitude_damping_prob": 0.0,
    "mapping": "jordan_wigner",
    "molecule": "H2"
  },
  "result": {
    "energy": -1.0139424627274378,
    "energies": [
      0.7136621534763754,
      0.7136621534763754,
      0.6772074223827826,
      0.6063210695826377,
      0.4917222373514253,
      0.34455383461185407,
      0.18352996878256456,
      0.033652682803579706,
      -0.08232653367748471,
      -0.16824150544298014,
      -0.25270887260764635,
      -0.35005928282642657,
      -0.4612929602348271,
      -0.5829767686859741,
      -0.7092749298889551,
      -0.8322056215200752,
      -0.9421946788276498,
      -1.0295269960541351,
      -1.0866939090563787,
      -1.1109187603595931,
      -1.1055009086838472,
      -1.0788803731998275,
      -1.041782131690992,
      -1.0041306295069254,
      -0.9731872933302843,
      -0.9531297250275146,
      -0.9454939602164358,
      -0.9498729608672073,
      -0.9645430164014808,
      -0.9869287218491107,
      -1.0139424627274378
    ],
    "steps": 30,
    "final_state_real": [
      0.03378553328963326,
      -0.00545769872628237,
      0.005725448595114056,
      0.0009248862001695033,
      0.17833210037180014,
      -0.028807681344283385,
      -0.030220960692982607,
      -0.004881879391015263,
      0.1779985140279927,
      -0.028753793967455685,
      0.030164429649144155,
      0.004872747393502967,
      -0.9395396721297642,
      0.1517727847571895,
      0.15921862324132255,
      0.025720099482083127
    ],
    "final_state_imag": [
      0.0,
      0.0,
      0.0,
      0.0,
      0.0,
      0.0,
      0.0,
      0.0,
      0.0,
      0.0,
      0.0,
      0.0,
      0.0,
      0.0,
      0.0,
      0.0
    ],
    "num_qubits": 4
  }
}