{
  "config": {
    "symbols": [
      "H",
      "H"
    ],
    "geometry": [
      [
        0.0,
        0.0,
        0.0
      ],
      [
        0.0,
        0.0,
        0.7414
      ]
    ],
    "basis": "sto-3g",
    "ansatz": "UCCSD",
    "optimizer": {
      "name": "Adam",
      "stepsize": 0.1,
      "iterations_planned": 2
    },
    "optimizer_name": "Adam",
    "seed": 0,
    "noisy": false,
    "depolarizing_prob": 0.0,
    "amplitude_damping_prob": 0.0,
    "mapping": "jordan_wigner",
    "molecule": "H2"
  },
  "result": {
    "energy": -1.1308465080468422,
    "energies": [
      -1.1166843872469296,
      -1.1166843872469296,
      -1.1308465080468422
    ],
    "steps": 2,
    "final_state_real": [
      0.0,
      0.0,
      0.0,
      -0.0973291847237028,
      0.0,
      0.0,
      -3.461833983678801e-06,
      0.0,
      0.0,
      -3.461833983678801e-06,
      0.0,
      0.0,
      0.9952522442964149,
      0.0,
      0.0,
      0.0
    ],
    "final_state_imag": [
      0.0,
      0.0,
      0.0,
      0.0,
      0.0,
      0.0,
      0.0,
      0.0,
      0.0,
      0.0,
      0.0,
      0.0,
      0.0,
      0.0,
      0.0,
      0.0
    ],
    "num_qubits": 4
  }
}