{
  "config": {
    "symbols": [
      "H",
      "H"
    ],
    "geometry": [
      [
        0.0,
        0.0,
        0.0
      ],
      [
        0.0,
        0.0,
        0.7414
      ]
    ],
    "basis": "sto-3g",
    "ansatz": "UCCSD",
    "optimizer": {
      "name": "SPSA",
      "stepsize": 0.1,
      "iterations_planned": 50
    },
    "optimizer_name": "SPSA",
    "seed": 0,
    "noisy": false,
    "depolarizing_prob": 0.0,
    "amplitude_damping_prob": 0.0,
    "mapping": "jordan_wigner",
    "molecule": "H2"
  },
  "result": {
    "energy": -1.1278497234266411,
    "energies": [
      -1.1166843872469294,
      -1.1166843872469294,
      -1.1180935491056172,
      -1.118916929861086,
      -1.119696110442491,
      -1.1203509637653248,
      -1.1208751523867684,
      -1.1213344928440787,
      -1.1217311556982252,
      -1.1221133269150216,
      -1.1223851202720911,
      -1.1226985098154376,
      -1.1229771464756595,
      -1.12319293712976,
      -1.1233918897197417,
      -1.123626157625069,
      -1.1237999407155206,
      -1.1240162780324254,
      -1.1242185623224772,
      -1.1244114335086428,
      -1.124593204903201,
      -1.1247683719690904,
      -1.1249331868202115,
      -1.1250896758924576,
      -1.1252454101768785,
      -1.1253658972881906,
      -1.1255089907519493,
      -1.1256494034306663,
      -1.1257564678800855,
      -1.125884569510303,
      -1.1260097927674788,
      -1.1261331427359988,
      -1.126251641512986,
      -1.1263640519291214,
      -1.1264540408400217,
      -1.1265604908232243,
      -1.1266632157904852,
      -1.126765563027707,
      -1.1268622677585713,
      -1.1269615889088156,
      -1.127056428507295,
      -1.1271455288945857,
      -1.1272378938759633,
      -1.127326207791464,
      -1.1274143778804286,
      -1.1274950559017227,
      -1.1275645841588402,
      -1.1276321332588806,
      -1.1277114376585555,
      -1.1277757165640017,
      -1.1278497234266411
    ],
    "steps": 50,
    "final_state_real": [
      0.0,
      0.0,
      0.0,
      -0.037029366893368394,
      0.0,
      0.0,
      0.0030463738814988095,
      0.0,
      0.0,
      -0.002405113209587851,
      0.0,
      0.0,
      0.9993066401381007,
      0.0,
      0.0,
      0.0
    ],
    "final_state_imag": [
      0.0,
      0.0,
      0.0,
      0.0,
      0.0,
      0.0,
      0.0,
      0.0,
      0.0,
      0.0,
      0.0,
      0.0,
      0.0,
      0.0,
      0.0,
      0.0
    ],
    "num_qubits": 4
  }
}