{
  "config": {
    "symbols": [
      "H",
      "H"
    ],
    "geometry": [
      [
        0.0,
        0.0,
        0.0
      ],
      [
        0.0,
        0.0,
        0.7414
      ]
    ],
    "basis": "STO-3G",
    "ansatz": "UCCSD",
    "optimizer": {
      "name": "Adam",
      "stepsize": 0.1,
      "iterations_planned": 2
    },
    "optimizer_name": "Adam",
    "seed": 0,
    "noisy": false,
    "depolarizing_prob": 0.0,
    "amplitude_damping_prob": 0.0,
    "mapping": "jordan_wigner",
    "molecule": "H2"
  },
  "result": {
    "energy": -1.1368774430788695,
    "energies": [
      -1.1166843872469294,
      -1.130846508046842,
      -1.1368774430788695
    ],
    "steps": 2,
    "final_state_real": [
      0.0,
      0.0,
      0.0,
      -0.09732918472443923,
      0.0,
      0.0,
      3.4591478950157733e-06,
      0.0,
      0.0,
      3.2691844823029094e-06,
      0.0,
      0.0,
      0.9952522442970035,
      0.0,
      0.0,
      0.0
    ],
    "final_state_imag": [
      0.0,
      0.0,
      0.0,
      0.0,
      0.0,
      0.0,
      0.0,
      0.0,
      0.0,
      0.0,
      0.0,
      0.0,
      0.0,
      0.0,
      0.0,
      0.0
    ],
    "num_qubits": 4
  }
}