{
  "config": {
    "symbols": [
      "H",
      "H"
    ],
    "geometry": [
      [
        0.0,
        0.0,
        0.0
      ],
      [
        0.0,
        0.0,
        0.7414
      ]
    ],
    "basis": "STO-3G",
    "ansatz": "RY-CZ",
    "optimizer": {
      "name": "Adam",
      "stepsize": 0.2,
      "iterations_planned": 30
    },
    "optimizer_name": "Adam",
    "seed": 0,
    "noisy": false,
    "depolarizing_prob": 0.0,
    "amplitude_damping_prob": 0.0,
    "mapping": "jordan_wigner",
    "molecule": "H2"
  },
  "result": {
    "energy": -1.071331102263572,
    "energies": [
      0.7135804090124337,
      0.675481393269311,
      0.6027354479156849,
      0.48973426828828676,
      0.3504547482526133,
      0.2051835288498035,
      0.07624250623274426,
      -0.026113635887851518,
      -0.12129307887739676,
      -0.23164053829756348,
      -0.3619605754511402,
      -0.5076089274204888,
      -0.6591965474864867,
      -0.804629235569808,
      -0.931289739607728,
      -1.0285112454292582,
      -1.0897491926464782,
      -1.1139193063503399,
      -1.1056566274046444,
      -1.074349662566803,
      -1.031886636030942,
      -0.9896719394765322,
      -0.9562026064892627,
      -0.936165059788292,
      -0.9308653489765755,
      -0.9391836863307662,
      -0.9584608824902022,
      -0.9851558075181949,
      -1.0153471863641719,
      -1.0451844088400253,
      -1.071331102263572
    ],
    "steps": 30,
    "final_state_real": [
      0.03175355259691052,
      -0.00282081938532594,
      -0.00205131566991802,
      -0.00018222814563717855,
      -0.1750074547120635,
      0.015546746126175869,
      -0.01130568093468234,
      -0.0010043375098748705,
      -0.1745920607105386,
      0.015509844697635755,
      0.01127884600898647,
      0.0010019536355548029,
      -0.9622517689834263,
      0.08548140984315312,
      -0.0621625604284066,
      -0.005522196452279964
    ],
    "final_state_imag": [
      0.0,
      0.0,
      0.0,
      0.0,
      0.0,
      0.0,
      0.0,
      0.0,
      0.0,
      0.0,
      0.0,
      0.0,
      0.0,
      0.0,
      0.0,
      0.0
    ],
    "num_qubits": 4
  }
}