{
  "config": {
    "symbols": [
      "H",
      "H"
    ],
    "geometry": [
      [
        0.0,
        0.0,
        0.0
      ],
      [
        0.0,
        0.0,
        0.7414
      ]
    ],
    "basis": "STO-3G",
    "ansatz": "UCCSD",
    "optimizer": {
      "name": "Adam",
      "stepsize": 0.1,
      "iterations_planned": 50
    },
    "optimizer_name": "Adam",
    "seed": 0,
    "noisy": false,
    "depolarizing_prob": 0.0,
    "amplitude_damping_prob": 0.0,
    "mapping": "jordan_wigner",
    "molecule": "H2"
  },
  "result": {
    "energy": -1.1372583911960847,
    "energies": [
      -1.1166843872469294,
      -1.130846508046842,
      -1.1368774430788695,
      -1.1352373293108549,
      -1.1328842669999235,
      -1.1301886145673379,
      -1.1303592665688533,
      -1.132787479516795,
      -1.1353076785063405,
      -1.1365665308060438,
      -1.136745909472467,
      -1.1363759829061413,
      -1.1356037979599143,
      -1.1347363625986322,
      -1.1344677298393067,
      -1.1351143316830157,
      -1.1361468529344219,
      -1.1368791579319781,
      -1.13709601568803,
      -1.1369737450658557,
      -1.136692240151834,
      -1.1363688956776838,
      -1.1361523597793026,
      -1.1362003733232944,
      -1.1365365260920954,
      -1.1369702796338217,
      -1.137232651509258,
      -1.13721047029727,
      -1.1370254136920221,
      -1.1368623410495737,
      -1.1367943682646993,
      -1.1368147622023193,
      -1.136926521606755,
      -1.1371054203223485,
      -1.1372470665384224,
      -1.1372559073649573,
      -1.1371561059007331,
      -1.1370577765443777,
      -1.1370347050444554,
      -1.1370778307829692,
      -1.13714674597361,
      -1.1372150584353597,
      -1.1372586572358088,
      -1.137249866418735,
      -1.1371962639315183,
      -1.1371524353358906,
      -1.137160030429562,
      -1.1372024547435389,
      -1.1372406163632902,
      -1.1372589986377688,
      -1.1372583911960847
    ],
    "steps": 50,
    "final_state_real": [
      0.0,
      0.0,
      0.0,
      -0.1148419349894527,
      0.0,
      0.0,
      0.0021241742255285042,
      0.0,
      0.0,
      0.0019917819182848026,
      0.0,
      0.0,
      0.9933795098835733,
      0.0,
      0.0,
      0.0
    ],
    "final_state_imag": [
      0.0,
      0.0,
      0.0,
      0.0,
      0.0,
      0.0,
      0.0,
      0.0,
      0.0,
      0.0,
      0.0,
      0.0,
      0.0,
      0.0,
      0.0,
      0.0
    ],
    "num_qubits": 4
  }
}