{
  "config": {
    "symbols": [
      "H",
      "H"
    ],
    "geometry": [
      [
        0.0,
        0.0,
        0.0
      ],
      [
        0.0,
        0.0,
        0.7414
      ]
    ],
    "basis": "STO-3G",
    "ansatz": "UCCSD",
    "optimizer": {
      "name": "Adam",
      "stepsize": 0.2,
      "iterations_planned": 50
    },
    "optimizer_name": "Adam",
    "seed": 0,
    "noisy": false,
    "depolarizing_prob": 0.0,
    "amplitude_damping_prob": 0.0,
    "mapping": "jordan_wigner",
    "molecule": "H2"
  },
  "result": {
    "energy": -1.137248325930044,
    "energies": [
      -1.1166843872469294,
      -1.1369940251463482,
      -1.1310074567502961,
      -1.122704046592558,
      -1.1301157120416647,
      -1.1330307007240121,
      -1.1344998986403896,
      -1.134653893200006,
      -1.1320985089244504,
      -1.1308386870049945,
      -1.1337729865632311,
      -1.1368572461852389,
      -1.1368146445310068,
      -1.1348362701135186,
      -1.1337340188838756,
      -1.1344601168446642,
      -1.1359568682670647,
      -1.1367402046691955,
      -1.1365073155643581,
      -1.1360574312379377,
      -1.1359001961667912,
      -1.1359373667944335,
      -1.1361732462513559,
      -1.1366890265192675,
      -1.1370691332281704,
      -1.1368860270010186,
      -1.1364053161273207,
      -1.136269852789976,
      -1.1366846327795386,
      -1.137181658933856,
      -1.137212282309401,
      -1.1368492383239006,
      -1.1366548132404533,
      -1.1368587593835506,
      -1.1371344486585606,
      -1.1371833224995251,
      -1.1370755381776534,
      -1.1370007455284468,
      -1.137018349648363,
      -1.1370859239207496,
      -1.1371626471816882,
      -1.1372089749203722,
      -1.1371747468190958,
      -1.1370964085455044,
      -1.1371023918533572,
      -1.137209172118182,
      -1.1372680457095727,
      -1.1372071582949517,
      -1.1371423174402215,
      -1.1371765658162423,
      -1.137248325930044
    ],
    "steps": 50,
    "final_state_real": [
      0.0,
      0.0,
      0.0,
      -0.11646713128632424,
      0.0,
      0.0,
      0.0003507730984095248,
      0.0,
      0.0,
      0.0003299243613989315,
      0.0,
      0.0,
      0.9931944298263475,
      0.0,
      0.0,
      0.0
    ],
    "final_state_imag": [
      0.0,
      0.0,
      0.0,
      0.0,
      0.0,
      0.0,
      0.0,
      0.0,
      0.0,
      0.0,
      0.0,
      0.0,
      0.0,
      0.0,
      0.0,
      0.0
    ],
    "num_qubits": 4
  }
}