{
  "config": {
    "symbols": [
      "H",
      "H"
    ],
    "geometry": [
      [
        0.0,
        0.0,
        0.0
      ],
      [
        0.0,
        0.0,
        0.7414
      ]
    ],
    "basis": "sto-3g",
    "ansatz": "RY-CZ",
    "optimizer": {
      "name": "Adam",
      "stepsize": 0.2,
      "iterations_planned": 30
    },
    "optimizer_name": "Adam",
    "seed": 8,
    "noisy": false,
    "depolarizing_prob": 0.0,
    "amplitude_damping_prob": 0.0,
    "mapping": "jordan_wigner",
    "molecule": "H2"
  },
  "result": {
    "energy": -1.0428117130196062,
    "energies": [
      0.713648479024799,
      0.713648479024799,
      0.6766967008571901,
      0.6058876009443905,
      0.49463133742107296,
      0.35667674465824967,
      0.21211454650964978,
      0.08326809926432556,
      -0.01880996306075127,
      -0.11246463442990767,
      -0.2207626011091327,
      -0.34933780454534646,
      -0.4940006991597281,
      -0.6456474002554209,
      -0.7922983959058498,
      -0.9212389411579943,
      -1.0214956357156735,
      -1.0860672232514628,
      -1.1133530248410166,
      -1.1075122967455804,
      -1.0776075479920608,
      -1.0354466577518946,
      -0.9926142625763816,
      -0.9579502590049432,
      -0.9365046717569433,
      -0.9298735762434638,
      -0.9371292279611008,
      -0.9557203515090159,
      -0.9821488644735133,
      -1.0124828746461976,
      -1.0428117130196062
    ],
    "steps": 30,
    "final_state_real": [
      0.031951629250664526,
      0.0025242264068565143,
      0.0028456340152028677,
      -0.00022480933504430978,
      -0.17477605137923538,
      -0.013807568957329501,
      0.01556567500661183,
      -0.0012297115613100966,
      -0.1756870441631897,
      -0.01387953874715377,
      -0.015646808648758448,
      0.0012361212401525825,
      -0.9610116472133582,
      -0.07592135468779526,
      0.0855883564140816,
      -0.006761607919426476
    ],
    "final_state_imag": [
      0.0,
      0.0,
      0.0,
      0.0,
      0.0,
      0.0,
      0.0,
      0.0,
      0.0,
      0.0,
      0.0,
      0.0,
      0.0,
      0.0,
      0.0,
      0.0
    ],
    "num_qubits": 4
  }
}