{
  "config": {
    "symbols": [
      "H",
      "H"
    ],
    "geometry": [
      [
        0.0,
        0.0,
        0.0
      ],
      [
        0.0,
        0.0,
        0.7414
      ]
    ],
    "basis": "sto-3g",
    "ansatz": "RY-CZ",
    "optimizer": {
      "name": "Adam",
      "stepsize": 0.2,
      "iterations_planned": 30
    },
    "optimizer_name": "Adam",
    "seed": 4,
    "noisy": false,
    "depolarizing_prob": 0.0,
    "amplitude_damping_prob": 0.0,
    "mapping": "jordan_wigner",
    "molecule": "H2"
  },
  "result": {
    "energy": -1.0152196290487636,
    "energies": [
      0.713728561938588,
      0.713728561938588,
      0.6781295767093097,
      0.6085822821745739,
      0.494925689512721,
      0.3479136212794376,
      0.18585067879682393,
      0.03352713425551114,
      -0.08561613031197515,
      -0.17352624869886168,
      -0.25875418916158843,
      -0.3564264263093081,
      -0.46774522541627034,
      -0.5892890040274854,
      -0.7152026760938464,
      -0.8374818193293828,
      -0.9465445976954453,
      -1.0327108660997952,
      -1.0885736070044656,
      -1.111520931668484,
      -1.1050368953412408,
      -1.0777036611798942,
      -1.040303590334949,
      -1.0027307321222596,
      -0.9721530619422073,
      -0.9526258069440524,
      -0.9455645102366089,
      -0.9504635760564153,
      -0.9655305018858055,
      -0.9881500693442072,
      -1.0152196290487636
    ],
    "steps": 30,
    "final_state_real": [
      0.034589480201622086,
      -0.005473723442680993,
      0.005621122518596669,
      0.0008895325956006046,
      -0.18057747283970932,
      0.0285760624485029,
      0.029345572498165714,
      0.004643884417626245,
      -0.18011949464781338,
      0.028503588217881185,
      -0.02927114664636087,
      -0.004632106659550928,
      -0.9403299200530455,
      0.1488055298098213,
      0.15281263718650806,
      0.02418232681237195
    ],
    "final_state_imag": [
      0.0,
      0.0,
      0.0,
      0.0,
      0.0,
      0.0,
      0.0,
      0.0,
      0.0,
      0.0,
      0.0,
      0.0,
      0.0,
      0.0,
      0.0,
      0.0
    ],
    "num_qubits": 4
  }
}