{
  "config": {
    "symbols": [
      "H",
      "H"
    ],
    "geometry": [
      [
        0.0,
        0.0,
        0.0
      ],
      [
        0.0,
        0.0,
        0.7414
      ]
    ],
    "basis": "STO-3G",
    "ansatz": "TwoQubit-RY-CNOT",
    "optimizer": {
      "name": "Adam",
      "stepsize": 0.2,
      "iterations_planned": 50
    },
    "optimizer_name": "Adam",
    "seed": 30,
    "noisy": false,
    "depolarizing_prob": 0.0,
    "amplitude_damping_prob": 0.0,
    "mapping": "jordan_wigner",
    "molecule": "H2"
  },
  "result": {
    "energy": -1.107624786285065,
    "energies": [
      0.7136539349334922,
      0.685630705064112,
      0.6302554972733716,
      0.5389639855674759,
      0.41446649292171167,
      0.261868815533278,
      0.08833202443287372,
      -0.097391251453384,
      -0.28567454908022616,
      -0.46695317361862576,
      -0.6327515027425366,
      -0.7765989323318173,
      -0.8946023083249162,
      -0.9855123827415869,
      -1.0502976289769868,
      -1.0914373551799172,
      -1.1122334245463636,
      -1.1163530972677118,
      -1.1076287331986137,
      -1.0899898438585556,
      -1.0673708886405893,
      -1.0435116790243129,
      -1.0216752258200248,
      -1.004376697990261,
      -0.9932151032285457,
      -0.9888477139276465,
      -0.9910915165417833,
      -0.999106165480607,
      -1.0116107004822137,
      -1.0270980167733865,
      -1.0440244420912208,
      -1.0609618446928124,
      -1.076706710348509,
      -1.090346064067879,
      -1.1012845527347686,
      -1.109240009889053,
      -1.1142158155470487,
      -1.1164574330029935,
      -1.116398567549359,
      -1.1146007019098663,
      -1.1116891953837558,
      -1.1082897376591119,
      -1.1049700137633738,
      -1.1021919804348868,
      -1.1002794954475534,
      -1.0994041282324083,
      -1.0995893307546398,
      -1.100730521708796,
      -1.102626678852928,
      -1.1050180705507002,
      -1.107624786285065
    ],
    "steps": 50,
    "final_state_real": [
      0.007801850092961212,
      0.0,
      0.0,
      0.0,
      0.08798284621497632,
      0.0,
      0.0,
      0.0,
      -0.08798284621497632,
      0.0,
      0.0,
      0.0,
      0.9921981499070388,
      0.0,
      0.0,
      0.0
    ],
    "final_state_imag": [
      0.0,
      0.0,
      0.0,
      0.0,
      0.0,
      0.0,
      0.0,
      0.0,
      0.0,
      0.0,
      0.0,
      0.0,
      0.0,
      0.0,
      0.0,
      0.0
    ],
    "num_qubits": 4
  }
}