{
  "config": {
    "symbols": [
      "H",
      "H"
    ],
    "geometry": [
      [
        0.0,
        0.0,
        0.0
      ],
      [
        0.0,
        0.0,
        0.7414
      ]
    ],
    "basis": "sto-3g",
    "ansatz": "RY-CZ",
    "optimizer": {
      "name": "Adam",
      "stepsize": 0.2,
      "iterations_planned": 30
    },
    "optimizer_name": "Adam",
    "seed": 9,
    "noisy": false,
    "depolarizing_prob": 0.0,
    "amplitude_damping_prob": 0.0,
    "mapping": "jordan_wigner",
    "molecule": "H2"
  },
  "result": {
    "energy": -1.014549877502589,
    "energies": [
      0.713736545728666,
      0.713736545728666,
      0.6790814251928047,
      0.6107871192897587,
      0.4982481819771806,
      0.3519675084086771,
      0.1899888470084254,
      0.03693054998526893,
      -0.08347061320883083,
      -0.17202672087661403,
      -0.25708474849918383,
      -0.3543572013289833,
      -0.4652865220420719,
      -0.5865389854243628,
      -0.7123229000937102,
      -0.8346884117860282,
      -0.9440847408542564,
      -1.0308172816898713,
      -1.0874040617222445,
      -1.111106306559173,
      -1.1052681995227074,
      -1.0783702303021547,
      -1.0411616314896759,
      -1.0035658812713029,
      -0.9728141112032638,
      -0.9530293973830634,
      -0.9456832297735979,
      -0.9503099836266894,
      -0.9651438982543004,
      -0.9875875206710105,
      -1.014549877502589
    ],
    "steps": 30,
    "final_state_real": [
      0.03491124522110335,
      0.005302614853704424,
      0.005937664465269295,
      -0.0009018626402594649,
      0.18174413256824176,
      0.027604834225375328,
      -0.03091083319678666,
      0.004694998480047928,
      -0.18051709321963352,
      -0.027418461123104067,
      -0.03070213975455693,
      0.00466330035700392,
      0.9397522864956648,
      0.14273751628207082,
      -0.15983198887182312,
      0.024276632727397853
    ],
    "final_state_imag": [
      0.0,
      0.0,
      0.0,
      0.0,
      0.0,
      0.0,
      0.0,
      0.0,
      0.0,
      0.0,
      0.0,
      0.0,
      0.0,
      0.0,
      0.0,
      0.0
    ],
    "num_qubits": 4
  }
}