{
  "config": {
    "symbols": [
      "H",
      "H"
    ],
    "geometry": [
      [
        0.0,
        0.0,
        0.0
      ],
      [
        0.0,
        0.0,
        0.7414
      ]
    ],
    "basis": "STO-3G",
    "ansatz": "UCCSD",
    "optimizer": {
      "name": "RMSProp",
      "stepsize": 0.2,
      "iterations_planned": 50
    },
    "optimizer_name": "RMSProp",
    "seed": 0,
    "noisy": false,
    "depolarizing_prob": 0.0,
    "amplitude_damping_prob": 0.0,
    "mapping": "jordan_wigner",
    "molecule": "H2"
  },
  "result": {
    "energy": -1.126795600030802,
    "energies": [
      -1.1166843872469294,
      -1.0714395269352757,
      -1.1281178716822613,
      -1.1358354249283835,
      -1.1369641918572795,
      -1.1371785690532181,
      -1.0521171435853154,
      -1.114080107186626,
      -1.125461077826976,
      -1.131214132962915,
      -1.1323654036638446,
      -1.1338639665623453,
      -1.134290743912875,
      -1.1346944512241441,
      -1.1345763597851026,
      -1.1344263238385028,
      -1.1337453817842953,
      -1.1330867487093135,
      -1.131532945959339,
      -1.1304806543934736,
      -1.1268510068185191,
      -1.1243156659472768,
      -1.1164133515247725,
      -1.1213796043330857,
      -1.1238617463808598,
      -1.1297744882704335,
      -1.1303119532437798,
      -1.1318947270090827,
      -1.1308485644221424,
      -1.1312829694107904,
      -1.1298013792073305,
      -1.1304413135077775,
      -1.1289613120496143,
      -1.1298880250497256,
      -1.1276118979648846,
      -1.1280012421726235,
      -1.1249939013238353,
      -1.1267385192474957,
      -1.1259850723021212,
      -1.1289831433731956,
      -1.1284754922250249,
      -1.130241690980304,
      -1.1288071868725806,
      -1.1299579882675628,
      -1.128256546552132,
      -1.1296821735248932,
      -1.128072289191155,
      -1.1295255718095711,
      -1.1275908015639107,
      -1.1287631541716039,
      -1.126795600030802
    ],
    "steps": 50,
    "final_state_real": [
      0.0,
      0.0,
      0.0,
      -0.05387284221520883,
      0.0,
      0.0,
      -0.05019206026913835,
      0.0,
      0.0,
      0.05019210262992238,
      0.0,
      0.0,
      0.9960216999599867,
      0.0,
      0.0,
      0.0
    ],
    "final_state_imag": [
      0.0,
      0.0,
      0.0,
      0.0,
      0.0,
      0.0,
      0.0,
      0.0,
      0.0,
      0.0,
      0.0,
      0.0,
      0.0,
      0.0,
      0.0,
      0.0
    ],
    "num_qubits": 4
  }
}