{
  "config": {
    "symbols": [
      "H",
      "H"
    ],
    "geometry": [
      [
        0.0,
        0.0,
        0.0
      ],
      [
        0.0,
        0.0,
        0.7414
      ]
    ],
    "basis": "sto-3g",
    "ansatz": "UCCSD",
    "optimizer": {
      "name": "Momentum",
      "stepsize": 0.1,
      "iterations_planned": 50
    },
    "optimizer_name": "Momentum",
    "seed": 0,
    "noisy": false,
    "depolarizing_prob": 0.0,
    "amplitude_damping_prob": 0.0,
    "mapping": "jordan_wigner",
    "molecule": "H2"
  },
  "result": {
    "energy": -1.137269681456197,
    "energies": [
      -1.1166843872469294,
      -1.1166843872469294,
      -1.1198412887235976,
      -1.1249216272455915,
      -1.1303206640204946,
      -1.1346050018827236,
      -1.1369143835629476,
      -1.1371222996799035,
      -1.1357419461814147,
      -1.133650799555791,
      -1.1317557735773622,
      -1.130715924683327,
      -1.1307951838061545,
      -1.131861439327688,
      -1.133502368448135,
      -1.135201894559763,
      -1.1365147688283752,
      -1.1371880220308006,
      -1.13720212083062,
      -1.136733633481656,
      -1.1360652970014509,
      -1.1354810350959104,
      -1.1351808289126761,
      -1.135237231797509,
      -1.1355983613053744,
      -1.1361274567867345,
      -1.1366602738366722,
      -1.1370598772968905,
      -1.137252925030506,
      -1.1372399657524779,
      -1.137081489609273,
      -1.1368685193590027,
      -1.1366895791651213,
      -1.136604707145582,
      -1.1366329811560703,
      -1.1367547089249155,
      -1.136924823269501,
      -1.1370913397818019,
      -1.1372123860460523,
      -1.137266959341922,
      -1.1372573608900214,
      -1.1372041469729608,
      -1.137136537045288,
      -1.137082032757146,
      -1.137058524003309,
      -1.137070782508147,
      -1.1371115608161069,
      -1.1371660903322813,
      -1.1372179818940522,
      -1.1372544903362347,
      -1.137269681456197
    ],
    "steps": 50,
    "final_state_real": [
      0.0,
      0.0,
      0.0,
      -0.11461374989576967,
      0.0,
      0.0,
      -2.725866933037566e-17,
      0.0,
      0.0,
      3.5617024659975644e-17,
      0.0,
      0.0,
      0.9934101309805683,
      0.0,
      0.0,
      0.0
    ],
    "final_state_imag": [
      0.0,
      0.0,
      0.0,
      0.0,
      0.0,
      0.0,
      0.0,
      0.0,
      0.0,
      0.0,
      0.0,
      0.0,
      0.0,
      0.0,
      0.0,
      0.0
    ],
    "num_qubits": 4
  }
}