{
  "config": {
    "symbols": [
      "H",
      "H"
    ],
    "geometry": [
      [
        0.0,
        0.0,
        0.0
      ],
      [
        0.0,
        0.0,
        1.15
      ]
    ],
    "basis": "sto-3g",
    "ansatz": "UCCSD",
    "optimizer": {
      "name": "Adam",
      "stepsize": 0.2,
      "iterations_planned": 50
    },
    "optimizer_name": "Adam",
    "seed": 0,
    "noisy": false,
    "depolarizing_prob": 0.0,
    "amplitude_damping_prob": 0.0,
    "mapping": "jordan_wigner",
    "molecule": "H2_BOND"
  },
  "result": {
    "energy": -1.0679201017119337,
    "energies": [
      -1.0209641442748214,
      -1.0209641442748214,
      -1.0534075939180145,
      -1.0671513132589454,
      -1.063925931506581,
      -1.057283667815418,
      -1.0520632344906846,
      -1.0526997386451615,
      -1.057661875677854,
      -1.0635417796259463,
      -1.0669503739552368,
      -1.0669711047298667,
      -1.0656373289286643,
      -1.0638449907326553,
      -1.0619996617560554,
      -1.0617083376974716,
      -1.0635025367498046,
      -1.065752494820268,
      -1.06712922617231,
      -1.067563470371715,
      -1.0672881348746581,
      -1.0664923373893755,
      -1.0656305660109515,
      -1.0652607289104288,
      -1.0656426251355804,
      -1.0665691250075675,
      -1.0674868463718248,
      -1.0678803579652243,
      -1.0676853303803282,
      -1.0672618272580858,
      -1.0669352734542297,
      -1.066797232274673,
      -1.0669094234074878,
      -1.067299645764553,
      -1.0677411473053247,
      -1.0679233716324177,
      -1.0677980668837994,
      -1.0675619464383348,
      -1.0674103825754349,
      -1.0674087495399274,
      -1.067529802038797,
      -1.0677163934157414,
      -1.0678796998215303,
      -1.067919256962445,
      -1.0678168091248552,
      -1.0676884911693179,
      -1.0676576647522638,
      -1.0677216181108888,
      -1.067813123306906,
      -1.0678897070726208,
      -1.0679201017119337
    ],
    "steps": 50,
    "final_state_real": [
      0.0,
      0.0,
      0.0,
      -0.22853898979819226,
      0.0,
      0.0,
      -0.0007197506198650325,
      0.0,
      0.0,
      -0.000541673416132372,
      0.0,
      0.0,
      0.9735343438682464,
      0.0,
      0.0,
      0.0
    ],
    "final_state_imag": [
      0.0,
      0.0,
      0.0,
      0.0,
      0.0,
      0.0,
      0.0,
      0.0,
      0.0,
      0.0,
      0.0,
      0.0,
      0.0,
      0.0,
      0.0,
      0.0
    ],
    "num_qubits": 4
  }
}