{
  "config": {
    "symbols": [
      "H",
      "H"
    ],
    "geometry": [
      [
        0.0,
        0.0,
        0.0
      ],
      [
        0.0,
        0.0,
        1.78
      ]
    ],
    "basis": "sto-3g",
    "ansatz": "UCCSD",
    "optimizer": {
      "name": "Adam",
      "stepsize": 0.2,
      "iterations_planned": 50
    },
    "optimizer_name": "Adam",
    "seed": 0,
    "noisy": false,
    "depolarizing_prob": 0.0,
    "amplitude_damping_prob": 0.0,
    "mapping": "jordan_wigner",
    "molecule": "H2_BOND"
  },
  "result": {
    "energy": -0.9634173112514753,
    "energies": [
      -0.8337892139314244,
      -0.8337892139314244,
      -0.8794436638127481,
      -0.9162586136797904,
      -0.9427390851697418,
      -0.9582589387213607,
      -0.9635198496460088,
      -0.9608547431079714,
      -0.9539073143227585,
      -0.946496537497236,
      -0.9413542555834503,
      -0.9396299873542776,
      -0.9411834341413746,
      -0.9451298487330453,
      -0.950291938233713,
      -0.9555010913877138,
      -0.9597945649177072,
      -0.9625478918366938,
      -0.9635492955089379,
      -0.9629999978219035,
      -0.9614249177464173,
      -0.959505570701993,
      -0.9578845438353071,
      -0.9570072545644365,
      -0.9570457066992105,
      -0.9579087731635282,
      -0.9593140329230235,
      -0.9608884948193812,
      -0.9622711147611731,
      -0.9631975280657901,
      -0.9635526753497461,
      -0.9633820198991347,
      -0.96286017803349,
      -0.9622272556665313,
      -0.9617135859882405,
      -0.9614767609709203,
      -0.9615684802432232,
      -0.9619365489773567,
      -0.9624557598821007,
      -0.9629745165416275,
      -0.9633622815346442,
      -0.9635448529326319,
      -0.963518916708126,
      -0.9633436082341641,
      -0.9631138055008357,
      -0.9629254414495679,
      -0.9628449850766715,
      -0.962892582467156,
      -0.9630425550713053,
      -0.9632386875838491,
      -0.9634173112514753
    ],
    "steps": 50,
    "final_state_real": [
      0.0,
      0.0,
      0.0,
      -0.4592677028229819,
      0.0,
      0.0,
      0.0,
      0.0,
      0.0,
      0.0,
      0.0,
      0.0,
      0.8882979101313372,
      0.0,
      0.0,
      0.0
    ],
    "final_state_imag": [
      0.0,
      0.0,
      0.0,
      0.0,
      0.0,
      0.0,
      0.0,
      0.0,
      0.0,
      0.0,
      0.0,
      0.0,
      0.0,
      0.0,
      0.0,
      0.0
    ],
    "num_qubits": 4
  }
}