{
  "config": {
    "symbols": [
      "H",
      "H"
    ],
    "geometry": [
      [
        0.0,
        0.0,
        0.0
      ],
      [
        0.0,
        0.0,
        0.88
      ]
    ],
    "basis": "sto-3g",
    "ansatz": "UCCSD",
    "optimizer": {
      "name": "Adam",
      "stepsize": 0.2,
      "iterations_planned": 50
    },
    "optimizer_name": "Adam",
    "seed": 0,
    "noisy": false,
    "depolarizing_prob": 0.0,
    "amplitude_damping_prob": 0.0,
    "mapping": "jordan_wigner",
    "molecule": "H2_BOND"
  },
  "result": {
    "energy": -1.1237850817557982,
    "energies": [
      -1.0963827273466593,
      -1.0963827273466593,
      -1.121280279140972,
      -1.1215317657647546,
      -1.1133940215720313,
      -1.1123465706385323,
      -1.1171395487045515,
      -1.1221684085798527,
      -1.1238682298159812,
      -1.122081298974851,
      -1.119403806061851,
      -1.1184620008840265,
      -1.11975901071187,
      -1.12202684210032,
      -1.123637752556053,
      -1.1237276880983573,
      -1.1226409822829357,
      -1.121512912165725,
      -1.1212866339314447,
      -1.1220481840876153,
      -1.1231545126686653,
      -1.123829978456388,
      -1.1237271716407553,
      -1.1231174334470653,
      -1.1226060968783622,
      -1.1226183448255345,
      -1.1231032592643153,
      -1.1236558477515348,
      -1.1238808242234635,
      -1.1236936410932048,
      -1.123345694572635,
      -1.1231762843543078,
      -1.1233224851093546,
      -1.1236385453825521,
      -1.123859656838379,
      -1.1238386722771914,
      -1.1236538173545254,
      -1.1235106943499182,
      -1.1235447381262407,
      -1.1237125389268492,
      -1.1238574328211886,
      -1.123866277244975,
      -1.1237658447296863,
      -1.123678494519377,
      -1.123694183687457,
      -1.1237904999966255,
      -1.123870914112124,
      -1.1238685249822769,
      -1.1238068541561255,
      -1.123763575032308,
      -1.1237850817557982
    ],
    "steps": 50,
    "final_state_real": [
      0.0,
      0.0,
      0.0,
      -0.13853806076757585,
      0.0,
      0.0,
      0.0,
      0.0,
      0.0,
      0.0,
      0.0,
      0.0,
      0.9903571101975083,
      0.0,
      0.0,
      0.0
    ],
    "final_state_imag": [
      0.0,
      0.0,
      0.0,
      0.0,
      0.0,
      0.0,
      0.0,
      0.0,
      0.0,
      0.0,
      0.0,
      0.0,
      0.0,
      0.0,
      0.0,
      0.0
    ],
    "num_qubits": 4
  }
}