{
  "config": {
    "symbols": [
      "H",
      "H"
    ],
    "geometry": [
      [
        0.0,
        0.0,
        0.0
      ],
      [
        0.0,
        0.0,
        0.7
      ]
    ],
    "basis": "sto-3g",
    "ansatz": "UCCSD",
    "optimizer": {
      "name": "Adam",
      "stepsize": 0.2,
      "iterations_planned": 50
    },
    "optimizer_name": "Adam",
    "seed": 0,
    "noisy": false,
    "depolarizing_prob": 0.0,
    "amplitude_damping_prob": 0.0,
    "mapping": "jordan_wigner",
    "molecule": "H2_BOND"
  },
  "result": {
    "energy": -1.136176247544153,
    "energies": [
      -1.117349035048276,
      -1.117349035048276,
      -1.1361487176950258,
      -1.1287775323417302,
      -1.1258111140991238,
      -1.130971698406608,
      -1.1356422302273455,
      -1.135493157916155,
      -1.1324638846998105,
      -1.131032542954103,
      -1.1325266703646335,
      -1.1350122214187472,
      -1.136186233292173,
      -1.1354058372380378,
      -1.1339624204028151,
      -1.1335113804455828,
      -1.1343963147533902,
      -1.1356604163355142,
      -1.1361892122037078,
      -1.1357165043944335,
      -1.1349457536593355,
      -1.1347379101025752,
      -1.135256880842877,
      -1.1359480027063844,
      -1.1361840505751517,
      -1.135865696251189,
      -1.1354459227961593,
      -1.1354020862126455,
      -1.1357537249154828,
      -1.1361190716685623,
      -1.136159964124916,
      -1.1359186338766756,
      -1.1357220627306899,
      -1.135796077947871,
      -1.1360406697516248,
      -1.1361872383226763,
      -1.1361128555707236,
      -1.1359544461738833,
      -1.1359197454189374,
      -1.1360427984431283,
      -1.1361716715533987,
      -1.1361702480170475,
      -1.1360738361932112,
      -1.1360231165354353,
      -1.1360810945846416,
      -1.1361690594268585,
      -1.1361834501113879,
      -1.1361266562898924,
      -1.13608857834129,
      -1.136120613019415,
      -1.136176247544153
    ],
    "steps": 50,
    "final_state_real": [
      0.0,
      0.0,
      0.0,
      -0.10317650154509422,
      0.0,
      0.0,
      0.0,
      0.0,
      0.0,
      0.0,
      0.0,
      0.0,
      0.9946630633178831,
      0.0,
      0.0,
      0.0
    ],
    "final_state_imag": [
      0.0,
      0.0,
      0.0,
      0.0,
      0.0,
      0.0,
      0.0,
      0.0,
      0.0,
      0.0,
      0.0,
      0.0,
      0.0,
      0.0,
      0.0,
      0.0
    ],
    "num_qubits": 4
  }
}