{
  "config": {
    "symbols": [
      "H",
      "H"
    ],
    "geometry": [
      [
        0.0,
        0.0,
        0.0
      ],
      [
        0.0,
        0.0,
        2.23
      ]
    ],
    "basis": "sto-3g",
    "ansatz": "UCCSD",
    "optimizer": {
      "name": "Adam",
      "stepsize": 0.2,
      "iterations_planned": 50
    },
    "optimizer_name": "Adam",
    "seed": 0,
    "noisy": false,
    "depolarizing_prob": 0.0,
    "amplitude_damping_prob": 0.0,
    "mapping": "jordan_wigner",
    "molecule": "H2_BOND"
  },
  "result": {
    "energy": -0.9399715815555295,
    "energies": [
      -0.7414109263857158,
      -0.7414109263857158,
      -0.7934854614134851,
      -0.839991980237632,
      -0.877269159355092,
      -0.908774829280634,
      -0.9266804491630097,
      -0.9379266759296773,
      -0.9399596701448903,
      -0.9339909541176751,
      -0.9269263704286506,
      -0.9198237156922033,
      -0.9132377774645648,
      -0.910367332761081,
      -0.9114725231318737,
      -0.9144530657911875,
      -0.9188111650028661,
      -0.9247104570333397,
      -0.9306526969368285,
      -0.9351480436663865,
      -0.9381810582217959,
      -0.9400070433279842,
      -0.9403046816652632,
      -0.9390968296395931,
      -0.9371954703324855,
      -0.9354378527140581,
      -0.9341292770682506,
      -0.9333511461745243,
      -0.9332982974327152,
      -0.9340943813728213,
      -0.9354874760623723,
      -0.9370053303026569,
      -0.9383581493089115,
      -0.9394804049759812,
      -0.9402356406533795,
      -0.940436133390724,
      -0.9401623760566862,
      -0.9397065459275911,
      -0.9392166186367361,
      -0.938742950032041,
      -0.9384664430385065,
      -0.9385175371359855,
      -0.9387901169333711,
      -0.9391631973977175,
      -0.9396115386091248,
      -0.9400308873191108,
      -0.9402757167020654,
      -0.9403414333247845,
      -0.9402942463904199,
      -0.9401538245301257,
      -0.9399715815555295
    ],
    "steps": 50,
    "final_state_real": [
      0.0,
      0.0,
      0.0,
      -0.5660931281243968,
      0.0,
      0.0,
      0.06662795220607257,
      0.0,
      0.0,
      0.05876601833689234,
      0.0,
      0.0,
      0.81954001815896,
      0.0,
      0.0,
      0.0
    ],
    "final_state_imag": [
      0.0,
      0.0,
      0.0,
      0.0,
      0.0,
      0.0,
      0.0,
      0.0,
      0.0,
      0.0,
      0.0,
      0.0,
      0.0,
      0.0,
      0.0,
      0.0
    ],
    "num_qubits": 4
  }
}