{
  "config": {
    "symbols": [
      "H",
      "H"
    ],
    "geometry": [
      [
        0.0,
        0.0,
        0.0
      ],
      [
        0.0,
        0.0,
        0.7
      ]
    ],
    "basis": "sto-3g",
    "ansatz": "UCCSD",
    "optimizer": {
      "name": "Adam",
      "stepsize": 0.2,
      "iterations_planned": 50
    },
    "optimizer_name": "Adam",
    "seed": 0,
    "noisy": false,
    "depolarizing_prob": 0.0,
    "amplitude_damping_prob": 0.0,
    "mapping": "jordan_wigner",
    "molecule": "H2_BOND"
  },
  "result": {
    "energy": -1.1361493713892004,
    "energies": [
      -1.117349035048276,
      -1.117349035048276,
      -1.1361487176950258,
      -1.1287775322117022,
      -1.1219660926637491,
      -1.130689966685497,
      -1.1326052154798856,
      -1.1328764781247858,
      -1.1325985229201014,
      -1.1307022716806772,
      -1.130637141143455,
      -1.133802090357891,
      -1.1360100589082753,
      -1.1350923243661657,
      -1.1330048393654681,
      -1.1324944955927114,
      -1.1339842866785634,
      -1.1356943520777587,
      -1.1359280793744522,
      -1.134961978037566,
      -1.1343446308415785,
      -1.1346894414946196,
      -1.1353514642491287,
      -1.1356860469343544,
      -1.1356897288360552,
      -1.135556487728894,
      -1.1354140187869262,
      -1.1353904271140363,
      -1.1355731774334539,
      -1.1358746898390166,
      -1.1360335853568797,
      -1.1358855952348967,
      -1.1356294999969088,
      -1.1356523365553386,
      -1.1359725454581098,
      -1.1361803238325339,
      -1.1360462933716684,
      -1.1358224624487478,
      -1.1358386624414325,
      -1.1360572132858777,
      -1.1361802160042136,
      -1.1360889204480513,
      -1.1359737628569926,
      -1.136005634015898,
      -1.1361106663184515,
      -1.136148549871649,
      -1.1361154622591518,
      -1.136086596709681,
      -1.1360932444184928,
      -1.1361207335138934,
      -1.1361493713892004
    ],
    "steps": 50,
    "final_state_real": [
      0.0,
      0.0,
      0.0,
      -0.10187626139425718,
      0.0,
      0.0,
      0.00428876938629525,
      0.0,
      0.0,
      0.002676055702049986,
      0.0,
      0.0,
      0.9947842341670678,
      0.0,
      0.0,
      0.0
    ],
    "final_state_imag": [
      0.0,
      0.0,
      0.0,
      0.0,
      0.0,
      0.0,
      0.0,
      0.0,
      0.0,
      0.0,
      0.0,
      0.0,
      0.0,
      0.0,
      0.0,
      0.0
    ],
    "num_qubits": 4
  }
}