{
  "config": {
    "symbols": [
      "H",
      "H"
    ],
    "geometry": [
      [
        0.0,
        0.0,
        0.0
      ],
      [
        0.0,
        0.0,
        1.6
      ]
    ],
    "basis": "sto-3g",
    "ansatz": "UCCSD",
    "optimizer": {
      "name": "Adam",
      "stepsize": 0.2,
      "iterations_planned": 50
    },
    "optimizer_name": "Adam",
    "seed": 0,
    "noisy": false,
    "depolarizing_prob": 0.0,
    "amplitude_damping_prob": 0.0,
    "mapping": "jordan_wigner",
    "molecule": "H2_BOND"
  },
  "result": {
    "energy": -0.9832791335445846,
    "energies": [
      -0.8817324507524832,
      -0.8817324507524832,
      -0.9241612568899562,
      -0.9557063555260404,
      -0.9752638393553502,
      -0.983114759779385,
      -0.9815470414865879,
      -0.9747807421450023,
      -0.9675131894475496,
      -0.9629864884744859,
      -0.9622827016074392,
      -0.9648893571442398,
      -0.969532180121035,
      -0.974766650546179,
      -0.9793285397559756,
      -0.9823461176524789,
      -0.9834628919570658,
      -0.9828604809152961,
      -0.9811523610595964,
      -0.9791558454443866,
      -0.9776177474052147,
      -0.9770026984332494,
      -0.9774128269655405,
      -0.9786336404230781,
      -0.9802559877166126,
      -0.9818214407106803,
      -0.9829536833749403,
      -0.9834509859031213,
      -0.9833223086579789,
      -0.9827595155465978,
      -0.9820556077538486,
      -0.9814986763644464,
      -0.9812806161841209,
      -0.9814506660993051,
      -0.9819224871109461,
      -0.982523206477718,
      -0.9830620991570536,
      -0.9833952000285119,
      -0.9834666701163756,
      -0.9833161117081376,
      -0.9830523139349806,
      -0.9828056084631933,
      -0.9826783737494423,
      -0.9827123103584452,
      -0.9828824589177917,
      -0.9831164046567475,
      -0.9833281010798871,
      -0.9834520440930296,
      -0.983465219229062,
      -0.983390020092293,
      -0.9832791335445846
    ],
    "steps": 50,
    "final_state_real": [
      0.0,
      0.0,
      0.0,
      -0.4150921624617127,
      0.0,
      0.0,
      0.0,
      0.0,
      0.0,
      0.0,
      0.0,
      0.0,
      0.9097793670241479,
      0.0,
      0.0,
      0.0
    ],
    "final_state_imag": [
      0.0,
      0.0,
      0.0,
      0.0,
      0.0,
      0.0,
      0.0,
      0.0,
      0.0,
      0.0,
      0.0,
      0.0,
      0.0,
      0.0,
      0.0,
      0.0
    ],
    "num_qubits": 4
  }
}