{
  "config": {
    "symbols": [
      "H",
      "H"
    ],
    "geometry": [
      [
        0.0,
        0.0,
        0.0
      ],
      [
        0.0,
        0.0,
        2.095
      ]
    ],
    "basis": "sto-3g",
    "ansatz": "UCCSD",
    "optimizer": {
      "name": "Adam",
      "stepsize": 0.2,
      "iterations_planned": 50
    },
    "optimizer_name": "Adam",
    "seed": 0,
    "noisy": false,
    "depolarizing_prob": 0.0,
    "amplitude_damping_prob": 0.0,
    "mapping": "jordan_wigner",
    "molecule": "H2_BOND"
  },
  "result": {
    "energy": -0.9441613257654228,
    "energies": [
      -0.765113897498841,
      -0.765113897498841,
      -0.8154871886955668,
      -0.8595303788260564,
      -0.8949567538692081,
      -0.921593031461998,
      -0.9374762901686576,
      -0.9441630856643745,
      -0.9429123833300506,
      -0.9365913397752761,
      -0.9285675117459491,
      -0.9216307830198837,
      -0.9175933179333328,
      -0.9176237299271214,
      -0.9222115015696294,
      -0.9299254118996744,
      -0.9375424670064643,
      -0.9406404999948107,
      -0.9366801899157469,
      -0.9328562499749902,
      -0.933609429415987,
      -0.9368430243614574,
      -0.9400070344065887,
      -0.9417687681860364,
      -0.9421438218500198,
      -0.9418550724797715,
      -0.9415891882477174,
      -0.9416817519789308,
      -0.9421576014582469,
      -0.942869427180169,
      -0.943613291385097,
      -0.944203754818101,
      -0.9445183261967559,
      -0.9445190913875159,
      -0.9442540326053648,
      -0.9438384688681254,
      -0.9434193836246231,
      -0.9431310152430243,
      -0.9430553524402518,
      -0.9432014229786068,
      -0.9435104494032693,
      -0.9438831336784029,
      -0.944216661940136,
      -0.944436931842846,
      -0.9445159247412497,
      -0.9444715385650073,
      -0.9443536123330095,
      -0.9442232208339569,
      -0.9441326012064247,
      -0.9441112967086819,
      -0.9441613257654228
    ],
    "steps": 50,
    "final_state_real": [
      0.0,
      0.0,
      0.0,
      -0.5806189513381308,
      0.0,
      0.0,
      -0.012476676448372607,
      0.0,
      0.0,
      -0.012476676448372607,
      0.0,
      0.0,
      0.8139842126458071,
      0.0,
      0.0,
      0.0
    ],
    "final_state_imag": [
      0.0,
      0.0,
      0.0,
      0.0,
      0.0,
      0.0,
      0.0,
      0.0,
      0.0,
      0.0,
      0.0,
      0.0,
      0.0,
      0.0,
      0.0,
      0.0
    ],
    "num_qubits": 4
  }
}