{
  "config": {
    "symbols": [
      "H",
      "H"
    ],
    "geometry": [
      [
        0.0,
        0.0,
        0.0
      ],
      [
        0.0,
        0.0,
        0.835
      ]
    ],
    "basis": "sto-3g",
    "ansatz": "UCCSD",
    "optimizer": {
      "name": "Adam",
      "stepsize": 0.2,
      "iterations_planned": 50
    },
    "optimizer_name": "Adam",
    "seed": 0,
    "noisy": false,
    "depolarizing_prob": 0.0,
    "amplitude_damping_prob": 0.0,
    "mapping": "jordan_wigner",
    "molecule": "H2_BOND"
  },
  "result": {
    "energy": -1.1303341971111038,
    "energies": [
      -1.1052804538211178,
      -1.1052804538211178,
      -1.1287577602901384,
      -1.126811270640909,
      -1.1192877023069296,
      -1.1201030825098905,
      -1.1255567452601878,
      -1.12974245176811,
      -1.1299114553973078,
      -1.1272825809727438,
      -1.1251674072928155,
      -1.125474886268612,
      -1.1275736881556409,
      -1.1296576096900053,
      -1.1303304012806394,
      -1.129487898976449,
      -1.1282024608058832,
      -1.1276858453831833,
      -1.1282922716731005,
      -1.1294397753662235,
      -1.1302451410937169,
      -1.130225614884978,
      -1.129605985136339,
      -1.1290472556680318,
      -1.1290456647881923,
      -1.1295582947055278,
      -1.1301338401660361,
      -1.130339531728748,
      -1.1301072989010021,
      -1.1297417311456583,
      -1.1296102042501353,
      -1.1298174026328476,
      -1.1301569668619178,
      -1.130338099822723,
      -1.1302512301496122,
      -1.1300405426620446,
      -1.1299384585818995,
      -1.1300394059043986,
      -1.1302334653371289,
      -1.130339587206862,
      -1.1302862483571925,
      -1.130164404989663,
      -1.1301162768422575,
      -1.130188172828206,
      -1.1302990527693915,
      -1.1303406320477323,
      -1.1302908770878215,
      -1.1302241781395428,
      -1.1302200937971856,
      -1.1302791358072273,
      -1.1303341971111038
    ],
    "steps": 50,
    "final_state_real": [
      0.0,
      0.0,
      0.0,
      -0.13550688380973586,
      0.0,
      0.0,
      0.0,
      0.0,
      0.0,
      0.0,
      0.0,
      0.0,
      0.990776404866494,
      0.0,
      0.0,
      0.0
    ],
    "final_state_imag": [
      0.0,
      0.0,
      0.0,
      0.0,
      0.0,
      0.0,
      0.0,
      0.0,
      0.0,
      0.0,
      0.0,
      0.0,
      0.0,
      0.0,
      0.0,
      0.0
    ],
    "num_qubits": 4
  }
}