{
  "config": {
    "symbols": [
      "H",
      "H"
    ],
    "geometry": [
      [
        0.0,
        0.0,
        0.0
      ],
      [
        0.0,
        0.0,
        1.735
      ]
    ],
    "basis": "sto-3g",
    "ansatz": "UCCSD",
    "optimizer": {
      "name": "Adam",
      "stepsize": 0.2,
      "iterations_planned": 50
    },
    "optimizer_name": "Adam",
    "seed": 0,
    "noisy": false,
    "depolarizing_prob": 0.0,
    "amplitude_damping_prob": 0.0,
    "mapping": "jordan_wigner",
    "molecule": "H2_BOND"
  },
  "result": {
    "energy": -0.9673861860758572,
    "energies": [
      -0.8451944011911906,
      -0.8451944011911906,
      -0.8900806553457685,
      -0.9256645865654974,
      -0.9501970084667447,
      -0.9641241815110204,
      -0.9675634370034641,
      -0.963836742352218,
      -0.9565181319427768,
      -0.9495731402478743,
      -0.9458211669783086,
      -0.9465373704920131,
      -0.9508406735080286,
      -0.9556202728262259,
      -0.9565787851724842,
      -0.9542222748107929,
      -0.9544605861433876,
      -0.9569042076186263,
      -0.9598283338643016,
      -0.9622741441800098,
      -0.9641242548333202,
      -0.9656039231728908,
      -0.9667922935192967,
      -0.9674832230171254,
      -0.967372262979761,
      -0.9664058381005537,
      -0.9650328220021495,
      -0.964025443388115,
      -0.9639210033205238,
      -0.9646792279691725,
      -0.9658439989450007,
      -0.9669109238103053,
      -0.9675792249425129,
      -0.9677974218884462,
      -0.9676742957714419,
      -0.9673682457567366,
      -0.967019483012337,
      -0.9667273072182062,
      -0.9665499676258887,
      -0.9665105563922671,
      -0.9666038222269813,
      -0.9668034200732677,
      -0.967068682492928,
      -0.9673500393955058,
      -0.9675944291660814,
      -0.967753894303349,
      -0.9677989692483964,
      -0.9677330171043964,
      -0.9675978193609566,
      -0.9674609607595474,
      -0.9673861860758572
    ],
    "steps": 50,
    "final_state_real": [
      0.0,
      0.0,
      0.0,
      -0.43470862651350217,
      0.0,
      0.0,
      -0.04961578080193837,
      0.0,
      0.0,
      -0.04961578080193837,
      0.0,
      0.0,
      0.8978334804547959,
      0.0,
      0.0,
      0.0
    ],
    "final_state_imag": [
      0.0,
      0.0,
      0.0,
      0.0,
      0.0,
      0.0,
      0.0,
      0.0,
      0.0,
      0.0,
      0.0,
      0.0,
      0.0,
      0.0,
      0.0,
      0.0
    ],
    "num_qubits": 4
  }
}