{
  "config": {
    "symbols": [
      "H",
      "H"
    ],
    "geometry": [
      [
        0.0,
        0.0,
        0.0
      ],
      [
        0.0,
        0.0,
        0.565
      ]
    ],
    "basis": "sto-3g",
    "ansatz": "UCCSD",
    "optimizer": {
      "name": "Adam",
      "stepsize": 0.2,
      "iterations_planned": 50
    },
    "optimizer_name": "Adam",
    "seed": 0,
    "noisy": false,
    "depolarizing_prob": 0.0,
    "amplitude_damping_prob": 0.0,
    "mapping": "jordan_wigner",
    "molecule": "H2_BOND"
  },
  "result": {
    "energy": -1.1009470599834972,
    "energies": [
      -1.0869444100642098,
      -1.0869444100642098,
      -1.100248180816625,
      -1.0913677649905411,
      -1.0838005517512606,
      -1.1000418666835048,
      -1.0948883391465356,
      -1.0894738433734907,
      -1.092475796845581,
      -1.0977958675829447,
      -1.098815794740747,
      -1.0964433540935425,
      -1.095759841727721,
      -1.0974662642790745,
      -1.098794499533564,
      -1.0986169621689952,
      -1.0983955553892701,
      -1.0987351812942074,
      -1.0991234182386402,
      -1.099237618679975,
      -1.0991938605919171,
      -1.0994040812657795,
      -1.0998991694873355,
      -1.1001428424170563,
      -1.099859777034449,
      -1.0996061835010864,
      -1.0999605813377393,
      -1.1005284086418634,
      -1.1005931170272554,
      -1.100202009188566,
      -1.1000107123486644,
      -1.1003476511017714,
      -1.1007961309723693,
      -1.1007906334803086,
      -1.1004290806049712,
      -1.1003275371099945,
      -1.1006660268121895,
      -1.100945785417202,
      -1.1008106959236679,
      -1.1005533231851434,
      -1.1005998800327381,
      -1.100873491581154,
      -1.1009685312040536,
      -1.1007937524814708,
      -1.1006823395898189,
      -1.1008205342761552,
      -1.1009727061618093,
      -1.1009195157043405,
      -1.1007993806387293,
      -1.1008281343902138,
      -1.1009470599834972
    ],
    "steps": 50,
    "final_state_real": [
      0.0,
      0.0,
      0.0,
      -0.08185547814607831,
      0.0,
      0.0,
      -0.0025802960829663813,
      0.0,
      0.0,
      0.0025166628563992495,
      0.0,
      0.0,
      0.9966376920313962,
      0.0,
      0.0,
      0.0
    ],
    "final_state_imag": [
      0.0,
      0.0,
      0.0,
      0.0,
      0.0,
      0.0,
      0.0,
      0.0,
      0.0,
      0.0,
      0.0,
      0.0,
      0.0,
      0.0,
      0.0,
      0.0
    ],
    "num_qubits": 4
  }
}