{
  "config": {
    "symbols": [
      "H",
      "H"
    ],
    "geometry": [
      [
        0.0,
        0.0,
        0.0
      ],
      [
        0.0,
        0.0,
        2.14
      ]
    ],
    "basis": "sto-3g",
    "ansatz": "UCCSD",
    "optimizer": {
      "name": "Adam",
      "stepsize": 0.2,
      "iterations_planned": 50
    },
    "optimizer_name": "Adam",
    "seed": 0,
    "noisy": false,
    "depolarizing_prob": 0.0,
    "amplitude_damping_prob": 0.0,
    "mapping": "jordan_wigner",
    "molecule": "H2_BOND"
  },
  "result": {
    "energy": -0.9424377433408521,
    "energies": [
      -0.7568522610980335,
      -0.7568522610980335,
      -0.8078124590895387,
      -0.8527141160995599,
      -0.8878074708299118,
      -0.9171449342201365,
      -0.9324855445538872,
      -0.9414010784543158,
      -0.9418443658558409,
      -0.9347682668050299,
      -0.927334301499858,
      -0.9210119056206137,
      -0.9156146459353529,
      -0.9136473817503725,
      -0.9157801700136529,
      -0.9197871857306776,
      -0.924478183720299,
      -0.9300931933846736,
      -0.9356901514955186,
      -0.9397086332761946,
      -0.941829136988998,
      -0.9426353604933854,
      -0.9423043772901994,
      -0.9408419767615774,
      -0.9388084859372656,
      -0.9370891834006853,
      -0.9361632475832597,
      -0.9359899763281818,
      -0.9364308129160386,
      -0.937469924455802,
      -0.9389848779180897,
      -0.9405647750462082,
      -0.9417829230462594,
      -0.942534248265896,
      -0.9429035257587537,
      -0.9428647083478952,
      -0.9424145684225507,
      -0.9418134489023321,
      -0.9413558619447684,
      -0.9410902656080486,
      -0.9410073594770666,
      -0.9411952528830168,
      -0.9416206143895177,
      -0.9420833033121628,
      -0.9424675457474332,
      -0.9427645297406014,
      -0.942913187312392,
      -0.9428682332067301,
      -0.9427156808047688,
      -0.9425623659650434,
      -0.9424377433408521
    ],
    "steps": 50,
    "final_state_real": [
      0.0,
      0.0,
      0.0,
      -0.5459463728035823,
      0.0,
      0.0,
      0.039363137856393414,
      0.0,
      0.0,
      0.04684241473631029,
      0.0,
      0.0,
      0.8355829639134476,
      0.0,
      0.0,
      0.0
    ],
    "final_state_imag": [
      0.0,
      0.0,
      0.0,
      0.0,
      0.0,
      0.0,
      0.0,
      0.0,
      0.0,
      0.0,
      0.0,
      0.0,
      0.0,
      0.0,
      0.0,
      0.0
    ],
    "num_qubits": 4
  }
}