{
  "config": {
    "symbols": [
      "H",
      "H"
    ],
    "geometry": [
      [
        0.0,
        0.0,
        0.0
      ],
      [
        0.0,
        0.0,
        1.15
      ]
    ],
    "basis": "sto-3g",
    "ansatz": "UCCSD",
    "optimizer": {
      "name": "Adam",
      "stepsize": 0.2,
      "iterations_planned": 50
    },
    "optimizer_name": "Adam",
    "seed": 0,
    "noisy": false,
    "depolarizing_prob": 0.0,
    "amplitude_damping_prob": 0.0,
    "mapping": "jordan_wigner",
    "molecule": "H2_BOND"
  },
  "result": {
    "energy": -1.0679270005086536,
    "energies": [
      -1.0209641442748216,
      -1.0209641442748216,
      -1.0534075939180148,
      -1.0671513132716182,
      -1.0653557437461199,
      -1.0574913967559219,
      -1.0530006641481242,
      -1.0542430787649433,
      -1.0589675100050733,
      -1.0640951551555402,
      -1.0673332894985632,
      -1.0677728125511077,
      -1.0660021099259618,
      -1.0636055965623994,
      -1.0621436690186188,
      -1.0623153644654377,
      -1.0638339694394507,
      -1.0658319833953576,
      -1.0673856375572834,
      -1.067929613070929,
      -1.0674617349179596,
      -1.0664740673352657,
      -1.065637470428565,
      -1.065423689444383,
      -1.0658954958043276,
      -1.0667513499466144,
      -1.0675416910053337,
      -1.0679171090676578,
      -1.0677922177619148,
      -1.0673568403645695,
      -1.0669375365479725,
      -1.0667975663400153,
      -1.0669996010092349,
      -1.067402709443185,
      -1.0677729499881938,
      -1.0679286142749085,
      -1.0678368021599893,
      -1.0676127932619661,
      -1.0674313585104067,
      -1.0674126908639163,
      -1.0675572360683916,
      -1.0677635771067746,
      -1.067906382375838,
      -1.0679182988002518,
      -1.0678246301997272,
      -1.0677140825275198,
      -1.0676716682554575,
      -1.0677230053742488,
      -1.0678261354030105,
      -1.0679099565950019,
      -1.0679270005086536
    ],
    "steps": 50,
    "final_state_real": [
      0.0,
      0.0,
      0.0,
      -0.22860472272787347,
      0.0,
      0.0,
      0.0,
      0.0,
      0.0,
      0.0,
      0.0,
      0.0,
      0.973519327361564,
      0.0,
      0.0,
      0.0
    ],
    "final_state_imag": [
      0.0,
      0.0,
      0.0,
      0.0,
      0.0,
      0.0,
      0.0,
      0.0,
      0.0,
      0.0,
      0.0,
      0.0,
      0.0,
      0.0,
      0.0,
      0.0
    ],
    "num_qubits": 4
  }
}