{
  "config": {
    "symbols": [
      "H",
      "H"
    ],
    "geometry": [
      [
        0.0,
        0.0,
        0.0
      ],
      [
        0.0,
        0.0,
        1.375
      ]
    ],
    "basis": "sto-3g",
    "ansatz": "UCCSD",
    "optimizer": {
      "name": "Adam",
      "stepsize": 0.2,
      "iterations_planned": 50
    },
    "optimizer_name": "Adam",
    "seed": 0,
    "noisy": false,
    "depolarizing_prob": 0.0,
    "amplitude_damping_prob": 0.0,
    "mapping": "jordan_wigner",
    "molecule": "H2_BOND"
  },
  "result": {
    "energy": -1.0201768857245994,
    "energies": [
      -0.949313836298383,
      -0.949313836298383,
      -0.9871093700382987,
      -1.0106367211771627,
      -1.0155748911740918,
      -1.0177251460366818,
      -1.0072624299855115,
      -1.0013693504232326,
      -1.0020872474205766,
      -1.0042635273777873,
      -1.0073430668754224,
      -1.012723110623057,
      -1.0179200676093165,
      -1.0200421423242207,
      -1.0189799355584708,
      -1.0167575927684707,
      -1.014992046891498,
      -1.0141019351158886,
      -1.0139724490127329,
      -1.0145502877078043,
      -1.0159121855035531,
      -1.0178275206783893,
      -1.019521776423297,
      -1.0201693411661616,
      -1.0196652503802857,
      -1.0187361109255757,
      -1.0181079409135871,
      -1.0178809737427525,
      -1.0178773573623556,
      -1.0181619690770491,
      -1.0188553897486496,
      -1.0196790221000092,
      -1.0201368932204202,
      -1.0200606576468814,
      -1.0197176673337092,
      -1.0194242654076362,
      -1.019272192149418,
      -1.0192348373546083,
      -1.0193413790272747,
      -1.0196272517769887,
      -1.0199777672967827,
      -1.0201731379100185,
      -1.0201241431213162,
      -1.0199608799164719,
      -1.0198416561014017,
      -1.0197918265160173,
      -1.0197901433863656,
      -1.0198686862145543,
      -1.0200263389815791,
      -1.020159038759795,
      -1.0201768857245994
    ],
    "steps": 50,
    "final_state_real": [
      0.0,
      0.0,
      0.0,
      -0.29768382600958343,
      0.0,
      0.0,
      0.00525127871376225,
      0.0,
      0.0,
      -0.0052746255021191395,
      0.0,
      0.0,
      0.9546355022363138,
      0.0,
      0.0,
      0.0
    ],
    "final_state_imag": [
      0.0,
      0.0,
      0.0,
      0.0,
      0.0,
      0.0,
      0.0,
      0.0,
      0.0,
      0.0,
      0.0,
      0.0,
      0.0,
      0.0,
      0.0,
      0.0
    ],
    "num_qubits": 4
  }
}