{
  "config": {
    "symbols": [
      "H",
      "H"
    ],
    "geometry": [
      [
        0.0,
        0.0,
        0.0
      ],
      [
        0.0,
        0.0,
        0.79
      ]
    ],
    "basis": "sto-3g",
    "ansatz": "UCCSD",
    "optimizer": {
      "name": "Adam",
      "stepsize": 0.2,
      "iterations_planned": 50
    },
    "optimizer_name": "Adam",
    "seed": 0,
    "noisy": false,
    "depolarizing_prob": 0.0,
    "amplitude_damping_prob": 0.0,
    "mapping": "jordan_wigner",
    "molecule": "H2_BOND"
  },
  "result": {
    "energy": -1.134921889972147,
    "energies": [
      -1.11218316226502,
      -1.11218316226502,
      -1.1341767488411632,
      -1.13016793374592,
      -1.1214029519203017,
      -1.1260537032201585,
      -1.1295305687570891,
      -1.13338059130072,
      -1.1338486901587828,
      -1.129961016332991,
      -1.1284720129989143,
      -1.1310461752300007,
      -1.1335271344314526,
      -1.134095081124361,
      -1.1337035241254434,
      -1.1329646487344596,
      -1.1323602516736302,
      -1.1324228411171604,
      -1.1333061194475171,
      -1.1344703962830514,
      -1.1349019692806859,
      -1.1342023400336716,
      -1.133331442297873,
      -1.1334207323756307,
      -1.134219952316528,
      -1.1347668932699637,
      -1.1347467732790382,
      -1.1344861324851412,
      -1.1342834422172816,
      -1.13425073048502,
      -1.1344171044354125,
      -1.1347230803635786,
      -1.1349374802955272,
      -1.1348296491676184,
      -1.1345417603462518,
      -1.1344862999990117,
      -1.1347386670390098,
      -1.1349544254382697,
      -1.1349257777428496,
      -1.134795150460502,
      -1.1347434989384004,
      -1.1347876219494801,
      -1.1348696095424333,
      -1.1349452582487527,
      -1.134957037430622,
      -1.134881992772845,
      -1.1348250941478746,
      -1.1348861636971028,
      -1.1349805823367538,
      -1.1349816289112036,
      -1.134921889972147
    ],
    "steps": 50,
    "final_state_real": [
      0.0,
      0.0,
      0.0,
      -0.13032110366524707,
      0.0,
      0.0,
      -0.0033330996875966267,
      0.0,
      0.0,
      -0.0033338769180882217,
      0.0,
      0.0,
      0.9914606324260381,
      0.0,
      0.0,
      0.0
    ],
    "final_state_imag": [
      0.0,
      0.0,
      0.0,
      0.0,
      0.0,
      0.0,
      0.0,
      0.0,
      0.0,
      0.0,
      0.0,
      0.0,
      0.0,
      0.0,
      0.0,
      0.0
    ],
    "num_qubits": 4
  }
}