{
  "config": {
    "symbols": [
      "H",
      "H"
    ],
    "geometry": [
      [
        0.0,
        0.0,
        0.0
      ],
      [
        0.0,
        0.0,
        0.745
      ]
    ],
    "basis": "sto-3g",
    "ansatz": "UCCSD",
    "optimizer": {
      "name": "Adam",
      "stepsize": 0.2,
      "iterations_planned": 50
    },
    "optimizer_name": "Adam",
    "seed": 0,
    "noisy": false,
    "depolarizing_prob": 0.0,
    "amplitude_damping_prob": 0.0,
    "mapping": "jordan_wigner",
    "molecule": "H2_BOND"
  },
  "result": {
    "energy": -1.1371329486493555,
    "energies": [
      -1.116476363239977,
      -1.116476363239977,
      -1.1369138918613058,
      -1.1310622752437107,
      -1.1262312550818359,
      -1.1302575665738661,
      -1.1356578846079208,
      -1.1371204687436536,
      -1.1346914926904967,
      -1.1322520820665192,
      -1.1325112979540866,
      -1.1347708956232438,
      -1.1368082347263555,
      -1.137099732308833,
      -1.1358901528013787,
      -1.1346999576725092,
      -1.1347119206744731,
      -1.1357883158380002,
      -1.136908130361002,
      -1.1371957378099162,
      -1.136627167030241,
      -1.135933723239974,
      -1.1358292575600484,
      -1.1363651289531054,
      -1.137008264761912,
      -1.1372139735927806,
      -1.1369143711352632,
      -1.1365167639635465,
      -1.136452737413807,
      -1.1367631434184249,
      -1.1371232159131024,
      -1.1372091392234605,
      -1.1370103472624462,
      -1.1367973546813543,
      -1.1368104372318752,
      -1.1370205859645839,
      -1.1372006116183768,
      -1.1371878657825025,
      -1.1370445053869322,
      -1.1369602240733352,
      -1.1370300884585,
      -1.1371658211418074,
      -1.1372198088625474,
      -1.1371567804783393,
      -1.1370772346549047,
      -1.137083723539081,
      -1.137162963801384,
      -1.1372187271755445,
      -1.1371967254171051,
      -1.1371427053197227,
      -1.1371329486493555
    ],
    "steps": 50,
    "final_state_real": [
      0.0,
      0.0,
      0.0,
      -0.11869578437042885,
      0.0,
      0.0,
      0.0,
      0.0,
      0.0,
      0.0,
      0.0,
      0.0,
      0.9929306676564525,
      0.0,
      0.0,
      0.0
    ],
    "final_state_imag": [
      0.0,
      0.0,
      0.0,
      0.0,
      0.0,
      0.0,
      0.0,
      0.0,
      0.0,
      0.0,
      0.0,
      0.0,
      0.0,
      0.0,
      0.0,
      0.0
    ],
    "num_qubits": 4
  }
}