{
  "config": {
    "symbols": [
      "H",
      "H"
    ],
    "geometry": [
      [
        0.0,
        0.0,
        0.0
      ],
      [
        0.0,
        0.0,
        1.24
      ]
    ],
    "basis": "sto-3g",
    "ansatz": "UCCSD",
    "optimizer": {
      "name": "Adam",
      "stepsize": 0.2,
      "iterations_planned": 50
    },
    "optimizer_name": "Adam",
    "seed": 0,
    "noisy": false,
    "depolarizing_prob": 0.0,
    "amplitude_damping_prob": 0.0,
    "mapping": "jordan_wigner",
    "molecule": "H2_BOND"
  },
  "result": {
    "energy": -1.047762151826526,
    "energies": [
      -0.9923169320613792,
      -0.9923169320613792,
      -1.0269913793365908,
      -1.0448608322756718,
      -1.0473486154046812,
      -1.0407106660669763,
      -1.03380641349541,
      -1.0316994939598747,
      -1.0343227078671626,
      -1.039349381736759,
      -1.04428042260445,
      -1.0473365282654339,
      -1.0478418396732698,
      -1.0462882013995474,
      -1.043972732606571,
      -1.0422685863931138,
      -1.041958623352001,
      -1.0430243040097282,
      -1.0448603053586754,
      -1.0466568318997118,
      -1.0477558616574285,
      -1.047888443631049,
      -1.047237062838686,
      -1.0463002490350082,
      -1.0456210057937638,
      -1.0455265190227088,
      -1.04601391793091,
      -1.0468106664979697,
      -1.0475435521998508,
      -1.0479229615347112,
      -1.0478648486028324,
      -1.047504329187578,
      -1.0471014882875018,
      -1.0468944262099404,
      -1.0469824222934234,
      -1.0472972711652233,
      -1.047663911799084,
      -1.047905687622107,
      -1.047935826629763,
      -1.0477909185118182,
      -1.0475946714278286,
      -1.0474783271400976,
      -1.047507091214531,
      -1.0476537030060706,
      -1.0478276760476377,
      -1.047935944737253,
      -1.047936646354392,
      -1.047856278066531,
      -1.0477644022340775,
      -1.047725833196317,
      -1.047762151826526
    ],
    "steps": 50,
    "final_state_real": [
      0.0,
      0.0,
      0.0,
      -0.24269410658629598,
      0.0,
      0.0,
      0.0,
      0.0,
      0.0,
      0.0,
      0.0,
      0.0,
      0.9701028660035386,
      0.0,
      0.0,
      0.0
    ],
    "final_state_imag": [
      0.0,
      0.0,
      0.0,
      0.0,
      0.0,
      0.0,
      0.0,
      0.0,
      0.0,
      0.0,
      0.0,
      0.0,
      0.0,
      0.0,
      0.0,
      0.0
    ],
    "num_qubits": 4
  }
}