{
  "config": {
    "symbols": [
      "H",
      "H"
    ],
    "geometry": [
      [
        0.0,
        0.0,
        0.0
      ],
      [
        0.0,
        0.0,
        2.005
      ]
    ],
    "basis": "sto-3g",
    "ansatz": "UCCSD",
    "optimizer": {
      "name": "Adam",
      "stepsize": 0.2,
      "iterations_planned": 50
    },
    "optimizer_name": "Adam",
    "seed": 0,
    "noisy": false,
    "depolarizing_prob": 0.0,
    "amplitude_damping_prob": 0.0,
    "mapping": "jordan_wigner",
    "molecule": "H2_BOND"
  },
  "result": {
    "energy": -0.9477512414121714,
    "energies": [
      -0.7827667744917012,
      -0.7827667744917012,
      -0.8319037746097461,
      -0.874109084307508,
      -0.9076004650791748,
      -0.9311589269943186,
      -0.9444583136713703,
      -0.9483958970262957,
      -0.9452098675234171,
      -0.938103397391264,
      -0.930364678447431,
      -0.9244618264112151,
      -0.9216393355503627,
      -0.9220525534353573,
      -0.9251344368128095,
      -0.9299475979467748,
      -0.9354451618804598,
      -0.94065348017062,
      -0.9448036007524035,
      -0.9474234992111523,
      -0.9483858068790866,
      -0.9478973473068714,
      -0.946422865050615,
      -0.9445551608015451,
      -0.9428663079452166,
      -0.9417832333762857,
      -0.9415185227469329,
      -0.9420633457245878,
      -0.943229648851522,
      -0.9447208719108224,
      -0.9462116245800973,
      -0.9474209165556456,
      -0.9481671656877092,
      -0.9483963460149962,
      -0.9481789522727028,
      -0.9476779376339663,
      -0.947097247467039,
      -0.9466259436799214,
      -0.9463933322928284,
      -0.9464456539250942,
      -0.9467472769847433,
      -0.9472022985860371,
      -0.9476880814852926,
      -0.9480908295661583,
      -0.9483342044947582,
      -0.9483945749446088,
      -0.9483003008567872,
      -0.9481168371574149,
      -0.9479232937618828,
      -0.9477881395266968,
      -0.9477512414121714
    ],
    "steps": 50,
    "final_state_real": [
      0.0,
      0.0,
      0.0,
      -0.5110471301772384,
      0.0,
      0.0,
      0.0,
      0.0,
      0.0,
      0.0,
      0.0,
      0.0,
      0.8595526922403354,
      0.0,
      0.0,
      0.0
    ],
    "final_state_imag": [
      0.0,
      0.0,
      0.0,
      0.0,
      0.0,
      0.0,
      0.0,
      0.0,
      0.0,
      0.0,
      0.0,
      0.0,
      0.0,
      0.0,
      0.0,
      0.0
    ],
    "num_qubits": 4
  }
}