{
  "config": {
    "symbols": [
      "H",
      "H"
    ],
    "geometry": [
      [
        0.0,
        0.0,
        0.0
      ],
      [
        0.0,
        0.0,
        0.34
      ]
    ],
    "basis": "sto-3g",
    "ansatz": "UCCSD",
    "optimizer": {
      "name": "Adam",
      "stepsize": 0.2,
      "iterations_planned": 50
    },
    "optimizer_name": "Adam",
    "seed": 0,
    "noisy": false,
    "depolarizing_prob": 0.0,
    "amplitude_damping_prob": 0.0,
    "mapping": "jordan_wigner",
    "molecule": "H2_BOND"
  },
  "result": {
    "energy": -0.7576814024967079,
    "energies": [
      -0.7490786232115326,
      -0.7490786232115326,
      -0.7510253218160395,
      -0.7507086170987852,
      -0.7572148306868652,
      -0.7559035186266693,
      -0.7528960268265413,
      -0.754852875367528,
      -0.7575265049138651,
      -0.7569318014892491,
      -0.755076283920517,
      -0.7553861204555049,
      -0.7571132949277557,
      -0.7576613454854387,
      -0.7566342816504338,
      -0.7559904806503783,
      -0.7567161515449154,
      -0.7576270402480458,
      -0.7574948774314179,
      -0.7567899534948589,
      -0.7567307126689715,
      -0.7573629458448781,
      -0.7577140311584647,
      -0.7573787527862473,
      -0.7570334334880234,
      -0.7572527558090197,
      -0.757656298289437,
      -0.757642784201028,
      -0.7573433393572242,
      -0.757311485502537,
      -0.7575858253629607,
      -0.7577106136868447,
      -0.757538867872862,
      -0.7574259159916739,
      -0.7575714877382626,
      -0.7577128063220442,
      -0.7576339552318471,
      -0.7575241209445962,
      -0.7575939218109099,
      -0.7577078421897104,
      -0.7576735196762797,
      -0.7575897331545425,
      -0.7576267457089735,
      -0.7577083221730485,
      -0.7576882695992675,
      -0.757630028395668,
      -0.7576570883762819,
      -0.7577118518613807,
      -0.7576927630965525,
      -0.7576555617377855,
      -0.7576814024967079
    ],
    "steps": 50,
    "final_state_real": [
      0.0,
      0.0,
      0.0,
      -0.052886956600455844,
      0.0,
      0.0,
      0.0,
      0.0,
      0.0,
      0.0,
      0.0,
      0.0,
      0.9986005056185089,
      0.0,
      0.0,
      0.0
    ],
    "final_state_imag": [
      0.0,
      0.0,
      0.0,
      0.0,
      0.0,
      0.0,
      0.0,
      0.0,
      0.0,
      0.0,
      0.0,
      0.0,
      0.0,
      0.0,
      0.0,
      0.0
    ],
    "num_qubits": 4
  }
}