{
  "config": {
    "symbols": [
      "H",
      "H"
    ],
    "geometry": [
      [
        0.0,
        0.0,
        0.0
      ],
      [
        0.0,
        0.0,
        2.05
      ]
    ],
    "basis": "sto-3g",
    "ansatz": "UCCSD",
    "optimizer": {
      "name": "Adam",
      "stepsize": 0.2,
      "iterations_planned": 50
    },
    "optimizer_name": "Adam",
    "seed": 0,
    "noisy": false,
    "depolarizing_prob": 0.0,
    "amplitude_damping_prob": 0.0,
    "mapping": "jordan_wigner",
    "molecule": "H2_BOND"
  },
  "result": {
    "energy": -0.9457223087191994,
    "energies": [
      -0.7737492089603433,
      -0.7737492089603433,
      -0.8235149666198506,
      -0.8666599870592766,
      -0.9013586352620676,
      -0.9263097110861671,
      -0.9410495727096702,
      -0.9462774758196254,
      -0.9440075743595752,
      -0.9372821310708248,
      -0.9293818161279567,
      -0.9229225326376438,
      -0.9193661465514582,
      -0.9190671785126241,
      -0.9215996547545054,
      -0.9261058740865629,
      -0.9315660458683104,
      -0.9369894303234539,
      -0.9415523030583893,
      -0.9446978072438785,
      -0.9461961041003543,
      -0.9461526547742573,
      -0.94495419212683,
      -0.943157383148797,
      -0.9413470143847275,
      -0.940004024325961,
      -0.9394182793905541,
      -0.9396606775545374,
      -0.9406080697414027,
      -0.942003035083682,
      -0.9435290907612889,
      -0.944885215554748,
      -0.9458472401480019,
      -0.9463066222208059,
      -0.9462805643250706,
      -0.9458927001615098,
      -0.9453304591298949,
      -0.9447914737562889,
      -0.9444340305888443,
      -0.9443441094933115,
      -0.9445252656574131,
      -0.9449104624674891,
      -0.9453895586258678,
      -0.945843496882159,
      -0.9461760637836857,
      -0.9463357587629047,
      -0.9463233396688123,
      -0.9461845265224287,
      -0.9459913454097792,
      -0.9458185354546741,
      -0.9457223087191994
    ],
    "steps": 50,
    "final_state_real": [
      0.0,
      0.0,
      0.0,
      -0.5225985842966743,
      0.0,
      0.0,
      0.0,
      0.0,
      0.0,
      0.0,
      0.0,
      0.0,
      0.852578864206187,
      0.0,
      0.0,
      0.0
    ],
    "final_state_imag": [
      0.0,
      0.0,
      0.0,
      0.0,
      0.0,
      0.0,
      0.0,
      0.0,
      0.0,
      0.0,
      0.0,
      0.0,
      0.0,
      0.0,
      0.0,
      0.0
    ],
    "num_qubits": 4
  }
}