{
  "config": {
    "symbols": [
      "H",
      "H"
    ],
    "geometry": [
      [
        0.0,
        0.0,
        0.0
      ],
      [
        0.0,
        0.0,
        1.195
      ]
    ],
    "basis": "sto-3g",
    "ansatz": "UCCSD",
    "optimizer": {
      "name": "Adam",
      "stepsize": 0.2,
      "iterations_planned": 50
    },
    "optimizer_name": "Adam",
    "seed": 0,
    "noisy": false,
    "depolarizing_prob": 0.0,
    "amplitude_damping_prob": 0.0,
    "mapping": "jordan_wigner",
    "molecule": "H2_BOND"
  },
  "result": {
    "energy": -1.0577744787583576,
    "energies": [
      -1.0067007908192445,
      -1.0067007908192445,
      -1.0402752471800223,
      -1.0561157621254311,
      -1.055016740701943,
      -1.048766524898115,
      -1.0422670668837795,
      -1.0412536099171075,
      -1.0450378985924198,
      -1.050886456724785,
      -1.055635470053435,
      -1.0571593830213253,
      -1.0564445484823868,
      -1.0549327167652052,
      -1.0529141433962912,
      -1.051434312510952,
      -1.0520557959631214,
      -1.0541288667500601,
      -1.0560356863762346,
      -1.0571463010727897,
      -1.0575434233224088,
      -1.0572114325355126,
      -1.0563351240085335,
      -1.0554734921713487,
      -1.0551869137962873,
      -1.0556492087754061,
      -1.0565706809795004,
      -1.0574122198840612,
      -1.0577627765392357,
      -1.0576262251931945,
      -1.057286257050342,
      -1.0569521937489008,
      -1.0567369550819086,
      -1.0568003210819494,
      -1.0571785951236228,
      -1.0576140599939916,
      -1.0578190856242944,
      -1.0577590794613552,
      -1.0575792169650535,
      -1.0574150716461996,
      -1.0573431381534235,
      -1.0574009569461065,
      -1.0575733793883404,
      -1.057765884000563,
      -1.0578512533664317,
      -1.0577903372422908,
      -1.057675423682292,
      -1.057612802921417,
      -1.057622815171196,
      -1.0576841374352957,
      -1.0577744787583576
    ],
    "steps": 50,
    "final_state_real": [
      0.0,
      0.0,
      0.0,
      -0.23507185484056003,
      0.0,
      0.0,
      0.003042619198742045,
      0.0,
      0.0,
      0.003042619198742045,
      0.0,
      0.0,
      0.9719684706813495,
      0.0,
      0.0,
      0.0
    ],
    "final_state_imag": [
      0.0,
      0.0,
      0.0,
      0.0,
      0.0,
      0.0,
      0.0,
      0.0,
      0.0,
      0.0,
      0.0,
      0.0,
      0.0,
      0.0,
      0.0,
      0.0
    ],
    "num_qubits": 4
  }
}