{
  "config": {
    "symbols": [
      "H",
      "H"
    ],
    "geometry": [
      [
        0.0,
        0.0,
        0.0
      ],
      [
        0.0,
        0.0,
        0.475
      ]
    ],
    "basis": "sto-3g",
    "ansatz": "UCCSD",
    "optimizer": {
      "name": "Adam",
      "stepsize": 0.2,
      "iterations_planned": 50
    },
    "optimizer_name": "Adam",
    "seed": 0,
    "noisy": false,
    "depolarizing_prob": 0.0,
    "amplitude_damping_prob": 0.0,
    "mapping": "jordan_wigner",
    "molecule": "H2_BOND"
  },
  "result": {
    "energy": -1.0295696853094989,
    "energies": [
      -1.0181150830704195,
      -1.0181150830704195,
      -1.027200384910552,
      -1.0204309338116986,
      -1.0186513959435022,
      -1.0295747330283493,
      -1.0221547172513104,
      -1.0204558763264533,
      -1.0265596644381856,
      -1.0288061857619706,
      -1.0261169622029893,
      -1.0244942303486764,
      -1.0259995904489942,
      -1.0283832698572235,
      -1.028685952140628,
      -1.0272591175811747,
      -1.0268212465535704,
      -1.0279737475529507,
      -1.0289332022342768,
      -1.0287075845338183,
      -1.0281178206796393,
      -1.0281070788061781,
      -1.0286963329714462,
      -1.0291488422389161,
      -1.0289878621947823,
      -1.0286766685959239,
      -1.0287999924429523,
      -1.0291665028097725,
      -1.029278871496269,
      -1.029134132421809,
      -1.0290574998535411,
      -1.029190812796717,
      -1.029365720370511,
      -1.0293701234755193,
      -1.0292805340928763,
      -1.029304235382809,
      -1.0294180771457817,
      -1.0294594323219821,
      -1.0294219339036461,
      -1.0294126161830173,
      -1.029464011275723,
      -1.0295094042209276,
      -1.0295006996779759,
      -1.0294876320033608,
      -1.0295150677795037,
      -1.0295436828489037,
      -1.0295420487855702,
      -1.0295383829479439,
      -1.0295523824882105,
      -1.0295680435778571,
      -1.0295696853094989
    ],
    "steps": 50,
    "final_state_real": [
      0.0,
      0.0,
      0.0,
      -0.06717481161517304,
      0.0,
      0.0,
      -0.005926681679311237,
      0.0,
      0.0,
      -0.004283470778755536,
      0.0,
      0.0,
      0.9977144235736124,
      0.0,
      0.0,
      0.0
    ],
    "final_state_imag": [
      0.0,
      0.0,
      0.0,
      0.0,
      0.0,
      0.0,
      0.0,
      0.0,
      0.0,
      0.0,
      0.0,
      0.0,
      0.0,
      0.0,
      0.0,
      0.0
    ],
    "num_qubits": 4
  }
}