{
  "config": {
    "symbols": [
      "H",
      "H"
    ],
    "geometry": [
      [
        0.0,
        0.0,
        0.0
      ],
      [
        0.0,
        0.0,
        2.275
      ]
    ],
    "basis": "sto-3g",
    "ansatz": "UCCSD",
    "optimizer": {
      "name": "Adam",
      "stepsize": 0.2,
      "iterations_planned": 50
    },
    "optimizer_name": "Adam",
    "seed": 0,
    "noisy": false,
    "depolarizing_prob": 0.0,
    "amplitude_damping_prob": 0.0,
    "mapping": "jordan_wigner",
    "molecule": "H2_BOND"
  },
  "result": {
    "energy": -0.9391498013560582,
    "energies": [
      -0.7342099238962603,
      -0.7342099238962603,
      -0.7868130917016635,
      -0.8340693637213269,
      -0.8739768837893078,
      -0.9049223767684372,
      -0.9259394877966051,
      -0.9370059167129022,
      -0.9392780160656236,
      -0.935071789705924,
      -0.9274231320242486,
      -0.9193203580996253,
      -0.9130014672740768,
      -0.9096552574184176,
      -0.9095217143661365,
      -0.9121749533566893,
      -0.9168099081966354,
      -0.9224673997863433,
      -0.9281997116002264,
      -0.9331949246461104,
      -0.9368706867131185,
      -0.9389356638919159,
      -0.93940850559384,
      -0.9385844388488346,
      -0.9369501861956497,
      -0.9350647353276103,
      -0.9334367668077621,
      -0.9324300954105711,
      -0.9322158783603331,
      -0.9327731280732171,
      -0.9339265590997198,
      -0.9354062275190704,
      -0.9369143537248712,
      -0.9381874269784785,
      -0.9390441841123407,
      -0.9394124221859582,
      -0.9393308652256893,
      -0.938927044462616,
      -0.9383776457733208,
      -0.9378621015368415,
      -0.9375213907464783,
      -0.9374314672446864,
      -0.9375956855371013,
      -0.9379551803587993,
      -0.9384121045919511,
      -0.9388585922579221,
      -0.9392041202739614,
      -0.9393951764812417,
      -0.9394234433825944,
      -0.9393217056207674,
      -0.9391498013560582
    ],
    "steps": 50,
    "final_state_real": [
      0.0,
      0.0,
      0.0,
      -0.5784904426772026,
      0.0,
      0.0,
      0.0,
      0.0,
      0.0,
      0.0,
      0.0,
      0.0,
      0.8156891612195998,
      0.0,
      0.0,
      0.0
    ],
    "final_state_imag": [
      0.0,
      0.0,
      0.0,
      0.0,
      0.0,
      0.0,
      0.0,
      0.0,
      0.0,
      0.0,
      0.0,
      0.0,
      0.0,
      0.0,
      0.0,
      0.0
    ],
    "num_qubits": 4
  }
}