{
  "config": {
    "symbols": [
      "H",
      "H"
    ],
    "geometry": [
      [
        0.0,
        0.0,
        0.0
      ],
      [
        0.0,
        0.0,
        1.69
      ]
    ],
    "basis": "sto-3g",
    "ansatz": "UCCSD",
    "optimizer": {
      "name": "Adam",
      "stepsize": 0.2,
      "iterations_planned": 50
    },
    "optimizer_name": "Adam",
    "seed": 0,
    "noisy": false,
    "depolarizing_prob": 0.0,
    "amplitude_damping_prob": 0.0,
    "mapping": "jordan_wigner",
    "molecule": "H2_BOND"
  },
  "result": {
    "energy": -0.9725157683362147,
    "energies": [
      -0.8569932009596989,
      -0.8569932009596989,
      -0.9010861153951815,
      -0.9353829229945725,
      -0.9585568222398008,
      -0.9703611074417557,
      -0.9721669329119521,
      -0.9671630967135534,
      -0.959601839454218,
      -0.9532229576332094,
      -0.950085812064432,
      -0.9505401165236783,
      -0.9538394186642911,
      -0.9587555774785477,
      -0.963994006568286,
      -0.9684518691237997,
      -0.9713842797379691,
      -0.9725010687938672,
      -0.9719796604445906,
      -0.9703723173965921,
      -0.9684164299791199,
      -0.9668061229917051,
      -0.9660081111882781,
      -0.9661782992346586,
      -0.9671824678344637,
      -0.968687076148111,
      -0.9702789525539002,
      -0.971581718855429,
      -0.9723466525180837,
      -0.9725019944129437,
      -0.9721513176354837,
      -0.9715229336503728,
      -0.9708874053650844,
      -0.9704716185934561,
      -0.9703976939774572,
      -0.9706628920232256,
      -0.9711601412834061,
      -0.9717262676179078,
      -0.9721996515911708,
      -0.9724696007656216,
      -0.9725040825414157,
      -0.97234953824736,
      -0.9721053335639657,
      -0.9718836932636682,
      -0.9717703650149151,
      -0.971799595719497,
      -0.9719502342017086,
      -0.9721613661581143,
      -0.9723593985639198,
      -0.9724857896359221,
      -0.9725157683362147
    ],
    "steps": 50,
    "final_state_real": [
      0.0,
      0.0,
      0.0,
      -0.4400422003514097,
      0.0,
      0.0,
      0.0,
      0.0,
      0.0,
      0.0,
      0.0,
      0.0,
      0.897977094312483,
      0.0,
      0.0,
      0.0
    ],
    "final_state_imag": [
      0.0,
      0.0,
      0.0,
      0.0,
      0.0,
      0.0,
      0.0,
      0.0,
      0.0,
      0.0,
      0.0,
      0.0,
      0.0,
      0.0,
      0.0,
      0.0
    ],
    "num_qubits": 4
  }
}