{
  "config": {
    "symbols": [
      "H",
      "H"
    ],
    "geometry": [
      [
        0.0,
        0.0,
        0.0
      ],
      [
        0.0,
        0.0,
        2.365
      ]
    ],
    "basis": "sto-3g",
    "ansatz": "UCCSD",
    "optimizer": {
      "name": "Adam",
      "stepsize": 0.2,
      "iterations_planned": 50
    },
    "optimizer_name": "Adam",
    "seed": 0,
    "noisy": false,
    "depolarizing_prob": 0.0,
    "amplitude_damping_prob": 0.0,
    "mapping": "jordan_wigner",
    "molecule": "H2_BOND"
  },
  "result": {
    "energy": -0.9376220207658502,
    "energies": [
      -0.7207906507889711,
      -0.7207906507889711,
      -0.7743969990742424,
      -0.8230553334226922,
      -0.8647072314831017,
      -0.8976466592270127,
      -0.9207649202637043,
      -0.9338387179842476,
      -0.9377777530805699,
      -0.9346629674118266,
      -0.9274011614298852,
      -0.9190252119275895,
      -0.9119684217750298,
      -0.9076742217130054,
      -0.9066122166976169,
      -0.9085224174585302,
      -0.9126981743806332,
      -0.9182202815678999,
      -0.9241319517499561,
      -0.9295703561771552,
      -0.9338676450718737,
      -0.9366230829165764,
      -0.9377383250703035,
      -0.9374050878513419,
      -0.9360411308218852,
      -0.9341849616003668,
      -0.9323746065553461,
      -0.9310416015844517,
      -0.930443985442881,
      -0.9306466213330649,
      -0.9315428616816447,
      -0.9329040562283186,
      -0.9344423342148085,
      -0.9358741394541924,
      -0.9369744681861583,
      -0.9376139306884164,
      -0.9377733051361323,
      -0.9375340265287238,
      -0.937048022868658,
      -0.9364951859773692,
      -0.936039601528675,
      -0.9357951395317103,
      -0.9358073793485283,
      -0.9360537524528022,
      -0.9364591402112524,
      -0.9369211352740447,
      -0.9373379958342102,
      -0.9376327002865972,
      -0.9377680784694272,
      -0.9377504385400273,
      -0.9376220207658502
    ],
    "steps": 50,
    "final_state_real": [
      0.0,
      0.0,
      0.0,
      -0.5979862542968157,
      0.0,
      0.0,
      0.0,
      0.0,
      0.0,
      0.0,
      0.0,
      0.0,
      0.8015063566011589,
      0.0,
      0.0,
      0.0
    ],
    "final_state_imag": [
      0.0,
      0.0,
      0.0,
      0.0,
      0.0,
      0.0,
      0.0,
      0.0,
      0.0,
      0.0,
      0.0,
      0.0,
      0.0,
      0.0,
      0.0,
      0.0
    ],
    "num_qubits": 4
  }
}