{
  "config": {
    "symbols": [
      "H",
      "H"
    ],
    "geometry": [
      [
        0.0,
        0.0,
        0.0
      ],
      [
        0.0,
        0.0,
        0.385
      ]
    ],
    "basis": "sto-3g",
    "ansatz": "UCCSD",
    "optimizer": {
      "name": "Adam",
      "stepsize": 0.2,
      "iterations_planned": 50
    },
    "optimizer_name": "Adam",
    "seed": 0,
    "noisy": false,
    "depolarizing_prob": 0.0,
    "amplitude_damping_prob": 0.0,
    "mapping": "jordan_wigner",
    "molecule": "H2_BOND"
  },
  "result": {
    "energy": -0.8816835481894826,
    "energies": [
      -0.8722457633970252,
      -0.8722457633970252,
      -0.8766627143536622,
      -0.8739417372487149,
      -0.8677882664936952,
      -0.8805650055644205,
      -0.870233291546123,
      -0.868238472025854,
      -0.8769733864685332,
      -0.8816559644002478,
      -0.8768917485378022,
      -0.8731541362555273,
      -0.8767738503767692,
      -0.8812580777566631,
      -0.8807859486526903,
      -0.8775752734933329,
      -0.8768434311060955,
      -0.8793252451732829,
      -0.881580233306951,
      -0.8809544720468792,
      -0.878998419475653,
      -0.878927922077852,
      -0.8806953479414813,
      -0.8817013106325015,
      -0.880904663767032,
      -0.8798901965861444,
      -0.8801969562523551,
      -0.8812956775697672,
      -0.8816610453130196,
      -0.8809992174826102,
      -0.880544716813126,
      -0.8810225469068037,
      -0.8816309573204444,
      -0.8815266407828143,
      -0.8810754207178606,
      -0.881067828117338,
      -0.8814850283439648,
      -0.8816759890760932,
      -0.8814374684205459,
      -0.8812670978769042,
      -0.88146208550025,
      -0.8816732762055459,
      -0.8815967342571891,
      -0.8814477892340731,
      -0.8815055191597726,
      -0.8816589396582093,
      -0.8816625847307236,
      -0.8815635280430886,
      -0.8815696818491213,
      -0.8816642220969881,
      -0.8816835481894826
    ],
    "steps": 50,
    "final_state_real": [
      0.0,
      0.0,
      0.0,
      -0.05358664676625336,
      0.0,
      0.0,
      0.003994514846919345,
      0.0,
      0.0,
      -0.003926295794675149,
      0.0,
      0.0,
      0.9985474947847094,
      0.0,
      0.0,
      0.0
    ],
    "final_state_imag": [
      0.0,
      0.0,
      0.0,
      0.0,
      0.0,
      0.0,
      0.0,
      0.0,
      0.0,
      0.0,
      0.0,
      0.0,
      0.0,
      0.0,
      0.0,
      0.0
    ],
    "num_qubits": 4
  }
}