{
  "config": {
    "symbols": [
      "H",
      "H"
    ],
    "geometry": [
      [
        0.0,
        0.0,
        0.0
      ],
      [
        0.0,
        0.0,
        0.43
      ]
    ],
    "basis": "sto-3g",
    "ansatz": "UCCSD",
    "optimizer": {
      "name": "Adam",
      "stepsize": 0.2,
      "iterations_planned": 50
    },
    "optimizer_name": "Adam",
    "seed": 0,
    "noisy": false,
    "depolarizing_prob": 0.0,
    "amplitude_damping_prob": 0.0,
    "mapping": "jordan_wigner",
    "molecule": "H2_BOND"
  },
  "result": {
    "energy": -0.9685428661063068,
    "energies": [
      -0.9581662344251156,
      -0.9581662344251156,
      -0.9649697887942674,
      -0.960050045497942,
      -0.9581479575081955,
      -0.9684120658549598,
      -0.9597346663353926,
      -0.9593080842630977,
      -0.966460428735882,
      -0.9680394988572969,
      -0.9641683199095503,
      -0.9626331045943679,
      -0.9652858629342638,
      -0.9681643886121799,
      -0.9676740176956115,
      -0.96541888768067,
      -0.9653549043135065,
      -0.9673675839517367,
      -0.968449627997704,
      -0.9675555636131739,
      -0.9664781356562951,
      -0.966825262381883,
      -0.968046366773847,
      -0.9684958037681295,
      -0.967770433543035,
      -0.9672214790186883,
      -0.9677352183464973,
      -0.9684675405121955,
      -0.9684088254424787,
      -0.9678673077722411,
      -0.967776828712621,
      -0.9682627069045706,
      -0.9685826638629899,
      -0.9683285305681221,
      -0.9680334412502035,
      -0.9682195400789034,
      -0.9685549929141287,
      -0.9685224263782992,
      -0.9682726120960331,
      -0.968273555871716,
      -0.968514442268827,
      -0.9685914263718793,
      -0.9684260275968429,
      -0.9683619055506033,
      -0.968514863190679,
      -0.968603732050489,
      -0.9685036441413558,
      -0.9684379730465911,
      -0.9685312602551979,
      -0.9686055939532368,
      -0.9685428661063068
    ],
    "steps": 50,
    "final_state_real": [
      0.0,
      0.0,
      0.0,
      -0.05858052137943857,
      0.0,
      0.0,
      0.006458981252295915,
      0.0,
      0.0,
      0.0038745316728151474,
      0.0,
      0.0,
      0.9982542722575305,
      0.0,
      0.0,
      0.0
    ],
    "final_state_imag": [
      0.0,
      0.0,
      0.0,
      0.0,
      0.0,
      0.0,
      0.0,
      0.0,
      0.0,
      0.0,
      0.0,
      0.0,
      0.0,
      0.0,
      0.0,
      0.0
    ],
    "num_qubits": 4
  }
}