{
  "config": {
    "symbols": [
      "H",
      "H"
    ],
    "geometry": [
      [
        0.0,
        0.0,
        0.0
      ],
      [
        0.0,
        0.0,
        2.455
      ]
    ],
    "basis": "sto-3g",
    "ansatz": "UCCSD",
    "optimizer": {
      "name": "Adam",
      "stepsize": 0.2,
      "iterations_planned": 50
    },
    "optimizer_name": "Adam",
    "seed": 0,
    "noisy": false,
    "depolarizing_prob": 0.0,
    "amplitude_damping_prob": 0.0,
    "mapping": "jordan_wigner",
    "molecule": "H2_BOND"
  },
  "result": {
    "energy": -0.9364761373091967,
    "energies": [
      -0.7086039241510086,
      -0.7086039241510086,
      -0.7631452556574615,
      -0.8130855226266822,
      -0.8563155771081089,
      -0.891049207379525,
      -0.9160577396639591,
      -0.9309506122435751,
      -0.9364312769464137,
      -0.9343773281497085,
      -0.9275698972499596,
      -0.91905673205183,
      -0.9114209499387043,
      -0.9063209078483848,
      -0.9044310344352592,
      -0.905645854236308,
      -0.9093552358409347,
      -0.9146850723111765,
      -0.9206806755293148,
      -0.926444866120093,
      -0.9312448233234469,
      -0.9345920286555677,
      -0.9362895422370523,
      -0.9364360408789717,
      -0.9353796723200803,
      -0.933626772527433,
      -0.9317255704845498,
      -0.9301542262428846,
      -0.9292397285516284,
      -0.9291213016388449,
      -0.9297571341553428,
      -0.9309634853660794,
      -0.9324721435787529,
      -0.9339933274639454,
      -0.9352734427299416,
      -0.9361392374580223,
      -0.9365220646286888,
      -0.9364590129192848,
      -0.9360719957352784,
      -0.9355307716578701,
      -0.9350096408090821,
      -0.9346485896508692,
      -0.9345274688366384,
      -0.9346574055518113,
      -0.9349888663345445,
      -0.9354320870146738,
      -0.9358835969068863,
      -0.9362522037556492,
      -0.9364787393818327,
      -0.9365457804645936,
      -0.9364761373091967
    ],
    "steps": 50,
    "final_state_real": [
      0.0,
      0.0,
      0.0,
      -0.6153053481727568,
      0.0,
      0.0,
      0.0,
      0.0,
      0.0,
      0.0,
      0.0,
      0.0,
      0.7882888610845662,
      0.0,
      0.0,
      0.0
    ],
    "final_state_imag": [
      0.0,
      0.0,
      0.0,
      0.0,
      0.0,
      0.0,
      0.0,
      0.0,
      0.0,
      0.0,
      0.0,
      0.0,
      0.0,
      0.0,
      0.0,
      0.0
    ],
    "num_qubits": 4
  }
}