{
  "config": {
    "symbols": [
      "H",
      "H"
    ],
    "geometry": [
      [
        0.0,
        0.0,
        0.0
      ],
      [
        0.0,
        0.0,
        0.475
      ]
    ],
    "basis": "sto-3g",
    "ansatz": "UCCSD",
    "optimizer": {
      "name": "Adam",
      "stepsize": 0.2,
      "iterations_planned": 50
    },
    "optimizer_name": "Adam",
    "seed": 0,
    "noisy": false,
    "depolarizing_prob": 0.0,
    "amplitude_damping_prob": 0.0,
    "mapping": "jordan_wigner",
    "molecule": "H2_BOND"
  },
  "result": {
    "energy": -1.02959238072788,
    "energies": [
      -1.0181150830704195,
      -1.0181150830704195,
      -1.027200384910552,
      -1.020430933932994,
      -1.025938987036788,
      -1.029629241054115,
      -1.0269918218918677,
      -1.0248654440235714,
      -1.0267609812507008,
      -1.0292796812794691,
      -1.0292430536891892,
      -1.0275137497871276,
      -1.0269913915229707,
      -1.02825934182595,
      -1.0295140521235184,
      -1.029341063747251,
      -1.0283509998828195,
      -1.0280739339128095,
      -1.0288228352096578,
      -1.0295635828409313,
      -1.029450886416088,
      -1.0288507534455573,
      -1.028691663569383,
      -1.0291624956942018,
      -1.0296015984652873,
      -1.0294929627339897,
      -1.0291194628877707,
      -1.0290703653783733,
      -1.029395757232163,
      -1.0296267945535609,
      -1.0294948519795766,
      -1.0292745344083363,
      -1.0293191437290914,
      -1.0295461484611013,
      -1.0296229726215151,
      -1.0294844030025847,
      -1.029389976495726,
      -1.029490766286088,
      -1.0296193953590194,
      -1.0295913391803007,
      -1.0294897912305714,
      -1.0294976509424165,
      -1.0295959289624976,
      -1.0296245279505791,
      -1.0295591983771772,
      -1.029530691174008,
      -1.0295877601264836,
      -1.0296292462212158,
      -1.0295954829782994,
      -1.0295626030631955,
      -1.02959238072788
    ],
    "steps": 50,
    "final_state_real": [
      0.0,
      0.0,
      0.0,
      -0.06911075791176441,
      0.0,
      0.0,
      0.0,
      0.0,
      0.0,
      0.0,
      0.0,
      0.0,
      0.9976089931134651,
      0.0,
      0.0,
      0.0
    ],
    "final_state_imag": [
      0.0,
      0.0,
      0.0,
      0.0,
      0.0,
      0.0,
      0.0,
      0.0,
      0.0,
      0.0,
      0.0,
      0.0,
      0.0,
      0.0,
      0.0,
      0.0
    ],
    "num_qubits": 4
  }
}