{
  "config": {
    "symbols": [
      "H",
      "H"
    ],
    "geometry": [
      [
        0.0,
        0.0,
        0.0
      ],
      [
        0.0,
        0.0,
        0.925
      ]
    ],
    "basis": "sto-3g",
    "ansatz": "UCCSD",
    "optimizer": {
      "name": "Adam",
      "stepsize": 0.2,
      "iterations_planned": 50
    },
    "optimizer_name": "Adam",
    "seed": 0,
    "noisy": false,
    "depolarizing_prob": 0.0,
    "amplitude_damping_prob": 0.0,
    "mapping": "jordan_wigner",
    "molecule": "H2_BOND"
  },
  "result": {
    "energy": -1.1160066311054744,
    "energies": [
      -1.085955875447396,
      -1.085955875447396,
      -1.1122180875065886,
      -1.1147397065465623,
      -1.1042824417916568,
      -1.1032395598340479,
      -1.1055285728654567,
      -1.1106462942157733,
      -1.1153694708563837,
      -1.1153195241644995,
      -1.1116472190296074,
      -1.1100319797405875,
      -1.1110217150093271,
      -1.1125141920867943,
      -1.1140594208131844,
      -1.115478620832606,
      -1.1156542638731173,
      -1.114482051151875,
      -1.1132301671793408,
      -1.1131121216196367,
      -1.1141709836932843,
      -1.115453967151298,
      -1.115972489744021,
      -1.1156215123257898,
      -1.1150797123017597,
      -1.114829101153021,
      -1.1148583764764022,
      -1.115137810467177,
      -1.1156454114875167,
      -1.1160338048571163,
      -1.1159525421044554,
      -1.1155474537135217,
      -1.1152936340428599,
      -1.1154388198545215,
      -1.115791203948627,
      -1.1160119816464344,
      -1.1159943366590235,
      -1.1158748364144768,
      -1.1157741613251877,
      -1.1157356450689342,
      -1.1158152048894534,
      -1.1159900824573057,
      -1.116092811555992,
      -1.1160233331349767,
      -1.115896589223516,
      -1.1158743148405763,
      -1.1159615514427337,
      -1.1160472524890095,
      -1.1160681717303522,
      -1.1160449541421873,
      -1.1160066311054744
    ],
    "steps": 50,
    "final_state_real": [
      0.0,
      0.0,
      0.0,
      -0.1459153994462749,
      0.0,
      0.0,
      0.003286703411710278,
      0.0,
      0.0,
      0.0032867167307109486,
      0.0,
      0.0,
      0.9892861523736445,
      0.0,
      0.0,
      0.0
    ],
    "final_state_imag": [
      0.0,
      0.0,
      0.0,
      0.0,
      0.0,
      0.0,
      0.0,
      0.0,
      0.0,
      0.0,
      0.0,
      0.0,
      0.0,
      0.0,
      0.0,
      0.0
    ],
    "num_qubits": 4
  }
}