{
  "config": {
    "symbols": [
      "H",
      "H"
    ],
    "geometry": [
      [
        0.0,
        0.0,
        0.0
      ],
      [
        0.0,
        0.0,
        1.285
      ]
    ],
    "basis": "sto-3g",
    "ansatz": "UCCSD",
    "optimizer": {
      "name": "Adam",
      "stepsize": 0.2,
      "iterations_planned": 50
    },
    "optimizer_name": "Adam",
    "seed": 0,
    "noisy": false,
    "depolarizing_prob": 0.0,
    "amplitude_damping_prob": 0.0,
    "mapping": "jordan_wigner",
    "molecule": "H2_BOND"
  },
  "result": {
    "energy": -1.0381162314316117,
    "energies": [
      -0.9779060030632927,
      -0.9779060030632927,
      -1.0136502422430012,
      -1.0334779098616997,
      -1.0370503843365653,
      -1.0326994959595028,
      -1.0247187703016667,
      -1.0206052321465586,
      -1.0214895881782589,
      -1.0258562100027648,
      -1.0314834539839648,
      -1.035982004527194,
      -1.03768777176173,
      -1.037268955288736,
      -1.0358622847687977,
      -1.0337823169160143,
      -1.0320127674573503,
      -1.032087329324778,
      -1.0336616507356844,
      -1.0354594303145472,
      -1.036931398810971,
      -1.0379517090086747,
      -1.0381841986721865,
      -1.0375693271082849,
      -1.0365836014929235,
      -1.0358669696193223,
      -1.0357887966351211,
      -1.036312788019096,
      -1.0371115046549617,
      -1.037799955096245,
      -1.038165874728321,
      -1.0382005959532257,
      -1.0379617451694398,
      -1.037562623611929,
      -1.0372590127505237,
      -1.0372858403831848,
      -1.037590741869723,
      -1.0379388215578216,
      -1.0381820368136565,
      -1.0382824164254858,
      -1.0382242599431262,
      -1.0380483482014027,
      -1.0378799229979954,
      -1.0378431942051403,
      -1.0379565558549029,
      -1.0381302556202283,
      -1.0382585618402609,
      -1.0383006246268716,
      -1.0382700215993532,
      -1.0381927569562723,
      -1.0381162314316117
    ],
    "steps": 50,
    "final_state_real": [
      0.0,
      0.0,
      0.0,
      -0.2549100611833653,
      0.0,
      0.0,
      0.005707285784712982,
      0.0,
      0.0,
      0.00613643749949214,
      0.0,
      0.0,
      0.9669284522296774,
      0.0,
      0.0,
      0.0
    ],
    "final_state_imag": [
      0.0,
      0.0,
      0.0,
      0.0,
      0.0,
      0.0,
      0.0,
      0.0,
      0.0,
      0.0,
      0.0,
      0.0,
      0.0,
      0.0,
      0.0,
      0.0
    ],
    "num_qubits": 4
  }
}