{
  "config": {
    "symbols": [
      "H",
      "H"
    ],
    "geometry": [
      [
        0.0,
        0.0,
        0.0
      ],
      [
        0.0,
        0.0,
        2.455
      ]
    ],
    "basis": "sto-3g",
    "ansatz": "UCCSD",
    "optimizer": {
      "name": "Adam",
      "stepsize": 0.2,
      "iterations_planned": 50
    },
    "optimizer_name": "Adam",
    "seed": 0,
    "noisy": false,
    "depolarizing_prob": 0.0,
    "amplitude_damping_prob": 0.0,
    "mapping": "jordan_wigner",
    "molecule": "H2_BOND"
  },
  "result": {
    "energy": -0.9344849558095738,
    "energies": [
      -0.7086039241510086,
      -0.7086039241510086,
      -0.7631452556574615,
      -0.8130855226265603,
      -0.8561054396675323,
      -0.8908619807020555,
      -0.9159141158168337,
      -0.9309523569380511,
      -0.9364217594415545,
      -0.9344631991726028,
      -0.9281458568067011,
      -0.9216247371976253,
      -0.9187039853225617,
      -0.9207836734352729,
      -0.9267377518747422,
      -0.933017615267938,
      -0.9344928724545087,
      -0.929401542268543,
      -0.9263270390542186,
      -0.928637563167658,
      -0.9326231571517183,
      -0.9346155271609644,
      -0.9335948003541993,
      -0.9313175829931299,
      -0.9301144901579338,
      -0.9308421198411693,
      -0.9327421449036933,
      -0.9343107105677795,
      -0.9344198947432232,
      -0.9332705159346795,
      -0.932246055905446,
      -0.9324099062861189,
      -0.9334836015420088,
      -0.9344124478707881,
      -0.934485909154592,
      -0.933885888398919,
      -0.9333377391701525,
      -0.9333661994535153,
      -0.9339013073164245,
      -0.934448879539817,
      -0.9345662159255737,
      -0.9342548042384822,
      -0.9339245016356539,
      -0.9339419813672807,
      -0.9342671874175887,
      -0.9345648046566246,
      -0.9345879738676298,
      -0.9343979234943347,
      -0.9342439819541645,
      -0.9342917746498726,
      -0.9344849558095738
    ],
    "steps": 50,
    "final_state_real": [
      0.0,
      0.0,
      0.0,
      -0.509827489403947,
      0.0,
      0.0,
      0.4255665296812538,
      0.0,
      0.0,
      0.4255665296812538,
      0.0,
      0.0,
      0.6147049606747758,
      0.0,
      0.0,
      0.0
    ],
    "final_state_imag": [
      0.0,
      0.0,
      0.0,
      0.0,
      0.0,
      0.0,
      0.0,
      0.0,
      0.0,
      0.0,
      0.0,
      0.0,
      0.0,
      0.0,
      0.0,
      0.0
    ],
    "num_qubits": 4
  }
}