{
  "config": {
    "symbols": [
      "H",
      "H"
    ],
    "geometry": [
      [
        0.0,
        0.0,
        0.0
      ],
      [
        0.0,
        0.0,
        1.375
      ]
    ],
    "basis": "sto-3g",
    "ansatz": "UCCSD",
    "optimizer": {
      "name": "Adam",
      "stepsize": 0.2,
      "iterations_planned": 50
    },
    "optimizer_name": "Adam",
    "seed": 0,
    "noisy": false,
    "depolarizing_prob": 0.0,
    "amplitude_damping_prob": 0.0,
    "mapping": "jordan_wigner",
    "molecule": "H2_BOND"
  },
  "result": {
    "energy": -1.020188593941588,
    "energies": [
      -0.949313836298383,
      -0.949313836298383,
      -0.9871093700382987,
      -1.0106367212010572,
      -1.0198575892378685,
      -1.0176903389439957,
      -1.0102673186065458,
      -1.003998204725401,
      -1.0020595056110753,
      -1.0043071989469152,
      -1.0090150305459187,
      -1.0141786977491007,
      -1.0181695495695766,
      -1.0200622440168416,
      -1.0197767827285653,
      -1.017998685984329,
      -1.015833008820805,
      -1.014309205602009,
      -1.0139934739787773,
      -1.0148799493654967,
      -1.0165266680002425,
      -1.0183017869026816,
      -1.0196301686587148,
      -1.0201785517164885,
      -1.0199409204645478,
      -1.0192016195375977,
      -1.0183898630632098,
      -1.0178899211661017,
      -1.0178949680473568,
      -1.018362436693887,
      -1.0190705909536322,
      -1.0197342214423395,
      -1.02012639926211,
      -1.0201615027806736,
      -1.019912175304017,
      -1.0195582569818282,
      -1.0192948376213267,
      -1.019244882629627,
      -1.0194160104565837,
      -1.0197148085261125,
      -1.0200036303290563,
      -1.020168865752571,
      -1.020169358819296,
      -1.0200455886808475,
      -1.0198893883122087,
      -1.019792785668196,
      -1.0198034516574097,
      -1.0199080502114173,
      -1.0200480002808092,
      -1.0201553947120774,
      -1.020188593941588
    ],
    "steps": 50,
    "final_state_real": [
      0.0,
      0.0,
      0.0,
      -0.29807484688024993,
      0.0,
      0.0,
      0.0,
      0.0,
      0.0,
      0.0,
      0.0,
      0.0,
      0.9545425007077032,
      0.0,
      0.0,
      0.0
    ],
    "final_state_imag": [
      0.0,
      0.0,
      0.0,
      0.0,
      0.0,
      0.0,
      0.0,
      0.0,
      0.0,
      0.0,
      0.0,
      0.0,
      0.0,
      0.0,
      0.0,
      0.0
    ],
    "num_qubits": 4
  }
}