{
  "config": {
    "symbols": [
      "H",
      "H"
    ],
    "geometry": [
      [
        0.0,
        0.0,
        0.0
      ],
      [
        0.0,
        0.0,
        0.655
      ]
    ],
    "basis": "sto-3g",
    "ansatz": "UCCSD",
    "optimizer": {
      "name": "Adam",
      "stepsize": 0.2,
      "iterations_planned": 50
    },
    "optimizer_name": "Adam",
    "seed": 0,
    "noisy": false,
    "depolarizing_prob": 0.0,
    "amplitude_damping_prob": 0.0,
    "mapping": "jordan_wigner",
    "molecule": "H2_BOND"
  },
  "result": {
    "energy": -1.1307379859950986,
    "energies": [
      -1.1137327127149121,
      -1.1137327127149121,
      -1.1308032504636882,
      -1.1223518036372944,
      -1.116854910348501,
      -1.1269983551746772,
      -1.1274148375205295,
      -1.1260980104541691,
      -1.1263281386507493,
      -1.1258779547560684,
      -1.1262727289333796,
      -1.1289060578198595,
      -1.130271270498771,
      -1.1289137132406983,
      -1.1271731684874626,
      -1.1274288946050521,
      -1.1293493318264476,
      -1.130765290909116,
      -1.1302465270839284,
      -1.1288624415678208,
      -1.128664860333744,
      -1.1297477516279026,
      -1.1306081258057736,
      -1.130454844718756,
      -1.1298842978118,
      -1.1297103700873456,
      -1.1300464206365055,
      -1.130431292532779,
      -1.1305106877331954,
      -1.1304059468779726,
      -1.130350702224399,
      -1.1303552593533537,
      -1.1303977229946072,
      -1.130539039282583,
      -1.1306831710003957,
      -1.1306454517065327,
      -1.1304902833185735,
      -1.1304717424331503,
      -1.130654971947807,
      -1.130802847655973,
      -1.130721035901645,
      -1.1305679091731549,
      -1.1306060768523416,
      -1.1307739362634883,
      -1.1308167469541808,
      -1.1307112506777983,
      -1.1306576818406342,
      -1.1307343243904722,
      -1.1308089477930994,
      -1.1307850731927116,
      -1.1307379859950986
    ],
    "steps": 50,
    "final_state_real": [
      0.0,
      0.0,
      0.0,
      -0.09036825668075375,
      0.0,
      0.0,
      0.0024721783594252103,
      0.0,
      0.0,
      0.0025915595438776805,
      0.0,
      0.0,
      0.9959019782778681,
      0.0,
      0.0,
      0.0
    ],
    "final_state_imag": [
      0.0,
      0.0,
      0.0,
      0.0,
      0.0,
      0.0,
      0.0,
      0.0,
      0.0,
      0.0,
      0.0,
      0.0,
      0.0,
      0.0,
      0.0,
      0.0
    ],
    "num_qubits": 4
  }
}