{
  "config": {
    "symbols": [
      "H",
      "H"
    ],
    "geometry": [
      [
        0.0,
        0.0,
        0.0
      ],
      [
        0.0,
        0.0,
        1.25
      ]
    ],
    "basis": "sto-3g",
    "ansatz": "UCCSD",
    "optimizer": {
      "name": "Adam",
      "stepsize": 0.2,
      "iterations_planned": 20
    },
    "optimizer_name": "Adam",
    "seed": 0,
    "noisy": false,
    "depolarizing_prob": 0.0,
    "amplitude_damping_prob": 0.0,
    "mapping": "jordan_wigner",
    "molecule": "H2_BOND"
  },
  "result": {
    "energy": -1.0455910889829048,
    "energies": [
      -0.9891138148524529,
      -1.024028579496956,
      -1.0423393730615438,
      -1.0440342628939636,
      -1.038806129314548,
      -1.0312090994232719,
      -1.0282352283252916,
      -1.0302923044889922,
      -1.0354057552527314,
      -1.0409954364573066,
      -1.0444889222867642,
      -1.045051967620663,
      -1.0441153991653136,
      -1.0423976223638833,
      -1.0402621776687473,
      -1.039254794715241,
      -1.040297459313271,
      -1.0422518263125606,
      -1.0439240124962605,
      -1.045074070661709,
      -1.0455910889829048
    ],
    "steps": 20,
    "final_state_real": [
      0.0,
      0.0,
      0.0,
      -0.25888527015294405,
      0.0,
      0.0,
      -0.02209842347937776,
      0.0,
      0.0,
      -0.02092844515229348,
      0.0,
      0.0,
      0.9654284420717418,
      0.0,
      0.0,
      0.0
    ],
    "final_state_imag": [
      0.0,
      0.0,
      0.0,
      0.0,
      0.0,
      0.0,
      0.0,
      0.0,
      0.0,
      0.0,
      0.0,
      0.0,
      0.0,
      0.0,
      0.0,
      0.0
    ],
    "num_qubits": 4
  }
}