{
  "config": {
    "symbols": [
      "H",
      "H"
    ],
    "geometry": [
      [
        0.0,
        0.0,
        0.0
      ],
      [
        0.0,
        0.0,
        1.33
      ]
    ],
    "basis": "sto-3g",
    "ansatz": "UCCSD",
    "optimizer": {
      "name": "Adam",
      "stepsize": 0.2,
      "iterations_planned": 50
    },
    "optimizer_name": "Adam",
    "seed": 0,
    "noisy": false,
    "depolarizing_prob": 0.0,
    "amplitude_damping_prob": 0.0,
    "mapping": "jordan_wigner",
    "molecule": "H2_BOND"
  },
  "result": {
    "energy": -1.028951787268443,
    "energies": [
      -0.9635485987115715,
      -0.9635485987115715,
      -1.000333038223387,
      -1.0220467774219126,
      -1.0246144908793304,
      -1.0251816342307654,
      -1.014374642082149,
      -1.0096298532558075,
      -1.011960372464142,
      -1.0153449994280812,
      -1.0188186602877118,
      -1.0237544198101571,
      -1.0279632791077904,
      -1.0289483511303057,
      -1.0269493693122134,
      -1.0242683512110606,
      -1.0227154827719682,
      -1.022612887326288,
      -1.023440662089795,
      -1.0246791259291579,
      -1.0261689998658932,
      -1.0277468066725906,
      -1.0288434564775355,
      -1.028849920657092,
      -1.0278742244213266,
      -1.0268202266430044,
      -1.0264497360543265,
      -1.026711404953216,
      -1.0271822613973989,
      -1.0277201903409867,
      -1.0283656694405703,
      -1.0289051440137669,
      -1.0289948320122904,
      -1.0286199534260514,
      -1.0281548672859084,
      -1.0279579027718613,
      -1.0280663080182029,
      -1.0283072912310096,
      -1.0285609625107788,
      -1.0288107273021097,
      -1.028995117664117,
      -1.0289897589807757,
      -1.0287947685213361,
      -1.0286011656841993,
      -1.0285738553321795,
      -1.0286786934053949,
      -1.028802426916526,
      -1.0289117020910343,
      -1.0290040701594378,
      -1.0290267674392573,
      -1.028951787268443
    ],
    "steps": 50,
    "final_state_real": [
      0.0,
      0.0,
      0.0,
      -0.2736109606748566,
      0.0,
      0.0,
      0.005163535139597866,
      0.0,
      0.0,
      -0.005149639278558201,
      0.0,
      0.0,
      0.9618127995190879,
      0.0,
      0.0,
      0.0
    ],
    "final_state_imag": [
      0.0,
      0.0,
      0.0,
      0.0,
      0.0,
      0.0,
      0.0,
      0.0,
      0.0,
      0.0,
      0.0,
      0.0,
      0.0,
      0.0,
      0.0,
      0.0
    ],
    "num_qubits": 4
  }
}