{
  "config": {
    "symbols": [
      "H",
      "H"
    ],
    "geometry": [
      [
        0.0,
        0.0,
        0.0
      ],
      [
        0.0,
        0.0,
        2.185
      ]
    ],
    "basis": "sto-3g",
    "ansatz": "UCCSD",
    "optimizer": {
      "name": "Adam",
      "stepsize": 0.2,
      "iterations_planned": 50
    },
    "optimizer_name": "Adam",
    "seed": 0,
    "noisy": false,
    "depolarizing_prob": 0.0,
    "amplitude_damping_prob": 0.0,
    "mapping": "jordan_wigner",
    "molecule": "H2_BOND"
  },
  "result": {
    "energy": -0.9412021968832714,
    "energies": [
      -0.7489547238103184,
      -0.7489547238103184,
      -0.8004818024851169,
      -0.8462039986322212,
      -0.8841830828407314,
      -0.9129144054887236,
      -0.931602720405811,
      -0.9404699712782101,
      -0.9409687925558716,
      -0.9356835950728549,
      -0.9277720734212365,
      -0.9201309007746414,
      -0.914744025511617,
      -0.9125011410298342,
      -0.9133890166442272,
      -0.9168082923442257,
      -0.9218584911221528,
      -0.927551392296396,
      -0.932966286407369,
      -0.9373661173418664,
      -0.9402815425040602,
      -0.9415571113487681,
      -0.9413477311082612,
      -0.9400584318114205,
      -0.9382357409593994,
      -0.9364370802787287,
      -0.9351135429597116,
      -0.9345345422999727,
      -0.9347651072411252,
      -0.9356894223164848,
      -0.937065112908037,
      -0.9385916014614429,
      -0.939978455284874,
      -0.9410026330800726,
      -0.9415460595489188,
      -0.9416079106204347,
      -0.9412904333817922,
      -0.9407629394683945,
      -0.9402140977789875,
      -0.9398054143079021,
      -0.9396374193794687,
      -0.9397352587552595,
      -0.9400543354545463,
      -0.9405016149393971,
      -0.9409653145739251,
      -0.9413449606899184,
      -0.9415747551968033,
      -0.9416354182699869,
      -0.9415527879074643,
      -0.941384900617152,
      -0.9412021968832714
    ],
    "steps": 50,
    "final_state_real": [
      0.0,
      0.0,
      0.0,
      -0.5570419867636306,
      0.0,
      0.0,
      0.0,
      0.0,
      0.0,
      0.0,
      0.0,
      0.0,
      0.8304843315694928,
      0.0,
      0.0,
      0.0
    ],
    "final_state_imag": [
      0.0,
      0.0,
      0.0,
      0.0,
      0.0,
      0.0,
      0.0,
      0.0,
      0.0,
      0.0,
      0.0,
      0.0,
      0.0,
      0.0,
      0.0,
      0.0
    ],
    "num_qubits": 4
  }
}