{
  "config": {
    "symbols": [
      "H",
      "H"
    ],
    "geometry": [
      [
        0.0,
        0.0,
        0.0
      ],
      [
        0.0,
        0.0,
        1.33
      ]
    ],
    "basis": "sto-3g",
    "ansatz": "UCCSD",
    "optimizer": {
      "name": "Adam",
      "stepsize": 0.2,
      "iterations_planned": 50
    },
    "optimizer_name": "Adam",
    "seed": 0,
    "noisy": false,
    "depolarizing_prob": 0.0,
    "amplitude_damping_prob": 0.0,
    "mapping": "jordan_wigner",
    "molecule": "H2_BOND"
  },
  "result": {
    "energy": -1.028965778882447,
    "energies": [
      -0.9635485987115715,
      -0.9635485987115715,
      -1.000333038223387,
      -1.022046777439225,
      -1.0290319589564634,
      -1.0251246392893216,
      -1.017441611184525,
      -1.012308144805937,
      -1.0119455490650682,
      -1.0153908522842225,
      -1.0205352850729286,
      -1.025327418437114,
      -1.0283316025035651,
      -1.0289975258854773,
      -1.0277058057924278,
      -1.0255124352965894,
      -1.0236237864028805,
      -1.0228653043950477,
      -1.0234306938991515,
      -1.024959721364995,
      -1.0267984854134522,
      -1.0282894609982858,
      -1.0290037222031436,
      -1.0288661082433805,
      -1.0281413045764167,
      -1.027285553148938,
      -1.0267309100815236,
      -1.0267078730220323,
      -1.0271834017785886,
      -1.0279198647886296,
      -1.028605949674919,
      -1.0289958980761826,
      -1.0290035857702975,
      -1.0287190635956176,
      -1.0283460507447315,
      -1.0280945092741207,
      -1.0280836776451927,
      -1.0283009725627263,
      -1.0286281133431734,
      -1.0289120328036738,
      -1.029041815647918,
      -1.0289957964461645,
      -1.028839975436087,
      -1.028683364712865,
      -1.0286172479671887,
      -1.0286715461567613,
      -1.0288087440450255,
      -1.028953367678833,
      -1.029036934226572,
      -1.0290331025025317,
      -1.028965778882447
    ],
    "steps": 50,
    "final_state_real": [
      0.0,
      0.0,
      0.0,
      -0.2737652505638069,
      0.0,
      0.0,
      0.0,
      0.0,
      0.0,
      0.0,
      0.0,
      0.0,
      0.9617965416779871,
      0.0,
      0.0,
      0.0
    ],
    "final_state_imag": [
      0.0,
      0.0,
      0.0,
      0.0,
      0.0,
      0.0,
      0.0,
      0.0,
      0.0,
      0.0,
      0.0,
      0.0,
      0.0,
      0.0,
      0.0,
      0.0
    ],
    "num_qubits": 4
  }
}