{
  "config": {
    "symbols": [
      "H",
      "H"
    ],
    "geometry": [
      [
        0.0,
        0.0,
        0.0
      ],
      [
        0.0,
        0.0,
        1.015
      ]
    ],
    "basis": "sto-3g",
    "ansatz": "UCCSD",
    "optimizer": {
      "name": "Adam",
      "stepsize": 0.2,
      "iterations_planned": 50
    },
    "optimizer_name": "Adam",
    "seed": 0,
    "noisy": false,
    "depolarizing_prob": 0.0,
    "amplitude_damping_prob": 0.0,
    "mapping": "jordan_wigner",
    "molecule": "H2_BOND"
  },
  "result": {
    "energy": -1.0978986867741318,
    "energies": [
      -1.0618572151534313,
      -1.0618572151534313,
      -1.0907074896314632,
      -1.0978151060995047,
      -1.085342552946711,
      -1.0851687937169219,
      -1.0819325046144903,
      -1.0870538096004383,
      -1.0950450194639718,
      -1.097657008720112,
      -1.0950312386141352,
      -1.0920691473072284,
      -1.091248285498438,
      -1.092219846876709,
      -1.0937036638890842,
      -1.0950145210797715,
      -1.096265684636986,
      -1.0971965782742843,
      -1.0970283255461493,
      -1.0957041309906006,
      -1.0945507418307558,
      -1.0948820812866171,
      -1.0963355126906686,
      -1.0975152956787417,
      -1.0976761819358136,
      -1.0972184271062668,
      -1.0968114276442715,
      -1.0966792973248656,
      -1.0967257370557097,
      -1.0969024588124765,
      -1.0972659746754687,
      -1.0977081232955437,
      -1.097885691204507,
      -1.0976170864435955,
      -1.0972135260857825,
      -1.0971486729421869,
      -1.0974617306478534,
      -1.097782595843673,
      -1.097860769179912,
      -1.0977818389496175,
      -1.0977034198859112,
      -1.0976543896287314,
      -1.0976290886541205,
      -1.0976823633002544,
      -1.0978287786978564,
      -1.097945659879654,
      -1.0979086903750521,
      -1.0977817990454473,
      -1.0977370712289118,
      -1.097813193748941,
      -1.0978986867741318
    ],
    "steps": 50,
    "final_state_real": [
      0.0,
      0.0,
      0.0,
      -0.18167460084203882,
      0.0,
      0.0,
      -0.004257266005080158,
      0.0,
      0.0,
      0.005088483451067346,
      0.0,
      0.0,
      0.9833363221356243,
      0.0,
      0.0,
      0.0
    ],
    "final_state_imag": [
      0.0,
      0.0,
      0.0,
      0.0,
      0.0,
      0.0,
      0.0,
      0.0,
      0.0,
      0.0,
      0.0,
      0.0,
      0.0,
      0.0,
      0.0,
      0.0
    ],
    "num_qubits": 4
  }
}