{
  "config": {
    "symbols": [
      "H",
      "H"
    ],
    "geometry": [
      [
        0.0,
        0.0,
        0.0
      ],
      [
        0.0,
        0.0,
        1.51
      ]
    ],
    "basis": "sto-3g",
    "ansatz": "UCCSD",
    "optimizer": {
      "name": "Adam",
      "stepsize": 0.2,
      "iterations_planned": 50
    },
    "optimizer_name": "Adam",
    "seed": 0,
    "noisy": false,
    "depolarizing_prob": 0.0,
    "amplitude_damping_prob": 0.0,
    "mapping": "jordan_wigner",
    "molecule": "H2_BOND"
  },
  "result": {
    "energy": -0.9962331078714756,
    "energies": [
      -0.9078877279951294,
      -0.9078877279951294,
      -0.9485460444973083,
      -0.9770876097264238,
      -0.9927179820427972,
      -0.9964781761504344,
      -0.9919080137184948,
      -0.9843365646870015,
      -0.9784610975274284,
      -0.9764860438312025,
      -0.9783168344436988,
      -0.9826553689958086,
      -0.9878727106724942,
      -0.9925067564500679,
      -0.9955411363166722,
      -0.9965608674030514,
      -0.9957830115464972,
      -0.993922762217188,
      -0.991903946830019,
      -0.9905211709495636,
      -0.9902020660570973,
      -0.9909477503451296,
      -0.9924243744439148,
      -0.9941300185948196,
      -0.9955709433416235,
      -0.9964051926209855,
      -0.9965260462246507,
      -0.9960674034483645,
      -0.9953307481732715,
      -0.9946610372387059,
      -0.9943213038356302,
      -0.9944141326227902,
      -0.9948722218304202,
      -0.9955090874233012,
      -0.9961019449956009,
      -0.9964746736321023,
      -0.996553992524958,
      -0.9963826360095986,
      -0.9960883513566605,
      -0.9958240761811873,
      -0.9957056622682544,
      -0.9957724651560139,
      -0.9959835646511122,
      -0.9962459937948843,
      -0.9964593541371576,
      -0.9965572524917586,
      -0.9965296414820866,
      -0.9964191814082031,
      -0.9962959333696058,
      -0.9962236115232216,
      -0.9962331078714756
    ],
    "steps": 50,
    "final_state_real": [
      0.0,
      0.0,
      0.0,
      -0.37713044479207836,
      0.0,
      0.0,
      0.0,
      0.0,
      0.0,
      0.0,
      0.0,
      0.0,
      0.9261601522474011,
      0.0,
      0.0,
      0.0
    ],
    "final_state_imag": [
      0.0,
      0.0,
      0.0,
      0.0,
      0.0,
      0.0,
      0.0,
      0.0,
      0.0,
      0.0,
      0.0,
      0.0,
      0.0,
      0.0,
      0.0,
      0.0
    ],
    "num_qubits": 4
  }
}