{
  "config": {
    "symbols": [
      "H",
      "H"
    ],
    "geometry": [
      [
        0.0,
        0.0,
        0.0
      ],
      [
        0.0,
        0.0,
        1.195
      ]
    ],
    "basis": "sto-3g",
    "ansatz": "UCCSD",
    "optimizer": {
      "name": "Adam",
      "stepsize": 0.2,
      "iterations_planned": 50
    },
    "optimizer_name": "Adam",
    "seed": 0,
    "noisy": false,
    "depolarizing_prob": 0.0,
    "amplitude_damping_prob": 0.0,
    "mapping": "jordan_wigner",
    "molecule": "H2_BOND"
  },
  "result": {
    "energy": -1.0577929863485098,
    "energies": [
      -1.0067007908192445,
      -1.0067007908192445,
      -1.0402752471800223,
      -1.056115762145496,
      -1.0564110822320607,
      -1.048936764911049,
      -1.0430618488270325,
      -1.042647901486572,
      -1.0464771545192122,
      -1.051758447326426,
      -1.056013792798367,
      -1.0578160843110063,
      -1.057068634689419,
      -1.05485025786183,
      -1.0527266148546552,
      -1.051863736912966,
      -1.0525453515658942,
      -1.0542761825745803,
      -1.0561960781018338,
      -1.057515773498716,
      -1.0578327807260413,
      -1.057254323439326,
      -1.0562855545057046,
      -1.0555322876301103,
      -1.0553864762492888,
      -1.0558715543674049,
      -1.056698605522562,
      -1.0574581108077759,
      -1.057833328273024,
      -1.0577407921904687,
      -1.0573421986587968,
      -1.056929645881209,
      -1.0567540577465266,
      -1.0568982804559028,
      -1.0572595127285003,
      -1.0576329693118547,
      -1.057836636728516,
      -1.0578068965416612,
      -1.0576178631840747,
      -1.0574209539727817,
      -1.0573471239113736,
      -1.057433884885829,
      -1.0576174745418052,
      -1.057785637464397,
      -1.0578515399754285,
      -1.057802567053479,
      -1.0576976707384071,
      -1.0576206006638655,
      -1.0576236156276817,
      -1.0576989842191422,
      -1.0577929863485098
    ],
    "steps": 50,
    "final_state_real": [
      0.0,
      0.0,
      0.0,
      -0.235194835032803,
      0.0,
      0.0,
      0.0,
      0.0,
      0.0,
      0.0,
      0.0,
      0.0,
      0.9719482442876743,
      0.0,
      0.0,
      0.0
    ],
    "final_state_imag": [
      0.0,
      0.0,
      0.0,
      0.0,
      0.0,
      0.0,
      0.0,
      0.0,
      0.0,
      0.0,
      0.0,
      0.0,
      0.0,
      0.0,
      0.0,
      0.0
    ],
    "num_qubits": 4
  }
}