{
  "config": {
    "symbols": [
      "H",
      "H"
    ],
    "geometry": [
      [
        0.0,
        0.0,
        0.0
      ],
      [
        0.0,
        0.0,
        0.97
      ]
    ],
    "basis": "sto-3g",
    "ansatz": "UCCSD",
    "optimizer": {
      "name": "Adam",
      "stepsize": 0.2,
      "iterations_planned": 50
    },
    "optimizer_name": "Adam",
    "seed": 0,
    "noisy": false,
    "depolarizing_prob": 0.0,
    "amplitude_damping_prob": 0.0,
    "mapping": "jordan_wigner",
    "molecule": "H2_BOND"
  },
  "result": {
    "energy": -1.1073553884072622,
    "energies": [
      -1.0743555306884112,
      -1.0743555306884112,
      -1.1019335087014226,
      -1.1067513598618839,
      -1.0990227319895571,
      -1.0943838356867788,
      -1.0967129527167134,
      -1.1020968897312815,
      -1.1063325285434438,
      -1.1072613497866275,
      -1.1053177481499763,
      -1.1027768884221072,
      -1.1017594264068977,
      -1.1027712132378857,
      -1.104887872290735,
      -1.1067328361810733,
      -1.10735575970645,
      -1.1067031512180705,
      -1.1055300253679567,
      -1.1047914587491816,
      -1.104972215577704,
      -1.1058665351675898,
      -1.1068502681763663,
      -1.1073435027675156,
      -1.1071662493725247,
      -1.1066026510422684,
      -1.106149107211592,
      -1.1061419383279303,
      -1.1065519470991358,
      -1.107066100602627,
      -1.107346305119818,
      -1.107266079498486,
      -1.1069716082584353,
      -1.1067396653555501,
      -1.1067553797361425,
      -1.1069889403346262,
      -1.1072510664153394,
      -1.1073585109300053,
      -1.107272129476321,
      -1.107107373699766,
      -1.1070221202352972,
      -1.10708490820999,
      -1.10723337432749,
      -1.1073443688735771,
      -1.1073434942399096,
      -1.1072598063153631,
      -1.107186713353501,
      -1.1071931124208987,
      -1.1072677963898632,
      -1.1073412666534463,
      -1.1073553884072622
    ],
    "steps": 50,
    "final_state_real": [
      0.0,
      0.0,
      0.0,
      -0.16086215483785266,
      0.0,
      0.0,
      0.0,
      0.0,
      0.0,
      0.0,
      0.0,
      0.0,
      0.9869768827793904,
      0.0,
      0.0,
      0.0
    ],
    "final_state_imag": [
      0.0,
      0.0,
      0.0,
      0.0,
      0.0,
      0.0,
      0.0,
      0.0,
      0.0,
      0.0,
      0.0,
      0.0,
      0.0,
      0.0,
      0.0,
      0.0
    ],
    "num_qubits": 4
  }
}