{
  "config": {
    "symbols": [
      "H",
      "H"
    ],
    "geometry": [
      [
        0.0,
        0.0,
        0.0
      ],
      [
        0.0,
        0.0,
        1.87
      ]
    ],
    "basis": "sto-3g",
    "ansatz": "UCCSD",
    "optimizer": {
      "name": "Adam",
      "stepsize": 0.2,
      "iterations_planned": 50
    },
    "optimizer_name": "Adam",
    "seed": 0,
    "noisy": false,
    "depolarizing_prob": 0.0,
    "amplitude_damping_prob": 0.0,
    "mapping": "jordan_wigner",
    "molecule": "H2_BOND"
  },
  "result": {
    "energy": -0.9559501576536513,
    "energies": [
      -0.8121789717108685,
      -0.8121789717108685,
      -0.8592964783422289,
      -0.8984140907445564,
      -0.9253233422341633,
      -0.9468314042656174,
      -0.9530003454839532,
      -0.9538326766434391,
      -0.9498237799809178,
      -0.941104840841983,
      -0.9340696273758102,
      -0.931648815467875,
      -0.9317638472770297,
      -0.9335387026319871,
      -0.9379623412297011,
      -0.9439967756962355,
      -0.9492654109394711,
      -0.9527791191068549,
      -0.9550210372536089,
      -0.9561061359991007,
      -0.955657559273346,
      -0.953885477705535,
      -0.9517817357707031,
      -0.9502853914923939,
      -0.949675345525609,
      -0.9497891026314572,
      -0.950484267428026,
      -0.9517422793082522,
      -0.9533796960365888,
      -0.9549092193024458,
      -0.9558679175738132,
      -0.9561998400926827,
      -0.9561394847479832,
      -0.9558085081289048,
      -0.9552226155024389,
      -0.9545994580440667,
      -0.9542829188119876,
      -0.954354054740431,
      -0.954639511090207,
      -0.9550413058726469,
      -0.9555530907811388,
      -0.9560393121599895,
      -0.9563053982922327,
      -0.9563304021981849,
      -0.9562286752985212,
      -0.9560631666345212,
      -0.9558565340503395,
      -0.9556962797226127,
      -0.9556785173661351,
      -0.955790394523424,
      -0.9559501576536513
    ],
    "steps": 50,
    "final_state_real": [
      0.0,
      0.0,
      0.0,
      -0.4789526442535367,
      0.0,
      0.0,
      -0.004797895392352571,
      0.0,
      0.0,
      0.0045394215929936,
      0.0,
      0.0,
      0.8778158909554727,
      0.0,
      0.0,
      0.0
    ],
    "final_state_imag": [
      0.0,
      0.0,
      0.0,
      0.0,
      0.0,
      0.0,
      0.0,
      0.0,
      0.0,
      0.0,
      0.0,
      0.0,
      0.0,
      0.0,
      0.0,
      0.0
    ],
    "num_qubits": 4
  }
}