{
  "config": {
    "symbols": [
      "H",
      "H"
    ],
    "geometry": [
      [
        0.0,
        0.0,
        0.0
      ],
      [
        0.0,
        0.0,
        0.52
      ]
    ],
    "basis": "sto-3g",
    "ansatz": "UCCSD",
    "optimizer": {
      "name": "Adam",
      "stepsize": 0.2,
      "iterations_planned": 50
    },
    "optimizer_name": "Adam",
    "seed": 0,
    "noisy": false,
    "depolarizing_prob": 0.0,
    "amplitude_damping_prob": 0.0,
    "mapping": "jordan_wigner",
    "molecule": "H2_BOND"
  },
  "result": {
    "energy": -1.0720619871943338,
    "energies": [
      -1.0593966957086556,
      -1.0593966957086556,
      -1.0706494110089813,
      -1.062522696566579,
      -1.066895301036948,
      -1.0718585369277027,
      -1.0705487089178838,
      -1.0674788057226767,
      -1.068084123298871,
      -1.0708471540183335,
      -1.0721031833576822,
      -1.0708883174806267,
      -1.0694704382163458,
      -1.0698279089340812,
      -1.071308067937247,
      -1.07210609083314,
      -1.071540538079568,
      -1.0706512438608204,
      -1.07066714634978,
      -1.0714896232241056,
      -1.0720871712062374,
      -1.0718640246756,
      -1.071299285268219,
      -1.071205656649959,
      -1.071671564126077,
      -1.072081224193386,
      -1.0719840281847826,
      -1.0716302990570439,
      -1.0715542324713274,
      -1.071842546058726,
      -1.0720949325790883,
      -1.072018277833625,
      -1.0717967663758006,
      -1.0717776902212264,
      -1.0719764474104754,
      -1.072106937512808,
      -1.07202001424022,
      -1.0718918163457654,
      -1.071927644661862,
      -1.0720641271092382,
      -1.0721014129086859,
      -1.0720144535660228,
      -1.0719646072423372,
      -1.0720310652285654,
      -1.0721039312945697,
      -1.0720800991255408,
      -1.072021003753323,
      -1.072032506994325,
      -1.0720916107287255,
      -1.0721027008739397,
      -1.0720619871943338
    ],
    "steps": 50,
    "final_state_real": [
      0.0,
      0.0,
      0.0,
      -0.07965686191374492,
      0.0,
      0.0,
      0.0,
      0.0,
      0.0,
      0.0,
      0.0,
      0.0,
      0.9968223434243709,
      0.0,
      0.0,
      0.0
    ],
    "final_state_imag": [
      0.0,
      0.0,
      0.0,
      0.0,
      0.0,
      0.0,
      0.0,
      0.0,
      0.0,
      0.0,
      0.0,
      0.0,
      0.0,
      0.0,
      0.0,
      0.0
    ],
    "num_qubits": 4
  }
}