{
  "config": {
    "symbols": [
      "H",
      "H"
    ],
    "geometry": [
      [
        0.0,
        0.0,
        0.0
      ],
      [
        0.0,
        0.0,
        0.88
      ]
    ],
    "basis": "sto-3g",
    "ansatz": "UCCSD",
    "optimizer": {
      "name": "Adam",
      "stepsize": 0.2,
      "iterations_planned": 50
    },
    "optimizer_name": "Adam",
    "seed": 0,
    "noisy": false,
    "depolarizing_prob": 0.0,
    "amplitude_damping_prob": 0.0,
    "mapping": "jordan_wigner",
    "molecule": "H2_BOND"
  },
  "result": {
    "energy": -1.1237507071020933,
    "energies": [
      -1.0963827273466584,
      -1.0963827273466584,
      -1.121280279140971,
      -1.1215317657409851,
      -1.107395062566805,
      -1.112532223516937,
      -1.1129590607184563,
      -1.1185186542613703,
      -1.1232326226326252,
      -1.1215714292033392,
      -1.1171190541971248,
      -1.1157676031754398,
      -1.1183543995294967,
      -1.1218355925844892,
      -1.1232007486706659,
      -1.1223025604798051,
      -1.1212197972049136,
      -1.1210523056547306,
      -1.121273493939443,
      -1.1214780278784924,
      -1.1221188955057895,
      -1.1231493241577986,
      -1.1236210575106587,
      -1.1230524430956779,
      -1.122153690973274,
      -1.1219791720054764,
      -1.1227202359927912,
      -1.1235943588001598,
      -1.12379447383309,
      -1.1233704476496547,
      -1.12300639816719,
      -1.1230614572106297,
      -1.123300504648556,
      -1.1234687854259247,
      -1.1235983272324384,
      -1.1237026818893583,
      -1.1236540608126278,
      -1.123466113713641,
      -1.1233825870888947,
      -1.1235598233077866,
      -1.1238171292861538,
      -1.1238624322652235,
      -1.1236939843198737,
      -1.1235799533595094,
      -1.123653779578669,
      -1.1237780853574222,
      -1.1238181658229822,
      -1.1238020590423565,
      -1.1237852898650742,
      -1.1237638294339367,
      -1.1237507071020933
    ],
    "steps": 50,
    "final_state_real": [
      0.0,
      0.0,
      0.0,
      -0.13807335105876248,
      0.0,
      0.0,
      0.004932656327804031,
      0.0,
      0.0,
      -0.005756191824288291,
      0.0,
      0.0,
      0.9903929951714305,
      0.0,
      0.0,
      0.0
    ],
    "final_state_imag": [
      0.0,
      0.0,
      0.0,
      0.0,
      0.0,
      0.0,
      0.0,
      0.0,
      0.0,
      0.0,
      0.0,
      0.0,
      0.0,
      0.0,
      0.0,
      0.0
    ],
    "num_qubits": 4
  }
}