{
  "config": {
    "symbols": [
      "H",
      "H"
    ],
    "geometry": [
      [
        0.0,
        0.0,
        0.0
      ],
      [
        0.0,
        0.0,
        0.835
      ]
    ],
    "basis": "sto-3g",
    "ansatz": "UCCSD",
    "optimizer": {
      "name": "Adam",
      "stepsize": 0.2,
      "iterations_planned": 50
    },
    "optimizer_name": "Adam",
    "seed": 0,
    "noisy": false,
    "depolarizing_prob": 0.0,
    "amplitude_damping_prob": 0.0,
    "mapping": "jordan_wigner",
    "molecule": "H2_BOND"
  },
  "result": {
    "energy": -1.1303112478455588,
    "energies": [
      -1.1052804538211178,
      -1.1052804538211178,
      -1.1287577602901384,
      -1.1268112705993805,
      -1.1116861803419156,
      -1.1203089400376485,
      -1.121378228410183,
      -1.1247091680149326,
      -1.1282157909290147,
      -1.1269440246555182,
      -1.123333238894907,
      -1.122268782428108,
      -1.1250710692172785,
      -1.1289257319210593,
      -1.1303070057802436,
      -1.1284930039915215,
      -1.1263354733999151,
      -1.1263915216592177,
      -1.1280418784305408,
      -1.129296598713044,
      -1.129430560173827,
      -1.1291271424470701,
      -1.128959249782689,
      -1.1289215641505912,
      -1.128905972850934,
      -1.1290140168531428,
      -1.129416272984641,
      -1.1299427341654005,
      -1.1300983146704908,
      -1.129693799020014,
      -1.1292434776675482,
      -1.1293726950976417,
      -1.1299610060666783,
      -1.1303319676391046,
      -1.1301597212827668,
      -1.129797085939334,
      -1.1297202018785668,
      -1.1299614344150974,
      -1.1301973287064673,
      -1.1302180232413594,
      -1.1301287080255102,
      -1.1300949630902917,
      -1.1301126211313737,
      -1.1301268716735717,
      -1.1301729872795834,
      -1.1302608186913934,
      -1.1302916273844672,
      -1.1302175511691432,
      -1.1301497056812624,
      -1.1302013685220385,
      -1.1303112478455588
    ],
    "steps": 50,
    "final_state_real": [
      0.0,
      0.0,
      0.0,
      -0.13470420742709005,
      0.0,
      0.0,
      -0.0012946884032484349,
      0.0,
      0.0,
      0.001276684006956284,
      0.0,
      0.0,
      0.9908841861495844,
      0.0,
      0.0,
      0.0
    ],
    "final_state_imag": [
      0.0,
      0.0,
      0.0,
      0.0,
      0.0,
      0.0,
      0.0,
      0.0,
      0.0,
      0.0,
      0.0,
      0.0,
      0.0,
      0.0,
      0.0,
      0.0
    ],
    "num_qubits": 4
  }
}