{
  "config": {
    "symbols": [
      "H",
      "H"
    ],
    "geometry": [
      [
        0.0,
        0.0,
        0.0
      ],
      [
        0.0,
        0.0,
        1.735
      ]
    ],
    "basis": "sto-3g",
    "ansatz": "UCCSD",
    "optimizer": {
      "name": "Adam",
      "stepsize": 0.2,
      "iterations_planned": 50
    },
    "optimizer_name": "Adam",
    "seed": 0,
    "noisy": false,
    "depolarizing_prob": 0.0,
    "amplitude_damping_prob": 0.0,
    "mapping": "jordan_wigner",
    "molecule": "H2_BOND"
  },
  "result": {
    "energy": -0.9677685261459084,
    "energies": [
      -0.8451944011911909,
      -0.8451944011911909,
      -0.8900806553457689,
      -0.925664586565668,
      -0.9505298681347064,
      -0.9642253632668281,
      -0.9677617126363733,
      -0.9638765363983913,
      -0.9565255263151812,
      -0.9495295606312848,
      -0.9453237519762796,
      -0.944672318016148,
      -0.9471277394942843,
      -0.9516217931366675,
      -0.9569038353179625,
      -0.9618212108333425,
      -0.9655015095743363,
      -0.9674698617844799,
      -0.9676979326205495,
      -0.9665636099527011,
      -0.964713593743313,
      -0.9628608011026523,
      -0.9615848834768338,
      -0.9612028675424187,
      -0.961737872579761,
      -0.9629706949240318,
      -0.9645387609635073,
      -0.9660485037874511,
      -0.9671762243356171,
      -0.9677396687029172,
      -0.9677277203316997,
      -0.9672828654404113,
      -0.9666427790353943,
      -0.9660604096600687,
      -0.9657291415973188,
      -0.965735920974551,
      -0.9660527279726642,
      -0.9665627184443468,
      -0.9671078614760654,
      -0.9675415240326325,
      -0.9677707536516212,
      -0.9677773918032135,
      -0.9676137935441153,
      -0.9673768011142037,
      -0.9671704987596154,
      -0.9670713640065325,
      -0.9671072751953393,
      -0.9672556153288202,
      -0.9674584569877922,
      -0.9676474036101338,
      -0.9677685261459084
    ],
    "steps": 50,
    "final_state_real": [
      0.0,
      0.0,
      0.0,
      -0.4499260786687664,
      0.0,
      0.0,
      0.0,
      0.0,
      0.0,
      0.0,
      0.0,
      0.0,
      0.8930658003382209,
      0.0,
      0.0,
      0.0
    ],
    "final_state_imag": [
      0.0,
      0.0,
      0.0,
      0.0,
      0.0,
      0.0,
      0.0,
      0.0,
      0.0,
      0.0,
      0.0,
      0.0,
      0.0,
      0.0,
      0.0,
      0.0
    ],
    "num_qubits": 4
  }
}