{
  "config": {
    "symbols": [
      "H",
      "H"
    ],
    "geometry": [
      [
        0.0,
        0.0,
        0.0
      ],
      [
        0.0,
        0.0,
        2.005
      ]
    ],
    "basis": "sto-3g",
    "ansatz": "UCCSD",
    "optimizer": {
      "name": "Adam",
      "stepsize": 0.2,
      "iterations_planned": 50
    },
    "optimizer_name": "Adam",
    "seed": 0,
    "noisy": false,
    "depolarizing_prob": 0.0,
    "amplitude_damping_prob": 0.0,
    "mapping": "jordan_wigner",
    "molecule": "H2_BOND"
  },
  "result": {
    "energy": -0.9478100460778376,
    "energies": [
      -0.7827667744917014,
      -0.7827667744917014,
      -0.8319037746097461,
      -0.8741090843071105,
      -0.9071868897748491,
      -0.931095778961068,
      -0.9441823952995759,
      -0.9483172559671523,
      -0.9452179367923574,
      -0.9380881059411378,
      -0.9303815569314213,
      -0.9249172783382708,
      -0.9238319174130619,
      -0.927681167714432,
      -0.9346487692474982,
      -0.941033382829124,
      -0.9421391441074094,
      -0.9373586589477405,
      -0.9350459205198223,
      -0.9370118172156825,
      -0.9404597049139147,
      -0.9429847459578199,
      -0.9437601545366705,
      -0.9433520454702896,
      -0.9427680250457199,
      -0.9426760527058533,
      -0.9432381209099586,
      -0.9442773904138219,
      -0.9454815626903776,
      -0.9465509293690908,
      -0.9472871439445709,
      -0.9476284884008602,
      -0.9476364613785271,
      -0.9474467311923895,
      -0.9472083293971518,
      -0.9470360378085063,
      -0.9469893500846238,
      -0.9470759129137429,
      -0.9472679844949992,
      -0.9475201899550698,
      -0.9477824251993,
      -0.9480079692321525,
      -0.9481598447251695,
      -0.9482173253024931,
      -0.9481813021423477,
      -0.9480751960326443,
      -0.947939074086793,
      -0.9478178915798104,
      -0.9477479643029392,
      -0.9477468209464528,
      -0.9478100460778376
    ],
    "steps": 50,
    "final_state_real": [
      0.0,
      0.0,
      0.0,
      -0.5522777178192416,
      0.0,
      0.0,
      0.07218254810646303,
      0.0,
      0.0,
      0.07218254810646303,
      0.0,
      0.0,
      0.8273866580372724,
      0.0,
      0.0,
      0.0
    ],
    "final_state_imag": [
      0.0,
      0.0,
      0.0,
      0.0,
      0.0,
      0.0,
      0.0,
      0.0,
      0.0,
      0.0,
      0.0,
      0.0,
      0.0,
      0.0,
      0.0,
      0.0
    ],
    "num_qubits": 4
  }
}