{
  "config": {
    "symbols": [
      "H",
      "H"
    ],
    "geometry": [
      [
        0.0,
        0.0,
        0.0
      ],
      [
        0.0,
        0.0,
        1.42
      ]
    ],
    "basis": "sto-3g",
    "ansatz": "UCCSD",
    "optimizer": {
      "name": "Adam",
      "stepsize": 0.2,
      "iterations_planned": 50
    },
    "optimizer_name": "Adam",
    "seed": 0,
    "noisy": false,
    "depolarizing_prob": 0.0,
    "amplitude_damping_prob": 0.0,
    "mapping": "jordan_wigner",
    "molecule": "H2_BOND"
  },
  "result": {
    "energy": -1.0117332538787378,
    "energies": [
      -0.9352604934417509,
      -0.9352604934417509,
      -0.9740384386004927,
      -0.9993074617621229,
      -1.0107237782553817,
      -1.0104516537683006,
      -1.0036746217293075,
      -0.9966088947633492,
      -0.9931726728322017,
      -0.9940600511089291,
      -0.9980267356914748,
      -1.0032188670338762,
      -1.0079204729699303,
      -1.0109360190168537,
      -1.011791469549962,
      -1.0107715012943166,
      -1.0087381133008433,
      -1.0067465063759171,
      -1.0056223855139856,
      -1.005707091683551,
      -1.0068469878332524,
      -1.008555944175668,
      -1.0102398152159446,
      -1.01140427567446,
      -1.0118005219832034,
      -1.0114785150616386,
      -1.0107337031313903,
      -1.0099672741642751,
      -1.0095200011967271,
      -1.0095522577782703,
      -1.0100132315948651,
      -1.01069513270919,
      -1.0113359985943597,
      -1.0117265373384072,
      -1.0117833429442227,
      -1.011565398898018,
      -1.0112318603673667,
      -1.0109630364517732,
      -1.0108821055571342,
      -1.0110118082754316,
      -1.0112801455467757,
      -1.011565378071591,
      -1.0117556958333174,
      -1.0117965834914744,
      -1.011707097650944,
      -1.0115611722700677,
      -1.0114461195807831,
      -1.0114202927484552,
      -1.0114901202219284,
      -1.0116148961486062,
      -1.0117332538787378
    ],
    "steps": 50,
    "final_state_real": [
      0.0,
      0.0,
      0.0,
      -0.32531203709452094,
      0.0,
      0.0,
      0.0,
      0.0,
      0.0,
      0.0,
      0.0,
      0.0,
      0.9456067250825858,
      0.0,
      0.0,
      0.0
    ],
    "final_state_imag": [
      0.0,
      0.0,
      0.0,
      0.0,
      0.0,
      0.0,
      0.0,
      0.0,
      0.0,
      0.0,
      0.0,
      0.0,
      0.0,
      0.0,
      0.0,
      0.0
    ],
    "num_qubits": 4
  }
}