{
  "config": {
    "symbols": [
      "H",
      "H"
    ],
    "geometry": [
      [
        0.0,
        0.0,
        0.0
      ],
      [
        0.0,
        0.0,
        0.565
      ]
    ],
    "basis": "sto-3g",
    "ansatz": "UCCSD",
    "optimizer": {
      "name": "Adam",
      "stepsize": 0.2,
      "iterations_planned": 50
    },
    "optimizer_name": "Adam",
    "seed": 0,
    "noisy": false,
    "depolarizing_prob": 0.0,
    "amplitude_damping_prob": 0.0,
    "mapping": "jordan_wigner",
    "molecule": "H2_BOND"
  },
  "result": {
    "energy": -1.1009759330881954,
    "energies": [
      -1.0869444100642098,
      -1.0869444100642098,
      -1.100248180816625,
      -1.0913677651357583,
      -1.0942219026682156,
      -1.100005444810922,
      -1.1003413860605564,
      -1.097032381672321,
      -1.0961597496098365,
      -1.098467586811516,
      -1.1007139011653033,
      -1.100603535277551,
      -1.0989756261770531,
      -1.0982401072140076,
      -1.0991990580337383,
      -1.1005863641442524,
      -1.100935077651845,
      -1.1001615673092922,
      -1.0994444769080725,
      -1.0996732647477416,
      -1.100500502513734,
      -1.1009759624703725,
      -1.100693549611651,
      -1.1001686181680195,
      -1.100108360642783,
      -1.1005537241396153,
      -1.100947963782647,
      -1.1008798348075228,
      -1.1005475012256036,
      -1.1004345025367421,
      -1.1006750988409686,
      -1.1009452435472,
      -1.100932999285665,
      -1.1007263427755285,
      -1.1006452190055815,
      -1.1007949301840643,
      -1.1009623904358028,
      -1.1009429773360464,
      -1.1008103911489175,
      -1.1007777910844847,
      -1.100887035528719,
      -1.1009772433229872,
      -1.100938103675328,
      -1.1008572935495904,
      -1.1008669416104162,
      -1.100947200219022,
      -1.1009781179212887,
      -1.1009303346064723,
      -1.1008951928559003,
      -1.1009298166976833,
      -1.1009759330881954
    ],
    "steps": 50,
    "final_state_real": [
      0.0,
      0.0,
      0.0,
      -0.08382151337525909,
      0.0,
      0.0,
      0.0,
      0.0,
      0.0,
      0.0,
      0.0,
      0.0,
      0.9964807845089042,
      0.0,
      0.0,
      0.0
    ],
    "final_state_imag": [
      0.0,
      0.0,
      0.0,
      0.0,
      0.0,
      0.0,
      0.0,
      0.0,
      0.0,
      0.0,
      0.0,
      0.0,
      0.0,
      0.0,
      0.0,
      0.0
    ],
    "num_qubits": 4
  }
}