{
  "config": {
    "symbols": [
      "H",
      "H"
    ],
    "geometry": [
      [
        0.0,
        0.0,
        0.0
      ],
      [
        0.0,
        0.0,
        0.61
      ]
    ],
    "basis": "sto-3g",
    "ansatz": "UCCSD",
    "optimizer": {
      "name": "Adam",
      "stepsize": 0.2,
      "iterations_planned": 50
    },
    "optimizer_name": "Adam",
    "seed": 0,
    "noisy": false,
    "depolarizing_prob": 0.0,
    "amplitude_damping_prob": 0.0,
    "mapping": "jordan_wigner",
    "molecule": "H2_BOND"
  },
  "result": {
    "energy": -1.119632119274639,
    "energies": [
      -1.1042197366889819,
      -1.1042197366889819,
      -1.119460876922728,
      -1.1104796403516164,
      -1.101864609118951,
      -1.1176917389146563,
      -1.1144005491340507,
      -1.1099811356231544,
      -1.1115088314494952,
      -1.1152417837177295,
      -1.116567522351996,
      -1.1157786251429982,
      -1.1157781693473292,
      -1.1166266544887682,
      -1.1168193306457121,
      -1.1164637318286972,
      -1.1170886400168323,
      -1.1183034748213334,
      -1.1185837363246078,
      -1.117820271285936,
      -1.1172348569021957,
      -1.1177584237326204,
      -1.1189263762503028,
      -1.1194358033613574,
      -1.1187877189883888,
      -1.118022206234172,
      -1.1183073778705113,
      -1.1192748506649042,
      -1.1196820024915695,
      -1.1191807231039992,
      -1.1186300291334668,
      -1.1188061414185693,
      -1.1194385776985525,
      -1.1197061079967705,
      -1.119372249701764,
      -1.119043811706011,
      -1.1192137499114307,
      -1.1195876221620122,
      -1.119654104581776,
      -1.1194370591589795,
      -1.1193312153826724,
      -1.1194771361445346,
      -1.119636947096619,
      -1.1196134622742988,
      -1.1195188651078563,
      -1.1195296966760635,
      -1.1196083495065219,
      -1.119633838437359,
      -1.1196137664948338,
      -1.1196144030584112,
      -1.119632119274639
    ],
    "steps": 50,
    "final_state_real": [
      0.0,
      0.0,
      0.0,
      -0.08332531708079609,
      0.0,
      0.0,
      -0.0032002502883686644,
      0.0,
      0.0,
      0.003114247826513194,
      0.0,
      0.0,
      0.9965123939981638,
      0.0,
      0.0,
      0.0
    ],
    "final_state_imag": [
      0.0,
      0.0,
      0.0,
      0.0,
      0.0,
      0.0,
      0.0,
      0.0,
      0.0,
      0.0,
      0.0,
      0.0,
      0.0,
      0.0,
      0.0,
      0.0
    ],
    "num_qubits": 4
  }
}