{
  "config": {
    "symbols": [
      "H",
      "H"
    ],
    "geometry": [
      [
        0.0,
        0.0,
        0.0
      ],
      [
        0.0,
        0.0,
        1.96
      ]
    ],
    "basis": "sto-3g",
    "ansatz": "UCCSD",
    "optimizer": {
      "name": "Adam",
      "stepsize": 0.2,
      "iterations_planned": 50
    },
    "optimizer_name": "Adam",
    "seed": 0,
    "noisy": false,
    "depolarizing_prob": 0.0,
    "amplitude_damping_prob": 0.0,
    "mapping": "jordan_wigner",
    "molecule": "H2_BOND"
  },
  "result": {
    "energy": -0.9501070495578775,
    "energies": [
      -0.7921739487797728,
      -0.7921739487797728,
      -0.840660375649251,
      -0.8818825326920081,
      -0.9141052663300153,
      -0.93620111191331,
      -0.947998931974438,
      -0.9506184977077518,
      -0.9465422777840189,
      -0.9391326383993319,
      -0.9316578439577379,
      -0.9264037821030314,
      -0.9243749947467603,
      -0.9255199642547847,
      -0.9291323613883588,
      -0.9342018832641786,
      -0.9396646444717658,
      -0.9445770736461858,
      -0.9482401924499329,
      -0.9502822261848844,
      -0.9506903901978966,
      -0.9497775856969891,
      -0.9480813031973987,
      -0.9462161736121332,
      -0.9447227615704017,
      -0.943956577841945,
      -0.9440413788018738,
      -0.9448847357672798,
      -0.9462371426941127,
      -0.9477721229520752,
      -0.9491682291542055,
      -0.9501783871246028,
      -0.9506755669134482,
      -0.9506674124276298,
      -0.9502780704775616,
      -0.9497032106237596,
      -0.9491517082109721,
      -0.948791001273198,
      -0.948710645082165,
      -0.9489113766443422,
      -0.9493186639987812,
      -0.9498134580842371,
      -0.9502698983197736,
      -0.9505896578798276,
      -0.9507246573659589,
      -0.9506834578678156,
      -0.9505212175971406,
      -0.9503176816594128,
      -0.9501508692126329,
      -0.9500747466755141,
      -0.9501070495578775
    ],
    "steps": 50,
    "final_state_real": [
      0.0,
      0.0,
      0.0,
      -0.4997433400484358,
      0.0,
      0.0,
      0.0,
      0.0,
      0.0,
      0.0,
      0.0,
      0.0,
      0.8661735357751549,
      0.0,
      0.0,
      0.0
    ],
    "final_state_imag": [
      0.0,
      0.0,
      0.0,
      0.0,
      0.0,
      0.0,
      0.0,
      0.0,
      0.0,
      0.0,
      0.0,
      0.0,
      0.0,
      0.0,
      0.0,
      0.0
    ],
    "num_qubits": 4
  }
}