seed,reference_energy,abs_error_to_exact,cache_hit
0,-1.137268,0.000002,True
1,-1.137268,0.000002,True
2,-1.137268,0.000002,True
3,-1.137268,0.000002,True
4,-1.137268,0.000002,True
