{
  "config": {
    "symbols": [
      "H",
      "H"
    ],
    "geometry": [
      [
        0.0,
        0.0,
        0.0
      ],
      [
        0.0,
        0.0,
        0.7414
      ]
    ],
    "basis": "sto-3g",
    "ansatz": "UCCSD",
    "optimizer": {
      "name": "Adam",
      "stepsize": 0.4,
      "iterations_planned": 10
    },
    "seed": 0,
    "noisy": false,
    "depolarizing_prob": 0.0,
    "amplitude_damping_prob": 0.0
  },
  "result": {
    "energy": -1.1236527091864348,
    "energies": [
      -1.1183584752646099,
      -1.0895021890673455,
      -1.0984655336584124,
      -1.120630022968772,
      -1.1136305274998808,
      -1.112913338524058,
      -1.1241012349136799,
      -1.1275487786184324,
      -1.1252713445894247,
      -1.1241304033013448,
      -1.1236527091864348
    ],
    "steps": 10,
    "final_state_real": [
      0.0,
      0.0,
      0.0,
      -0.1819878362414557,
      0.0,
      0.0,
      0.06294217154584689,
      0.0,
      0.0,
      0.07259064051020676,
      0.0,
      0.0,
      0.9785955801103764,
      0.0,
      0.0,
      0.0
    ],
    "final_state_imag": [
      0.0,
      0.0,
      0.0,
      0.0,
      0.0,
      0.0,
      0.0,
      0.0,
      0.0,
      0.0,
      0.0,
      0.0,
      0.0,
      0.0,
      0.0,
      0.0
    ]
  }
}