{
  "config": {
    "symbols": [
      "H",
      "H"
    ],
    "geometry": [
      [
        0.0,
        0.0,
        0.0
      ],
      [
        0.0,
        0.0,
        0.7414
      ]
    ],
    "basis": "sto-3g",
    "ansatz": "RY-CZ",
    "optimizer": {
      "name": "Adam",
      "stepsize": 0.4,
      "iterations_planned": 30
    },
    "seed": 0,
    "noisy": true,
    "depolarizing_prob": 0.1,
    "amplitude_damping_prob": 0.1
  },
  "result": {
    "energy": -0.8446107583715515,
    "energies": [
      0.5194164197668012,
      0.42549555775658,
      0.2674805598988066,
      0.07659287353631916,
      -0.07642869511686831,
      -0.24572429466384355,
      -0.4454120907395976,
      -0.6406713109722625,
      -0.7839541457249015,
      -0.8394812141402201,
      -0.8075773952859502,
      -0.7279168433617712,
      -0.6501083827308264,
      -0.6035671795568512,
      -0.5956724588996352,
      -0.6220151123760397,
      -0.6727124213633267,
      -0.7346146346036972,
      -0.7930285411977388,
      -0.8348201537759746,
      -0.8523665031159793,
      -0.8462620680832533,
      -0.8247095835854013,
      -0.799406236269388,
      -0.7804663942712645,
      -0.7734388444469361,
      -0.7790268920161668,
      -0.7942240563452819,
      -0.8138350039256127,
      -0.8321400643635923,
      -0.8446107583715515
    ],
    "steps": 30,
    "final_state_real": [
      [
        0.02467743080432021,
        9.263375603686285e-05,
        0.000337153615516125,
        -1.265739937888502e-06,
        -0.01023525781753737,
        -3.8428845125038174e-05,
        -0.0001555126452334732,
        5.838245739034017e-07,
        -0.010503937827434378,
        -3.942951848790464e-05,
        -0.00017744709450817343,
        6.661707424891267e-07,
        -0.00541413174454491,
        -2.032765896147487e-05,
        -8.226133276233166e-05,
        3.088249671053557e-07
      ],
      [
        9.263375603686285e-05,
        0.0015755564650497995,
        1.265739937888502e-06,
        2.151496067684444e-05,
        -3.8428845125038174e-05,
        -0.0006534807757641176,
        -5.838245739034017e-07,
        -9.923810076389984e-06,
        -3.942951848790464e-05,
        -0.0006706349329362964,
        -6.661707424891267e-07,
        -1.1323524603819827e-05,
        -2.032765896147487e-05,
        -0.00034567092256847546,
        -3.088249671053557e-07,
        -5.249385615803175e-06
      ],
      [
        0.0003371536155161252,
        1.2657399378885021e-06,
        0.0015817275008472517,
        5.888119244919041e-06,
        0.0001555126452334732,
        5.838245739034017e-07,
        -0.0006505880913235055,
        -2.4631397669416806e-06,
        -0.00017744709450817343,
        -6.661707424891267e-07,
        -0.0006732616316741552,
        -2.5062754287339276e-06,
        8.226133276233166e-05,
        3.088249671053557e-07,
        -0.00034414078283618313,
        -1.3029240143418813e-06
      ],
      [
        -1.2657399378885021e-06,
        2.1514960676844452e-05,
        5.888119244919041e-06,
        0.00010098705208285555,
        -5.838245739034017e-07,
        9.923810076389984e-06,
        -2.4631397669416806e-06,
        -4.153747938742909e-05,
        6.661707424891267e-07,
        -1.1323524603819827e-05,
        -2.5062754287339276e-06,
        -4.2985095363674866e-05,
        -3.088249671053557e-07,
        5.249385615803175e-06,
        -1.3029240143418813e-06,
        -2.197202940550536e-05
      ],
      [
        -0.01023525781753737,
        -3.8428845125038194e-05,
        0.00015551264523347322,
        -5.838245739034019e-07,
        0.1231127790473536,
        0.00046213883567231874,
        0.001867951327854711,
        -7.012650877488474e-06,
        0.00541413174454491,
        2.032765896147487e-05,
        -8.226133276233166e-05,
        3.088249671053557e-07,
        -0.058195563415279386,
        -0.00021845360104889858,
        -0.0008852625344999493,
        3.3234469211242755e-06
      ],
      [
        -3.8428845125038194e-05,
        -0.0006534807757641176,
        5.838245739034019e-07,
        9.923810076389987e-06,
        0.00046213883567231874,
        0.007860264567101833,
        7.012650877488474e-06,
        0.0001192005587824739,
        2.032765896147487e-05,
        0.00034567092256847546,
        -3.088249671053557e-07,
        -5.249385615803175e-06,
        -0.00021845360104889858,
        -0.0037155568139656987,
        -3.3234469211242755e-06,
        -5.64917228880766e-05
      ],
      [
        -0.00015551264523347322,
        -5.838245739034019e-07,
        -0.0006505880913235055,
        -2.463139766941682e-06,
        0.0018679513278547113,
        7.012650877488476e-06,
        0.007891051133687687,
        2.9375129418954017e-05,
        8.226133276233166e-05,
        3.088249671053557e-07,
        0.00034414078283618313,
        1.3029240143418813e-06,
        -0.0008852625344999493,
        -3.3234469211242763e-06,
        -0.0037301096621911206,
        -1.3885660125300563e-05
      ],
      [
        5.838245739034019e-07,
        -9.923810076389987e-06,
        -2.463139766941682e-06,
        -4.153747938742909e-05,
        -7.012650877488476e-06,
        0.0001192005587824739,
        2.9375129418954017e-05,
        0.0005038124401322852,
        -3.088249671053557e-07,
        5.249385615803175e-06,
        1.3029240143418813e-06,
        2.197202940550536e-05,
        3.3234469211242763e-06,
        -5.64917228880766e-05,
        -1.3885660125300563e-05,
        -0.00023815276558615954
      ],
      [
        -0.010503937827434378,
        -3.942951848790464e-05,
        -0.00017744709450817343,
        6.661707424891267e-07,
        0.00541413174454491,
        2.032765896147487e-05,
        8.226133276233166e-05,
        -3.088249671053557e-07,
        0.12282345665570613,
        0.00046105278177730884,
        0.0016780666030440166,
        -6.299786863202478e-06,
        -0.056856108132841796,
        -0.00021346942234378398,
        -0.0008638613634400845,
        3.243102782187528e-06
      ],
      [
        -3.942951848790464e-05,
        -0.0006706349329362964,
        -6.661707424891267e-07,
        -1.1323524603819827e-05,
        2.032765896147487e-05,
        0.00034567092256847546,
        3.088249671053557e-07,
        5.249385615803175e-06,
        0.00046105278177730884,
        0.007841792475405642,
        6.299786863202478e-06,
        0.00010708334514624603,
        -0.00021346942234378398,
        -0.003630037885896405,
        -3.243102782187528e-06,
        -5.5126038723347866e-05
      ],
      [
        -0.00017744709450817343,
        -6.661707424891267e-07,
        -0.0006732616316741552,
        -2.5062754287339276e-06,
        -8.226133276233166e-05,
        -3.088249671053557e-07,
        0.00034414078283618313,
        1.3029240143418813e-06,
        0.001678066603044017,
        6.299786863202478e-06,
        0.007872506691719294,
        2.9306096108486892e-05,
        0.0008638613634400845,
        3.243102782187528e-06,
        -0.0036139692355231998,
        -1.3682561146196321e-05
      ],
      [
        6.661707424891267e-07,
        -1.1323524603819827e-05,
        -2.5062754287339276e-06,
        -4.2985095363674866e-05,
        3.088249671053557e-07,
        -5.249385615803175e-06,
        1.3029240143418813e-06,
        2.197202940550536e-05,
        -6.299786863202478e-06,
        0.00010708334514624607,
        2.9306096108486892e-05,
        0.0005026284507751383,
        -3.243102782187528e-06,
        5.5126038723347866e-05,
        -1.3682561146196321e-05,
        -0.0002307376581731848
      ],
      [
        -0.00541413174454491,
        -2.032765896147487e-05,
        8.226133276233166e-05,
        -3.088249671053557e-07,
        -0.058195563415279386,
        -0.00021845360104889858,
        -0.0008852625344999493,
        3.3234469211242755e-06,
        -0.05685610813284181,
