{
  "config": {
    "symbols": [
      "H",
      "H"
    ],
    "geometry": [
      [
        0.0,
        0.0,
        0.0
      ],
      [
        0.0,
        0.0,
        0.7414
      ]
    ],
    "basis": "sto-3g",
    "ansatz": "RY-CZ",
    "optimizer": {
      "name": "Adam",
      "stepsize": 0.4,
      "iterations_planned": 50
    },
    "seed": 0,
    "noisy": true,
    "depolarizing_prob": 0.06,
    "amplitude_damping_prob": 0.06
  },
  "result": {
    "energy": -0.9498383894055822,
    "energies": [
      0.5888199247787438,
      0.4793402796384054,
      0.2970696643135755,
      0.0822991939866221,
      -0.08079915802106463,
      -0.2623968997036462,
      -0.48361253153961503,
      -0.7050861824713518,
      -0.8710149600422799,
      -0.9386786378451253,
      -0.9062794938756694,
      -0.8171813214341357,
      -0.7280616859826287,
      -0.6737164812299803,
      -0.6633959410127037,
      -0.6923733898575583,
      -0.7494315994096862,
      -0.8195046122898451,
      -0.8857199916317098,
      -0.9330408864608738,
      -0.9528224969952837,
      -0.9458391881513238,
      -0.9214992691382567,
      -0.8931043714343468,
      -0.872054987935601,
      -0.864496315023406,
      -0.8710751194148066,
      -0.888286669015858,
      -0.9102235058720125,
      -0.9304706612340806,
      -0.9440462175254037,
      -0.9488931698896274,
      -0.9462278207298777,
      -0.9395070756609808,
      -0.9326404343347892,
      -0.928485472729538,
      -0.9282098878238364,
      -0.9314098823283639,
      -0.9366335515383233,
      -0.9420723975031751,
      -0.9462542750389604,
      -0.9485160056124412,
      -0.9490563479843416,
      -0.9485900757515218,
      -0.9478740854920706,
      -0.9473996372270302,
      -0.947341098456892,
      -0.9476610633033321,
      -0.948243095011185,
      -0.9489862024562805,
      -0.9498383894055822
    ],
    "steps": 50,
    "final_state_real": [
      [
        0.00928850994941079,
        -0.0002907915495152833,
        0.00033797392674808277,
        1.058698717496403e-05,
        -0.00422708826500538,
        0.00013242889824909853,
        -0.00016319428372922048,
        -5.112038687400015e-06,
        -0.004397308755083958,
        0.0001376647313242205,
        -0.0001799995201025309,
        -5.638460425515607e-06,
        -0.002261436393474358,
        7.084771153881803e-05,
        -8.7306786443876e-05,
        -2.7348731816747527e-06
      ],
      [
        -0.0002907915495152833,
        0.00037279617263192866,
        -1.058698717496403e-05,
        1.2843869290506208e-05,
        0.00013242889824909853,
        -0.00016965501842104486,
        5.112038687400015e-06,
        -6.20179807757251e-06,
        0.00013766473132422052,
        -0.00017648685125003916,
        5.638460425515607e-06,
        -6.840439825625886e-06,
        7.084771153881803e-05,
        -9.076319417532323e-05,
        2.734873181674752e-06,
        -3.3178800626686033e-06
      ],
      [
        0.00033797392674808277,
        -1.058698717496403e-05,
        0.00037793999953416837,
        -1.0889689209833983e-05,
        0.00016319428372922048,
        -5.112038687400015e-06,
        -0.0001582978513136801,
        5.388396848920813e-06,
        -0.0001799995201025309,
        5.638460425515607e-06,
        -0.0001789220098702105,
        5.1553291069665975e-06,
        8.7306786443876e-05,
        -2.7348731816747527e-06,
        -8.468725977007558e-05,
        2.8827211481510336e-06
      ],
      [
        1.058698717496403e-05,
        1.2843869290506208e-05,
        -1.0889689209833983e-05,
        1.5168696171745873e-05,
        5.112038687400015e-06,
        6.20179807757251e-06,
        5.388396848920813e-06,
        -6.35331537857065e-06,
        -5.638460425515607e-06,
        -6.840439825625886e-06,
        5.155329106966598e-06,
        -7.18107003626107e-06,
        2.734873181674752e-06,
        3.3178800626686033e-06,
        2.8827211481510336e-06,
        -3.3989398175724385e-06
      ],
      [
        -0.004227088265005382,
        0.00013242889824909858,
        0.00016319428372922048,
        5.112038687400015e-06,
        0.08343547331970283,
        -0.002612079946441411,
        0.0032192408466038317,
        0.00010084228059852385,
        0.0022614363934743585,
        -7.084771153881803e-05,
        -8.7306786443876e-05,
        -2.7348731816747527e-06,
        -0.04188487584146231,
        0.001311272530635196,
        -0.0016168734532094353,
        -5.064834047221425e-05
      ],
      [
        0.00013242889824909858,
        -0.0001696550184210449,
        -5.112038687400015e-06,
        6.20179807757251e-06,
        -0.002612079946441411,
        0.0033486991223271186,
        -0.00010084228059852385,
        0.0001223393444762902,
        -7.084771153881803e-05,
        9.076319417532327e-05,
        2.734873181674752e-06,
        -3.3178800626686033e-06,
        0.0013112725306351962,
        -0.0016810577250715203,
        5.064834047221425e-05,
        -6.144530583209907e-05
      ],
      [
        -0.0001631942837292205,
        5.112038687400016e-06,
        -0.00015829785131368015,
        5.388396848920815e-06,
        0.0032192408466038317,
        -0.00010084228059852385,
        0.003394904340882135,
        -9.78183129991258e-05,
        8.7306786443876e-05,
        -2.7348731816747527e-06,
        8.468725977007558e-05,
        -2.8827211481510336e-06,
        -0.0016168734532094353,
        5.064834047221425e-05,
        -0.0017042528933303373,
        4.910510759962542e-05
      ],
      [
        -5.112038687400016e-06,
        -6.2017980775725114e-06,
        5.388396848920815e-06,
        -6.3533153785706515e-06,
        0.00010084228059852385,
        0.0001223393444762902,
        -9.78183129991258e-05,
        0.00013625515304665884,
        2.734873181674752e-06,
        3.3178800626686033e-06,
        -2.8827211481510336e-06,
        3.3989398175724385e-06,
        -5.064834047221425e-05,
        -6.144530583209907e-05,
        4.910510759962542e-05,
        -6.840052487328635e-05
      ],
      [
        -0.004397308755083958,
        0.0001376647313242205,
        -0.0001799995201025309,
        -5.638460425515607e-06,
        0.002261436393474358,
        -7.084771153881803e-05,
        8.7306786443876e-05,
        2.7348731816747527e-06,
        0.08325441508362026,
        -0.00260641163093013,
        0.0030293148996100114,
        9.489287620403862e-05,
        -0.04035662008720598,
        0.0012643177525888082,
        -0.001558039315948721,
        -4.880536914415221e-05
      ],
      [
        0.00013766473132422052,
        -0.00017648685125003916,
        5.638460425515607e-06,
        -6.840439825625886e-06,
        -7.084771153881803e-05,
        9.076319417532323e-05,
        -2.734873181674752e-06,
        3.3178800626686033e-06,
        -0.00260641163093013,
        0.0033414323144319133,
        -9.489287620403862e-05,
        0.000115121675168082,
        0.0012643177525888082,
        -0.0016197208799701573,
        4.880536914415221e-05,
        -5.92094588954223e-05
      ],
      [
        -0.0001799995201025309,
        5.638460425515607e-06,
        -0.0001789220098702105,
        5.1553291069665975e-06,
        -8.7306786443876e-05,
        2.7348731816747527e-06,
        8.468725977007558e-05,
        -2.8827211481510336e-06,
        0.0030293148996100114,
        -9.489287620403862e-05,
        0.003387537265857896,
        -9.760604343914703e-05,
        0.0015580393159487212,
        -4.8805369144152215e-05,
        -0.001511292370915059,
        5.1443800289492724e-05
      ],
      [
        -5.638460425515607e-06,
        -6.840439825625886e-06,
        5.155329106966598e-06,
        -7.18107003626107e-06,
        -2.734873181674752e-06,
        -3.3178800626686033e-06,
        -2.8827211481510336e-06,
        3.3989398175724385e-06,
        9.489287620403862e-05,
        0.000115121675168082,
