{
  "config": {
    "symbols": [
      "H",
      "H"
    ],
    "geometry": [
      [
        0.0,
        0.0,
        0.0
      ],
      [
        0.0,
        0.0,
        0.9
      ]
    ],
    "basis": "sto-3g",
    "ansatz": "UCCSD",
    "optimizer": {
      "name": "Adam",
      "stepsize": 0.4,
      "iterations_planned": 20
    },
    "seed": 0,
    "noisy": false,
    "depolarizing_prob": 0.0,
    "amplitude_damping_prob": 0.0
  },
  "result": {
    "energy": -1.1171313844297326,
    "energies": [
      -1.0937005491288163,
      -1.0886937177743552,
      -1.0812114710708303,
      -1.0944017428853345,
      -1.101372511164249,
      -1.1025624996553802,
      -1.1072127049242348,
      -1.1085481266805293,
      -1.1060453614151857,
      -1.1091301454895799,
      -1.1135555810431494,
      -1.113183211354326,
      -1.1117673934764964,
      -1.112824282683718,
      -1.1144865219833562,
      -1.115158479676315,
      -1.1156916491147828,
      -1.1165050344834788,
      -1.1167881689517805,
      -1.1166663830473862,
      -1.1171313844297326
    ],
    "steps": 20,
    "final_state_real": [
      0.0,
      0.0,
      0.0,
      -0.132830636526594,
      0.0,
      0.0,
      0.05608945851502746,
      0.0,
      0.0,
      0.06293685146948527,
      0.0,
      0.0,
      0.9875469342621336,
      0.0,
      0.0,
      0.0
    ],
    "final_state_imag": [
      0.0,
      0.0,
      0.0,
      0.0,
      0.0,
      0.0,
      0.0,
      0.0,
      0.0,
      0.0,
      0.0,
      0.0,
      0.0,
      0.0,
      0.0,
      0.0
    ]
  }
}