{
  "config": {
    "symbols": [
      "H",
      "H"
    ],
    "geometry": [
      [
        0.0,
        0.0,
        0.0
      ],
      [
        0.0,
        0.0,
        1.1
      ]
    ],
    "basis": "sto-3g",
    "ansatz": "UCCSD",
    "optimizer": {
      "name": "Adam",
      "stepsize": 0.4,
      "iterations_planned": 50
    },
    "seed": 0,
    "noisy": false,
    "depolarizing_prob": 0.0,
    "amplitude_damping_prob": 0.0
  },
  "result": {
    "energy": -1.079039907999648,
    "energies": [
      -1.0384691429515718,
      -1.0570152801116672,
      -1.0535754814540088,
      -1.046347990027528,
      -1.0551263744120232,
      -1.0601570096532973,
      -1.0665039753428804,
      -1.0722282451899727,
      -1.0707590037674637,
      -1.0652094138162886,
      -1.0664412054024512,
      -1.0727362745061133,
      -1.0757913584086387,
      -1.0743255838945878,
      -1.0725383401798323,
      -1.0724643087223524,
      -1.0733084489974984,
      -1.074473516477864,
      -1.075922627879245,
      -1.0769894638882973,
      -1.0768557064622115,
      -1.0760429177479882,
      -1.0759447888003384,
      -1.0767154457028927,
      -1.0773397329601382,
      -1.0774646388875433,
      -1.077568013817306,
      -1.0777798391802444,
      -1.0777939966615329,
      -1.0776719658063096,
      -1.0778149390805127,
      -1.0782436161914652,
      -1.0785562483579003,
      -1.0785406375446256,
      -1.0783612879913786,
      -1.0782474464211051,
      -1.0783415331883681,
      -1.0786496017879736,
      -1.0789314680308464,
      -1.0788995067987874,
      -1.0786408227006983,
      -1.0785537743797358,
      -1.0787891885780905,
      -1.0790629486957601,
      -1.0790808900624351,
      -1.0788923870478946,
      -1.0787697411538866,
      -1.0788765763159025,
      -1.0790939339081282,
      -1.0791688812320321,
      -1.079039907999648
    ],
    "steps": 50,
    "final_state_real": [
      0.0,
      0.0,
      0.0,
      -0.19941394903558288,
      0.0,
      0.0,
      -0.013710869299576817,
      0.0,
      0.0,
      -0.014673373960954438,
      0.0,
      0.0,
      0.9797095391439679,
      0.0,
      0.0,
      0.0
    ],
    "final_state_imag": [
      0.0,
      0.0,
      0.0,
      0.0,
      0.0,
      0.0,
      0.0,
      0.0,
      0.0,
      0.0,
      0.0,
      0.0,
      0.0,
      0.0,
      0.0,
      0.0
    ]
  }
}