{
  "config": {
    "symbols": [
      "H",
      "H"
    ],
    "geometry": [
      [
        0.0,
        0.0,
        0.0
      ],
      [
        0.0,
        0.0,
        0.7414
      ]
    ],
    "basis": "sto-3g",
    "ansatz": "StronglyEntanglingLayers",
    "optimizer": {
      "name": "GradientDescent",
      "stepsize": 0.4,
      "iterations_planned": 50
    },
    "seed": 0,
    "noisy": false,
    "depolarizing_prob": 0.0,
    "amplitude_damping_prob": 0.0
  },
  "result": {
    "energy": -1.1368992942220442,
    "energies": [
      0.49442115656798735,
      0.44863684243016866,
      0.39404917592485117,
      0.33046022728098806,
      0.25869985262095263,
      0.18080965370585295,
      0.09982266100810264,
      0.019099241017958332,
      -0.05851302906951519,
      -0.13127153713250023,
      -0.19864075102491066,
      -0.2609970318885576,
      -0.31920203235444644,
      -0.3742559094006727,
      -0.42710589144489425,
      -0.478588535961346,
      -0.5294429603700611,
      -0.5803248619603764,
      -0.6317637406304312,
      -0.6840382715126715,
      -0.7369977023161585,
      -0.7899177250985323,
      -0.8415109822409844,
      -0.8901658030197344,
      -0.9343544967492756,
      -0.9730237060451041,
      -1.0057807067206328,
      -1.032830680400032,
      -1.0547655218961283,
      -1.072339840006368,
      -1.0863128084913376,
      -1.0973668412000976,
      -1.106080496308552,
      -1.1129297317513671,
      -1.118300194441931,
      -1.1225018527541328,
      -1.1257825790210427,
      -1.1283397714922305,
      -1.1303300241020429,
      -1.1318770966485152,
      -1.1330784538407612,
      -1.1340106048631968,
      -1.1347334381573222,
      -1.1352937176258726,
      -1.1357278839776854,
      -1.1360642855034846,
      -1.1363249447591113,
      -1.1365269511160496,
      -1.1366835540765983,
      -1.1368050188656444,
      -1.1368992942220442
    ],
    "steps": 50,
    "final_state_real": [
      7.784598505564576e-11,
      -7.38151427208208e-08,
      1.3534523360447042e-07,
      -0.012780442968820275,
      1.2080887585637382e-07,
      -0.0225793019693046,
      4.3110175396068805e-13,
      -1.1209672491680754e-05,
      1.434323218678763e-06,
      -3.87282340515312e-12,
      0.0025675690569009354,
      -7.563470896863704e-07,
      0.060549383445350574,
      -1.5336389706508445e-08,
      6.605634383268969e-07,
      -9.771563251594195e-12
    ],
    "final_state_imag": [
      -1.6030978747775727e-10,
      -2.237676466119747e-08,
      -2.1476317575930694e-09,
      0.11189737374829754,
      -6.619435013616407e-07,
      0.001870737306515643,
      1.6282783385953126e-13,
      2.7642186874488205e-05,
      -3.0626147512615332e-06,
      -1.2337648249723948e-12,
      -7.687303583536859e-05,
      5.886533465315757e-06,
      -0.9915288631184562,
      -5.656403616530691e-10,
      1.6277751161175052e-07,
      1.7684810614171535e-11
    ]
  }
}