{
  "config": {
    "symbols": [
      "H",
      "H"
    ],
    "geometry": [
      [
        0.0,
        0.0,
        0.0
      ],
      [
        0.0,
        0.0,
        0.7414
      ]
    ],
    "basis": "sto-3g",
    "ansatz": "StronglyEntanglingLayers",
    "optimizer": {
      "name": "GradientDescent",
      "stepsize": 0.4,
      "iterations_planned": 60
    },
    "seed": 0,
    "noisy": false,
    "depolarizing_prob": 0.0,
    "amplitude_damping_prob": 0.0
  },
  "result": {
    "energy": -1.1372055787337498,
    "energies": [
      0.49442115656798735,
      0.44863684243016866,
      0.3940491759248511,
      0.330460227280988,
      0.25869985262095263,
      0.18080965370585295,
      0.09982266100810266,
      0.019099241017958332,
      -0.05851302906951524,
      -0.13127153713250045,
      -0.19864075102491086,
      -0.260997031888558,
      -0.31920203235444694,
      -0.37425590940067327,
      -0.4271058914448948,
      -0.47858853596134704,
      -0.5294429603700617,
      -0.5803248619603771,
      -0.6317637406304322,
      -0.684038271512673,
      -0.7369977023161601,
      -0.7899177250985343,
      -0.8415109822409859,
      -0.8901658030197359,
      -0.934354496749277,
      -0.9730237060451052,
      -1.005780706720634,
      -1.0328306804000331,
      -1.0547655218961287,
      -1.0723398400063682,
      -1.0863128084913385,
      -1.0973668412000979,
      -1.1060804963085524,
      -1.1129297317513676,
      -1.1183001944419313,
      -1.1225018527541333,
      -1.125782579021043,
      -1.1283397714922305,
      -1.1303300241020429,
      -1.1318770966485152,
      -1.1330784538407617,
      -1.1340106048631968,
      -1.1347334381573226,
      -1.1352937176258724,
      -1.1357278839776863,
      -1.1360642855034842,
      -1.1363249447591115,
      -1.1365269511160498,
      -1.136683554076598,
      -1.136805018865645,
      -1.1368992942220442,
      -1.1369725325064381,
      -1.137029494101234,
      -1.1370738614227829,
      -1.1371084824906026,
      -1.1371355596992698,
      -1.137156796025804,
      -1.1371735082124126,
      -1.1371867143492635,
      -1.137197201626606,
      -1.1372055787337498
    ],
    "steps": 60
  }
}