{
  "config": {
    "symbols": [
      "H",
      "H",
      "H"
    ],
    "geometry": [
      [
        0.0,
        0.0,
        0.0
      ],
      [
        0.0,
        0.0,
        0.872
      ],
      [
        0.755,
        0.0,
        0.436
      ]
    ],
    "basis": "sto-3g",
    "ansatz": "UCCSD",
    "optimizer": {
      "name": "Adam",
      "stepsize": 0.4,
      "iterations_planned": 50
    },
    "seed": 0,
    "noisy": false,
    "depolarizing_prob": 0.0,
    "amplitude_damping_prob": 0.0
  },
  "result": {
    "energy": -1.2612603346590154,
    "energies": [
      -1.2393392630357696,
      -1.0575831846809882,
      -1.1723932030827031,
      -1.2208670006256648,
      -1.1742223945287409,
      -1.1720017582994249,
      -1.2109257412730616,
      -1.2416281214624656,
      -1.2388723114924771,
      -1.2131971325488171,
      -1.2104544065189407,
      -1.2343541518995615,
      -1.2521692352811506,
      -1.2476106183957956,
      -1.236793254817287,
      -1.234959836513892,
      -1.2426832606611566,
      -1.252097391148339,
      -1.2543459497228306,
      -1.2499041477665311,
      -1.2472493040245825,
      -1.2497634780161242,
      -1.2537020323683856,
      -1.2556634149932437,
      -1.2557093578332723,
      -1.2551185279841004,
      -1.2547642548564366,
      -1.2552720738495486,
      -1.2568119187432791,
      -1.2585675345292897,
      -1.258940523211248,
      -1.2576581290408377,
      -1.2570073547976652,
      -1.258463821520425,
      -1.2602393495573196,
      -1.2601990988930747,
      -1.2589818125780503,
      -1.2587191230902006,
      -1.2598677715511055,
      -1.2608533754073452,
      -1.2605979222556642,
      -1.2599850049389767,
      -1.260165816525334,
      -1.2607807831512443,
      -1.2609679890781083,
      -1.2608230856558313,
      -1.2608174817138178,
      -1.2609471400445043,
      -1.2610388146487836,
      -1.2611315993535166,
      -1.2612603346590154
    ]
  }
}