{
  "config": {
    "symbols": [
      "Li",
      "H"
    ],
    "geometry": [
      [
        0.0,
        0.0,
        0.0
      ],
      [
        0.0,
        0.0,
        1.6
      ]
    ],
    "basis": "sto-3g",
    "ansatz": "RY-CZ",
    "optimizer": {
      "name": "Adam",
      "stepsize": 0.4,
      "iterations_planned": 40
    },
    "seed": 0,
    "noisy": false,
    "depolarizing_prob": 0.0,
    "amplitude_damping_prob": 0.0
  },
  "result": {
    "energy": -7.805557009730756,
    "energies": [
      0.9914070723631976,
      0.14161705970263577,
      -1.288507203700763,
      -3.002587976432094,
      -4.101756474365077,
      -4.547193504534827,
      -5.11412254272875,
      -5.909231338632133,
      -6.700042486778311,
      -7.226076104338686,
      -7.362457263504785,
      -7.204645118801288,
      -6.974929070356355,
      -6.841358611918715,
      -6.843723795161185,
      -6.94053429855656,
      -7.074964478151269,
      -7.209680784987266,
      -7.331124036577713,
      -7.43817076748255,
      -7.529029526833998,
      -7.595747364738398,
      -7.629165775320462,
      -7.62835308532959,
      -7.604938231839704,
      -7.578257031716608,
      -7.565740730621748,
      -7.575859423705083,
      -7.607017202318029,
      -7.650888998368248,
      -7.6970058256338145,
      -7.73641251132916,
      -7.763743269888766,
      -7.77787078965436,
      -7.781407997064694,
      -7.7792993756796225,
      -7.7768857427885605,
      -7.778073959172573,
      -7.784261146084551,
      -7.7943294644956795,
      -7.805557009730756
    ],
    "steps": 40
  }
}