{
  "config": {
    "symbols": [
      "H",
      "H"
    ],
    "geometry": [
      [
        0.0,
        0.0,
        0.0
      ],
      [
        0.0,
        0.0,
        0.7414
      ]
    ],
    "basis": "sto-3g",
    "ansatz": "RY-CZ",
    "optimizer": {
      "name": "Adam",
      "stepsize": 0.4,
      "iterations_planned": 30
    },
    "seed": 0,
    "noisy": false,
    "depolarizing_prob": 0.0,
    "amplitude_damping_prob": 0.0
  },
  "result": {
    "energy": -1.1038256944130578,
    "energies": [
      0.7135804090124337,
      0.5765856482062837,
      0.35189854149702493,
      0.09659047847955421,
      -0.0804142671113286,
      -0.27805573215307405,
      -0.5329907405999951,
      -0.7987948032413107,
      -1.0051449354215827,
      -1.0967064184675162,
      -1.0668309072414262,
      -0.9635315183088095,
      -0.8550254806123908,
      -0.7861048573318908,
      -0.7700713463723232,
      -0.8021241352863381,
      -0.8690157392863764,
      -0.9525585115083998,
      -1.0322121665385082,
      -1.089610819231869,
      -1.1141271945754958,
      -1.1064791172051505,
      -1.0777994626107128,
      -1.044030466348735,
      -1.018932638200197,
      -1.0099293036948647,
      -1.0177762889404391,
      -1.0382303845013947,
      -1.0641966992198992,
      -1.0880221835173443,
      -1.1038256944130578
    ],
    "steps": 30,
    "final_state_real": [
      0.010838420283101521,
      2.8133129523255087e-05,
      -0.00020338355358409736,
      5.279197250546137e-07,
      0.10595016765341067,
      0.0002750133056061039,
      0.001988160731668474,
      -5.160639827215941e-06,
      0.10116907800007567,
      0.000262603100893035,
      -0.0018984433209849705,
      4.92776165223085e-06,
      -0.988970762848263,
      -0.002567056991626532,
      -0.018558090836582417,
      4.8170965839359684e-05
    ],
    "final_state_imag": [
      0.0,
      0.0,
      0.0,
      0.0,
      0.0,
      0.0,
      0.0,
      0.0,
      0.0,
      0.0,
      0.0,
      0.0,
      0.0,
      0.0,
      0.0,
      0.0
    ]
  }
}