{
  "config": {
    "symbols": [
      "H",
      "H"
    ],
    "geometry": [
      [
        0.0,
        0.0,
        0.0
      ],
      [
        0.0,
        0.0,
        0.7414
      ]
    ],
    "basis": "sto-3g",
    "ansatz": "RY-CZ",
    "optimizer": {
      "name": "Adam",
      "stepsize": 0.4,
      "iterations_planned": 50
    },
    "seed": 0,
    "noisy": false,
    "depolarizing_prob": 0.0,
    "amplitude_damping_prob": 0.0
  },
  "result": {
    "energy": -1.11096592643941,
    "energies": [
      0.7135804090124337,
      0.5765856482062837,
      0.35189854149702493,
      0.09659047847955421,
      -0.0804142671113286,
      -0.27805573215307405,
      -0.5329907405999951,
      -0.7987948032413107,
      -1.0051449354215827,
      -1.0967064184675162,
      -1.0668309072414262,
      -0.9635315183088095,
      -0.8550254806123908,
      -0.7861048573318908,
      -0.7700713463723232,
      -0.8021241352863381,
      -0.8690157392863764,
      -0.9525585115083998,
      -1.0322121665385082,
      -1.089610819231869,
      -1.1141271945754958,
      -1.1064791172051505,
      -1.0777994626107128,
      -1.044030466348735,
      -1.018932638200197,
      -1.0099293036948647,
      -1.0177762889404391,
      -1.0382303845013947,
      -1.0641966992198992,
      -1.0880221835173443,
      -1.1038256944130578,
      -1.1092706218942865,
      -1.1059427650791323,
      -1.0980567042715,
      -1.0902621054157873,
      -1.0858323469438191,
      -1.085958648504831,
      -1.0899872665992139,
      -1.096117137025576,
      -1.102241621711464,
      -1.1067457274442916,
      -1.1090176867400134,
      -1.1094513177942231,
      -1.108974776188458,
      -1.1084500332500282,
      -1.1083189122426746,
      -1.1086061857531522,
      -1.109128159075735,
      -1.1097081348260756,
      -1.110295323041583,
      -1.11096592643941
    ],
    "steps": 50,
    "final_state_real": [
      0.0033600387239435814,
      -0.00011020424928089376,
      -0.00013655563425922748,
      -4.478820750301314e-06,
      0.05908212737449565,
      -0.0019378054921886558,
      0.002401162022186322,
      7.875452630089379e-05,
      0.05660193514728182,
      -0.0018564588932567213,
      -0.0023003643080830496,
      -7.544851189908838e-05,
      -0.9952750598331491,
      0.03264353473527126,
      -0.040449062711513065,
      -0.001326668814401717
    ],
    "final_state_imag": [
      0.0,
      0.0,
      0.0,
      0.0,
      0.0,
      0.0,
      0.0,
      0.0,
      0.0,
      0.0,
      0.0,
      0.0,
      0.0,
      0.0,
      0.0,
      0.0
    ]
  }
}