{
  "config": {
    "symbols": [
      "H",
      "H"
    ],
    "geometry": [
      [
        0.0,
        0.0,
        0.0
      ],
      [
        0.0,
        0.0,
        0.7414
      ]
    ],
    "basis": "sto-3g",
    "ansatz": "UCCSD",
    "optimizer": {
      "name": "Adam",
      "stepsize": 0.4,
      "iterations_planned": 50
    },
    "seed": 0,
    "noisy": false,
    "depolarizing_prob": 0.0,
    "amplitude_damping_prob": 0.0
  },
  "result": {
    "energy": -1.137072496732171,
    "energies": [
      -1.1183584752646099,
      -1.0895021890673455,
      -1.0984655336584124,
      -1.120630022968772,
      -1.1136305274998808,
      -1.112913338524058,
      -1.1241012349136799,
      -1.1275487786184324,
      -1.1252713445894247,
      -1.1241304033013448,
      -1.1236527091864348,
      -1.127085410193472,
      -1.1325893836153633,
      -1.133393735293195,
      -1.1295577350899213,
      -1.1281857373680035,
      -1.1315513980579401,
      -1.1349898495236885,
      -1.1350824923693723,
      -1.1329916752401028,
      -1.131560076084297,
      -1.132661203401175,
      -1.1354011148328425,
      -1.1367204929422658,
      -1.1352906865337096,
      -1.13360863793651,
      -1.134276758126164,
      -1.136270052416526,
      -1.1370092283066828,
      -1.136006145101216,
      -1.1349573952463416,
      -1.1353172984811712,
      -1.1366238808926328,
      -1.137212792456325,
      -1.1364841836604085,
      -1.135752706403642,
      -1.1361844013433489,
      -1.1370728078412586,
      -1.1371745027290732,
      -1.13657565926386,
      -1.136304535068437,
      -1.136752446963284,
      -1.137239165280374,
      -1.1371078032684492,
      -1.1367028507177244,
      -1.1367420673318895,
      -1.1371341013168121,
      -1.1372493511549662,
      -1.1370041116050362,
      -1.1368786951164225,
      -1.137072496732171
    ],
    "steps": 50,
    "final_state_real": [
      0.0,
      0.0,
      0.0,
      -0.11957239493337643,
      0.0,
      0.0,
      0.008857766869541924,
      0.0,
      0.0,
      0.01109786619949721,
      0.0,
      0.0,
      0.9927239393214005,
      0.0,
      0.0,
      0.0
    ],
    "final_state_imag": [
      0.0,
      0.0,
      0.0,
      0.0,
      0.0,
      0.0,
      0.0,
      0.0,
      0.0,
      0.0,
      0.0,
      0.0,
      0.0,
      0.0,
      0.0,
      0.0
    ]
  }
}