{
  "config": {
    "symbols": [
      "H",
      "H"
    ],
    "geometry": [
      [
        0.0,
        0.0,
        0.0
      ],
      [
        0.0,
        0.0,
        0.7414
      ]
    ],
    "basis": "sto-3g",
    "ansatz": "RY-CZ",
    "optimizer": {
      "name": "Adam",
      "stepsize": 0.4,
      "iterations_planned": 30
    },
    "seed": 0,
    "noisy": true,
    "depolarizing_prob": 0.08,
    "amplitude_damping_prob": 0.08
  },
  "result": {
    "energy": -0.8936632083130736,
    "energies": [
      0.5528328202595489,
      0.4513913110897467,
      0.28162379647528024,
      0.07909030898397698,
      -0.07903869525767582,
      -0.2546221309711173,
      -0.46497689403568027,
      -0.6730311140639337,
      -0.8272406300894817,
      -0.888491999780247,
      -0.8561526560924704,
      -0.771788325756961,
      -0.6884752779696786,
      -0.6382032644243909,
      -0.6292165423606537,
      -0.656925161365411,
      -0.7107813522143445,
      -0.7766924610365606,
      -0.8389001417784503,
      -0.8833479625474059,
      -0.9019292775951658,
      -0.8953477794017434,
      -0.8724129634090412,
      -0.8456090615576148,
      -0.8256673214244825,
      -0.818412147555551,
      -0.8245074942373579,
      -0.8406975759925884,
      -0.8614383391313056,
      -0.8806742488159279,
      -0.8936632083130736
    ],
    "steps": 30,
    "final_state_real": [
      [
        0.01693307755615638,
        3.8078054625854354e-05,
        0.00025475161829417264,
        -5.72927682714094e-07,
        -0.008777863076741273,
        -1.9743047448371753e-05,
        -0.00015153100632103698,
        3.407880542316947e-07,
        -0.00906382555406759,
        -2.0382168771294587e-05,
        -0.00017950202933117763,
        4.036939289957063e-07,
        -0.0062338849936756004,
        -1.4021167354950493e-05,
        -0.00010761467319811068,
        2.4202172199837395e-07
      ],
      [
        3.807805462585435e-05,
        0.0008738160813493454,
        5.72927682714094e-07,
        1.3143341101677287e-05,
        -1.9743047448371747e-05,
        -0.0004529736482279612,
        -3.407880542316947e-07,
        -7.817904030968678e-06,
        -2.0382168771294587e-05,
        -0.0004677304820357284,
        -4.036939289957063e-07,
        -9.261006527615515e-06,
        -1.4021167354950497e-05,
        -0.0003216939707912476,
        -2.420217219983739e-07,
        -5.552138851400777e-06
      ],
      [
        0.00025475161829417264,
        5.72927682714094e-07,
        0.0008793680758116912,
        1.952065986642357e-06,
        0.00015153100632103698,
        3.407880542316947e-07,
        -0.0004499958864987844,
        -1.0252953479812935e-06,
        -0.00017950202933117763,
        -4.036939289957063e-07,
        -0.0004707023168434862,
        -1.0448889467539462e-06,
        0.00010761467319811068,
        2.4202172199837395e-07,
        -0.00031957921643748665,
        -7.281468425728533e-07
      ],
      [
        -5.72927682714094e-07,
        1.3143341101677287e-05,
        1.9520659866423563e-06,
        4.537899053028998e-05,
        -3.407880542316947e-07,
        7.817904030968678e-06,
        -1.0252953479812929e-06,
        -2.322162884210799e-05,
        4.036939289957063e-07,
        -9.261006527615515e-06,
        -1.0448889467539462e-06,
        -2.4290165365521138e-05,
        -2.420217219983739e-07,
        5.552138851400777e-06,
        -7.281468425728533e-07,
        -1.6491595084354306e-05
      ],
      [
        -0.008777863076741273,
        -1.9743047448371753e-05,
        0.00015153100632103698,
        -3.407880542316947e-07,
        0.10698303961433059,
        0.00024057682444106776,
        0.0018447124500956833,
        -4.1486952521994414e-06,
        0.0062338849936756004,
        1.4021167354950493e-05,
        -0.00010761467319811068,
        2.4202172199837395e-07,
        -0.06563315262545809,
        -0.00014759176308329114,
        -0.0011340922907311789,
        2.5505348011655635e-06
      ],
      [
        -1.9743047448371747e-05,
        -0.0004529736482279612,
        3.407880542316947e-07,
        7.817904030968678e-06,
        0.00024057682444106776,
        0.0055207625510844145,
        4.1486952521994414e-06,
        9.517382118499781e-05,
        1.4021167354950497e-05,
        0.0003216939707912476,
        -2.420217219983739e-07,
        -5.552138851400777e-06,
        -0.00014759176308329114,
        -0.003386939204854111,
        -2.5505348011655635e-06,
        -5.851096027445103e-05
      ],
      [
        -0.00015153100632103698,
        -3.407880542316947e-07,
        -0.0004499958864987844,
        -1.0252953479812935e-06,
        0.0018447124500956833,
        4.1486952521994414e-06,
        0.005555840004756605,
        1.2333136258672536e-05,
        0.00010761467319811068,
        2.4202172199837395e-07,
        0.00031957921643748665,
        7.281468425728533e-07,
        -0.0011340922907311789,
        -2.5505348011655635e-06,
        -0.003408458913761978,
        -7.56627047926573e-06
      ],
      [
        3.407880542316947e-07,
        -7.817904030968678e-06,
        -1.0252953479812929e-06,
        -2.322162884210799e-05,
        -4.1486952521994414e-06,
        9.517382118499781e-05,
        1.2333136258672536e-05,
        0.00028670407523145636,
        -2.420217219983739e-07,
        5.552138851400777e-06,
        7.281468425728533e-07,
        1.6491595084354306e-05,
        2.5505348011655635e-06,
        -5.851096027445103e-05,
        -7.56627047926573e-06,
        -0.00017589042520985143
      ],
      [
        -0.00906382555406759,
        -2.0382168771294587e-05,
        -0.00017950202933117763,
        4.036939289957063e-07,
        0.0062338849936756004,
        1.4021167354950493e-05,
        0.00010761467319811068,
        -2.4202172199837395e-07,
        0.1065957102019303,
        0.0002397058220804711,
        0.0016036913305984032,
        -3.6066469920024176e-06,
        -0.06382883150184582,
        -0.00014356291934584386,
        -0.0011018680725834802,
        2.4780636359016966e-06
      ],
      [
        -2.0382168771294587e-05,
        -0.0004677304820357284,
        -4.036939289957063e-07,
        -9.261006527615515e-06,
        1.4021167354950497e-05,
        0.0003216939707912476,
        2.420217219983739e-07,
        5.552138851400777e-06,
        0.000239705822080471,
        0.005500774768697396,
        3.6066469920024176e-06,
        8.273887452019252e-05,
        -0.00014356291934584386,
        -0.0032938288527340084,
        -2.478063635901696e-06,
        -5.6848423668457855e-05
      ],
      [
        -0.00017950202933117763,
        -4.036939289957063e-07,
        -0.0004707023168434862,
        -1.0448889467539462e-06,
        -0.00010761467319811068,
        -2.4202172199837395e-07,
        0.00031957921643748665,
        7.281468425728533e-07,
        0.0016036913305984032,
        3.6066469920024176e-06,
        0.005535725225328107,
        1.228848444809261e-05,
        0.0011018680725834802,
        2.4780636359016966e-06,
        -0.0032721758547318066,
        -7.455505221917842e-06
      ],
      [
        4.036939289957063e-07,
        -9.261006527615515e-06,
        -1.0448889467539462e-06,
        -2.4290165365521138e-05,
        2.420217219983739e-07,
        -5.552138851400777e-06,
        7.281468425728533e-07,
        1.6491595084354306e-05,
        -3.6066469920024176e-06,
        8.273887452019252e-05,
        1.2288484448092605e-05,
        0.00028566607031598097,
        -2.478063635901696e-06,
        5.6848423668457855e-05,
        -7.455505221917842e-06,
        -0.00016885766177974777
      ],
      [
        -0.0062338849936756004,
        -1.4021167354950493e-05,
        0.00010761467319811068,
        -2.4202172199837395e-07,
        -0.06563315262545809,
        -0.00014759176308329114,
        -0.0011340922907311789,
        2.5505348011655635e-06,
        -0.06382883150184582,
