{
  "config": {
    "symbols": [
      "H",
      "H"
    ],
    "geometry": [
      [
        0.0,
        0.0,
        0.0
      ],
      [
        0.0,
        0.0,
        0.7414
      ]
    ],
    "basis": "sto-3g",
    "ansatz": "RY-CZ",
    "optimizer": {
      "name": "Adam",
      "stepsize": 0.4,
      "iterations_planned": 30
    },
    "seed": 0,
    "noisy": true,
    "depolarizing_prob": 0.06,
    "amplitude_damping_prob": 0.06
  },
  "result": {
    "energy": -0.9440462175254037,
    "energies": [
      0.5888199247787438,
      0.4793402796384054,
      0.2970696643135755,
      0.0822991939866221,
      -0.08079915802106463,
      -0.2623968997036462,
      -0.48361253153961503,
      -0.7050861824713518,
      -0.8710149600422799,
      -0.9386786378451253,
      -0.9062794938756694,
      -0.8171813214341357,
      -0.7280616859826287,
      -0.6737164812299803,
      -0.6633959410127037,
      -0.6923733898575583,
      -0.7494315994096862,
      -0.8195046122898451,
      -0.8857199916317098,
      -0.9330408864608738,
      -0.9528224969952837,
      -0.9458391881513238,
      -0.9214992691382567,
      -0.8931043714343468,
      -0.872054987935601,
      -0.864496315023406,
      -0.8710751194148066,
      -0.888286669015858,
      -0.9102235058720125,
      -0.9304706612340806,
      -0.9440462175254037
    ],
    "steps": 30,
    "final_state_real": [
      [
        0.010421447530529326,
        1.5201701442181949e-05,
        0.0001600937593730858,
        -2.3354692475224748e-07,
        -0.006960035264326074,
        -1.0154214918281962e-05,
        -0.0001292841929563809,
        1.8860151577597964e-07,
        -0.00724011164903923,
        -1.0561106350565466e-05,
        -0.00016259085900557734,
        2.3718972720908332e-07,
        -0.007159489895215273,
        -1.0445205568699542e-05,
        -0.00013298910679756382,
        1.9400629381023072e-07
      ],
      [
        1.5201701442181952e-05,
        0.000407179579720666,
        2.335469247522474e-07,
        6.254331825895927e-06,
        -1.0154214918281962e-05,
        -0.0002719376771285593,
        -1.8860151577597964e-07,
        -5.050704323258581e-06,
        -1.0561106350565466e-05,
        -0.00028288062764316916,
        -2.3718972720908332e-07,
        -6.351885220638376e-06,
        -1.0445205568699545e-05,
        -0.00027973063031868874,
        -1.9400629381023077e-07,
        -5.195443010386994e-06
      ],
      [
        0.0001600937593730858,
        2.3354692475224748e-07,
        0.0004110634820046137,
        5.882141319681178e-07,
        0.0001292841929563809,
        1.8860151577597964e-07,
        -0.000269311373930353,
        -4.005227612675194e-07,
        -0.00016259085900557734,
        -2.3718972720908332e-07,
        -0.00028557889830925124,
        -4.086510992370328e-07,
        0.0001329891067975638,
        1.9400629381023072e-07,
        -0.0002770290648100045,
        -4.1200059384701735e-07
      ],
      [
        -2.335469247522474e-07,
        6.254331825895927e-06,
        5.882141319681178e-07,
        1.6060787654577458e-05,
        -1.8860151577597964e-07,
        5.050704323258581e-06,
        -4.005227612675194e-07,
        -1.0522347469458163e-05,
        2.3718972720908332e-07,
        -6.351885220638376e-06,
        -4.086510992370328e-07,
        -1.115794091463852e-05,
        -1.9400629381023072e-07,
        5.195443010386994e-06,
        -4.1200059384701756e-07,
        -1.08238877420148e-05
      ],
      [
        -0.006960035264326076,
        -1.0154214918281962e-05,
        0.00012928419295638093,
        -1.8860151577597975e-07,
        0.08805999033033879,
        0.0001284525665059167,
        0.00163429284614057,
        -2.3841283373903644e-06,
        0.007159489895215275,
        1.0445205568699545e-05,
        -0.00013298910679756384,
        1.9400629381023077e-07,
        -0.07390958098316129,
        -0.00010781145138728344,
        -0.0013738733923372157,
        2.004224943156882e-06
      ],
      [
        -1.0154214918281966e-05,
        -0.00027193767712855937,
        1.886015157759797e-07,
        5.0507043232585825e-06,
        0.00012845256650591673,
        0.003440618949322873,
        2.384128337390364e-06,
        6.38463972641858e-05,
        1.0445205568699547e-05,
        0.00027973063031868885,
        -1.9400629381023077e-07,
        -5.195443010386996e-06,
        -0.00010781145138728344,
        -0.0028877439562875764,
        -2.004224943156882e-06,
        -5.367267353889628e-05
      ],
      [
        -0.0001292841929563809,
        -1.886015157759797e-07,
        -0.000269311373930353,
        -4.005227612675194e-07,
        0.00163429284614057,
        2.3841283373903644e-06,
        0.003473437461009133,
        4.970339352718514e-06,
        0.00013298910679756382,
        1.9400629381023072e-07,
        0.00027702906481000456,
        4.1200059384701756e-07,
        -0.0013738733923372157,
        -2.004224943156882e-06,
        -0.002915288842882763,
        -4.171652728162742e-06
      ],
      [
        1.8860151577597964e-07,
        -5.050704323258582e-06,
        -4.005227612675195e-07,
        -1.0522347469458163e-05,
        -2.384128337390364e-06,
        6.38463972641858e-05,
        4.9703393527185144e-06,
        0.00013571174267456874,
        -1.9400629381023077e-07,
        5.195443010386994e-06,
        4.1200059384701766e-07,
        1.0823887742014803e-05,
        2.004224943156882e-06,
        -5.367267353889628e-05,
        -4.171652728162742e-06,
        -0.00011390414645680775
      ],
      [
        -0.00724011164903923,
        -1.0561106350565466e-05,
        -0.00016259085900557734,
        2.3718972720908332e-07,
        0.007159489895215273,
        1.0445205568699542e-05,
        0.00013298910679756382,
        -1.9400629381023072e-07,
        0.08755624790786427,
        0.00012771776053123942,
        0.0013450347317979453,
        -1.9621547181256576e-06,
        -0.07154859674941697,
        -0.00010438450394337436,
        -0.001329030994328672,
        1.9388082511232763e-06
      ],
      [
        -1.0561106350565466e-05,
        -0.00028288062764316916,
        -2.3718972720908332e-07,
        -6.351885220638376e-06,
        1.0445205568699545e-05,
        0.00027973063031868874,
        1.9400629381023077e-07,
        5.195443010386994e-06,
        0.00012771776053123942,
        0.0034209370742983368,
        1.9621547181256572e-06,
        5.25460427874337e-05,
        -0.00010438450394337436,
        -0.0027954972155918227,
        -1.9388082511232763e-06,
        -5.192082988107614e-05
      ],
      [
        -0.00016259085900557734,
        -2.3718972720908332e-07,
        -0.00028557889830925124,
        -4.086510992370328e-07,
        -0.0001329891067975638,
        -1.9400629381023072e-07,
        0.0002770290648100045,
        4.1200059384701735e-07,
        0.0013450347317979453,
        1.9621547181256576e-06,
        0.0034535678494595663,
        4.941906794678632e-06,
        0.001329030994328672,
        1.9388082511232763e-06,
        -0.0027684990322013867,
        -4.117341428106618e-06
      ],
      [
        2.3718972720908332e-07,
        -6.351885220638376e-06,
        -4.086510992370328e-07,
        -1.115794091463852e-05,
        1.9400629381023072e-07,
        -5.195443010386994e-06,
        4.1200059384701756e-07,
        1.08238877420148e-05,
        -1.9621547181256572e-06,
        5.25460427874337e-05,
        4.941906794678632e-06,
        0.00013493541097436444,
        -1.9388082511232763e-06,
        5.192082988107614e-05,
        -4.117341428106618e-06,
        -0.00010816887664467997
      ],
      [
        -0.007159489895215275,
        -1.0445205568699545e-05,
        0.00013298910679756384,
        -1.9400629381023077e-07,
        -0.07390958098316129,
        -0.00010781145138728344,
        -0.0013738733923372157,
        2.004224943156882e-06,
        -0.07154859674941697,
