{
  "config": {
    "symbols": [
      "H",
      "H"
    ],
    "geometry": [
      [
        0.0,
        0.0,
        0.0
      ],
      [
        0.0,
        0.0,
        0.7414
      ]
    ],
    "basis": "sto-3g",
    "ansatz": "RY-CZ",
    "optimizer": {
      "name": "Adam",
      "stepsize": 0.4,
      "iterations_planned": 50
    },
    "seed": 0,
    "noisy": true,
    "depolarizing_prob": 0.08,
    "amplitude_damping_prob": 0.08
  },
  "result": {
    "energy": -0.8990754520121261,
    "energies": [
      0.5528328202595489,
      0.4513913110897467,
      0.28162379647528024,
      0.07909030898397698,
      -0.07903869525767582,
      -0.2546221309711173,
      -0.46497689403568027,
      -0.6730311140639337,
      -0.8272406300894817,
      -0.888491999780247,
      -0.8561526560924704,
      -0.771788325756961,
      -0.6884752779696786,
      -0.6382032644243909,
      -0.6292165423606537,
      -0.656925161365411,
      -0.7107813522143445,
      -0.7766924610365606,
      -0.8389001417784503,
      -0.8833479625474059,
      -0.9019292775951658,
      -0.8953477794017434,
      -0.8724129634090412,
      -0.8456090615576148,
      -0.8256673214244825,
      -0.818412147555551,
      -0.8245074942373579,
      -0.8406975759925884,
      -0.8614383391313056,
      -0.8806742488159279,
      -0.8936632083130736,
      -0.8983929522373117,
      -0.8959391490101279,
      -0.8895288775379677,
      -0.8828752553413048,
      -0.8787468782867203,
      -0.8783294543670019,
      -0.8812995161811038,
      -0.8862979909540596,
      -0.8915836441779075,
      -0.8957030226655173,
      -0.8979610977623136,
      -0.8984981101834896,
      -0.897982641212205,
      -0.8971664778226752,
      -0.8965761093848849,
      -0.8964349425671263,
      -0.8967369882940575,
      -0.8973624271327143,
      -0.8981752596225299,
      -0.8990754520121261
    ],
    "steps": 50,
    "final_state_real": [
      [
        0.015604407704224553,
        -0.0004709706532224628,
        0.0005584627324057364,
        1.6868480229410378e-05,
        -0.005212411072239652,
        0.00015746743564450685,
        -0.0001947722102478509,
        -5.883134159465152e-06,
        -0.005405803821730358,
        0.00016315742355434398,
        -0.0002107096870661701,
        -6.364528882902464e-06,
        -0.00197265041650719,
        5.9593957231194703e-05,
        -7.371204541324866e-05,
        -2.226487299101308e-06
      ],
      [
        -0.0004709706532224628,
        0.0008210923031253069,
        -1.6868480229410378e-05,
        2.8245533364141866e-05,
        0.00015746743564450685,
        -0.00027427318570908804,
        5.883134159465152e-06,
        -9.851051187004538e-06,
        0.00016315742355434398,
        -0.0002844493680478814,
        6.364528882902464e-06,
        -1.0657125625083635e-05,
        5.959395723119472e-05,
        -0.00010379939466157874,
        2.226487299101308e-06,
        -3.7281557340273984e-06
      ],
      [
        0.0005584627324057364,
        -1.6868480229410378e-05,
        0.0008295506478868599,
        -2.3564934800666006e-05,
        0.0001947722102478509,
        -5.883134159465152e-06,
        -0.00026080208231908295,
        8.371174076964073e-06,
        -0.0002107096870661701,
        6.364528882902462e-06,
        -0.0002873795755446476,
        8.16355333818788e-06,
        7.371204541324866e-05,
        -2.226487299101308e-06,
        -9.870122083284289e-05,
        3.1680924241613867e-06
      ],
      [
        1.6868480229410378e-05,
        2.8245533364141866e-05,
        -2.3564934800666006e-05,
        4.365033681144521e-05,
        5.883134159465152e-06,
        9.851051187004538e-06,
        8.371174076964073e-06,
        -1.3723211190725122e-05,
        -6.364528882902462e-06,
        -1.0657125625083635e-05,
        8.16355333818788e-06,
        -1.5121699075527575e-05,
        2.226487299101308e-06,
        3.7281557340273984e-06,
        3.1680924241613876e-06,
        -5.19358467626925e-06
      ],
      [
        -0.005212411072239652,
        0.00015746743564450685,
        0.0001947722102478509,
        5.883134159465152e-06,
        0.10311421816953065,
        -0.0031121828914198284,
        0.003850014654071299,
        0.00011629047438022897,
        0.00197265041650719,
        -5.9593957231194703e-05,
        -7.371204541324866e-05,
        -2.226487299101308e-06,
        -0.037267346096741476,
        0.0011247992661905502,
        -0.0013923735558827037,
        -4.2056925979972446e-05
      ],
      [
        0.00015746743564450685,
        -0.00027427318570908804,
        -5.883134159465152e-06,
        9.851051187004538e-06,
        -0.0031121828914198284,
        0.005425793307032328,
        -0.00011629047438022897,
        0.0001947233200245126,
        -5.959395723119472e-05,
        0.00010379939466157874,
        2.226487299101308e-06,
        -3.7281557340273984e-06,
        0.0011247992661905504,
        -0.001960979975526858,
        4.2056925979972446e-05,
        -7.042248559472503e-05
      ],
      [
        -0.0001947722102478509,
        5.883134159465152e-06,
        -0.00026080208231908295,
        8.371174076964073e-06,
        0.003850014654071299,
        -0.00011629047438022897,
        0.005481686207527343,
        -0.00015571753021608142,
        7.371204541324866e-05,
        -2.226487299101308e-06,
        9.870122083284289e-05,
        -3.1680924241613867e-06,
        -0.0013923735558827035,
        4.205692597997243e-05,
        -0.0019811806821226625,
        5.6279135844791715e-05
      ],
      [
        -5.883134159465152e-06,
        -9.851051187004538e-06,
        8.371174076964073e-06,
        -1.3723211190725122e-05,
        0.00011629047438022897,
        0.0001947233200245126,
        -0.00015571753021608142,
        0.0002884422426318889,
        2.226487299101308e-06,
        3.7281557340273984e-06,
        -3.1680924241613876e-06,
        5.19358467626925e-06,
        -4.205692597997243e-05,
        -7.042248559472503e-05,
        5.627913584479173e-05,
        -0.00010424825088049073
      ],
      [
        -0.005405803821730358,
        0.00016315742355434398,
        -0.0002107096870661701,
        -6.364528882902464e-06,
        0.00197265041650719,
        -5.9593957231194703e-05,
        7.371204541324866e-05,
        2.226487299101308e-06,
        0.10296215359433443,
        -0.003107593293809353,
        0.0036848899824056813,
        0.00011130285014363866,
        -0.035989596384014645,
        0.0010872491393961643,
        -0.0013448235637007534,
        -4.0620668810985374e-05
      ],
      [
        0.00016315742355434398,
        -0.0002844493680478814,
        6.364528882902464e-06,
        -1.0657125625083635e-05,
        -5.959395723119472e-05,
        0.00010379939466157874,
        -2.226487299101308e-06,
        3.7281557340273984e-06,
        -0.003107593293809353,
        0.005417791782422211,
        -0.00011130285014363866,
        0.0001863717610893577,
        0.0010872491393961643,
        -0.0018937457379750832,
        4.0620668810985374e-05,
        -6.801753569797134e-05
      ],
      [
        -0.0002107096870661701,
        6.364528882902462e-06,
        -0.0002873795755446476,
        8.16355333818788e-06,
        -7.371204541324866e-05,
        2.226487299101308e-06,
        9.870122083284289e-05,
        -3.1680924241613867e-06,
        0.0036848899824056813,
        -0.00011130285014363866,
        0.005473602256552358,
        -0.000155487890497105,
        0.0013448235637007534,
        -4.0620668810985374e-05,
        -0.0018007332017160608,
        5.77995810604424e-05
      ],
      [
        -6.364528882902462e-06,
        -1.0657125625083635e-05,
        8.16355333818788e-06,
        -1.5121699075527575e-05,
        -2.226487299101308e-06,
        -3.7281557340273984e-06,
        -3.1680924241613876e-06,
        5.19358467626925e-06,
        0.00011130285014363866,
