{
  "config": {
    "symbols": [
      "H",
      "H"
    ],
    "geometry": [
      [
        0.0,
        0.0,
        0.0
      ],
      [
        0.0,
        0.0,
        0.7414
      ]
    ],
    "basis": "sto-3g",
    "ansatz": "RY-CZ",
    "optimizer": {
      "name": "Adam",
      "stepsize": 0.4,
      "iterations_planned": 50
    },
    "seed": 0,
    "noisy": true,
    "depolarizing_prob": 0.0,
    "amplitude_damping_prob": 0.0
  },
  "result": {
    "energy": -1.1109659225767625,
    "energies": [
      0.7135804090124337,
      0.576585648152389,
      0.3518985156720469,
      0.09659044885853209,
      -0.08041428859559369,
      -0.2780557548665571,
      -0.5329907635127235,
      -0.7987948214630894,
      -1.0051449440792917,
      -1.0967064168673177,
      -1.0668309007469956,
      -0.9635315134159081,
      -0.8550254789672794,
      -0.7861048564777551,
      -0.7700713440041093,
      -0.8021241302720273,
      -0.8690157323231227,
      -0.9525585044588252,
      -1.0322121614775688,
      -1.0896108181414608,
      -1.1141271982908496,
      -1.1064791245916568,
      -1.077799470625974,
      -1.0440304713240836,
      -1.0189326377106298,
      -1.0099292976603818,
      -1.017776278898313,
      -1.0382303731459934,
      -1.064196689197218,
      -1.0880221767723939,
      -1.1038256912216526,
      -1.1092706210121772,
      -1.1059427642379638,
      -1.0980567015451226,
      -1.0902621002965918,
      -1.0858323405628736,
      -1.0859586430306665,
      -1.0899872641148436,
      -1.0961171388616728,
      -1.1022416279805343,
      -1.106745736779184,
      -1.1090176967355612,
      -1.1094513260114813,
      -1.1089747808839507,
      -1.1084500340157182,
      -1.1083189097330741,
      -1.1086061813967074,
      -1.1091281543006115,
      -1.109708130528642,
      -1.110295319221476,
      -1.1109659225767625
    ],
    "steps": 50,
    "final_state_real": [
      [
        1.1289878250051189e-05,
        -3.702911576698431e-07,
        -4.588330932118377e-07,
        -1.5049040698191412e-08,
        0.0001985184644167507,
        -6.511109365363162e-06,
        8.068009155686764e-06,
        2.646186596685929e-07,
        0.00019018492980333058,
        -6.237781866949169e-06,
        -7.729325125675534e-06,
        -2.5351032893379715e-07,
        -0.003344165400507621,
        0.00010968363432863298,
        -0.000135910567053277,
        -4.457663767409944e-06
      ],
      [
        -3.702911576698431e-07,
        1.2144997351751858e-08,
        1.5049040698191412e-08,
        4.935860758222628e-10,
        -6.511109365363162e-06,
        2.1355467005185385e-07,
        -2.6461865966859297e-07,
        -8.679097122175009e-09,
        -6.237781866949169e-06,
        2.0458993601583702e-07,
        2.5351032893379715e-07,
        8.314760452065357e-09,
        0.00010968363432863298,
        -3.59745951492445e-06,
        4.457663767409943e-06,
        1.4620471898619968e-07
      ],
      [
        -4.5883309321183763e-07,
        1.5049040698191412e-08,
        1.8647482529352194e-08,
        6.116095975960317e-10,
        -8.068009155686764e-06,
        2.646186596685929e-07,
        -3.278927828073256e-07,
        -1.075439393128624e-08,
        -7.729325125675533e-06,
        2.535103289337971e-07,
        3.1412829060735e-07,
        1.030293912915466e-08,
        0.000135910567053277,
        -4.457663767409944e-06,
        5.523555214685083e-06,
        1.8116436772821392e-07
      ],
      [
        -1.5049040698191412e-08,
        4.935860758222628e-10,
        6.116095975960317e-10,
        2.0059882039453755e-11,
        -2.6461865966859297e-07,
        8.679097122175009e-09,
        -1.0754393931286242e-08,
        -3.527280711672388e-10,
        -2.535103289337971e-07,
        8.314760452065355e-09,
        1.0302939129154659e-08,
        3.3792102740517205e-10,
        4.457663767409943e-06,
        -1.4620471898619968e-07,
        1.8116436772821392e-07,
        5.941920893106295e-09
      ],
      [
        0.0001985184644167507,
        -6.511109365363162e-06,
        -8.068009155686764e-06,
        -2.646186596685929e-07,
        0.003490700239766185,
        -0.00011448975836879011,
        0.00014186590439803546,
        4.652989944616068e-06,
        0.003344165400507621,
        -0.00010968363432863298,
        -0.000135910567053277,
        -4.457663767409944e-06,
        -0.058802988425618395,
        0.0019286502632098706,
        -0.0023898182488641135,
        -7.838247201544422e-05
      ],
      [
        -6.511109365363162e-06,
        2.1355467005185385e-07,
        2.6461865966859297e-07,
        8.679097122175009e-09,
        -0.00011448975836879011,
        3.7550932108171915e-06,
        -4.6529899446160675e-06,
        -1.5261112609520044e-07,
        -0.00010968363432863298,
        3.59745951492445e-06,
        4.457663767409943e-06,
        1.4620471898619968e-07,
        0.0019286502632098704,
        -6.325685032971835e-05,
        7.838247201544422e-05,
        2.5708281046778626e-06
      ],
      [
        8.068009155686764e-06,
        -2.646186596685929e-07,
        -3.278927828073256e-07,
        -1.075439393128624e-08,
        0.00014186590439803546,
        -4.652989944616068e-06,
        5.765586686991094e-06,
        1.891026388138497e-07,
        0.000135910567053277,
        -4.457663767409944e-06,
        -5.523555214685083e-06,
        -1.8116436772821392e-07,
        -0.002389818248864114,
        7.838247201544424e-05,
        -9.712484714664189e-05,
        -3.1855500379973995e-06
      ],
      [
        2.6461865966859297e-07,
        -8.679097122175009e-09,
        -1.0754393931286242e-08,
        -3.527280711672388e-10,
        4.6529899446160675e-06,
        -1.5261112609520044e-07,
        1.891026388138497e-07,
        6.202284337697363e-09,
        4.457663767409943e-06,
        -1.4620471898619968e-07,
        -1.8116436772821392e-07,
        -5.941920893106295e-09,
        -7.838247201544424e-05,
        2.570828104677863e-06,
        -3.1855500379973995e-06,
        -1.0448128715470616e-07
      ],
      [
        0.00019018492980333058,
        -6.237781866949169e-06,
        -7.729325125675534e-06,
        -2.5351032893379715e-07,
        0.003344165400507621,
        -0.00010968363432863298,
        0.000135910567053277,
        4.457663767409944e-06,
        0.0032037818941168627,
        -0.00010507926482633565,
        -0.00013020522665486273,
        -4.270537116950294e-06,
        -0.056334519102841964,
        0.0018476881533483907,
        -0.0022894969354023934,
        -7.509208265269524e-05
      ],
      [
        -6.237781866949169e-06,
        2.0458993601583702e-07,
        2.5351032893379715e-07,
        8.314760452065357e-09,
        -0.00010968363432863298,
        3.59745951492445e-06,
        -4.457663767409943e-06,
        -1.4620471898619968e-07,
        -0.00010507926482633565,
        3.4464430667765114e-06,
        4.270537116950294e-06,
        1.4006724411756954e-07,
        0.0018476881533483907,
        -6.06014139535232e-05,
        7.509208265269524e-05,
        2.4629082441327466e-06
      ],
      [
        -7.729325125675533e-06,
        2.535103289337971e-07,
        3.1412829060735e-07,
        1.030293912915466e-08,
        -0.000135910567053277,
        4.457663767409944e-06,
        -5.523555214685083e-06,
        -1.8116436772821392e-07,
        -0.00013020522665486273,
        4.270537116950294e-06,
        5.291683893768138e-06,
        1.7355933444520382e-07,
        0.0022894969354023934,
        -7.509208265269524e-05,
        9.304767841627877e-05,
        3.0518249883783215e-06
      ],
      [
        -2.535103289337971e-07,
        8.314760452065355e-09,
        1.0302939129154659e-08,
        3.3792102740517205e-10,
        -4.457663767409943e-06,
        1.4620471898619968e-07,
        -1.8116436772821392e-07,
        -5.941920893106295e-09,
        -4.270537116950294e-06,
