{
  "config": {
    "symbols": [
      "H",
      "H"
    ],
    "geometry": [
      [
        0.0,
        0.0,
        0.0
      ],
      [
        0.0,
        0.0,
        0.6
      ]
    ],
    "basis": "sto-3g",
    "ansatz": "UCCSD",
    "optimizer": {
      "name": "Adam",
      "stepsize": 0.4,
      "iterations_planned": 50
    },
    "seed": 0,
    "noisy": false,
    "depolarizing_prob": 0.0,
    "amplitude_damping_prob": 0.0
  },
  "result": {
    "energy": -1.1162037819545345,
    "energies": [
      -1.1027026213009596,
      -1.0466803133371207,
      -1.0851680008464093,
      -1.103766053275748,
      -1.0789908984591547,
      -1.090135048053924,
      -1.110717501574425,
      -1.1088265644584854,
      -1.0977548058373936,
      -1.0944414533615723,
      -1.1027290716658547,
      -1.1137585263748961,
      -1.114449556594167,
      -1.105643731772132,
      -1.1027146981172034,
      -1.1097533861538083,
      -1.115918367441014,
      -1.114327238758648,
      -1.1094559097329169,
      -1.1082454492553826,
      -1.1117320223838463,
      -1.1155131476273594,
      -1.1153790536326407,
      -1.1125241537278656,
      -1.1116980945512,
      -1.113926871751085,
      -1.1157064474011031,
      -1.1151185088616389,
      -1.113923172386137,
      -1.1139490943441277,
      -1.1149143828139698,
      -1.1155650703196602,
      -1.1153920309010643,
      -1.115026041978592,
      -1.1151299548781712,
      -1.1154546081855345,
      -1.1155890786793625,
      -1.115661996379756,
      -1.115715605929088,
      -1.1156233566525755,
      -1.1156067701587915,
      -1.1158563640722856,
      -1.116058139634381,
      -1.1159295527749302,
      -1.1157334011836522,
      -1.115865108827244,
      -1.1161707468129445,
      -1.1161609462731448,
      -1.1159051045962343,
      -1.115926774634631,
      -1.1162037819545345
    ],
    "steps": 50,
    "final_state_real": [
      0.0,
      0.0,
      0.0,
      -0.08124757781125791,
      0.0,
      0.0,
      0.0029809454621281886,
      0.0,
      0.0,
      0.0035335613507229582,
      0.0,
      0.0,
      0.9966832290191985,
      0.0,
      0.0,
      0.0
    ],
    "final_state_imag": [
      0.0,
      0.0,
      0.0,
      0.0,
      0.0,
      0.0,
      0.0,
      0.0,
      0.0,
      0.0,
      0.0,
      0.0,
      0.0,
      0.0,
      0.0,
      0.0
    ]
  }
}