{
  "config": {
    "symbols": [
      "H",
      "H"
    ],
    "geometry": [
      [
        0.0,
        0.0,
        0.0
      ],
      [
        0.0,
        0.0,
        0.7414
      ]
    ],
    "basis": "sto-3g",
    "ansatz": "RY-CZ",
    "optimizer": {
      "name": "GradientDescent",
      "stepsize": 0.4,
      "iterations_planned": 50
    },
    "seed": 0,
    "noisy": false,
    "depolarizing_prob": 0.0,
    "amplitude_damping_prob": 0.0
  },
  "result": {
    "energy": -1.1038900720657807,
    "energies": [
      0.7135804090124337,
      0.7135084895014908,
      0.7134012120599257,
      0.7132396939593804,
      0.712994636634874,
      0.7126205254317187,
      0.7120466088348439,
      0.7111628998996827,
      0.7097985311556143,
      0.7076884791669905,
      0.7044228809405539,
      0.6993709783730795,
      0.691569746625534,
      0.6795674145859577,
      0.6612193324594319,
      0.6334589060215013,
      0.5921294128773614,
      0.5320873871589407,
      0.447966389216219,
      0.3360728660674319,
      0.19744771113677084,
      0.04070410456327876,
      -0.1183821208843466,
      -0.2624295983915427,
      -0.3799914072077736,
      -0.4689689148730341,
      -0.5341935312161685,
      -0.5829165678798387,
      -0.6217243881127072,
      -0.6554553212837753,
      -0.6872411126040877,
      -0.7188896337238412,
      -0.7512581538858458,
      -0.7845341368213462,
      -0.8184402515605026,
      -0.8523977285438622,
      -0.8856706082662354,
      -0.9174963331998622,
      -0.9471955787505798,
      -0.9742501907729194,
      -0.9983421630628302,
      -1.0193549161491506,
      -1.0373458473708053,
      -1.052502925902419,
      -1.0650974922054497,
      -1.0754419505599002,
      -1.0838568207646184,
      -1.0906481415393106,
      -1.0960940680377338,
      -1.1004385748754586,
      -1.1038900720657807
    ],
    "steps": 50,
    "final_state_real": [
      0.0004966499925973032,
      2.538449867390927e-06,
      1.5615532773364976e-06,
      -7.981324411279621e-09,
      0.003304930607624468,
      1.689197782685339e-05,
      -1.0391272120465371e-05,
      5.311129312269235e-08,
      0.14860335665476931,
      0.0007595332258466524,
      0.0004672345959252098,
      -2.3881035251086447e-06,
      -0.9888730275332916,
      -0.0050542729145748476,
      0.003109187435881703,
      -1.58915061954041e-05
    ],
    "final_state_imag": [
      0.0,
      0.0,
      0.0,
      0.0,
      0.0,
      0.0,
      0.0,
      0.0,
      0.0,
      0.0,
      0.0,
      0.0,
      0.0,
      0.0,
      0.0,
      0.0
    ]
  }
}