{
  "config": {
    "symbols": [
      "H",
      "H"
    ],
    "geometry": [
      [
        0.0,
        0.0,
        0.0
      ],
      [
        0.0,
        0.0,
        0.7414
      ]
    ],
    "basis": "sto-3g",
    "ansatz": "RY-CZ",
    "optimizer": {
      "name": "GradientDescent",
      "stepsize": 0.4,
      "iterations_planned": 80
    },
    "seed": 0,
    "noisy": false,
    "depolarizing_prob": 0.0,
    "amplitude_damping_prob": 0.0
  },
  "result": {
    "energy": -1.1166761365315978,
    "energies": [
      0.7135804090124337,
      0.7135084895014908,
      0.7134012120599257,
      0.7132396939593804,
      0.712994636634874,
      0.7126205254317187,
      0.7120466088348439,
      0.7111628998996827,
      0.7097985311556143,
      0.7076884791669905,
      0.7044228809405539,
      0.6993709783730795,
      0.691569746625534,
      0.6795674145859577,
      0.6612193324594319,
      0.6334589060215013,
      0.5921294128773614,
      0.5320873871589407,
      0.447966389216219,
      0.3360728660674319,
      0.19744771113677084,
      0.04070410456327876,
      -0.1183821208843466,
      -0.2624295983915427,
      -0.3799914072077736,
      -0.4689689148730341,
      -0.5341935312161685,
      -0.5829165678798387,
      -0.6217243881127072,
      -0.6554553212837753,
      -0.6872411126040877,
      -0.7188896337238412,
      -0.7512581538858458,
      -0.7845341368213462,
      -0.8184402515605026,
      -0.8523977285438622,
      -0.8856706082662354,
      -0.9174963331998622,
      -0.9471955787505798,
      -0.9742501907729194,
      -0.9983421630628302,
      -1.0193549161491506,
      -1.0373458473708053,
      -1.052502925902419,
      -1.0650974922054497,
      -1.0754419505599002,
      -1.0838568207646184,
      -1.0906481415393106,
      -1.0960940680377338,
      -1.1004385748754586,
      -1.1038900720657807,
      -1.1066230646993032,
      -1.1087814518965187,
      -1.1104825062558443,
      -1.111820934646516,
      -1.1128726820754709,
      -1.1136983150239466,
      -1.1143459294699016,
      -1.1148535914821802,
      -1.1152513506497537,
      -1.1155628802380686,
      -1.1158068006953559,
      -1.1159977400277434,
      -1.1161471787352089,
      -1.1162641202682684,
      -1.1163556213229844,
      -1.1164272102316506,
      -1.1164832164265999,
      -1.1165270294893677,
      -1.11656130259725,
      -1.11658811215694,
      -1.1166090829719955,
      -1.1166254863316374,
      -1.1166383168460492,
      -1.1166483526131734,
      -1.1166562023207383,
      -1.1166623421129405,
      -1.1166671444413634,
      -1.1166709006401783,
      -1.1166738385890482,
      -1.1166761365315978
    ],
    "steps": 80,
    "final_state_real": [
      3.117036059633475e-07,
      2.155783526208911e-11,
      1.3315712462853977e-11,
      -9.209323542612701e-16,
      8.254059670895855e-05,
      5.70861726410537e-09,
      -3.5260639635273334e-09,
      2.438672655530638e-13,
      0.0037763402947009585,
      2.611767089288184e-07,
      1.6132203979712725e-07,
      -1.1157246472469727e-11,
      -0.9999928628908892,
      -6.916083416757638e-05,
      4.271884306890884e-05,
      -2.9544919078506376e-09
    ],
    "final_state_imag": [
      0.0,
      0.0,
      0.0,
      0.0,
      0.0,
      0.0,
      0.0,
      0.0,
      0.0,
      0.0,
      0.0,
      0.0,
      0.0,
      0.0,
      0.0,
      0.0
    ]
  }
}