{
  "config": {
    "symbols": [
      "H",
      "H"
    ],
    "geometry": [
      [
        0.0,
        0.0,
        0.0
      ],
      [
        0.0,
        0.0,
        0.7414
      ]
    ],
    "basis": "sto-3g",
    "ansatz": "RY-CZ",
    "optimizer": {
      "name": "GradientDescent",
      "stepsize": 0.4,
      "iterations_planned": 5
    },
    "seed": 0,
    "noisy": false,
    "depolarizing_prob": 0.0,
    "amplitude_damping_prob": 0.0
  },
  "result": {
    "energy": 0.7126205254317187,
    "energies": [
      0.7135804090124337,
      0.7135084895014908,
      0.7134012120599257,
      0.7132396939593804,
      0.712994636634874,
      0.7126205254317187
    ],
    "steps": 5,
    "final_state_real": [
      0.9994324410625176,
      0.017641563372600567,
      0.007704152662938847,
      -0.00013599048004778874,
      0.006112561574674326,
      0.00010789637994329907,
      -4.711885025749242e-05,
      8.317222342491801e-07,
      0.026954118798454624,
      0.0004757828297328571,
      0.00020777657156847737,
      -3.66758512538386e-06,
      -0.00016485227422824325,
      -2.909903384588014e-06,
      1.270768323406464e-06,
      -2.243107086401468e-08
    ],
    "final_state_imag": [
      0.0,
      0.0,
      0.0,
      0.0,
      0.0,
      0.0,
      0.0,
      0.0,
      0.0,
      0.0,
      0.0,
      0.0,
      0.0,
      0.0,
      0.0,
      0.0
    ]
  }
}